snapshot_ts_utc,snapshot_label,odds_event_id,game_pk,game_date_et,commence_time_utc,home_team,away_team,bookmaker,market,outcome,point,price_american,price_decimal
2026-08-01T02:50:00Z,open,84ba20fe8604de6c1825c09817cc4123,824164.0,2026-07-31,2026-08-01T00:16:00Z,Houston Astros,Texas Rangers,fanduel,spreads,Houston Astros,-5.5,148,2.48
2026-08-01T02:50:00Z,open,84ba20fe8604de6c1825c09817cc4123,824164.0,2026-07-31,2026-08-01T00:16:00Z,Houston Astros,Texas Rangers,fanduel,spreads,Texas Rangers,5.5,-200,1.5
2026-08-01T02:50:00Z,open,84ba20fe8604de6c1825c09817cc4123,824164.0,2026-07-31,2026-08-01T00:16:00Z,Houston Astros,Texas Rangers,fanduel,totals,Over,10.5,100,2.0
2026-08-01T02:50:00Z,open,84ba20fe8604de6c1825c09817cc4123,824164.0,2026-07-31,2026-08-01T00:16:00Z,Houston Astros,Texas Rangers,fanduel,totals,Under,10.5,-132,1.7576
2026-08-01T02:50:00Z,open,84ba20fe8604de6c1825c09817cc4123,824164.0,2026-07-31,2026-08-01T00:16:00Z,Houston Astros,Texas Rangers,mybookieag,spreads,Houston Astros,-5.5,165,2.65
2026-08-01T02:50:00Z,open,84ba20fe8604de6c1825c09817cc4123,824164.0,2026-07-31,2026-08-01T00:16:00Z,Houston Astros,Texas Rangers,mybookieag,spreads,Texas Rangers,5.5,-250,1.4
2026-08-01T02:50:00Z,open,84ba20fe8604de6c1825c09817cc4123,824164.0,2026-07-31,2026-08-01T00:16:00Z,Houston Astros,Texas Rangers,mybookieag,totals,Over,10.0,-143,1.6993
2026-08-01T02:50:00Z,open,84ba20fe8604de6c1825c09817cc4123,824164.0,2026-07-31,2026-08-01T00:16:00Z,Houston Astros,Texas Rangers,mybookieag,totals,Under,10.0,105,2.05
2026-08-01T02:50:00Z,open,84ba20fe8604de6c1825c09817cc4123,824164.0,2026-07-31,2026-08-01T00:16:00Z,Houston Astros,Texas Rangers,betmgm,h2h,Houston Astros,,-10000,1.01
2026-08-01T02:50:00Z,open,84ba20fe8604de6c1825c09817cc4123,824164.0,2026-07-31,2026-08-01T00:16:00Z,Houston Astros,Texas Rangers,betmgm,h2h,Texas Rangers,,3300,34.0
2026-08-01T02:50:00Z,open,84ba20fe8604de6c1825c09817cc4123,824164.0,2026-07-31,2026-08-01T00:16:00Z,Houston Astros,Texas Rangers,betmgm,spreads,Houston Astros,-5.5,135,2.35
2026-08-01T02:50:00Z,open,84ba20fe8604de6c1825c09817cc4123,824164.0,2026-07-31,2026-08-01T00:16:00Z,Houston Astros,Texas Rangers,betmgm,spreads,Texas Rangers,5.5,-175,1.5714
2026-08-01T02:50:00Z,open,84ba20fe8604de6c1825c09817cc4123,824164.0,2026-07-31,2026-08-01T00:16:00Z,Houston Astros,Texas Rangers,betmgm,totals,Over,10.5,-102,1.9804
2026-08-01T02:50:00Z,open,84ba20fe8604de6c1825c09817cc4123,824164.0,2026-07-31,2026-08-01T00:16:00Z,Houston Astros,Texas Rangers,betmgm,totals,Under,10.5,-125,1.8
2026-08-01T02:50:00Z,open,84ba20fe8604de6c1825c09817cc4123,824164.0,2026-07-31,2026-08-01T00:16:00Z,Houston Astros,Texas Rangers,draftkings,spreads,Houston Astros,-5.5,156,2.56
2026-08-01T02:50:00Z,open,84ba20fe8604de6c1825c09817cc4123,824164.0,2026-07-31,2026-08-01T00:16:00Z,Houston Astros,Texas Rangers,draftkings,spreads,Texas Rangers,5.5,-206,1.4854
2026-08-01T02:50:00Z,open,84ba20fe8604de6c1825c09817cc4123,824164.0,2026-07-31,2026-08-01T00:16:00Z,Houston Astros,Texas Rangers,draftkings,totals,Over,10.5,102,2.02
2026-08-01T02:50:00Z,open,84ba20fe8604de6c1825c09817cc4123,824164.0,2026-07-31,2026-08-01T00:16:00Z,Houston Astros,Texas Rangers,draftkings,totals,Under,10.5,-132,1.7576
2026-08-01T02:50:00Z,open,84ba20fe8604de6c1825c09817cc4123,824164.0,2026-07-31,2026-08-01T00:16:00Z,Houston Astros,Texas Rangers,bovada,spreads,Houston Astros,-5.5,175,2.75
2026-08-01T02:50:00Z,open,84ba20fe8604de6c1825c09817cc4123,824164.0,2026-07-31,2026-08-01T00:16:00Z,Houston Astros,Texas Rangers,bovada,spreads,Texas Rangers,5.5,-230,1.4348
2026-08-01T02:50:00Z,open,84ba20fe8604de6c1825c09817cc4123,824164.0,2026-07-31,2026-08-01T00:16:00Z,Houston Astros,Texas Rangers,bovada,totals,Over,10.5,105,2.05
2026-08-01T02:50:00Z,open,84ba20fe8604de6c1825c09817cc4123,824164.0,2026-07-31,2026-08-01T00:16:00Z,Houston Astros,Texas Rangers,bovada,totals,Under,10.5,-135,1.7407
2026-08-01T02:50:00Z,open,84ba20fe8604de6c1825c09817cc4123,824164.0,2026-07-31,2026-08-01T00:16:00Z,Houston Astros,Texas Rangers,betrivers,spreads,Houston Astros,-5.0,-155,1.6452
2026-08-01T02:50:00Z,open,84ba20fe8604de6c1825c09817cc4123,824164.0,2026-07-31,2026-08-01T00:16:00Z,Houston Astros,Texas Rangers,betrivers,spreads,Texas Rangers,5.0,112,2.12
2026-08-01T02:50:00Z,open,84ba20fe8604de6c1825c09817cc4123,824164.0,2026-07-31,2026-08-01T00:16:00Z,Houston Astros,Texas Rangers,betrivers,totals,Over,10.5,100,2.0
2026-08-01T02:50:00Z,open,84ba20fe8604de6c1825c09817cc4123,824164.0,2026-07-31,2026-08-01T00:16:00Z,Houston Astros,Texas Rangers,betrivers,totals,Under,10.5,-137,1.7299
2026-08-01T02:50:00Z,open,c69df1f1b8463bd572965f137748afe8,823999.0,2026-07-31,2026-08-01T01:39:00Z,Los Angeles Angels,Milwaukee Brewers,fanduel,h2h,Los Angeles Angels,,1000,11.0
2026-08-01T02:50:00Z,open,c69df1f1b8463bd572965f137748afe8,823999.0,2026-07-31,2026-08-01T01:39:00Z,Los Angeles Angels,Milwaukee Brewers,fanduel,h2h,Milwaukee Brewers,,-1300,1.0769
2026-08-01T02:50:00Z,open,c69df1f1b8463bd572965f137748afe8,823999.0,2026-07-31,2026-08-01T01:39:00Z,Los Angeles Angels,Milwaukee Brewers,fanduel,spreads,Los Angeles Angels,4.5,-136,1.7353
2026-08-01T02:50:00Z,open,c69df1f1b8463bd572965f137748afe8,823999.0,2026-07-31,2026-08-01T01:39:00Z,Los Angeles Angels,Milwaukee Brewers,fanduel,spreads,Milwaukee Brewers,-4.5,102,2.02
2026-08-01T02:50:00Z,open,c69df1f1b8463bd572965f137748afe8,823999.0,2026-07-31,2026-08-01T01:39:00Z,Los Angeles Angels,Milwaukee Brewers,fanduel,totals,Over,7.5,-144,1.6944
2026-08-01T02:50:00Z,open,c69df1f1b8463bd572965f137748afe8,823999.0,2026-07-31,2026-08-01T01:39:00Z,Los Angeles Angels,Milwaukee Brewers,fanduel,totals,Under,7.5,108,2.08
2026-08-01T02:50:00Z,open,c69df1f1b8463bd572965f137748afe8,823999.0,2026-07-31,2026-08-01T01:39:00Z,Los Angeles Angels,Milwaukee Brewers,mybookieag,h2h,Los Angeles Angels,,575,6.75
2026-08-01T02:50:00Z,open,c69df1f1b8463bd572965f137748afe8,823999.0,2026-07-31,2026-08-01T01:39:00Z,Los Angeles Angels,Milwaukee Brewers,mybookieag,h2h,Milwaukee Brewers,,-1000,1.1
2026-08-01T02:50:00Z,open,c69df1f1b8463bd572965f137748afe8,823999.0,2026-07-31,2026-08-01T01:39:00Z,Los Angeles Angels,Milwaukee Brewers,mybookieag,spreads,Los Angeles Angels,3.5,-111,1.9009
2026-08-01T02:50:00Z,open,c69df1f1b8463bd572965f137748afe8,823999.0,2026-07-31,2026-08-01T01:39:00Z,Los Angeles Angels,Milwaukee Brewers,mybookieag,spreads,Milwaukee Brewers,-3.5,-125,1.8
2026-08-01T02:50:00Z,open,c69df1f1b8463bd572965f137748afe8,823999.0,2026-07-31,2026-08-01T01:39:00Z,Los Angeles Angels,Milwaukee Brewers,mybookieag,totals,Over,7.5,-125,1.8
2026-08-01T02:50:00Z,open,c69df1f1b8463bd572965f137748afe8,823999.0,2026-07-31,2026-08-01T01:39:00Z,Los Angeles Angels,Milwaukee Brewers,mybookieag,totals,Under,7.5,-111,1.9009
2026-08-01T02:50:00Z,open,c69df1f1b8463bd572965f137748afe8,823999.0,2026-07-31,2026-08-01T01:39:00Z,Los Angeles Angels,Milwaukee Brewers,betmgm,h2h,Los Angeles Angels,,750,8.5
2026-08-01T02:50:00Z,open,c69df1f1b8463bd572965f137748afe8,823999.0,2026-07-31,2026-08-01T01:39:00Z,Los Angeles Angels,Milwaukee Brewers,betmgm,h2h,Milwaukee Brewers,,-1400,1.0714
2026-08-01T02:50:00Z,open,c69df1f1b8463bd572965f137748afe8,823999.0,2026-07-31,2026-08-01T01:39:00Z,Los Angeles Angels,Milwaukee Brewers,betmgm,spreads,Los Angeles Angels,4.5,-150,1.6667
2026-08-01T02:50:00Z,open,c69df1f1b8463bd572965f137748afe8,823999.0,2026-07-31,2026-08-01T01:39:00Z,Los Angeles Angels,Milwaukee Brewers,betmgm,spreads,Milwaukee Brewers,-4.5,115,2.15
2026-08-01T02:50:00Z,open,c69df1f1b8463bd572965f137748afe8,823999.0,2026-07-31,2026-08-01T01:39:00Z,Los Angeles Angels,Milwaukee Brewers,betmgm,totals,Over,7.5,-135,1.7407
2026-08-01T02:50:00Z,open,c69df1f1b8463bd572965f137748afe8,823999.0,2026-07-31,2026-08-01T01:39:00Z,Los Angeles Angels,Milwaukee Brewers,betmgm,totals,Under,7.5,105,2.05
2026-08-01T02:50:00Z,open,c69df1f1b8463bd572965f137748afe8,823999.0,2026-07-31,2026-08-01T01:39:00Z,Los Angeles Angels,Milwaukee Brewers,draftkings,h2h,Los Angeles Angels,,930,10.3
2026-08-01T02:50:00Z,open,c69df1f1b8463bd572965f137748afe8,823999.0,2026-07-31,2026-08-01T01:39:00Z,Los Angeles Angels,Milwaukee Brewers,draftkings,h2h,Milwaukee Brewers,,-3000,1.0333
2026-08-01T02:50:00Z,open,c69df1f1b8463bd572965f137748afe8,823999.0,2026-07-31,2026-08-01T01:39:00Z,Los Angeles Angels,Milwaukee Brewers,draftkings,spreads,Los Angeles Angels,4.5,-141,1.7092
2026-08-01T02:50:00Z,open,c69df1f1b8463bd572965f137748afe8,823999.0,2026-07-31,2026-08-01T01:39:00Z,Los Angeles Angels,Milwaukee Brewers,draftkings,spreads,Milwaukee Brewers,-4.5,108,2.08
2026-08-01T02:50:00Z,open,c69df1f1b8463bd572965f137748afe8,823999.0,2026-07-31,2026-08-01T01:39:00Z,Los Angeles Angels,Milwaukee Brewers,draftkings,totals,Over,7.5,-134,1.7463
2026-08-01T02:50:00Z,open,c69df1f1b8463bd572965f137748afe8,823999.0,2026-07-31,2026-08-01T01:39:00Z,Los Angeles Angels,Milwaukee Brewers,draftkings,totals,Under,7.5,103,2.03
2026-08-01T02:50:00Z,open,c69df1f1b8463bd572965f137748afe8,823999.0,2026-07-31,2026-08-01T01:39:00Z,Los Angeles Angels,Milwaukee Brewers,bovada,h2h,Los Angeles Angels,,750,8.5
2026-08-01T02:50:00Z,open,c69df1f1b8463bd572965f137748afe8,823999.0,2026-07-31,2026-08-01T01:39:00Z,Los Angeles Angels,Milwaukee Brewers,bovada,h2h,Milwaukee Brewers,,-1600,1.0625
2026-08-01T02:50:00Z,open,c69df1f1b8463bd572965f137748afe8,823999.0,2026-07-31,2026-08-01T01:39:00Z,Los Angeles Angels,Milwaukee Brewers,bovada,spreads,Los Angeles Angels,4.5,-150,1.6667
2026-08-01T02:50:00Z,open,c69df1f1b8463bd572965f137748afe8,823999.0,2026-07-31,2026-08-01T01:39:00Z,Los Angeles Angels,Milwaukee Brewers,bovada,spreads,Milwaukee Brewers,-4.5,115,2.15
2026-08-01T02:50:00Z,open,c69df1f1b8463bd572965f137748afe8,823999.0,2026-07-31,2026-08-01T01:39:00Z,Los Angeles Angels,Milwaukee Brewers,bovada,totals,Over,7.5,-135,1.7407
2026-08-01T02:50:00Z,open,c69df1f1b8463bd572965f137748afe8,823999.0,2026-07-31,2026-08-01T01:39:00Z,Los Angeles Angels,Milwaukee Brewers,bovada,totals,Under,7.5,105,2.05
2026-08-01T02:50:00Z,open,c69df1f1b8463bd572965f137748afe8,823999.0,2026-07-31,2026-08-01T01:39:00Z,Los Angeles Angels,Milwaukee Brewers,betrivers,h2h,Los Angeles Angels,,950,10.5
2026-08-01T02:50:00Z,open,c69df1f1b8463bd572965f137748afe8,823999.0,2026-07-31,2026-08-01T01:39:00Z,Los Angeles Angels,Milwaukee Brewers,betrivers,h2h,Milwaukee Brewers,,-5000,1.02
2026-08-01T02:50:00Z,open,c69df1f1b8463bd572965f137748afe8,823999.0,2026-07-31,2026-08-01T01:39:00Z,Los Angeles Angels,Milwaukee Brewers,betrivers,spreads,Los Angeles Angels,4.5,-125,1.8
2026-08-01T02:50:00Z,open,c69df1f1b8463bd572965f137748afe8,823999.0,2026-07-31,2026-08-01T01:39:00Z,Los Angeles Angels,Milwaukee Brewers,betrivers,spreads,Milwaukee Brewers,-4.5,-110,1.9091
2026-08-01T02:50:00Z,open,c69df1f1b8463bd572965f137748afe8,823999.0,2026-07-31,2026-08-01T01:39:00Z,Los Angeles Angels,Milwaukee Brewers,betrivers,totals,Over,8.0,-130,1.7692
2026-08-01T02:50:00Z,open,c69df1f1b8463bd572965f137748afe8,823999.0,2026-07-31,2026-08-01T01:39:00Z,Los Angeles Angels,Milwaukee Brewers,betrivers,totals,Under,8.0,-108,1.9259
2026-08-01T02:50:00Z,open,32710e16b4824b9b77a99c532f78131f,824975.0,2026-07-31,2026-08-01T01:41:00Z,Athletics,Detroit Tigers,fanduel,h2h,Athletics,,200,3.0
2026-08-01T02:50:00Z,open,32710e16b4824b9b77a99c532f78131f,824975.0,2026-07-31,2026-08-01T01:41:00Z,Athletics,Detroit Tigers,fanduel,h2h,Detroit Tigers,,-230,1.4348
2026-08-01T02:50:00Z,open,32710e16b4824b9b77a99c532f78131f,824975.0,2026-07-31,2026-08-01T01:41:00Z,Athletics,Detroit Tigers,fanduel,spreads,Athletics,2.5,-114,1.8772
2026-08-01T02:50:00Z,open,32710e16b4824b9b77a99c532f78131f,824975.0,2026-07-31,2026-08-01T01:41:00Z,Athletics,Detroit Tigers,fanduel,spreads,Detroit Tigers,-2.5,-114,1.8772
2026-08-01T02:50:00Z,open,32710e16b4824b9b77a99c532f78131f,824975.0,2026-07-31,2026-08-01T01:41:00Z,Athletics,Detroit Tigers,fanduel,totals,Over,10.5,-114,1.8772
2026-08-01T02:50:00Z,open,32710e16b4824b9b77a99c532f78131f,824975.0,2026-07-31,2026-08-01T01:41:00Z,Athletics,Detroit Tigers,fanduel,totals,Under,10.5,-114,1.8772
2026-08-01T02:50:00Z,open,32710e16b4824b9b77a99c532f78131f,824975.0,2026-07-31,2026-08-01T01:41:00Z,Athletics,Detroit Tigers,bovada,h2h,Athletics,,185,2.85
2026-08-01T02:50:00Z,open,32710e16b4824b9b77a99c532f78131f,824975.0,2026-07-31,2026-08-01T01:41:00Z,Athletics,Detroit Tigers,bovada,h2h,Detroit Tigers,,-250,1.4
2026-08-01T02:50:00Z,open,32710e16b4824b9b77a99c532f78131f,824975.0,2026-07-31,2026-08-01T01:41:00Z,Athletics,Detroit Tigers,bovada,spreads,Athletics,2.5,-145,1.6897
2026-08-01T02:50:00Z,open,32710e16b4824b9b77a99c532f78131f,824975.0,2026-07-31,2026-08-01T01:41:00Z,Athletics,Detroit Tigers,bovada,spreads,Detroit Tigers,-2.5,110,2.1
2026-08-01T02:50:00Z,open,32710e16b4824b9b77a99c532f78131f,824975.0,2026-07-31,2026-08-01T01:41:00Z,Athletics,Detroit Tigers,bovada,totals,Over,10.5,-115,1.8696
2026-08-01T02:50:00Z,open,32710e16b4824b9b77a99c532f78131f,824975.0,2026-07-31,2026-08-01T01:41:00Z,Athletics,Detroit Tigers,bovada,totals,Under,10.5,-115,1.8696
2026-08-01T02:50:00Z,open,32710e16b4824b9b77a99c532f78131f,824975.0,2026-07-31,2026-08-01T01:41:00Z,Athletics,Detroit Tigers,mybookieag,h2h,Athletics,,150,2.5
2026-08-01T02:50:00Z,open,32710e16b4824b9b77a99c532f78131f,824975.0,2026-07-31,2026-08-01T01:41:00Z,Athletics,Detroit Tigers,mybookieag,h2h,Detroit Tigers,,-200,1.5
2026-08-01T02:50:00Z,open,32710e16b4824b9b77a99c532f78131f,824975.0,2026-07-31,2026-08-01T01:41:00Z,Athletics,Detroit Tigers,mybookieag,spreads,Athletics,1.5,-118,1.8475
2026-08-01T02:50:00Z,open,32710e16b4824b9b77a99c532f78131f,824975.0,2026-07-31,2026-08-01T01:41:00Z,Athletics,Detroit Tigers,mybookieag,spreads,Detroit Tigers,-1.5,-118,1.8475
2026-08-01T02:50:00Z,open,32710e16b4824b9b77a99c532f78131f,824975.0,2026-07-31,2026-08-01T01:41:00Z,Athletics,Detroit Tigers,mybookieag,totals,Over,10.0,-111,1.9009
2026-08-01T02:50:00Z,open,32710e16b4824b9b77a99c532f78131f,824975.0,2026-07-31,2026-08-01T01:41:00Z,Athletics,Detroit Tigers,mybookieag,totals,Under,10.0,-125,1.8
2026-08-01T02:50:00Z,open,32710e16b4824b9b77a99c532f78131f,824975.0,2026-07-31,2026-08-01T01:41:00Z,Athletics,Detroit Tigers,draftkings,h2h,Athletics,,176,2.76
2026-08-01T02:50:00Z,open,32710e16b4824b9b77a99c532f78131f,824975.0,2026-07-31,2026-08-01T01:41:00Z,Athletics,Detroit Tigers,draftkings,h2h,Detroit Tigers,,-235,1.4255
2026-08-01T02:50:00Z,open,32710e16b4824b9b77a99c532f78131f,824975.0,2026-07-31,2026-08-01T01:41:00Z,Athletics,Detroit Tigers,draftkings,spreads,Athletics,1.5,-106,1.9434
2026-08-01T02:50:00Z,open,32710e16b4824b9b77a99c532f78131f,824975.0,2026-07-31,2026-08-01T01:41:00Z,Athletics,Detroit Tigers,draftkings,spreads,Detroit Tigers,-1.5,-122,1.8197
2026-08-01T02:50:00Z,open,32710e16b4824b9b77a99c532f78131f,824975.0,2026-07-31,2026-08-01T01:41:00Z,Athletics,Detroit Tigers,draftkings,totals,Over,9.5,-118,1.8475
2026-08-01T02:50:00Z,open,32710e16b4824b9b77a99c532f78131f,824975.0,2026-07-31,2026-08-01T01:41:00Z,Athletics,Detroit Tigers,draftkings,totals,Under,9.5,-110,1.9091
2026-08-01T02:50:00Z,open,32710e16b4824b9b77a99c532f78131f,824975.0,2026-07-31,2026-08-01T01:41:00Z,Athletics,Detroit Tigers,betrivers,h2h,Athletics,,180,2.8
2026-08-01T02:50:00Z,open,32710e16b4824b9b77a99c532f78131f,824975.0,2026-07-31,2026-08-01T01:41:00Z,Athletics,Detroit Tigers,betrivers,h2h,Detroit Tigers,,-265,1.3774
2026-08-01T02:50:00Z,open,32710e16b4824b9b77a99c532f78131f,824975.0,2026-07-31,2026-08-01T01:41:00Z,Athletics,Detroit Tigers,betrivers,spreads,Athletics,2.0,-121,1.8264
2026-08-01T02:50:00Z,open,32710e16b4824b9b77a99c532f78131f,824975.0,2026-07-31,2026-08-01T01:41:00Z,Athletics,Detroit Tigers,betrivers,spreads,Detroit Tigers,-2.0,-114,1.8772
2026-08-01T02:50:00Z,open,32710e16b4824b9b77a99c532f78131f,824975.0,2026-07-31,2026-08-01T01:41:00Z,Athletics,Detroit Tigers,betrivers,totals,Over,10.0,-117,1.8547
2026-08-01T02:50:00Z,open,32710e16b4824b9b77a99c532f78131f,824975.0,2026-07-31,2026-08-01T01:41:00Z,Athletics,Detroit Tigers,betrivers,totals,Under,10.0,-120,1.8333
2026-08-01T02:50:00Z,open,32710e16b4824b9b77a99c532f78131f,824975.0,2026-07-31,2026-08-01T01:41:00Z,Athletics,Detroit Tigers,betmgm,h2h,Athletics,,165,2.65
2026-08-01T02:50:00Z,open,32710e16b4824b9b77a99c532f78131f,824975.0,2026-07-31,2026-08-01T01:41:00Z,Athletics,Detroit Tigers,betmgm,h2h,Detroit Tigers,,-210,1.4762
2026-08-01T02:50:00Z,open,32710e16b4824b9b77a99c532f78131f,824975.0,2026-07-31,2026-08-01T01:41:00Z,Athletics,Detroit Tigers,betmgm,spreads,Athletics,1.5,-110,1.9091
2026-08-01T02:50:00Z,open,32710e16b4824b9b77a99c532f78131f,824975.0,2026-07-31,2026-08-01T01:41:00Z,Athletics,Detroit Tigers,betmgm,spreads,Detroit Tigers,-1.5,-118,1.8475
2026-08-01T02:50:00Z,open,32710e16b4824b9b77a99c532f78131f,824975.0,2026-07-31,2026-08-01T01:41:00Z,Athletics,Detroit Tigers,betmgm,totals,Over,9.5,-115,1.8696
2026-08-01T02:50:00Z,open,32710e16b4824b9b77a99c532f78131f,824975.0,2026-07-31,2026-08-01T01:41:00Z,Athletics,Detroit Tigers,betmgm,totals,Under,9.5,-110,1.9091
2026-08-01T02:50:00Z,open,46f25bf1fcef5be6217eb3f4f200efc7,824325.0,2026-07-31,2026-08-01T01:41:00Z,Colorado Rockies,Kansas City Royals,fanduel,h2h,Colorado Rockies,,-650,1.1538
2026-08-01T02:50:00Z,open,46f25bf1fcef5be6217eb3f4f200efc7,824325.0,2026-07-31,2026-08-01T01:41:00Z,Colorado Rockies,Kansas City Royals,fanduel,h2h,Kansas City Royals,,500,6.0
2026-08-01T02:50:00Z,open,46f25bf1fcef5be6217eb3f4f200efc7,824325.0,2026-07-31,2026-08-01T01:41:00Z,Colorado Rockies,Kansas City Royals,fanduel,spreads,Colorado Rockies,-2.5,-120,1.8333
2026-08-01T02:50:00Z,open,46f25bf1fcef5be6217eb3f4f200efc7,824325.0,2026-07-31,2026-08-01T01:41:00Z,Colorado Rockies,Kansas City Royals,fanduel,spreads,Kansas City Royals,2.5,-110,1.9091
2026-08-01T02:50:00Z,open,46f25bf1fcef5be6217eb3f4f200efc7,824325.0,2026-07-31,2026-08-01T01:41:00Z,Colorado Rockies,Kansas City Royals,fanduel,totals,Over,7.5,104,2.04
2026-08-01T02:50:00Z,open,46f25bf1fcef5be6217eb3f4f200efc7,824325.0,2026-07-31,2026-08-01T01:41:00Z,Colorado Rockies,Kansas City Royals,fanduel,totals,Under,7.5,-138,1.7246
2026-08-01T02:50:00Z,open,46f25bf1fcef5be6217eb3f4f200efc7,824325.0,2026-07-31,2026-08-01T01:41:00Z,Colorado Rockies,Kansas City Royals,mybookieag,h2h,Colorado Rockies,,-714,1.1401
2026-08-01T02:50:00Z,open,46f25bf1fcef5be6217eb3f4f200efc7,824325.0,2026-07-31,2026-08-01T01:41:00Z,Colorado Rockies,Kansas City Royals,mybookieag,h2h,Kansas City Royals,,450,5.5
2026-08-01T02:50:00Z,open,46f25bf1fcef5be6217eb3f4f200efc7,824325.0,2026-07-31,2026-08-01T01:41:00Z,Colorado Rockies,Kansas City Royals,mybookieag,spreads,Colorado Rockies,-3.5,115,2.15
2026-08-01T02:50:00Z,open,46f25bf1fcef5be6217eb3f4f200efc7,824325.0,2026-07-31,2026-08-01T01:41:00Z,Colorado Rockies,Kansas City Royals,mybookieag,spreads,Kansas City Royals,3.5,-154,1.6494
2026-08-01T02:50:00Z,open,46f25bf1fcef5be6217eb3f4f200efc7,824325.0,2026-07-31,2026-08-01T01:41:00Z,Colorado Rockies,Kansas City Royals,mybookieag,totals,Over,8.0,-111,1.9009
2026-08-01T02:50:00Z,open,46f25bf1fcef5be6217eb3f4f200efc7,824325.0,2026-07-31,2026-08-01T01:41:00Z,Colorado Rockies,Kansas City Royals,mybookieag,totals,Under,8.0,-118,1.8475
2026-08-01T02:50:00Z,open,46f25bf1fcef5be6217eb3f4f200efc7,824325.0,2026-07-31,2026-08-01T01:41:00Z,Colorado Rockies,Kansas City Royals,betmgm,h2h,Colorado Rockies,,-700,1.1429
2026-08-01T02:50:00Z,open,46f25bf1fcef5be6217eb3f4f200efc7,824325.0,2026-07-31,2026-08-01T01:41:00Z,Colorado Rockies,Kansas City Royals,betmgm,h2h,Kansas City Royals,,475,5.75
2026-08-01T02:50:00Z,open,46f25bf1fcef5be6217eb3f4f200efc7,824325.0,2026-07-31,2026-08-01T01:41:00Z,Colorado Rockies,Kansas City Royals,betmgm,spreads,Colorado Rockies,-2.5,-120,1.8333
2026-08-01T02:50:00Z,open,46f25bf1fcef5be6217eb3f4f200efc7,824325.0,2026-07-31,2026-08-01T01:41:00Z,Colorado Rockies,Kansas City Royals,betmgm,spreads,Kansas City Royals,2.5,-105,1.9524
2026-08-01T02:50:00Z,open,46f25bf1fcef5be6217eb3f4f200efc7,824325.0,2026-07-31,2026-08-01T01:41:00Z,Colorado Rockies,Kansas City Royals,betmgm,totals,Over,7.5,105,2.05
2026-08-01T02:50:00Z,open,46f25bf1fcef5be6217eb3f4f200efc7,824325.0,2026-07-31,2026-08-01T01:41:00Z,Colorado Rockies,Kansas City Royals,betmgm,totals,Under,7.5,-135,1.7407
2026-08-01T02:50:00Z,open,46f25bf1fcef5be6217eb3f4f200efc7,824325.0,2026-07-31,2026-08-01T01:41:00Z,Colorado Rockies,Kansas City Royals,draftkings,h2h,Colorado Rockies,,-670,1.1493
2026-08-01T02:50:00Z,open,46f25bf1fcef5be6217eb3f4f200efc7,824325.0,2026-07-31,2026-08-01T01:41:00Z,Colorado Rockies,Kansas City Royals,draftkings,h2h,Kansas City Royals,,415,5.15
2026-08-01T02:50:00Z,open,46f25bf1fcef5be6217eb3f4f200efc7,824325.0,2026-07-31,2026-08-01T01:41:00Z,Colorado Rockies,Kansas City Royals,draftkings,spreads,Colorado Rockies,-2.5,-109,1.9174
2026-08-01T02:50:00Z,open,46f25bf1fcef5be6217eb3f4f200efc7,824325.0,2026-07-31,2026-08-01T01:41:00Z,Colorado Rockies,Kansas City Royals,draftkings,spreads,Kansas City Royals,2.5,-119,1.8403
2026-08-01T02:50:00Z,open,46f25bf1fcef5be6217eb3f4f200efc7,824325.0,2026-07-31,2026-08-01T01:41:00Z,Colorado Rockies,Kansas City Royals,draftkings,totals,Over,7.5,101,2.01
2026-08-01T02:50:00Z,open,46f25bf1fcef5be6217eb3f4f200efc7,824325.0,2026-07-31,2026-08-01T01:41:00Z,Colorado Rockies,Kansas City Royals,draftkings,totals,Under,7.5,-132,1.7576
2026-08-01T02:50:00Z,open,46f25bf1fcef5be6217eb3f4f200efc7,824325.0,2026-07-31,2026-08-01T01:41:00Z,Colorado Rockies,Kansas City Royals,bovada,h2h,Colorado Rockies,,-900,1.1111
2026-08-01T02:50:00Z,open,46f25bf1fcef5be6217eb3f4f200efc7,824325.0,2026-07-31,2026-08-01T01:41:00Z,Colorado Rockies,Kansas City Royals,bovada,h2h,Kansas City Royals,,500,6.0
2026-08-01T02:50:00Z,open,46f25bf1fcef5be6217eb3f4f200efc7,824325.0,2026-07-31,2026-08-01T01:41:00Z,Colorado Rockies,Kansas City Royals,bovada,spreads,Colorado Rockies,-2.5,-125,1.8
2026-08-01T02:50:00Z,open,46f25bf1fcef5be6217eb3f4f200efc7,824325.0,2026-07-31,2026-08-01T01:41:00Z,Colorado Rockies,Kansas City Royals,bovada,spreads,Kansas City Royals,2.5,-105,1.9524
2026-08-01T02:50:00Z,open,46f25bf1fcef5be6217eb3f4f200efc7,824325.0,2026-07-31,2026-08-01T01:41:00Z,Colorado Rockies,Kansas City Royals,bovada,totals,Over,7.5,105,2.05
2026-08-01T02:50:00Z,open,46f25bf1fcef5be6217eb3f4f200efc7,824325.0,2026-07-31,2026-08-01T01:41:00Z,Colorado Rockies,Kansas City Royals,bovada,totals,Under,7.5,-135,1.7407
2026-08-01T02:50:00Z,open,46f25bf1fcef5be6217eb3f4f200efc7,824325.0,2026-07-31,2026-08-01T01:41:00Z,Colorado Rockies,Kansas City Royals,betrivers,h2h,Colorado Rockies,,-770,1.1299
2026-08-01T02:50:00Z,open,46f25bf1fcef5be6217eb3f4f200efc7,824325.0,2026-07-31,2026-08-01T01:41:00Z,Colorado Rockies,Kansas City Royals,betrivers,h2h,Kansas City Royals,,430,5.3
2026-08-01T02:50:00Z,open,46f25bf1fcef5be6217eb3f4f200efc7,824325.0,2026-07-31,2026-08-01T01:41:00Z,Colorado Rockies,Kansas City Royals,betrivers,spreads,Colorado Rockies,-2.5,-122,1.8197
2026-08-01T02:50:00Z,open,46f25bf1fcef5be6217eb3f4f200efc7,824325.0,2026-07-31,2026-08-01T01:41:00Z,Colorado Rockies,Kansas City Royals,betrivers,spreads,Kansas City Royals,2.5,-112,1.8929
2026-08-01T02:50:00Z,open,46f25bf1fcef5be6217eb3f4f200efc7,824325.0,2026-07-31,2026-08-01T01:41:00Z,Colorado Rockies,Kansas City Royals,betrivers,totals,Over,7.5,-103,1.9709
2026-08-01T02:50:00Z,open,46f25bf1fcef5be6217eb3f4f200efc7,824325.0,2026-07-31,2026-08-01T01:41:00Z,Colorado Rockies,Kansas City Royals,betrivers,totals,Under,7.5,-137,1.7299
2026-08-01T02:50:00Z,open,fd2cf2d3dbd1656d7b968673de5f4cad,823272.0,2026-07-31,2026-08-01T01:46:00Z,San Diego Padres,San Francisco Giants,fanduel,h2h,San Diego Padres,,-1300,1.0769
2026-08-01T02:50:00Z,open,fd2cf2d3dbd1656d7b968673de5f4cad,823272.0,2026-07-31,2026-08-01T01:46:00Z,San Diego Padres,San Francisco Giants,fanduel,h2h,San Francisco Giants,,1000,11.0
2026-08-01T02:50:00Z,open,fd2cf2d3dbd1656d7b968673de5f4cad,823272.0,2026-07-31,2026-08-01T01:46:00Z,San Diego Padres,San Francisco Giants,fanduel,spreads,San Diego Padres,-3.5,-106,1.9434
2026-08-01T02:50:00Z,open,fd2cf2d3dbd1656d7b968673de5f4cad,823272.0,2026-07-31,2026-08-01T01:46:00Z,San Diego Padres,San Francisco Giants,fanduel,spreads,San Francisco Giants,3.5,-125,1.8
2026-08-01T02:50:00Z,open,fd2cf2d3dbd1656d7b968673de5f4cad,823272.0,2026-07-31,2026-08-01T01:46:00Z,San Diego Padres,San Francisco Giants,fanduel,totals,Over,7.5,-114,1.8772
2026-08-01T02:50:00Z,open,fd2cf2d3dbd1656d7b968673de5f4cad,823272.0,2026-07-31,2026-08-01T01:46:00Z,San Diego Padres,San Francisco Giants,fanduel,totals,Under,7.5,-114,1.8772
2026-08-01T02:50:00Z,open,fd2cf2d3dbd1656d7b968673de5f4cad,823272.0,2026-07-31,2026-08-01T01:46:00Z,San Diego Padres,San Francisco Giants,mybookieag,h2h,San Diego Padres,,-714,1.1401
2026-08-01T02:50:00Z,open,fd2cf2d3dbd1656d7b968673de5f4cad,823272.0,2026-07-31,2026-08-01T01:46:00Z,San Diego Padres,San Francisco Giants,mybookieag,h2h,San Francisco Giants,,450,5.5
2026-08-01T02:50:00Z,open,fd2cf2d3dbd1656d7b968673de5f4cad,823272.0,2026-07-31,2026-08-01T01:46:00Z,San Diego Padres,San Francisco Giants,mybookieag,spreads,San Diego Padres,-3.5,100,2.0
2026-08-01T02:50:00Z,open,fd2cf2d3dbd1656d7b968673de5f4cad,823272.0,2026-07-31,2026-08-01T01:46:00Z,San Diego Padres,San Francisco Giants,mybookieag,spreads,San Francisco Giants,3.5,-133,1.7519
2026-08-01T02:50:00Z,open,fd2cf2d3dbd1656d7b968673de5f4cad,823272.0,2026-07-31,2026-08-01T01:46:00Z,San Diego Padres,San Francisco Giants,mybookieag,totals,Over,8.5,-111,1.9009
2026-08-01T02:50:00Z,open,fd2cf2d3dbd1656d7b968673de5f4cad,823272.0,2026-07-31,2026-08-01T01:46:00Z,San Diego Padres,San Francisco Giants,mybookieag,totals,Under,8.5,-125,1.8
2026-08-01T02:50:00Z,open,fd2cf2d3dbd1656d7b968673de5f4cad,823272.0,2026-07-31,2026-08-01T01:46:00Z,San Diego Padres,San Francisco Giants,betrivers,h2h,San Diego Padres,,-1430,1.0699
2026-08-01T02:50:00Z,open,fd2cf2d3dbd1656d7b968673de5f4cad,823272.0,2026-07-31,2026-08-01T01:46:00Z,San Diego Padres,San Francisco Giants,betrivers,h2h,San Francisco Giants,,650,7.5
2026-08-01T02:50:00Z,open,fd2cf2d3dbd1656d7b968673de5f4cad,823272.0,2026-07-31,2026-08-01T01:46:00Z,San Diego Padres,San Francisco Giants,betrivers,spreads,San Diego Padres,-3.5,-112,1.8929
2026-08-01T02:50:00Z,open,fd2cf2d3dbd1656d7b968673de5f4cad,823272.0,2026-07-31,2026-08-01T01:46:00Z,San Diego Padres,San Francisco Giants,betrivers,spreads,San Francisco Giants,3.5,-122,1.8197
2026-08-01T02:50:00Z,open,fd2cf2d3dbd1656d7b968673de5f4cad,823272.0,2026-07-31,2026-08-01T01:46:00Z,San Diego Padres,San Francisco Giants,betrivers,totals,Over,7.5,-129,1.7752
2026-08-01T02:50:00Z,open,fd2cf2d3dbd1656d7b968673de5f4cad,823272.0,2026-07-31,2026-08-01T01:46:00Z,San Diego Padres,San Francisco Giants,betrivers,totals,Under,7.5,-110,1.9091
2026-08-01T02:50:00Z,open,fd2cf2d3dbd1656d7b968673de5f4cad,823272.0,2026-07-31,2026-08-01T01:46:00Z,San Diego Padres,San Francisco Giants,bovada,h2h,San Diego Padres,,-1200,1.0833
2026-08-01T02:50:00Z,open,fd2cf2d3dbd1656d7b968673de5f4cad,823272.0,2026-07-31,2026-08-01T01:46:00Z,San Diego Padres,San Francisco Giants,bovada,h2h,San Francisco Giants,,650,7.5
2026-08-01T02:50:00Z,open,fd2cf2d3dbd1656d7b968673de5f4cad,823272.0,2026-07-31,2026-08-01T01:46:00Z,San Diego Padres,San Francisco Giants,bovada,spreads,San Diego Padres,-3.5,-105,1.9524
2026-08-01T02:50:00Z,open,fd2cf2d3dbd1656d7b968673de5f4cad,823272.0,2026-07-31,2026-08-01T01:46:00Z,San Diego Padres,San Francisco Giants,bovada,spreads,San Francisco Giants,3.5,-125,1.8
2026-08-01T02:50:00Z,open,fd2cf2d3dbd1656d7b968673de5f4cad,823272.0,2026-07-31,2026-08-01T01:46:00Z,San Diego Padres,San Francisco Giants,bovada,totals,Over,7.5,-125,1.8
2026-08-01T02:50:00Z,open,fd2cf2d3dbd1656d7b968673de5f4cad,823272.0,2026-07-31,2026-08-01T01:46:00Z,San Diego Padres,San Francisco Giants,bovada,totals,Under,7.5,-105,1.9524
2026-08-01T02:50:00Z,open,fd2cf2d3dbd1656d7b968673de5f4cad,823272.0,2026-07-31,2026-08-01T01:46:00Z,San Diego Padres,San Francisco Giants,draftkings,h2h,San Diego Padres,,-1180,1.0847
2026-08-01T02:50:00Z,open,fd2cf2d3dbd1656d7b968673de5f4cad,823272.0,2026-07-31,2026-08-01T01:46:00Z,San Diego Padres,San Francisco Giants,draftkings,h2h,San Francisco Giants,,610,7.1
2026-08-01T02:50:00Z,open,fd2cf2d3dbd1656d7b968673de5f4cad,823272.0,2026-07-31,2026-08-01T01:46:00Z,San Diego Padres,San Francisco Giants,draftkings,spreads,San Diego Padres,-3.5,102,2.02
2026-08-01T02:50:00Z,open,fd2cf2d3dbd1656d7b968673de5f4cad,823272.0,2026-07-31,2026-08-01T01:46:00Z,San Diego Padres,San Francisco Giants,draftkings,spreads,San Francisco Giants,3.5,-133,1.7519
2026-08-01T02:50:00Z,open,fd2cf2d3dbd1656d7b968673de5f4cad,823272.0,2026-07-31,2026-08-01T01:46:00Z,San Diego Padres,San Francisco Giants,draftkings,totals,Over,7.5,-112,1.8929
2026-08-01T02:50:00Z,open,fd2cf2d3dbd1656d7b968673de5f4cad,823272.0,2026-07-31,2026-08-01T01:46:00Z,San Diego Padres,San Francisco Giants,draftkings,totals,Under,7.5,-116,1.8621
2026-08-01T02:50:00Z,open,fd2cf2d3dbd1656d7b968673de5f4cad,823272.0,2026-07-31,2026-08-01T01:46:00Z,San Diego Padres,San Francisco Giants,betmgm,h2h,San Diego Padres,,-1100,1.0909
2026-08-01T02:50:00Z,open,fd2cf2d3dbd1656d7b968673de5f4cad,823272.0,2026-07-31,2026-08-01T01:46:00Z,San Diego Padres,San Francisco Giants,betmgm,h2h,San Francisco Giants,,625,7.25
2026-08-01T02:50:00Z,open,fd2cf2d3dbd1656d7b968673de5f4cad,823272.0,2026-07-31,2026-08-01T01:46:00Z,San Diego Padres,San Francisco Giants,betmgm,spreads,San Diego Padres,-3.5,115,2.15
2026-08-01T02:50:00Z,open,fd2cf2d3dbd1656d7b968673de5f4cad,823272.0,2026-07-31,2026-08-01T01:46:00Z,San Diego Padres,San Francisco Giants,betmgm,spreads,San Francisco Giants,3.5,-150,1.6667
2026-08-01T02:50:00Z,open,fd2cf2d3dbd1656d7b968673de5f4cad,823272.0,2026-07-31,2026-08-01T01:46:00Z,San Diego Padres,San Francisco Giants,betmgm,totals,Over,7.5,-110,1.9091
2026-08-01T02:50:00Z,open,fd2cf2d3dbd1656d7b968673de5f4cad,823272.0,2026-07-31,2026-08-01T01:46:00Z,San Diego Padres,San Francisco Giants,betmgm,totals,Under,7.5,-115,1.8696
2026-08-01T02:50:00Z,open,7d1b7a2bed8c47d5ecf945ba07f77d56,823922.0,2026-07-31,2026-08-01T02:11:00Z,Los Angeles Dodgers,Boston Red Sox,fanduel,h2h,Boston Red Sox,,-160,1.625
2026-08-01T02:50:00Z,open,7d1b7a2bed8c47d5ecf945ba07f77d56,823922.0,2026-07-31,2026-08-01T02:11:00Z,Los Angeles Dodgers,Boston Red Sox,fanduel,h2h,Los Angeles Dodgers,,140,2.4
2026-08-01T02:50:00Z,open,7d1b7a2bed8c47d5ecf945ba07f77d56,823922.0,2026-07-31,2026-08-01T02:11:00Z,Los Angeles Dodgers,Boston Red Sox,fanduel,spreads,Boston Red Sox,-1.5,-102,1.9804
2026-08-01T02:50:00Z,open,7d1b7a2bed8c47d5ecf945ba07f77d56,823922.0,2026-07-31,2026-08-01T02:11:00Z,Los Angeles Dodgers,Boston Red Sox,fanduel,spreads,Los Angeles Dodgers,1.5,-130,1.7692
2026-08-01T02:50:00Z,open,7d1b7a2bed8c47d5ecf945ba07f77d56,823922.0,2026-07-31,2026-08-01T02:11:00Z,Los Angeles Dodgers,Boston Red Sox,fanduel,totals,Over,7.5,-102,1.9804
2026-08-01T02:50:00Z,open,7d1b7a2bed8c47d5ecf945ba07f77d56,823922.0,2026-07-31,2026-08-01T02:11:00Z,Los Angeles Dodgers,Boston Red Sox,fanduel,totals,Under,7.5,-130,1.7692
2026-08-01T02:50:00Z,open,7d1b7a2bed8c47d5ecf945ba07f77d56,823922.0,2026-07-31,2026-08-01T02:11:00Z,Los Angeles Dodgers,Boston Red Sox,mybookieag,h2h,Boston Red Sox,,-133,1.7519
2026-08-01T02:50:00Z,open,7d1b7a2bed8c47d5ecf945ba07f77d56,823922.0,2026-07-31,2026-08-01T02:11:00Z,Los Angeles Dodgers,Boston Red Sox,mybookieag,h2h,Los Angeles Dodgers,,105,2.05
2026-08-01T02:50:00Z,open,7d1b7a2bed8c47d5ecf945ba07f77d56,823922.0,2026-07-31,2026-08-01T02:11:00Z,Los Angeles Dodgers,Boston Red Sox,mybookieag,spreads,Boston Red Sox,-1.5,130,2.3
2026-08-01T02:50:00Z,open,7d1b7a2bed8c47d5ecf945ba07f77d56,823922.0,2026-07-31,2026-08-01T02:11:00Z,Los Angeles Dodgers,Boston Red Sox,mybookieag,spreads,Los Angeles Dodgers,1.5,-182,1.5495
2026-08-01T02:50:00Z,open,7d1b7a2bed8c47d5ecf945ba07f77d56,823922.0,2026-07-31,2026-08-01T02:11:00Z,Los Angeles Dodgers,Boston Red Sox,mybookieag,totals,Over,7.0,-133,1.7519
2026-08-01T02:50:00Z,open,7d1b7a2bed8c47d5ecf945ba07f77d56,823922.0,2026-07-31,2026-08-01T02:11:00Z,Los Angeles Dodgers,Boston Red Sox,mybookieag,totals,Under,7.0,100,2.0
2026-08-01T02:50:00Z,open,7d1b7a2bed8c47d5ecf945ba07f77d56,823922.0,2026-07-31,2026-08-01T02:11:00Z,Los Angeles Dodgers,Boston Red Sox,bovada,h2h,Boston Red Sox,,-185,1.5405
2026-08-01T02:50:00Z,open,7d1b7a2bed8c47d5ecf945ba07f77d56,823922.0,2026-07-31,2026-08-01T02:11:00Z,Los Angeles Dodgers,Boston Red Sox,bovada,h2h,Los Angeles Dodgers,,140,2.4
2026-08-01T02:50:00Z,open,7d1b7a2bed8c47d5ecf945ba07f77d56,823922.0,2026-07-31,2026-08-01T02:11:00Z,Los Angeles Dodgers,Boston Red Sox,bovada,spreads,Boston Red Sox,-1.5,-115,1.8696
2026-08-01T02:50:00Z,open,7d1b7a2bed8c47d5ecf945ba07f77d56,823922.0,2026-07-31,2026-08-01T02:11:00Z,Los Angeles Dodgers,Boston Red Sox,bovada,spreads,Los Angeles Dodgers,1.5,-115,1.8696
2026-08-01T02:50:00Z,open,7d1b7a2bed8c47d5ecf945ba07f77d56,823922.0,2026-07-31,2026-08-01T02:11:00Z,Los Angeles Dodgers,Boston Red Sox,bovada,totals,Over,7.5,-115,1.8696
2026-08-01T02:50:00Z,open,7d1b7a2bed8c47d5ecf945ba07f77d56,823922.0,2026-07-31,2026-08-01T02:11:00Z,Los Angeles Dodgers,Boston Red Sox,bovada,totals,Under,7.5,-115,1.8696
2026-08-01T02:50:00Z,open,7d1b7a2bed8c47d5ecf945ba07f77d56,823922.0,2026-07-31,2026-08-01T02:11:00Z,Los Angeles Dodgers,Boston Red Sox,betrivers,h2h,Boston Red Sox,,-177,1.565
2026-08-01T02:50:00Z,open,7d1b7a2bed8c47d5ecf945ba07f77d56,823922.0,2026-07-31,2026-08-01T02:11:00Z,Los Angeles Dodgers,Boston Red Sox,betrivers,h2h,Los Angeles Dodgers,,125,2.25
2026-08-01T02:50:00Z,open,7d1b7a2bed8c47d5ecf945ba07f77d56,823922.0,2026-07-31,2026-08-01T02:11:00Z,Los Angeles Dodgers,Boston Red Sox,betrivers,spreads,Boston Red Sox,-1.0,-136,1.7353
2026-08-01T02:50:00Z,open,7d1b7a2bed8c47d5ecf945ba07f77d56,823922.0,2026-07-31,2026-08-01T02:11:00Z,Los Angeles Dodgers,Boston Red Sox,betrivers,spreads,Los Angeles Dodgers,1.0,-103,1.9709
2026-08-01T02:50:00Z,open,7d1b7a2bed8c47d5ecf945ba07f77d56,823922.0,2026-07-31,2026-08-01T02:11:00Z,Los Angeles Dodgers,Boston Red Sox,betrivers,totals,Over,7.5,-110,1.9091
2026-08-01T02:50:00Z,open,7d1b7a2bed8c47d5ecf945ba07f77d56,823922.0,2026-07-31,2026-08-01T02:11:00Z,Los Angeles Dodgers,Boston Red Sox,betrivers,totals,Under,7.5,-129,1.7752
2026-08-01T02:50:00Z,open,7d1b7a2bed8c47d5ecf945ba07f77d56,823922.0,2026-07-31,2026-08-01T02:11:00Z,Los Angeles Dodgers,Boston Red Sox,draftkings,h2h,Boston Red Sox,,-183,1.5464
2026-08-01T02:50:00Z,open,7d1b7a2bed8c47d5ecf945ba07f77d56,823922.0,2026-07-31,2026-08-01T02:11:00Z,Los Angeles Dodgers,Boston Red Sox,draftkings,h2h,Los Angeles Dodgers,,139,2.39
2026-08-01T02:50:00Z,open,7d1b7a2bed8c47d5ecf945ba07f77d56,823922.0,2026-07-31,2026-08-01T02:11:00Z,Los Angeles Dodgers,Boston Red Sox,draftkings,spreads,Boston Red Sox,-1.5,108,2.08
2026-08-01T02:50:00Z,open,7d1b7a2bed8c47d5ecf945ba07f77d56,823922.0,2026-07-31,2026-08-01T02:11:00Z,Los Angeles Dodgers,Boston Red Sox,draftkings,spreads,Los Angeles Dodgers,1.5,-141,1.7092
2026-08-01T02:50:00Z,open,7d1b7a2bed8c47d5ecf945ba07f77d56,823922.0,2026-07-31,2026-08-01T02:11:00Z,Los Angeles Dodgers,Boston Red Sox,draftkings,totals,Over,7.5,-105,1.9524
2026-08-01T02:50:00Z,open,7d1b7a2bed8c47d5ecf945ba07f77d56,823922.0,2026-07-31,2026-08-01T02:11:00Z,Los Angeles Dodgers,Boston Red Sox,draftkings,totals,Under,7.5,-124,1.8065
2026-08-01T02:50:00Z,open,7d1b7a2bed8c47d5ecf945ba07f77d56,823922.0,2026-07-31,2026-08-01T02:11:00Z,Los Angeles Dodgers,Boston Red Sox,betmgm,h2h,Boston Red Sox,,-180,1.5556
2026-08-01T02:50:00Z,open,7d1b7a2bed8c47d5ecf945ba07f77d56,823922.0,2026-07-31,2026-08-01T02:11:00Z,Los Angeles Dodgers,Boston Red Sox,betmgm,h2h,Los Angeles Dodgers,,140,2.4
2026-08-01T02:50:00Z,open,7d1b7a2bed8c47d5ecf945ba07f77d56,823922.0,2026-07-31,2026-08-01T02:11:00Z,Los Angeles Dodgers,Boston Red Sox,betmgm,spreads,Boston Red Sox,-1.5,110,2.1
2026-08-01T02:50:00Z,open,7d1b7a2bed8c47d5ecf945ba07f77d56,823922.0,2026-07-31,2026-08-01T02:11:00Z,Los Angeles Dodgers,Boston Red Sox,betmgm,spreads,Los Angeles Dodgers,1.5,-145,1.6897
2026-08-01T02:50:00Z,open,7d1b7a2bed8c47d5ecf945ba07f77d56,823922.0,2026-07-31,2026-08-01T02:11:00Z,Los Angeles Dodgers,Boston Red Sox,betmgm,totals,Over,7.5,105,2.05
2026-08-01T02:50:00Z,open,7d1b7a2bed8c47d5ecf945ba07f77d56,823922.0,2026-07-31,2026-08-01T02:11:00Z,Los Angeles Dodgers,Boston Red Sox,betmgm,totals,Under,7.5,-135,1.7407
2026-08-01T02:50:00Z,open,0b314c94b53dbed0719087c29b520ace,823111.0,2026-07-31,2026-08-01T02:11:00Z,Seattle Mariners,Minnesota Twins,fanduel,h2h,Minnesota Twins,,145,2.45
2026-08-01T02:50:00Z,open,0b314c94b53dbed0719087c29b520ace,823111.0,2026-07-31,2026-08-01T02:11:00Z,Seattle Mariners,Minnesota Twins,fanduel,h2h,Seattle Mariners,,-165,1.6061
2026-08-01T02:50:00Z,open,0b314c94b53dbed0719087c29b520ace,823111.0,2026-07-31,2026-08-01T02:11:00Z,Seattle Mariners,Minnesota Twins,fanduel,spreads,Minnesota Twins,1.5,-194,1.5155
2026-08-01T02:50:00Z,open,0b314c94b53dbed0719087c29b520ace,823111.0,2026-07-31,2026-08-01T02:11:00Z,Seattle Mariners,Minnesota Twins,fanduel,spreads,Seattle Mariners,-1.5,144,2.44
2026-08-01T02:50:00Z,open,0b314c94b53dbed0719087c29b520ace,823111.0,2026-07-31,2026-08-01T02:11:00Z,Seattle Mariners,Minnesota Twins,fanduel,totals,Over,9.5,-128,1.7812
2026-08-01T02:50:00Z,open,0b314c94b53dbed0719087c29b520ace,823111.0,2026-07-31,2026-08-01T02:11:00Z,Seattle Mariners,Minnesota Twins,fanduel,totals,Under,9.5,-104,1.9615
2026-08-01T02:50:00Z,open,0b314c94b53dbed0719087c29b520ace,823111.0,2026-07-31,2026-08-01T02:11:00Z,Seattle Mariners,Minnesota Twins,mybookieag,h2h,Minnesota Twins,,150,2.5
2026-08-01T02:50:00Z,open,0b314c94b53dbed0719087c29b520ace,823111.0,2026-07-31,2026-08-01T02:11:00Z,Seattle Mariners,Minnesota Twins,mybookieag,h2h,Seattle Mariners,,-200,1.5
2026-08-01T02:50:00Z,open,0b314c94b53dbed0719087c29b520ace,823111.0,2026-07-31,2026-08-01T02:11:00Z,Seattle Mariners,Minnesota Twins,mybookieag,spreads,Minnesota Twins,1.5,-167,1.5988
2026-08-01T02:50:00Z,open,0b314c94b53dbed0719087c29b520ace,823111.0,2026-07-31,2026-08-01T02:11:00Z,Seattle Mariners,Minnesota Twins,mybookieag,spreads,Seattle Mariners,-1.5,115,2.15
2026-08-01T02:50:00Z,open,0b314c94b53dbed0719087c29b520ace,823111.0,2026-07-31,2026-08-01T02:11:00Z,Seattle Mariners,Minnesota Twins,mybookieag,totals,Over,10.5,-118,1.8475
2026-08-01T02:50:00Z,open,0b314c94b53dbed0719087c29b520ace,823111.0,2026-07-31,2026-08-01T02:11:00Z,Seattle Mariners,Minnesota Twins,mybookieag,totals,Under,10.5,-118,1.8475
2026-08-01T02:50:00Z,open,0b314c94b53dbed0719087c29b520ace,823111.0,2026-07-31,2026-08-01T02:11:00Z,Seattle Mariners,Minnesota Twins,betmgm,h2h,Minnesota Twins,,160,2.6
2026-08-01T02:50:00Z,open,0b314c94b53dbed0719087c29b520ace,823111.0,2026-07-31,2026-08-01T02:11:00Z,Seattle Mariners,Minnesota Twins,betmgm,h2h,Seattle Mariners,,-200,1.5
2026-08-01T02:50:00Z,open,0b314c94b53dbed0719087c29b520ace,823111.0,2026-07-31,2026-08-01T02:11:00Z,Seattle Mariners,Minnesota Twins,betmgm,totals,Over,10.5,-102,1.9804
2026-08-01T02:50:00Z,open,0b314c94b53dbed0719087c29b520ace,823111.0,2026-07-31,2026-08-01T02:11:00Z,Seattle Mariners,Minnesota Twins,betmgm,totals,Under,10.5,-125,1.8
2026-08-01T02:50:00Z,open,0b314c94b53dbed0719087c29b520ace,823111.0,2026-07-31,2026-08-01T02:11:00Z,Seattle Mariners,Minnesota Twins,draftkings,h2h,Minnesota Twins,,141,2.41
2026-08-01T02:50:00Z,open,0b314c94b53dbed0719087c29b520ace,823111.0,2026-07-31,2026-08-01T02:11:00Z,Seattle Mariners,Minnesota Twins,draftkings,h2h,Seattle Mariners,,-185,1.5405
2026-08-01T02:50:00Z,open,0b314c94b53dbed0719087c29b520ace,823111.0,2026-07-31,2026-08-01T02:11:00Z,Seattle Mariners,Minnesota Twins,draftkings,spreads,Minnesota Twins,1.5,-167,1.5988
2026-08-01T02:50:00Z,open,0b314c94b53dbed0719087c29b520ace,823111.0,2026-07-31,2026-08-01T02:11:00Z,Seattle Mariners,Minnesota Twins,draftkings,spreads,Seattle Mariners,-1.5,128,2.28
2026-08-01T02:50:00Z,open,0b314c94b53dbed0719087c29b520ace,823111.0,2026-07-31,2026-08-01T02:11:00Z,Seattle Mariners,Minnesota Twins,draftkings,totals,Over,9.5,-132,1.7576
2026-08-01T02:50:00Z,open,0b314c94b53dbed0719087c29b520ace,823111.0,2026-07-31,2026-08-01T02:11:00Z,Seattle Mariners,Minnesota Twins,draftkings,totals,Under,9.5,101,2.01
2026-08-01T02:50:00Z,open,0b314c94b53dbed0719087c29b520ace,823111.0,2026-07-31,2026-08-01T02:11:00Z,Seattle Mariners,Minnesota Twins,bovada,h2h,Minnesota Twins,,140,2.4
2026-08-01T02:50:00Z,open,0b314c94b53dbed0719087c29b520ace,823111.0,2026-07-31,2026-08-01T02:11:00Z,Seattle Mariners,Minnesota Twins,bovada,h2h,Seattle Mariners,,-185,1.5405
2026-08-01T02:50:00Z,open,0b314c94b53dbed0719087c29b520ace,823111.0,2026-07-31,2026-08-01T02:11:00Z,Seattle Mariners,Minnesota Twins,bovada,spreads,Minnesota Twins,1.5,-175,1.5714
2026-08-01T02:50:00Z,open,0b314c94b53dbed0719087c29b520ace,823111.0,2026-07-31,2026-08-01T02:11:00Z,Seattle Mariners,Minnesota Twins,bovada,spreads,Seattle Mariners,-1.5,135,2.35
2026-08-01T02:50:00Z,open,0b314c94b53dbed0719087c29b520ace,823111.0,2026-07-31,2026-08-01T02:11:00Z,Seattle Mariners,Minnesota Twins,bovada,totals,Over,10.5,-110,1.9091
2026-08-01T02:50:00Z,open,0b314c94b53dbed0719087c29b520ace,823111.0,2026-07-31,2026-08-01T02:11:00Z,Seattle Mariners,Minnesota Twins,bovada,totals,Under,10.5,-120,1.8333
2026-08-01T02:50:00Z,open,0b314c94b53dbed0719087c29b520ace,823111.0,2026-07-31,2026-08-01T02:11:00Z,Seattle Mariners,Minnesota Twins,betrivers,h2h,Minnesota Twins,,138,2.38
2026-08-01T02:50:00Z,open,0b314c94b53dbed0719087c29b520ace,823111.0,2026-07-31,2026-08-01T02:11:00Z,Seattle Mariners,Minnesota Twins,betrivers,h2h,Seattle Mariners,,-195,1.5128
2026-08-01T02:50:00Z,open,0b314c94b53dbed0719087c29b520ace,823111.0,2026-07-31,2026-08-01T02:11:00Z,Seattle Mariners,Minnesota Twins,betrivers,spreads,Minnesota Twins,1.0,-117,1.8547
2026-08-01T02:50:00Z,open,0b314c94b53dbed0719087c29b520ace,823111.0,2026-07-31,2026-08-01T02:11:00Z,Seattle Mariners,Minnesota Twins,betrivers,spreads,Seattle Mariners,-1.0,-118,1.8475
2026-08-01T02:50:00Z,open,0b314c94b53dbed0719087c29b520ace,823111.0,2026-07-31,2026-08-01T02:11:00Z,Seattle Mariners,Minnesota Twins,betrivers,totals,Over,9.5,-129,1.7752
2026-08-01T02:50:00Z,open,0b314c94b53dbed0719087c29b520ace,823111.0,2026-07-31,2026-08-01T02:11:00Z,Seattle Mariners,Minnesota Twins,betrivers,totals,Under,9.5,-109,1.9174
2026-08-01T02:50:00Z,open,887515990979436aed352a22f6f8fdff,,2026-07-31,2026-08-01T19:08:00Z,Toronto Blue Jays,St. Louis Cardinals,fanduel,h2h,St. Louis Cardinals,,126,2.26
2026-08-01T02:50:00Z,open,887515990979436aed352a22f6f8fdff,,2026-07-31,2026-08-01T19:08:00Z,Toronto Blue Jays,St. Louis Cardinals,fanduel,h2h,Toronto Blue Jays,,-136,1.7353
2026-08-01T02:50:00Z,open,887515990979436aed352a22f6f8fdff,,2026-07-31,2026-08-01T19:08:00Z,Toronto Blue Jays,St. Louis Cardinals,fanduel,spreads,St. Louis Cardinals,1.5,-184,1.5435
2026-08-01T02:50:00Z,open,887515990979436aed352a22f6f8fdff,,2026-07-31,2026-08-01T19:08:00Z,Toronto Blue Jays,St. Louis Cardinals,fanduel,spreads,Toronto Blue Jays,-1.5,152,2.52
2026-08-01T02:50:00Z,open,887515990979436aed352a22f6f8fdff,,2026-07-31,2026-08-01T19:08:00Z,Toronto Blue Jays,St. Louis Cardinals,fanduel,totals,Over,8.5,-110,1.9091
2026-08-01T02:50:00Z,open,887515990979436aed352a22f6f8fdff,,2026-07-31,2026-08-01T19:08:00Z,Toronto Blue Jays,St. Louis Cardinals,fanduel,totals,Under,8.5,-110,1.9091
2026-08-01T02:50:00Z,open,887515990979436aed352a22f6f8fdff,,2026-07-31,2026-08-01T19:08:00Z,Toronto Blue Jays,St. Louis Cardinals,mybookieag,h2h,St. Louis Cardinals,,119,2.19
2026-08-01T02:50:00Z,open,887515990979436aed352a22f6f8fdff,,2026-07-31,2026-08-01T19:08:00Z,Toronto Blue Jays,St. Louis Cardinals,mybookieag,h2h,Toronto Blue Jays,,-141,1.7092
2026-08-01T02:50:00Z,open,887515990979436aed352a22f6f8fdff,,2026-07-31,2026-08-01T19:08:00Z,Toronto Blue Jays,St. Louis Cardinals,mybookieag,spreads,St. Louis Cardinals,1.5,-167,1.5988
2026-08-01T02:50:00Z,open,887515990979436aed352a22f6f8fdff,,2026-07-31,2026-08-01T19:08:00Z,Toronto Blue Jays,St. Louis Cardinals,mybookieag,spreads,Toronto Blue Jays,-1.5,141,2.41
2026-08-01T02:50:00Z,open,887515990979436aed352a22f6f8fdff,,2026-07-31,2026-08-01T19:08:00Z,Toronto Blue Jays,St. Louis Cardinals,mybookieag,totals,Over,8.5,-110,1.9091
2026-08-01T02:50:00Z,open,887515990979436aed352a22f6f8fdff,,2026-07-31,2026-08-01T19:08:00Z,Toronto Blue Jays,St. Louis Cardinals,mybookieag,totals,Under,8.5,-111,1.9009
2026-08-01T02:50:00Z,open,887515990979436aed352a22f6f8fdff,,2026-07-31,2026-08-01T19:08:00Z,Toronto Blue Jays,St. Louis Cardinals,betonlineag,h2h,St. Louis Cardinals,,122,2.22
2026-08-01T02:50:00Z,open,887515990979436aed352a22f6f8fdff,,2026-07-31,2026-08-01T19:08:00Z,Toronto Blue Jays,St. Louis Cardinals,betonlineag,h2h,Toronto Blue Jays,,-135,1.7407
2026-08-01T02:50:00Z,open,887515990979436aed352a22f6f8fdff,,2026-07-31,2026-08-01T19:08:00Z,Toronto Blue Jays,St. Louis Cardinals,betonlineag,spreads,St. Louis Cardinals,1.5,-170,1.5882
2026-08-01T02:50:00Z,open,887515990979436aed352a22f6f8fdff,,2026-07-31,2026-08-01T19:08:00Z,Toronto Blue Jays,St. Louis Cardinals,betonlineag,spreads,Toronto Blue Jays,-1.5,149,2.49
2026-08-01T02:50:00Z,open,887515990979436aed352a22f6f8fdff,,2026-07-31,2026-08-01T19:08:00Z,Toronto Blue Jays,St. Louis Cardinals,betonlineag,totals,Over,8.5,100,2.0
2026-08-01T02:50:00Z,open,887515990979436aed352a22f6f8fdff,,2026-07-31,2026-08-01T19:08:00Z,Toronto Blue Jays,St. Louis Cardinals,betonlineag,totals,Under,8.5,-120,1.8333
2026-08-01T02:50:00Z,open,887515990979436aed352a22f6f8fdff,,2026-07-31,2026-08-01T19:08:00Z,Toronto Blue Jays,St. Louis Cardinals,lowvig,h2h,St. Louis Cardinals,,122,2.22
2026-08-01T02:50:00Z,open,887515990979436aed352a22f6f8fdff,,2026-07-31,2026-08-01T19:08:00Z,Toronto Blue Jays,St. Louis Cardinals,lowvig,h2h,Toronto Blue Jays,,-135,1.7407
2026-08-01T02:50:00Z,open,887515990979436aed352a22f6f8fdff,,2026-07-31,2026-08-01T19:08:00Z,Toronto Blue Jays,St. Louis Cardinals,lowvig,spreads,St. Louis Cardinals,1.5,-170,1.5882
2026-08-01T02:50:00Z,open,887515990979436aed352a22f6f8fdff,,2026-07-31,2026-08-01T19:08:00Z,Toronto Blue Jays,St. Louis Cardinals,lowvig,spreads,Toronto Blue Jays,-1.5,150,2.5
2026-08-01T02:50:00Z,open,887515990979436aed352a22f6f8fdff,,2026-07-31,2026-08-01T19:08:00Z,Toronto Blue Jays,St. Louis Cardinals,lowvig,totals,Over,8.5,103,2.03
2026-08-01T02:50:00Z,open,887515990979436aed352a22f6f8fdff,,2026-07-31,2026-08-01T19:08:00Z,Toronto Blue Jays,St. Louis Cardinals,lowvig,totals,Under,8.5,-118,1.8475
2026-08-01T02:50:00Z,open,887515990979436aed352a22f6f8fdff,,2026-07-31,2026-08-01T19:08:00Z,Toronto Blue Jays,St. Louis Cardinals,draftkings,h2h,St. Louis Cardinals,,118,2.18
2026-08-01T02:50:00Z,open,887515990979436aed352a22f6f8fdff,,2026-07-31,2026-08-01T19:08:00Z,Toronto Blue Jays,St. Louis Cardinals,draftkings,h2h,Toronto Blue Jays,,-142,1.7042
2026-08-01T02:50:00Z,open,887515990979436aed352a22f6f8fdff,,2026-07-31,2026-08-01T19:08:00Z,Toronto Blue Jays,St. Louis Cardinals,draftkings,spreads,St. Louis Cardinals,1.5,-181,1.5525
2026-08-01T02:50:00Z,open,887515990979436aed352a22f6f8fdff,,2026-07-31,2026-08-01T19:08:00Z,Toronto Blue Jays,St. Louis Cardinals,draftkings,spreads,Toronto Blue Jays,-1.5,149,2.49
2026-08-01T02:50:00Z,open,887515990979436aed352a22f6f8fdff,,2026-07-31,2026-08-01T19:08:00Z,Toronto Blue Jays,St. Louis Cardinals,draftkings,totals,Over,8.5,-106,1.9434
2026-08-01T02:50:00Z,open,887515990979436aed352a22f6f8fdff,,2026-07-31,2026-08-01T19:08:00Z,Toronto Blue Jays,St. Louis Cardinals,draftkings,totals,Under,8.5,-113,1.885
2026-08-01T02:50:00Z,open,887515990979436aed352a22f6f8fdff,,2026-07-31,2026-08-01T19:08:00Z,Toronto Blue Jays,St. Louis Cardinals,betmgm,h2h,St. Louis Cardinals,,118,2.18
2026-08-01T02:50:00Z,open,887515990979436aed352a22f6f8fdff,,2026-07-31,2026-08-01T19:08:00Z,Toronto Blue Jays,St. Louis Cardinals,betmgm,h2h,Toronto Blue Jays,,-145,1.6897
2026-08-01T02:50:00Z,open,887515990979436aed352a22f6f8fdff,,2026-07-31,2026-08-01T19:08:00Z,Toronto Blue Jays,St. Louis Cardinals,betmgm,spreads,St. Louis Cardinals,1.5,-175,1.5714
2026-08-01T02:50:00Z,open,887515990979436aed352a22f6f8fdff,,2026-07-31,2026-08-01T19:08:00Z,Toronto Blue Jays,St. Louis Cardinals,betmgm,spreads,Toronto Blue Jays,-1.5,145,2.45
2026-08-01T02:50:00Z,open,887515990979436aed352a22f6f8fdff,,2026-07-31,2026-08-01T19:08:00Z,Toronto Blue Jays,St. Louis Cardinals,betmgm,totals,Over,8.5,-105,1.9524
2026-08-01T02:50:00Z,open,887515990979436aed352a22f6f8fdff,,2026-07-31,2026-08-01T19:08:00Z,Toronto Blue Jays,St. Louis Cardinals,betmgm,totals,Under,8.5,-115,1.8696
2026-08-01T02:50:00Z,open,887515990979436aed352a22f6f8fdff,,2026-07-31,2026-08-01T19:08:00Z,Toronto Blue Jays,St. Louis Cardinals,bovada,h2h,St. Louis Cardinals,,123,2.23
2026-08-01T02:50:00Z,open,887515990979436aed352a22f6f8fdff,,2026-07-31,2026-08-01T19:08:00Z,Toronto Blue Jays,St. Louis Cardinals,bovada,h2h,Toronto Blue Jays,,-147,1.6803
2026-08-01T02:50:00Z,open,887515990979436aed352a22f6f8fdff,,2026-07-31,2026-08-01T19:08:00Z,Toronto Blue Jays,St. Louis Cardinals,bovada,spreads,St. Louis Cardinals,1.5,-170,1.5882
2026-08-01T02:50:00Z,open,887515990979436aed352a22f6f8fdff,,2026-07-31,2026-08-01T19:08:00Z,Toronto Blue Jays,St. Louis Cardinals,bovada,spreads,Toronto Blue Jays,-1.5,145,2.45
2026-08-01T02:50:00Z,open,887515990979436aed352a22f6f8fdff,,2026-07-31,2026-08-01T19:08:00Z,Toronto Blue Jays,St. Louis Cardinals,bovada,totals,Over,8.5,-110,1.9091
2026-08-01T02:50:00Z,open,887515990979436aed352a22f6f8fdff,,2026-07-31,2026-08-01T19:08:00Z,Toronto Blue Jays,St. Louis Cardinals,bovada,totals,Under,8.5,-110,1.9091
2026-08-01T02:50:00Z,open,887515990979436aed352a22f6f8fdff,,2026-07-31,2026-08-01T19:08:00Z,Toronto Blue Jays,St. Louis Cardinals,betus,h2h,St. Louis Cardinals,,122,2.22
2026-08-01T02:50:00Z,open,887515990979436aed352a22f6f8fdff,,2026-07-31,2026-08-01T19:08:00Z,Toronto Blue Jays,St. Louis Cardinals,betus,h2h,Toronto Blue Jays,,-135,1.7407
2026-08-01T02:50:00Z,open,887515990979436aed352a22f6f8fdff,,2026-07-31,2026-08-01T19:08:00Z,Toronto Blue Jays,St. Louis Cardinals,betus,spreads,St. Louis Cardinals,1.5,-170,1.5882
2026-08-01T02:50:00Z,open,887515990979436aed352a22f6f8fdff,,2026-07-31,2026-08-01T19:08:00Z,Toronto Blue Jays,St. Louis Cardinals,betus,spreads,Toronto Blue Jays,-1.5,148,2.48
2026-08-01T02:50:00Z,open,887515990979436aed352a22f6f8fdff,,2026-07-31,2026-08-01T19:08:00Z,Toronto Blue Jays,St. Louis Cardinals,betus,totals,Over,8.5,100,2.0
2026-08-01T02:50:00Z,open,887515990979436aed352a22f6f8fdff,,2026-07-31,2026-08-01T19:08:00Z,Toronto Blue Jays,St. Louis Cardinals,betus,totals,Under,8.5,-120,1.8333
2026-08-01T02:50:00Z,open,887515990979436aed352a22f6f8fdff,,2026-07-31,2026-08-01T19:08:00Z,Toronto Blue Jays,St. Louis Cardinals,betrivers,h2h,St. Louis Cardinals,,117,2.17
2026-08-01T02:50:00Z,open,887515990979436aed352a22f6f8fdff,,2026-07-31,2026-08-01T19:08:00Z,Toronto Blue Jays,St. Louis Cardinals,betrivers,h2h,Toronto Blue Jays,,-137,1.7299
2026-08-01T02:50:00Z,open,887515990979436aed352a22f6f8fdff,,2026-07-31,2026-08-01T19:08:00Z,Toronto Blue Jays,St. Louis Cardinals,betrivers,spreads,St. Louis Cardinals,1.5,-195,1.5128
2026-08-01T02:50:00Z,open,887515990979436aed352a22f6f8fdff,,2026-07-31,2026-08-01T19:08:00Z,Toronto Blue Jays,St. Louis Cardinals,betrivers,spreads,Toronto Blue Jays,-1.5,155,2.55
2026-08-01T02:50:00Z,open,887515990979436aed352a22f6f8fdff,,2026-07-31,2026-08-01T19:08:00Z,Toronto Blue Jays,St. Louis Cardinals,betrivers,totals,Over,8.5,-112,1.8929
2026-08-01T02:50:00Z,open,887515990979436aed352a22f6f8fdff,,2026-07-31,2026-08-01T19:08:00Z,Toronto Blue Jays,St. Louis Cardinals,betrivers,totals,Under,8.5,-108,1.9259
2026-08-01T02:50:00Z,open,2984d38103bf67fc68bc0fb23e98ad8e,,2026-07-31,2026-08-01T20:11:00Z,Tampa Bay Rays,Chicago White Sox,fanduel,h2h,Chicago White Sox,,148,2.48
2026-08-01T02:50:00Z,open,2984d38103bf67fc68bc0fb23e98ad8e,,2026-07-31,2026-08-01T20:11:00Z,Tampa Bay Rays,Chicago White Sox,fanduel,h2h,Tampa Bay Rays,,-160,1.625
2026-08-01T02:50:00Z,open,2984d38103bf67fc68bc0fb23e98ad8e,,2026-07-31,2026-08-01T20:11:00Z,Tampa Bay Rays,Chicago White Sox,fanduel,spreads,Chicago White Sox,1.5,-152,1.6579
2026-08-01T02:50:00Z,open,2984d38103bf67fc68bc0fb23e98ad8e,,2026-07-31,2026-08-01T20:11:00Z,Tampa Bay Rays,Chicago White Sox,fanduel,spreads,Tampa Bay Rays,-1.5,126,2.26
2026-08-01T02:50:00Z,open,2984d38103bf67fc68bc0fb23e98ad8e,,2026-07-31,2026-08-01T20:11:00Z,Tampa Bay Rays,Chicago White Sox,fanduel,totals,Over,8.0,-105,1.9524
2026-08-01T02:50:00Z,open,2984d38103bf67fc68bc0fb23e98ad8e,,2026-07-31,2026-08-01T20:11:00Z,Tampa Bay Rays,Chicago White Sox,fanduel,totals,Under,8.0,-115,1.8696
2026-08-01T02:50:00Z,open,2984d38103bf67fc68bc0fb23e98ad8e,,2026-07-31,2026-08-01T20:11:00Z,Tampa Bay Rays,Chicago White Sox,mybookieag,h2h,Chicago White Sox,,140,2.4
2026-08-01T02:50:00Z,open,2984d38103bf67fc68bc0fb23e98ad8e,,2026-07-31,2026-08-01T20:11:00Z,Tampa Bay Rays,Chicago White Sox,mybookieag,h2h,Tampa Bay Rays,,-166,1.6024
2026-08-01T02:50:00Z,open,2984d38103bf67fc68bc0fb23e98ad8e,,2026-07-31,2026-08-01T20:11:00Z,Tampa Bay Rays,Chicago White Sox,mybookieag,spreads,Chicago White Sox,1.5,-139,1.7194
2026-08-01T02:50:00Z,open,2984d38103bf67fc68bc0fb23e98ad8e,,2026-07-31,2026-08-01T20:11:00Z,Tampa Bay Rays,Chicago White Sox,mybookieag,spreads,Tampa Bay Rays,-1.5,118,2.18
2026-08-01T02:50:00Z,open,2984d38103bf67fc68bc0fb23e98ad8e,,2026-07-31,2026-08-01T20:11:00Z,Tampa Bay Rays,Chicago White Sox,mybookieag,totals,Over,8.0,-120,1.8333
2026-08-01T02:50:00Z,open,2984d38103bf67fc68bc0fb23e98ad8e,,2026-07-31,2026-08-01T20:11:00Z,Tampa Bay Rays,Chicago White Sox,mybookieag,totals,Under,8.0,-102,1.9804
2026-08-01T02:50:00Z,open,2984d38103bf67fc68bc0fb23e98ad8e,,2026-07-31,2026-08-01T20:11:00Z,Tampa Bay Rays,Chicago White Sox,lowvig,h2h,Chicago White Sox,,143,2.43
2026-08-01T02:50:00Z,open,2984d38103bf67fc68bc0fb23e98ad8e,,2026-07-31,2026-08-01T20:11:00Z,Tampa Bay Rays,Chicago White Sox,lowvig,h2h,Tampa Bay Rays,,-158,1.6329
2026-08-01T02:50:00Z,open,2984d38103bf67fc68bc0fb23e98ad8e,,2026-07-31,2026-08-01T20:11:00Z,Tampa Bay Rays,Chicago White Sox,lowvig,spreads,Chicago White Sox,1.5,-143,1.6993
2026-08-01T02:50:00Z,open,2984d38103bf67fc68bc0fb23e98ad8e,,2026-07-31,2026-08-01T20:11:00Z,Tampa Bay Rays,Chicago White Sox,lowvig,spreads,Tampa Bay Rays,-1.5,127,2.27
2026-08-01T02:50:00Z,open,2984d38103bf67fc68bc0fb23e98ad8e,,2026-07-31,2026-08-01T20:11:00Z,Tampa Bay Rays,Chicago White Sox,lowvig,totals,Over,8.0,-118,1.8475
2026-08-01T02:50:00Z,open,2984d38103bf67fc68bc0fb23e98ad8e,,2026-07-31,2026-08-01T20:11:00Z,Tampa Bay Rays,Chicago White Sox,lowvig,totals,Under,8.0,103,2.03
2026-08-01T02:50:00Z,open,2984d38103bf67fc68bc0fb23e98ad8e,,2026-07-31,2026-08-01T20:11:00Z,Tampa Bay Rays,Chicago White Sox,betonlineag,h2h,Chicago White Sox,,143,2.43
2026-08-01T02:50:00Z,open,2984d38103bf67fc68bc0fb23e98ad8e,,2026-07-31,2026-08-01T20:11:00Z,Tampa Bay Rays,Chicago White Sox,betonlineag,h2h,Tampa Bay Rays,,-158,1.6329
2026-08-01T02:50:00Z,open,2984d38103bf67fc68bc0fb23e98ad8e,,2026-07-31,2026-08-01T20:11:00Z,Tampa Bay Rays,Chicago White Sox,betonlineag,spreads,Chicago White Sox,1.5,-145,1.6897
2026-08-01T02:50:00Z,open,2984d38103bf67fc68bc0fb23e98ad8e,,2026-07-31,2026-08-01T20:11:00Z,Tampa Bay Rays,Chicago White Sox,betonlineag,spreads,Tampa Bay Rays,-1.5,125,2.25
2026-08-01T02:50:00Z,open,2984d38103bf67fc68bc0fb23e98ad8e,,2026-07-31,2026-08-01T20:11:00Z,Tampa Bay Rays,Chicago White Sox,betonlineag,totals,Over,8.0,-120,1.8333
2026-08-01T02:50:00Z,open,2984d38103bf67fc68bc0fb23e98ad8e,,2026-07-31,2026-08-01T20:11:00Z,Tampa Bay Rays,Chicago White Sox,betonlineag,totals,Under,8.0,100,2.0
2026-08-01T02:50:00Z,open,2984d38103bf67fc68bc0fb23e98ad8e,,2026-07-31,2026-08-01T20:11:00Z,Tampa Bay Rays,Chicago White Sox,draftkings,h2h,Chicago White Sox,,139,2.39
2026-08-01T02:50:00Z,open,2984d38103bf67fc68bc0fb23e98ad8e,,2026-07-31,2026-08-01T20:11:00Z,Tampa Bay Rays,Chicago White Sox,draftkings,h2h,Tampa Bay Rays,,-168,1.5952
2026-08-01T02:50:00Z,open,2984d38103bf67fc68bc0fb23e98ad8e,,2026-07-31,2026-08-01T20:11:00Z,Tampa Bay Rays,Chicago White Sox,draftkings,spreads,Chicago White Sox,1.5,-154,1.6494
2026-08-01T02:50:00Z,open,2984d38103bf67fc68bc0fb23e98ad8e,,2026-07-31,2026-08-01T20:11:00Z,Tampa Bay Rays,Chicago White Sox,draftkings,spreads,Tampa Bay Rays,-1.5,128,2.28
2026-08-01T02:50:00Z,open,2984d38103bf67fc68bc0fb23e98ad8e,,2026-07-31,2026-08-01T20:11:00Z,Tampa Bay Rays,Chicago White Sox,draftkings,totals,Over,8.0,-118,1.8475
2026-08-01T02:50:00Z,open,2984d38103bf67fc68bc0fb23e98ad8e,,2026-07-31,2026-08-01T20:11:00Z,Tampa Bay Rays,Chicago White Sox,draftkings,totals,Under,8.0,-102,1.9804
2026-08-01T02:50:00Z,open,2984d38103bf67fc68bc0fb23e98ad8e,,2026-07-31,2026-08-01T20:11:00Z,Tampa Bay Rays,Chicago White Sox,betmgm,h2h,Chicago White Sox,,140,2.4
2026-08-01T02:50:00Z,open,2984d38103bf67fc68bc0fb23e98ad8e,,2026-07-31,2026-08-01T20:11:00Z,Tampa Bay Rays,Chicago White Sox,betmgm,h2h,Tampa Bay Rays,,-170,1.5882
2026-08-01T02:50:00Z,open,2984d38103bf67fc68bc0fb23e98ad8e,,2026-07-31,2026-08-01T20:11:00Z,Tampa Bay Rays,Chicago White Sox,betmgm,spreads,Chicago White Sox,1.5,-155,1.6452
2026-08-01T02:50:00Z,open,2984d38103bf67fc68bc0fb23e98ad8e,,2026-07-31,2026-08-01T20:11:00Z,Tampa Bay Rays,Chicago White Sox,betmgm,spreads,Tampa Bay Rays,-1.5,125,2.25
2026-08-01T02:50:00Z,open,2984d38103bf67fc68bc0fb23e98ad8e,,2026-07-31,2026-08-01T20:11:00Z,Tampa Bay Rays,Chicago White Sox,betmgm,totals,Over,8.0,-120,1.8333
2026-08-01T02:50:00Z,open,2984d38103bf67fc68bc0fb23e98ad8e,,2026-07-31,2026-08-01T20:11:00Z,Tampa Bay Rays,Chicago White Sox,betmgm,totals,Under,8.0,100,2.0
2026-08-01T02:50:00Z,open,2984d38103bf67fc68bc0fb23e98ad8e,,2026-07-31,2026-08-01T20:11:00Z,Tampa Bay Rays,Chicago White Sox,bovada,h2h,Chicago White Sox,,140,2.4
2026-08-01T02:50:00Z,open,2984d38103bf67fc68bc0fb23e98ad8e,,2026-07-31,2026-08-01T20:11:00Z,Tampa Bay Rays,Chicago White Sox,bovada,h2h,Tampa Bay Rays,,-168,1.5952
2026-08-01T02:50:00Z,open,2984d38103bf67fc68bc0fb23e98ad8e,,2026-07-31,2026-08-01T20:11:00Z,Tampa Bay Rays,Chicago White Sox,bovada,spreads,Chicago White Sox,1.5,-150,1.6667
2026-08-01T02:50:00Z,open,2984d38103bf67fc68bc0fb23e98ad8e,,2026-07-31,2026-08-01T20:11:00Z,Tampa Bay Rays,Chicago White Sox,bovada,spreads,Tampa Bay Rays,-1.5,130,2.3
2026-08-01T02:50:00Z,open,2984d38103bf67fc68bc0fb23e98ad8e,,2026-07-31,2026-08-01T20:11:00Z,Tampa Bay Rays,Chicago White Sox,bovada,totals,Over,8.0,-115,1.8696
2026-08-01T02:50:00Z,open,2984d38103bf67fc68bc0fb23e98ad8e,,2026-07-31,2026-08-01T20:11:00Z,Tampa Bay Rays,Chicago White Sox,bovada,totals,Under,8.0,-105,1.9524
2026-08-01T02:50:00Z,open,2984d38103bf67fc68bc0fb23e98ad8e,,2026-07-31,2026-08-01T20:11:00Z,Tampa Bay Rays,Chicago White Sox,betus,h2h,Chicago White Sox,,141,2.41
2026-08-01T02:50:00Z,open,2984d38103bf67fc68bc0fb23e98ad8e,,2026-07-31,2026-08-01T20:11:00Z,Tampa Bay Rays,Chicago White Sox,betus,h2h,Tampa Bay Rays,,-158,1.6329
2026-08-01T02:50:00Z,open,2984d38103bf67fc68bc0fb23e98ad8e,,2026-07-31,2026-08-01T20:11:00Z,Tampa Bay Rays,Chicago White Sox,betus,spreads,Chicago White Sox,1.5,-145,1.6897
2026-08-01T02:50:00Z,open,2984d38103bf67fc68bc0fb23e98ad8e,,2026-07-31,2026-08-01T20:11:00Z,Tampa Bay Rays,Chicago White Sox,betus,spreads,Tampa Bay Rays,-1.5,125,2.25
2026-08-01T02:50:00Z,open,2984d38103bf67fc68bc0fb23e98ad8e,,2026-07-31,2026-08-01T20:11:00Z,Tampa Bay Rays,Chicago White Sox,betus,totals,Over,8.0,-120,1.8333
2026-08-01T02:50:00Z,open,2984d38103bf67fc68bc0fb23e98ad8e,,2026-07-31,2026-08-01T20:11:00Z,Tampa Bay Rays,Chicago White Sox,betus,totals,Under,8.0,100,2.0
2026-08-01T02:50:00Z,open,2984d38103bf67fc68bc0fb23e98ad8e,,2026-07-31,2026-08-01T20:11:00Z,Tampa Bay Rays,Chicago White Sox,betrivers,h2h,Chicago White Sox,,135,2.35
2026-08-01T02:50:00Z,open,2984d38103bf67fc68bc0fb23e98ad8e,,2026-07-31,2026-08-01T20:11:00Z,Tampa Bay Rays,Chicago White Sox,betrivers,h2h,Tampa Bay Rays,,-162,1.6173
2026-08-01T02:50:00Z,open,2984d38103bf67fc68bc0fb23e98ad8e,,2026-07-31,2026-08-01T20:11:00Z,Tampa Bay Rays,Chicago White Sox,betrivers,spreads,Chicago White Sox,1.5,-167,1.5988
2026-08-01T02:50:00Z,open,2984d38103bf67fc68bc0fb23e98ad8e,,2026-07-31,2026-08-01T20:11:00Z,Tampa Bay Rays,Chicago White Sox,betrivers,spreads,Tampa Bay Rays,-1.5,135,2.35
2026-08-01T02:50:00Z,open,2984d38103bf67fc68bc0fb23e98ad8e,,2026-07-31,2026-08-01T20:11:00Z,Tampa Bay Rays,Chicago White Sox,betrivers,totals,Over,8.0,-114,1.8772
2026-08-01T02:50:00Z,open,2984d38103bf67fc68bc0fb23e98ad8e,,2026-07-31,2026-08-01T20:11:00Z,Tampa Bay Rays,Chicago White Sox,betrivers,totals,Under,8.0,-109,1.9174
2026-08-01T02:50:00Z,open,84746342d2944e433747b81eda041fa8,,2026-07-31,2026-08-01T20:11:00Z,New York Mets,Miami Marlins,fanduel,h2h,Miami Marlins,,118,2.18
2026-08-01T02:50:00Z,open,84746342d2944e433747b81eda041fa8,,2026-07-31,2026-08-01T20:11:00Z,New York Mets,Miami Marlins,fanduel,h2h,New York Mets,,-126,1.7937
2026-08-01T02:50:00Z,open,84746342d2944e433747b81eda041fa8,,2026-07-31,2026-08-01T20:11:00Z,New York Mets,Miami Marlins,fanduel,spreads,Miami Marlins,1.5,-188,1.5319
2026-08-01T02:50:00Z,open,84746342d2944e433747b81eda041fa8,,2026-07-31,2026-08-01T20:11:00Z,New York Mets,Miami Marlins,fanduel,spreads,New York Mets,-1.5,155,2.55
2026-08-01T02:50:00Z,open,84746342d2944e433747b81eda041fa8,,2026-07-31,2026-08-01T20:11:00Z,New York Mets,Miami Marlins,fanduel,totals,Over,9.0,-104,1.9615
2026-08-01T02:50:00Z,open,84746342d2944e433747b81eda041fa8,,2026-07-31,2026-08-01T20:11:00Z,New York Mets,Miami Marlins,fanduel,totals,Under,9.0,-118,1.8475
2026-08-01T02:50:00Z,open,84746342d2944e433747b81eda041fa8,,2026-07-31,2026-08-01T20:11:00Z,New York Mets,Miami Marlins,mybookieag,h2h,Miami Marlins,,111,2.11
2026-08-01T02:50:00Z,open,84746342d2944e433747b81eda041fa8,,2026-07-31,2026-08-01T20:11:00Z,New York Mets,Miami Marlins,mybookieag,h2h,New York Mets,,-130,1.7692
2026-08-01T02:50:00Z,open,84746342d2944e433747b81eda041fa8,,2026-07-31,2026-08-01T20:11:00Z,New York Mets,Miami Marlins,mybookieag,spreads,Miami Marlins,1.5,-170,1.5882
2026-08-01T02:50:00Z,open,84746342d2944e433747b81eda041fa8,,2026-07-31,2026-08-01T20:11:00Z,New York Mets,Miami Marlins,mybookieag,spreads,New York Mets,-1.5,143,2.43
2026-08-01T02:50:00Z,open,84746342d2944e433747b81eda041fa8,,2026-07-31,2026-08-01T20:11:00Z,New York Mets,Miami Marlins,mybookieag,totals,Over,9.0,-107,1.9346
2026-08-01T02:50:00Z,open,84746342d2944e433747b81eda041fa8,,2026-07-31,2026-08-01T20:11:00Z,New York Mets,Miami Marlins,mybookieag,totals,Under,9.0,-114,1.8772
2026-08-01T02:50:00Z,open,84746342d2944e433747b81eda041fa8,,2026-07-31,2026-08-01T20:11:00Z,New York Mets,Miami Marlins,betonlineag,h2h,Miami Marlins,,113,2.13
2026-08-01T02:50:00Z,open,84746342d2944e433747b81eda041fa8,,2026-07-31,2026-08-01T20:11:00Z,New York Mets,Miami Marlins,betonlineag,h2h,New York Mets,,-125,1.8
2026-08-01T02:50:00Z,open,84746342d2944e433747b81eda041fa8,,2026-07-31,2026-08-01T20:11:00Z,New York Mets,Miami Marlins,betonlineag,spreads,Miami Marlins,1.5,-183,1.5464
2026-08-01T02:50:00Z,open,84746342d2944e433747b81eda041fa8,,2026-07-31,2026-08-01T20:11:00Z,New York Mets,Miami Marlins,betonlineag,spreads,New York Mets,-1.5,160,2.6
2026-08-01T02:50:00Z,open,84746342d2944e433747b81eda041fa8,,2026-07-31,2026-08-01T20:11:00Z,New York Mets,Miami Marlins,betonlineag,totals,Over,9.0,-105,1.9524
2026-08-01T02:50:00Z,open,84746342d2944e433747b81eda041fa8,,2026-07-31,2026-08-01T20:11:00Z,New York Mets,Miami Marlins,betonlineag,totals,Under,9.0,-115,1.8696
2026-08-01T02:50:00Z,open,84746342d2944e433747b81eda041fa8,,2026-07-31,2026-08-01T20:11:00Z,New York Mets,Miami Marlins,lowvig,h2h,Miami Marlins,,113,2.13
2026-08-01T02:50:00Z,open,84746342d2944e433747b81eda041fa8,,2026-07-31,2026-08-01T20:11:00Z,New York Mets,Miami Marlins,lowvig,h2h,New York Mets,,-125,1.8
2026-08-01T02:50:00Z,open,84746342d2944e433747b81eda041fa8,,2026-07-31,2026-08-01T20:11:00Z,New York Mets,Miami Marlins,lowvig,spreads,Miami Marlins,1.5,-183,1.5464
2026-08-01T02:50:00Z,open,84746342d2944e433747b81eda041fa8,,2026-07-31,2026-08-01T20:11:00Z,New York Mets,Miami Marlins,lowvig,spreads,New York Mets,-1.5,161,2.61
2026-08-01T02:50:00Z,open,84746342d2944e433747b81eda041fa8,,2026-07-31,2026-08-01T20:11:00Z,New York Mets,Miami Marlins,lowvig,totals,Over,9.0,-102,1.9804
2026-08-01T02:50:00Z,open,84746342d2944e433747b81eda041fa8,,2026-07-31,2026-08-01T20:11:00Z,New York Mets,Miami Marlins,lowvig,totals,Under,9.0,-113,1.885
2026-08-01T02:50:00Z,open,84746342d2944e433747b81eda041fa8,,2026-07-31,2026-08-01T20:11:00Z,New York Mets,Miami Marlins,draftkings,h2h,Miami Marlins,,109,2.09
2026-08-01T02:50:00Z,open,84746342d2944e433747b81eda041fa8,,2026-07-31,2026-08-01T20:11:00Z,New York Mets,Miami Marlins,draftkings,h2h,New York Mets,,-131,1.7634
2026-08-01T02:50:00Z,open,84746342d2944e433747b81eda041fa8,,2026-07-31,2026-08-01T20:11:00Z,New York Mets,Miami Marlins,draftkings,spreads,Miami Marlins,1.5,-194,1.5155
2026-08-01T02:50:00Z,open,84746342d2944e433747b81eda041fa8,,2026-07-31,2026-08-01T20:11:00Z,New York Mets,Miami Marlins,draftkings,spreads,New York Mets,-1.5,159,2.59
2026-08-01T02:50:00Z,open,84746342d2944e433747b81eda041fa8,,2026-07-31,2026-08-01T20:11:00Z,New York Mets,Miami Marlins,draftkings,totals,Over,9.0,-105,1.9524
2026-08-01T02:50:00Z,open,84746342d2944e433747b81eda041fa8,,2026-07-31,2026-08-01T20:11:00Z,New York Mets,Miami Marlins,draftkings,totals,Under,9.0,-115,1.8696
2026-08-01T02:50:00Z,open,84746342d2944e433747b81eda041fa8,,2026-07-31,2026-08-01T20:11:00Z,New York Mets,Miami Marlins,betmgm,h2h,Miami Marlins,,110,2.1
2026-08-01T02:50:00Z,open,84746342d2944e433747b81eda041fa8,,2026-07-31,2026-08-01T20:11:00Z,New York Mets,Miami Marlins,betmgm,h2h,New York Mets,,-135,1.7407
2026-08-01T02:50:00Z,open,84746342d2944e433747b81eda041fa8,,2026-07-31,2026-08-01T20:11:00Z,New York Mets,Miami Marlins,betmgm,spreads,Miami Marlins,1.5,-190,1.5263
2026-08-01T02:50:00Z,open,84746342d2944e433747b81eda041fa8,,2026-07-31,2026-08-01T20:11:00Z,New York Mets,Miami Marlins,betmgm,spreads,New York Mets,-1.5,155,2.55
2026-08-01T02:50:00Z,open,84746342d2944e433747b81eda041fa8,,2026-07-31,2026-08-01T20:11:00Z,New York Mets,Miami Marlins,betmgm,totals,Over,9.0,-105,1.9524
2026-08-01T02:50:00Z,open,84746342d2944e433747b81eda041fa8,,2026-07-31,2026-08-01T20:11:00Z,New York Mets,Miami Marlins,betmgm,totals,Under,9.0,-115,1.8696
2026-08-01T02:50:00Z,open,84746342d2944e433747b81eda041fa8,,2026-07-31,2026-08-01T20:11:00Z,New York Mets,Miami Marlins,bovada,h2h,Miami Marlins,,109,2.09
2026-08-01T02:50:00Z,open,84746342d2944e433747b81eda041fa8,,2026-07-31,2026-08-01T20:11:00Z,New York Mets,Miami Marlins,bovada,h2h,New York Mets,,-131,1.7634
2026-08-01T02:50:00Z,open,84746342d2944e433747b81eda041fa8,,2026-07-31,2026-08-01T20:11:00Z,New York Mets,Miami Marlins,bovada,spreads,Miami Marlins,1.5,-185,1.5405
2026-08-01T02:50:00Z,open,84746342d2944e433747b81eda041fa8,,2026-07-31,2026-08-01T20:11:00Z,New York Mets,Miami Marlins,bovada,spreads,New York Mets,-1.5,160,2.6
2026-08-01T02:50:00Z,open,84746342d2944e433747b81eda041fa8,,2026-07-31,2026-08-01T20:11:00Z,New York Mets,Miami Marlins,bovada,totals,Over,9.0,-105,1.9524
2026-08-01T02:50:00Z,open,84746342d2944e433747b81eda041fa8,,2026-07-31,2026-08-01T20:11:00Z,New York Mets,Miami Marlins,bovada,totals,Under,9.0,-115,1.8696
2026-08-01T02:50:00Z,open,84746342d2944e433747b81eda041fa8,,2026-07-31,2026-08-01T20:11:00Z,New York Mets,Miami Marlins,betus,h2h,Miami Marlins,,114,2.14
2026-08-01T02:50:00Z,open,84746342d2944e433747b81eda041fa8,,2026-07-31,2026-08-01T20:11:00Z,New York Mets,Miami Marlins,betus,h2h,New York Mets,,-125,1.8
2026-08-01T02:50:00Z,open,84746342d2944e433747b81eda041fa8,,2026-07-31,2026-08-01T20:11:00Z,New York Mets,Miami Marlins,betus,spreads,Miami Marlins,1.5,-185,1.5405
2026-08-01T02:50:00Z,open,84746342d2944e433747b81eda041fa8,,2026-07-31,2026-08-01T20:11:00Z,New York Mets,Miami Marlins,betus,spreads,New York Mets,-1.5,160,2.6
2026-08-01T02:50:00Z,open,84746342d2944e433747b81eda041fa8,,2026-07-31,2026-08-01T20:11:00Z,New York Mets,Miami Marlins,betus,totals,Over,9.0,-105,1.9524
2026-08-01T02:50:00Z,open,84746342d2944e433747b81eda041fa8,,2026-07-31,2026-08-01T20:11:00Z,New York Mets,Miami Marlins,betus,totals,Under,9.0,-115,1.8696
2026-08-01T02:50:00Z,open,84746342d2944e433747b81eda041fa8,,2026-07-31,2026-08-01T20:11:00Z,New York Mets,Miami Marlins,betrivers,h2h,Miami Marlins,,115,2.15
2026-08-01T02:50:00Z,open,84746342d2944e433747b81eda041fa8,,2026-07-31,2026-08-01T20:11:00Z,New York Mets,Miami Marlins,betrivers,h2h,New York Mets,,-136,1.7353
2026-08-01T02:50:00Z,open,84746342d2944e433747b81eda041fa8,,2026-07-31,2026-08-01T20:11:00Z,New York Mets,Miami Marlins,betrivers,spreads,Miami Marlins,1.5,-195,1.5128
2026-08-01T02:50:00Z,open,84746342d2944e433747b81eda041fa8,,2026-07-31,2026-08-01T20:11:00Z,New York Mets,Miami Marlins,betrivers,spreads,New York Mets,-1.5,150,2.5
2026-08-01T02:50:00Z,open,84746342d2944e433747b81eda041fa8,,2026-07-31,2026-08-01T20:11:00Z,New York Mets,Miami Marlins,betrivers,totals,Over,9.0,-104,1.9615
2026-08-01T02:50:00Z,open,84746342d2944e433747b81eda041fa8,,2026-07-31,2026-08-01T20:11:00Z,New York Mets,Miami Marlins,betrivers,totals,Under,9.0,-120,1.8333
2026-08-01T02:50:00Z,open,2dba5e88d89d78ac32b8892ae2214bb9,,2026-07-31,2026-08-01T20:11:00Z,Seattle Mariners,Minnesota Twins,fanduel,h2h,Minnesota Twins,,150,2.5
2026-08-01T02:50:00Z,open,2dba5e88d89d78ac32b8892ae2214bb9,,2026-07-31,2026-08-01T20:11:00Z,Seattle Mariners,Minnesota Twins,fanduel,h2h,Seattle Mariners,,-164,1.6098
2026-08-01T02:50:00Z,open,2dba5e88d89d78ac32b8892ae2214bb9,,2026-07-31,2026-08-01T20:11:00Z,Seattle Mariners,Minnesota Twins,fanduel,spreads,Minnesota Twins,1.5,-162,1.6173
2026-08-01T02:50:00Z,open,2dba5e88d89d78ac32b8892ae2214bb9,,2026-07-31,2026-08-01T20:11:00Z,Seattle Mariners,Minnesota Twins,fanduel,spreads,Seattle Mariners,-1.5,134,2.34
2026-08-01T02:50:00Z,open,2dba5e88d89d78ac32b8892ae2214bb9,,2026-07-31,2026-08-01T20:11:00Z,Seattle Mariners,Minnesota Twins,fanduel,totals,Over,8.0,-102,1.9804
2026-08-01T02:50:00Z,open,2dba5e88d89d78ac32b8892ae2214bb9,,2026-07-31,2026-08-01T20:11:00Z,Seattle Mariners,Minnesota Twins,fanduel,totals,Under,8.0,-120,1.8333
2026-08-01T02:50:00Z,open,2dba5e88d89d78ac32b8892ae2214bb9,,2026-07-31,2026-08-01T20:11:00Z,Seattle Mariners,Minnesota Twins,mybookieag,h2h,Minnesota Twins,,143,2.43
2026-08-01T02:50:00Z,open,2dba5e88d89d78ac32b8892ae2214bb9,,2026-07-31,2026-08-01T20:11:00Z,Seattle Mariners,Minnesota Twins,mybookieag,h2h,Seattle Mariners,,-169,1.5917
2026-08-01T02:50:00Z,open,2dba5e88d89d78ac32b8892ae2214bb9,,2026-07-31,2026-08-01T20:11:00Z,Seattle Mariners,Minnesota Twins,mybookieag,spreads,Minnesota Twins,1.5,-145,1.6897
2026-08-01T02:50:00Z,open,2dba5e88d89d78ac32b8892ae2214bb9,,2026-07-31,2026-08-01T20:11:00Z,Seattle Mariners,Minnesota Twins,mybookieag,spreads,Seattle Mariners,-1.5,123,2.23
2026-08-01T02:50:00Z,open,2dba5e88d89d78ac32b8892ae2214bb9,,2026-07-31,2026-08-01T20:11:00Z,Seattle Mariners,Minnesota Twins,mybookieag,totals,Over,8.0,-105,1.9524
2026-08-01T02:50:00Z,open,2dba5e88d89d78ac32b8892ae2214bb9,,2026-07-31,2026-08-01T20:11:00Z,Seattle Mariners,Minnesota Twins,mybookieag,totals,Under,8.0,-117,1.8547
2026-08-01T02:50:00Z,open,2dba5e88d89d78ac32b8892ae2214bb9,,2026-07-31,2026-08-01T20:11:00Z,Seattle Mariners,Minnesota Twins,betonlineag,h2h,Minnesota Twins,,145,2.45
2026-08-01T02:50:00Z,open,2dba5e88d89d78ac32b8892ae2214bb9,,2026-07-31,2026-08-01T20:11:00Z,Seattle Mariners,Minnesota Twins,betonlineag,h2h,Seattle Mariners,,-160,1.625
2026-08-01T02:50:00Z,open,2dba5e88d89d78ac32b8892ae2214bb9,,2026-07-31,2026-08-01T20:11:00Z,Seattle Mariners,Minnesota Twins,betonlineag,spreads,Minnesota Twins,1.5,-150,1.6667
2026-08-01T02:50:00Z,open,2dba5e88d89d78ac32b8892ae2214bb9,,2026-07-31,2026-08-01T20:11:00Z,Seattle Mariners,Minnesota Twins,betonlineag,spreads,Seattle Mariners,-1.5,130,2.3
2026-08-01T02:50:00Z,open,2dba5e88d89d78ac32b8892ae2214bb9,,2026-07-31,2026-08-01T20:11:00Z,Seattle Mariners,Minnesota Twins,betonlineag,totals,Over,8.0,100,2.0
2026-08-01T02:50:00Z,open,2dba5e88d89d78ac32b8892ae2214bb9,,2026-07-31,2026-08-01T20:11:00Z,Seattle Mariners,Minnesota Twins,betonlineag,totals,Under,8.0,-120,1.8333
2026-08-01T02:50:00Z,open,2dba5e88d89d78ac32b8892ae2214bb9,,2026-07-31,2026-08-01T20:11:00Z,Seattle Mariners,Minnesota Twins,lowvig,h2h,Minnesota Twins,,145,2.45
2026-08-01T02:50:00Z,open,2dba5e88d89d78ac32b8892ae2214bb9,,2026-07-31,2026-08-01T20:11:00Z,Seattle Mariners,Minnesota Twins,lowvig,h2h,Seattle Mariners,,-160,1.625
2026-08-01T02:50:00Z,open,2dba5e88d89d78ac32b8892ae2214bb9,,2026-07-31,2026-08-01T20:11:00Z,Seattle Mariners,Minnesota Twins,lowvig,spreads,Minnesota Twins,1.5,-149,1.6711
2026-08-01T02:50:00Z,open,2dba5e88d89d78ac32b8892ae2214bb9,,2026-07-31,2026-08-01T20:11:00Z,Seattle Mariners,Minnesota Twins,lowvig,spreads,Seattle Mariners,-1.5,132,2.32
2026-08-01T02:50:00Z,open,2dba5e88d89d78ac32b8892ae2214bb9,,2026-07-31,2026-08-01T20:11:00Z,Seattle Mariners,Minnesota Twins,lowvig,totals,Over,8.0,103,2.03
2026-08-01T02:50:00Z,open,2dba5e88d89d78ac32b8892ae2214bb9,,2026-07-31,2026-08-01T20:11:00Z,Seattle Mariners,Minnesota Twins,lowvig,totals,Under,8.0,-118,1.8475
2026-08-01T02:50:00Z,open,2dba5e88d89d78ac32b8892ae2214bb9,,2026-07-31,2026-08-01T20:11:00Z,Seattle Mariners,Minnesota Twins,draftkings,h2h,Minnesota Twins,,143,2.43
2026-08-01T02:50:00Z,open,2dba5e88d89d78ac32b8892ae2214bb9,,2026-07-31,2026-08-01T20:11:00Z,Seattle Mariners,Minnesota Twins,draftkings,h2h,Seattle Mariners,,-173,1.578
2026-08-01T02:50:00Z,open,2dba5e88d89d78ac32b8892ae2214bb9,,2026-07-31,2026-08-01T20:11:00Z,Seattle Mariners,Minnesota Twins,draftkings,spreads,Minnesota Twins,1.5,-156,1.641
2026-08-01T02:50:00Z,open,2dba5e88d89d78ac32b8892ae2214bb9,,2026-07-31,2026-08-01T20:11:00Z,Seattle Mariners,Minnesota Twins,draftkings,spreads,Seattle Mariners,-1.5,129,2.29
2026-08-01T02:50:00Z,open,2dba5e88d89d78ac32b8892ae2214bb9,,2026-07-31,2026-08-01T20:11:00Z,Seattle Mariners,Minnesota Twins,draftkings,totals,Over,8.0,-102,1.9804
2026-08-01T02:50:00Z,open,2dba5e88d89d78ac32b8892ae2214bb9,,2026-07-31,2026-08-01T20:11:00Z,Seattle Mariners,Minnesota Twins,draftkings,totals,Under,8.0,-118,1.8475
2026-08-01T02:50:00Z,open,2dba5e88d89d78ac32b8892ae2214bb9,,2026-07-31,2026-08-01T20:11:00Z,Seattle Mariners,Minnesota Twins,betmgm,h2h,Minnesota Twins,,140,2.4
2026-08-01T02:50:00Z,open,2dba5e88d89d78ac32b8892ae2214bb9,,2026-07-31,2026-08-01T20:11:00Z,Seattle Mariners,Minnesota Twins,betmgm,h2h,Seattle Mariners,,-170,1.5882
2026-08-01T02:50:00Z,open,2dba5e88d89d78ac32b8892ae2214bb9,,2026-07-31,2026-08-01T20:11:00Z,Seattle Mariners,Minnesota Twins,betmgm,totals,Over,7.5,-120,1.8333
2026-08-01T02:50:00Z,open,2dba5e88d89d78ac32b8892ae2214bb9,,2026-07-31,2026-08-01T20:11:00Z,Seattle Mariners,Minnesota Twins,betmgm,totals,Under,7.5,100,2.0
2026-08-01T02:50:00Z,open,2dba5e88d89d78ac32b8892ae2214bb9,,2026-07-31,2026-08-01T20:11:00Z,Seattle Mariners,Minnesota Twins,bovada,h2h,Minnesota Twins,,143,2.43
2026-08-01T02:50:00Z,open,2dba5e88d89d78ac32b8892ae2214bb9,,2026-07-31,2026-08-01T20:11:00Z,Seattle Mariners,Minnesota Twins,bovada,h2h,Seattle Mariners,,-174,1.5747
2026-08-01T02:50:00Z,open,2dba5e88d89d78ac32b8892ae2214bb9,,2026-07-31,2026-08-01T20:11:00Z,Seattle Mariners,Minnesota Twins,bovada,spreads,Minnesota Twins,1.5,-150,1.6667
2026-08-01T02:50:00Z,open,2dba5e88d89d78ac32b8892ae2214bb9,,2026-07-31,2026-08-01T20:11:00Z,Seattle Mariners,Minnesota Twins,bovada,spreads,Seattle Mariners,-1.5,130,2.3
2026-08-01T02:50:00Z,open,2dba5e88d89d78ac32b8892ae2214bb9,,2026-07-31,2026-08-01T20:11:00Z,Seattle Mariners,Minnesota Twins,bovada,totals,Over,8.0,-105,1.9524
2026-08-01T02:50:00Z,open,2dba5e88d89d78ac32b8892ae2214bb9,,2026-07-31,2026-08-01T20:11:00Z,Seattle Mariners,Minnesota Twins,bovada,totals,Under,8.0,-115,1.8696
2026-08-01T02:50:00Z,open,2dba5e88d89d78ac32b8892ae2214bb9,,2026-07-31,2026-08-01T20:11:00Z,Seattle Mariners,Minnesota Twins,betrivers,h2h,Minnesota Twins,,148,2.48
2026-08-01T02:50:00Z,open,2dba5e88d89d78ac32b8892ae2214bb9,,2026-07-31,2026-08-01T20:11:00Z,Seattle Mariners,Minnesota Twins,betrivers,h2h,Seattle Mariners,,-177,1.565
2026-08-01T02:50:00Z,open,2dba5e88d89d78ac32b8892ae2214bb9,,2026-07-31,2026-08-01T20:11:00Z,Seattle Mariners,Minnesota Twins,betrivers,spreads,Minnesota Twins,1.5,-148,1.6757
2026-08-01T02:50:00Z,open,2dba5e88d89d78ac32b8892ae2214bb9,,2026-07-31,2026-08-01T20:11:00Z,Seattle Mariners,Minnesota Twins,betrivers,spreads,Seattle Mariners,-1.5,120,2.2
2026-08-01T02:50:00Z,open,2dba5e88d89d78ac32b8892ae2214bb9,,2026-07-31,2026-08-01T20:11:00Z,Seattle Mariners,Minnesota Twins,betrivers,totals,Over,8.0,-105,1.9524
2026-08-01T02:50:00Z,open,2dba5e88d89d78ac32b8892ae2214bb9,,2026-07-31,2026-08-01T20:11:00Z,Seattle Mariners,Minnesota Twins,betrivers,totals,Under,8.0,-120,1.8333
2026-08-01T02:50:00Z,open,2dba5e88d89d78ac32b8892ae2214bb9,,2026-07-31,2026-08-01T20:11:00Z,Seattle Mariners,Minnesota Twins,betus,h2h,Minnesota Twins,,142,2.42
2026-08-01T02:50:00Z,open,2dba5e88d89d78ac32b8892ae2214bb9,,2026-07-31,2026-08-01T20:11:00Z,Seattle Mariners,Minnesota Twins,betus,h2h,Seattle Mariners,,-160,1.625
2026-08-01T02:50:00Z,open,2dba5e88d89d78ac32b8892ae2214bb9,,2026-07-31,2026-08-01T20:11:00Z,Seattle Mariners,Minnesota Twins,betus,spreads,Minnesota Twins,1.5,-150,1.6667
2026-08-01T02:50:00Z,open,2dba5e88d89d78ac32b8892ae2214bb9,,2026-07-31,2026-08-01T20:11:00Z,Seattle Mariners,Minnesota Twins,betus,spreads,Seattle Mariners,-1.5,130,2.3
2026-08-01T02:50:00Z,open,2dba5e88d89d78ac32b8892ae2214bb9,,2026-07-31,2026-08-01T20:11:00Z,Seattle Mariners,Minnesota Twins,betus,totals,Over,8.0,100,2.0
2026-08-01T02:50:00Z,open,2dba5e88d89d78ac32b8892ae2214bb9,,2026-07-31,2026-08-01T20:11:00Z,Seattle Mariners,Minnesota Twins,betus,totals,Under,8.0,-120,1.8333
2026-08-01T02:50:00Z,open,4cf22ff99815959994e2c4f8662d97bf,,2026-07-31,2026-08-01T22:41:00Z,Cincinnati Reds,Pittsburgh Pirates,fanduel,h2h,Cincinnati Reds,,106,2.06
2026-08-01T02:50:00Z,open,4cf22ff99815959994e2c4f8662d97bf,,2026-07-31,2026-08-01T22:41:00Z,Cincinnati Reds,Pittsburgh Pirates,fanduel,h2h,Pittsburgh Pirates,,-114,1.8772
2026-08-01T02:50:00Z,open,4cf22ff99815959994e2c4f8662d97bf,,2026-07-31,2026-08-01T22:41:00Z,Cincinnati Reds,Pittsburgh Pirates,fanduel,spreads,Cincinnati Reds,1.5,-164,1.6098
2026-08-01T02:50:00Z,open,4cf22ff99815959994e2c4f8662d97bf,,2026-07-31,2026-08-01T22:41:00Z,Cincinnati Reds,Pittsburgh Pirates,fanduel,spreads,Pittsburgh Pirates,-1.5,136,2.36
2026-08-01T02:50:00Z,open,4cf22ff99815959994e2c4f8662d97bf,,2026-07-31,2026-08-01T22:41:00Z,Cincinnati Reds,Pittsburgh Pirates,fanduel,totals,Over,8.5,-106,1.9434
2026-08-01T02:50:00Z,open,4cf22ff99815959994e2c4f8662d97bf,,2026-07-31,2026-08-01T22:41:00Z,Cincinnati Reds,Pittsburgh Pirates,fanduel,totals,Under,8.5,-114,1.8772
2026-08-01T02:50:00Z,open,4cf22ff99815959994e2c4f8662d97bf,,2026-07-31,2026-08-01T22:41:00Z,Cincinnati Reds,Pittsburgh Pirates,mybookieag,h2h,Cincinnati Reds,,103,2.03
2026-08-01T02:50:00Z,open,4cf22ff99815959994e2c4f8662d97bf,,2026-07-31,2026-08-01T22:41:00Z,Cincinnati Reds,Pittsburgh Pirates,mybookieag,h2h,Pittsburgh Pirates,,-120,1.8333
2026-08-01T02:50:00Z,open,4cf22ff99815959994e2c4f8662d97bf,,2026-07-31,2026-08-01T22:41:00Z,Cincinnati Reds,Pittsburgh Pirates,mybookieag,spreads,Cincinnati Reds,1.5,-165,1.6061
2026-08-01T02:50:00Z,open,4cf22ff99815959994e2c4f8662d97bf,,2026-07-31,2026-08-01T22:41:00Z,Cincinnati Reds,Pittsburgh Pirates,mybookieag,spreads,Pittsburgh Pirates,-1.5,139,2.39
2026-08-01T02:50:00Z,open,4cf22ff99815959994e2c4f8662d97bf,,2026-07-31,2026-08-01T22:41:00Z,Cincinnati Reds,Pittsburgh Pirates,mybookieag,totals,Over,8.5,-102,1.9804
2026-08-01T02:50:00Z,open,4cf22ff99815959994e2c4f8662d97bf,,2026-07-31,2026-08-01T22:41:00Z,Cincinnati Reds,Pittsburgh Pirates,mybookieag,totals,Under,8.5,-120,1.8333
2026-08-01T02:50:00Z,open,4cf22ff99815959994e2c4f8662d97bf,,2026-07-31,2026-08-01T22:41:00Z,Cincinnati Reds,Pittsburgh Pirates,lowvig,h2h,Cincinnati Reds,,107,2.07
2026-08-01T02:50:00Z,open,4cf22ff99815959994e2c4f8662d97bf,,2026-07-31,2026-08-01T22:41:00Z,Cincinnati Reds,Pittsburgh Pirates,lowvig,h2h,Pittsburgh Pirates,,-118,1.8475
2026-08-01T02:50:00Z,open,4cf22ff99815959994e2c4f8662d97bf,,2026-07-31,2026-08-01T22:41:00Z,Cincinnati Reds,Pittsburgh Pirates,lowvig,spreads,Cincinnati Reds,1.5,-156,1.641
2026-08-01T02:50:00Z,open,4cf22ff99815959994e2c4f8662d97bf,,2026-07-31,2026-08-01T22:41:00Z,Cincinnati Reds,Pittsburgh Pirates,lowvig,spreads,Pittsburgh Pirates,-1.5,138,2.38
2026-08-01T02:50:00Z,open,4cf22ff99815959994e2c4f8662d97bf,,2026-07-31,2026-08-01T22:41:00Z,Cincinnati Reds,Pittsburgh Pirates,lowvig,totals,Over,8.5,-102,1.9804
2026-08-01T02:50:00Z,open,4cf22ff99815959994e2c4f8662d97bf,,2026-07-31,2026-08-01T22:41:00Z,Cincinnati Reds,Pittsburgh Pirates,lowvig,totals,Under,8.5,-113,1.885
2026-08-01T02:50:00Z,open,4cf22ff99815959994e2c4f8662d97bf,,2026-07-31,2026-08-01T22:41:00Z,Cincinnati Reds,Pittsburgh Pirates,betonlineag,h2h,Cincinnati Reds,,107,2.07
2026-08-01T02:50:00Z,open,4cf22ff99815959994e2c4f8662d97bf,,2026-07-31,2026-08-01T22:41:00Z,Cincinnati Reds,Pittsburgh Pirates,betonlineag,h2h,Pittsburgh Pirates,,-118,1.8475
2026-08-01T02:50:00Z,open,4cf22ff99815959994e2c4f8662d97bf,,2026-07-31,2026-08-01T22:41:00Z,Cincinnati Reds,Pittsburgh Pirates,betonlineag,spreads,Cincinnati Reds,1.5,-157,1.6369
2026-08-01T02:50:00Z,open,4cf22ff99815959994e2c4f8662d97bf,,2026-07-31,2026-08-01T22:41:00Z,Cincinnati Reds,Pittsburgh Pirates,betonlineag,spreads,Pittsburgh Pirates,-1.5,137,2.37
2026-08-01T02:50:00Z,open,4cf22ff99815959994e2c4f8662d97bf,,2026-07-31,2026-08-01T22:41:00Z,Cincinnati Reds,Pittsburgh Pirates,betonlineag,totals,Over,8.5,-105,1.9524
2026-08-01T02:50:00Z,open,4cf22ff99815959994e2c4f8662d97bf,,2026-07-31,2026-08-01T22:41:00Z,Cincinnati Reds,Pittsburgh Pirates,betonlineag,totals,Under,8.5,-115,1.8696
2026-08-01T02:50:00Z,open,4cf22ff99815959994e2c4f8662d97bf,,2026-07-31,2026-08-01T22:41:00Z,Cincinnati Reds,Pittsburgh Pirates,draftkings,h2h,Cincinnati Reds,,102,2.02
2026-08-01T02:50:00Z,open,4cf22ff99815959994e2c4f8662d97bf,,2026-07-31,2026-08-01T22:41:00Z,Cincinnati Reds,Pittsburgh Pirates,draftkings,h2h,Pittsburgh Pirates,,-123,1.813
2026-08-01T02:50:00Z,open,4cf22ff99815959994e2c4f8662d97bf,,2026-07-31,2026-08-01T22:41:00Z,Cincinnati Reds,Pittsburgh Pirates,draftkings,spreads,Cincinnati Reds,1.5,-163,1.6135
2026-08-01T02:50:00Z,open,4cf22ff99815959994e2c4f8662d97bf,,2026-07-31,2026-08-01T22:41:00Z,Cincinnati Reds,Pittsburgh Pirates,draftkings,spreads,Pittsburgh Pirates,-1.5,135,2.35
2026-08-01T02:50:00Z,open,4cf22ff99815959994e2c4f8662d97bf,,2026-07-31,2026-08-01T22:41:00Z,Cincinnati Reds,Pittsburgh Pirates,draftkings,totals,Over,8.5,-105,1.9524
2026-08-01T02:50:00Z,open,4cf22ff99815959994e2c4f8662d97bf,,2026-07-31,2026-08-01T22:41:00Z,Cincinnati Reds,Pittsburgh Pirates,draftkings,totals,Under,8.5,-115,1.8696
2026-08-01T02:50:00Z,open,4cf22ff99815959994e2c4f8662d97bf,,2026-07-31,2026-08-01T22:41:00Z,Cincinnati Reds,Pittsburgh Pirates,betmgm,h2h,Cincinnati Reds,,105,2.05
2026-08-01T02:50:00Z,open,4cf22ff99815959994e2c4f8662d97bf,,2026-07-31,2026-08-01T22:41:00Z,Cincinnati Reds,Pittsburgh Pirates,betmgm,h2h,Pittsburgh Pirates,,-130,1.7692
2026-08-01T02:50:00Z,open,4cf22ff99815959994e2c4f8662d97bf,,2026-07-31,2026-08-01T22:41:00Z,Cincinnati Reds,Pittsburgh Pirates,betmgm,spreads,Cincinnati Reds,1.5,-165,1.6061
2026-08-01T02:50:00Z,open,4cf22ff99815959994e2c4f8662d97bf,,2026-07-31,2026-08-01T22:41:00Z,Cincinnati Reds,Pittsburgh Pirates,betmgm,spreads,Pittsburgh Pirates,-1.5,135,2.35
2026-08-01T02:50:00Z,open,4cf22ff99815959994e2c4f8662d97bf,,2026-07-31,2026-08-01T22:41:00Z,Cincinnati Reds,Pittsburgh Pirates,betmgm,totals,Over,8.5,-105,1.9524
2026-08-01T02:50:00Z,open,4cf22ff99815959994e2c4f8662d97bf,,2026-07-31,2026-08-01T22:41:00Z,Cincinnati Reds,Pittsburgh Pirates,betmgm,totals,Under,8.5,-115,1.8696
2026-08-01T02:50:00Z,open,4cf22ff99815959994e2c4f8662d97bf,,2026-07-31,2026-08-01T22:41:00Z,Cincinnati Reds,Pittsburgh Pirates,bovada,h2h,Cincinnati Reds,,101,2.01
2026-08-01T02:50:00Z,open,4cf22ff99815959994e2c4f8662d97bf,,2026-07-31,2026-08-01T22:41:00Z,Cincinnati Reds,Pittsburgh Pirates,bovada,h2h,Pittsburgh Pirates,,-121,1.8264
2026-08-01T02:50:00Z,open,4cf22ff99815959994e2c4f8662d97bf,,2026-07-31,2026-08-01T22:41:00Z,Cincinnati Reds,Pittsburgh Pirates,bovada,spreads,Cincinnati Reds,1.5,-160,1.625
2026-08-01T02:50:00Z,open,4cf22ff99815959994e2c4f8662d97bf,,2026-07-31,2026-08-01T22:41:00Z,Cincinnati Reds,Pittsburgh Pirates,bovada,spreads,Pittsburgh Pirates,-1.5,135,2.35
2026-08-01T02:50:00Z,open,4cf22ff99815959994e2c4f8662d97bf,,2026-07-31,2026-08-01T22:41:00Z,Cincinnati Reds,Pittsburgh Pirates,bovada,totals,Over,8.5,-105,1.9524
2026-08-01T02:50:00Z,open,4cf22ff99815959994e2c4f8662d97bf,,2026-07-31,2026-08-01T22:41:00Z,Cincinnati Reds,Pittsburgh Pirates,bovada,totals,Under,8.5,-115,1.8696
2026-08-01T02:50:00Z,open,4cf22ff99815959994e2c4f8662d97bf,,2026-07-31,2026-08-01T22:41:00Z,Cincinnati Reds,Pittsburgh Pirates,betus,h2h,Cincinnati Reds,,108,2.08
2026-08-01T02:50:00Z,open,4cf22ff99815959994e2c4f8662d97bf,,2026-07-31,2026-08-01T22:41:00Z,Cincinnati Reds,Pittsburgh Pirates,betus,h2h,Pittsburgh Pirates,,-118,1.8475
2026-08-01T02:50:00Z,open,4cf22ff99815959994e2c4f8662d97bf,,2026-07-31,2026-08-01T22:41:00Z,Cincinnati Reds,Pittsburgh Pirates,betus,spreads,Cincinnati Reds,1.5,-155,1.6452
2026-08-01T02:50:00Z,open,4cf22ff99815959994e2c4f8662d97bf,,2026-07-31,2026-08-01T22:41:00Z,Cincinnati Reds,Pittsburgh Pirates,betus,spreads,Pittsburgh Pirates,-1.5,135,2.35
2026-08-01T02:50:00Z,open,4cf22ff99815959994e2c4f8662d97bf,,2026-07-31,2026-08-01T22:41:00Z,Cincinnati Reds,Pittsburgh Pirates,betus,totals,Over,8.5,-105,1.9524
2026-08-01T02:50:00Z,open,4cf22ff99815959994e2c4f8662d97bf,,2026-07-31,2026-08-01T22:41:00Z,Cincinnati Reds,Pittsburgh Pirates,betus,totals,Under,8.5,-115,1.8696
2026-08-01T02:50:00Z,open,4cf22ff99815959994e2c4f8662d97bf,,2026-07-31,2026-08-01T22:41:00Z,Cincinnati Reds,Pittsburgh Pirates,betrivers,h2h,Cincinnati Reds,,107,2.07
2026-08-01T02:50:00Z,open,4cf22ff99815959994e2c4f8662d97bf,,2026-07-31,2026-08-01T22:41:00Z,Cincinnati Reds,Pittsburgh Pirates,betrivers,h2h,Pittsburgh Pirates,,-127,1.7874
2026-08-01T02:50:00Z,open,4cf22ff99815959994e2c4f8662d97bf,,2026-07-31,2026-08-01T22:41:00Z,Cincinnati Reds,Pittsburgh Pirates,betrivers,spreads,Cincinnati Reds,1.5,-162,1.6173
2026-08-01T02:50:00Z,open,4cf22ff99815959994e2c4f8662d97bf,,2026-07-31,2026-08-01T22:41:00Z,Cincinnati Reds,Pittsburgh Pirates,betrivers,spreads,Pittsburgh Pirates,-1.5,130,2.3
2026-08-01T02:50:00Z,open,4cf22ff99815959994e2c4f8662d97bf,,2026-07-31,2026-08-01T22:41:00Z,Cincinnati Reds,Pittsburgh Pirates,betrivers,totals,Over,8.5,-106,1.9434
2026-08-01T02:50:00Z,open,4cf22ff99815959994e2c4f8662d97bf,,2026-07-31,2026-08-01T22:41:00Z,Cincinnati Reds,Pittsburgh Pirates,betrivers,totals,Under,8.5,-118,1.8475
2026-08-01T02:50:00Z,open,8ad8229352651cf1b573f9ee834b57ac,,2026-07-31,2026-08-01T23:06:00Z,Baltimore Orioles,Philadelphia Phillies,fanduel,h2h,Baltimore Orioles,,120,2.2
2026-08-01T02:50:00Z,open,8ad8229352651cf1b573f9ee834b57ac,,2026-07-31,2026-08-01T23:06:00Z,Baltimore Orioles,Philadelphia Phillies,fanduel,h2h,Philadelphia Phillies,,-130,1.7692
2026-08-01T02:50:00Z,open,8ad8229352651cf1b573f9ee834b57ac,,2026-07-31,2026-08-01T23:06:00Z,Baltimore Orioles,Philadelphia Phillies,fanduel,spreads,Baltimore Orioles,1.5,-146,1.6849
2026-08-01T02:50:00Z,open,8ad8229352651cf1b573f9ee834b57ac,,2026-07-31,2026-08-01T23:06:00Z,Baltimore Orioles,Philadelphia Phillies,fanduel,spreads,Philadelphia Phillies,-1.5,122,2.22
2026-08-01T02:50:00Z,open,8ad8229352651cf1b573f9ee834b57ac,,2026-07-31,2026-08-01T23:06:00Z,Baltimore Orioles,Philadelphia Phillies,fanduel,totals,Over,8.5,102,2.02
2026-08-01T02:50:00Z,open,8ad8229352651cf1b573f9ee834b57ac,,2026-07-31,2026-08-01T23:06:00Z,Baltimore Orioles,Philadelphia Phillies,fanduel,totals,Under,8.5,-124,1.8065
2026-08-01T02:50:00Z,open,8ad8229352651cf1b573f9ee834b57ac,,2026-07-31,2026-08-01T23:06:00Z,Baltimore Orioles,Philadelphia Phillies,mybookieag,h2h,Baltimore Orioles,,118,2.18
2026-08-01T02:50:00Z,open,8ad8229352651cf1b573f9ee834b57ac,,2026-07-31,2026-08-01T23:06:00Z,Baltimore Orioles,Philadelphia Phillies,mybookieag,h2h,Philadelphia Phillies,,-139,1.7194
2026-08-01T02:50:00Z,open,8ad8229352651cf1b573f9ee834b57ac,,2026-07-31,2026-08-01T23:06:00Z,Baltimore Orioles,Philadelphia Phillies,mybookieag,spreads,Baltimore Orioles,1.5,-146,1.6849
2026-08-01T02:50:00Z,open,8ad8229352651cf1b573f9ee834b57ac,,2026-07-31,2026-08-01T23:06:00Z,Baltimore Orioles,Philadelphia Phillies,mybookieag,spreads,Philadelphia Phillies,-1.5,124,2.24
2026-08-01T02:50:00Z,open,8ad8229352651cf1b573f9ee834b57ac,,2026-07-31,2026-08-01T23:06:00Z,Baltimore Orioles,Philadelphia Phillies,mybookieag,totals,Over,8.0,-114,1.8772
2026-08-01T02:50:00Z,open,8ad8229352651cf1b573f9ee834b57ac,,2026-07-31,2026-08-01T23:06:00Z,Baltimore Orioles,Philadelphia Phillies,mybookieag,totals,Under,8.0,-107,1.9346
2026-08-01T02:50:00Z,open,8ad8229352651cf1b573f9ee834b57ac,,2026-07-31,2026-08-01T23:06:00Z,Baltimore Orioles,Philadelphia Phillies,lowvig,h2h,Baltimore Orioles,,125,2.25
2026-08-01T02:50:00Z,open,8ad8229352651cf1b573f9ee834b57ac,,2026-07-31,2026-08-01T23:06:00Z,Baltimore Orioles,Philadelphia Phillies,lowvig,h2h,Philadelphia Phillies,,-138,1.7246
2026-08-01T02:50:00Z,open,8ad8229352651cf1b573f9ee834b57ac,,2026-07-31,2026-08-01T23:06:00Z,Baltimore Orioles,Philadelphia Phillies,lowvig,spreads,Baltimore Orioles,1.5,-140,1.7143
2026-08-01T02:50:00Z,open,8ad8229352651cf1b573f9ee834b57ac,,2026-07-31,2026-08-01T23:06:00Z,Baltimore Orioles,Philadelphia Phillies,lowvig,spreads,Philadelphia Phillies,-1.5,124,2.24
2026-08-01T02:50:00Z,open,8ad8229352651cf1b573f9ee834b57ac,,2026-07-31,2026-08-01T23:06:00Z,Baltimore Orioles,Philadelphia Phillies,lowvig,totals,Over,8.0,-107,1.9346
2026-08-01T02:50:00Z,open,8ad8229352651cf1b573f9ee834b57ac,,2026-07-31,2026-08-01T23:06:00Z,Baltimore Orioles,Philadelphia Phillies,lowvig,totals,Under,8.0,-107,1.9346
2026-08-01T02:50:00Z,open,8ad8229352651cf1b573f9ee834b57ac,,2026-07-31,2026-08-01T23:06:00Z,Baltimore Orioles,Philadelphia Phillies,betonlineag,h2h,Baltimore Orioles,,125,2.25
2026-08-01T02:50:00Z,open,8ad8229352651cf1b573f9ee834b57ac,,2026-07-31,2026-08-01T23:06:00Z,Baltimore Orioles,Philadelphia Phillies,betonlineag,h2h,Philadelphia Phillies,,-138,1.7246
2026-08-01T02:50:00Z,open,8ad8229352651cf1b573f9ee834b57ac,,2026-07-31,2026-08-01T23:06:00Z,Baltimore Orioles,Philadelphia Phillies,betonlineag,spreads,Baltimore Orioles,1.5,-142,1.7042
2026-08-01T02:50:00Z,open,8ad8229352651cf1b573f9ee834b57ac,,2026-07-31,2026-08-01T23:06:00Z,Baltimore Orioles,Philadelphia Phillies,betonlineag,spreads,Philadelphia Phillies,-1.5,122,2.22
2026-08-01T02:50:00Z,open,8ad8229352651cf1b573f9ee834b57ac,,2026-07-31,2026-08-01T23:06:00Z,Baltimore Orioles,Philadelphia Phillies,betonlineag,totals,Over,8.0,-110,1.9091
2026-08-01T02:50:00Z,open,8ad8229352651cf1b573f9ee834b57ac,,2026-07-31,2026-08-01T23:06:00Z,Baltimore Orioles,Philadelphia Phillies,betonlineag,totals,Under,8.0,-110,1.9091
2026-08-01T02:50:00Z,open,8ad8229352651cf1b573f9ee834b57ac,,2026-07-31,2026-08-01T23:06:00Z,Baltimore Orioles,Philadelphia Phillies,draftkings,h2h,Baltimore Orioles,,118,2.18
2026-08-01T02:50:00Z,open,8ad8229352651cf1b573f9ee834b57ac,,2026-07-31,2026-08-01T23:06:00Z,Baltimore Orioles,Philadelphia Phillies,draftkings,h2h,Philadelphia Phillies,,-142,1.7042
2026-08-01T02:50:00Z,open,8ad8229352651cf1b573f9ee834b57ac,,2026-07-31,2026-08-01T23:06:00Z,Baltimore Orioles,Philadelphia Phillies,draftkings,spreads,Baltimore Orioles,1.5,-143,1.6993
2026-08-01T02:50:00Z,open,8ad8229352651cf1b573f9ee834b57ac,,2026-07-31,2026-08-01T23:06:00Z,Baltimore Orioles,Philadelphia Phillies,draftkings,spreads,Philadelphia Phillies,-1.5,119,2.19
2026-08-01T02:50:00Z,open,8ad8229352651cf1b573f9ee834b57ac,,2026-07-31,2026-08-01T23:06:00Z,Baltimore Orioles,Philadelphia Phillies,draftkings,totals,Over,8.0,-113,1.885
2026-08-01T02:50:00Z,open,8ad8229352651cf1b573f9ee834b57ac,,2026-07-31,2026-08-01T23:06:00Z,Baltimore Orioles,Philadelphia Phillies,draftkings,totals,Under,8.0,-106,1.9434
2026-08-01T02:50:00Z,open,8ad8229352651cf1b573f9ee834b57ac,,2026-07-31,2026-08-01T23:06:00Z,Baltimore Orioles,Philadelphia Phillies,betmgm,h2h,Baltimore Orioles,,118,2.18
2026-08-01T02:50:00Z,open,8ad8229352651cf1b573f9ee834b57ac,,2026-07-31,2026-08-01T23:06:00Z,Baltimore Orioles,Philadelphia Phillies,betmgm,h2h,Philadelphia Phillies,,-145,1.6897
2026-08-01T02:50:00Z,open,8ad8229352651cf1b573f9ee834b57ac,,2026-07-31,2026-08-01T23:06:00Z,Baltimore Orioles,Philadelphia Phillies,betmgm,spreads,Baltimore Orioles,1.5,-145,1.6897
2026-08-01T02:50:00Z,open,8ad8229352651cf1b573f9ee834b57ac,,2026-07-31,2026-08-01T23:06:00Z,Baltimore Orioles,Philadelphia Phillies,betmgm,spreads,Philadelphia Phillies,-1.5,118,2.18
2026-08-01T02:50:00Z,open,8ad8229352651cf1b573f9ee834b57ac,,2026-07-31,2026-08-01T23:06:00Z,Baltimore Orioles,Philadelphia Phillies,betmgm,totals,Over,8.0,-110,1.9091
2026-08-01T02:50:00Z,open,8ad8229352651cf1b573f9ee834b57ac,,2026-07-31,2026-08-01T23:06:00Z,Baltimore Orioles,Philadelphia Phillies,betmgm,totals,Under,8.0,-110,1.9091
2026-08-01T02:50:00Z,open,8ad8229352651cf1b573f9ee834b57ac,,2026-07-31,2026-08-01T23:06:00Z,Baltimore Orioles,Philadelphia Phillies,bovada,h2h,Baltimore Orioles,,116,2.16
2026-08-01T02:50:00Z,open,8ad8229352651cf1b573f9ee834b57ac,,2026-07-31,2026-08-01T23:06:00Z,Baltimore Orioles,Philadelphia Phillies,bovada,h2h,Philadelphia Phillies,,-139,1.7194
2026-08-01T02:50:00Z,open,8ad8229352651cf1b573f9ee834b57ac,,2026-07-31,2026-08-01T23:06:00Z,Baltimore Orioles,Philadelphia Phillies,bovada,spreads,Baltimore Orioles,1.5,-145,1.6897
2026-08-01T02:50:00Z,open,8ad8229352651cf1b573f9ee834b57ac,,2026-07-31,2026-08-01T23:06:00Z,Baltimore Orioles,Philadelphia Phillies,bovada,spreads,Philadelphia Phillies,-1.5,125,2.25
2026-08-01T02:50:00Z,open,8ad8229352651cf1b573f9ee834b57ac,,2026-07-31,2026-08-01T23:06:00Z,Baltimore Orioles,Philadelphia Phillies,bovada,totals,Over,8.0,-115,1.8696
2026-08-01T02:50:00Z,open,8ad8229352651cf1b573f9ee834b57ac,,2026-07-31,2026-08-01T23:06:00Z,Baltimore Orioles,Philadelphia Phillies,bovada,totals,Under,8.0,-105,1.9524
2026-08-01T02:50:00Z,open,8ad8229352651cf1b573f9ee834b57ac,,2026-07-31,2026-08-01T23:06:00Z,Baltimore Orioles,Philadelphia Phillies,betus,h2h,Baltimore Orioles,,125,2.25
2026-08-01T02:50:00Z,open,8ad8229352651cf1b573f9ee834b57ac,,2026-07-31,2026-08-01T23:06:00Z,Baltimore Orioles,Philadelphia Phillies,betus,h2h,Philadelphia Phillies,,-138,1.7246
2026-08-01T02:50:00Z,open,8ad8229352651cf1b573f9ee834b57ac,,2026-07-31,2026-08-01T23:06:00Z,Baltimore Orioles,Philadelphia Phillies,betus,spreads,Baltimore Orioles,1.5,-140,1.7143
2026-08-01T02:50:00Z,open,8ad8229352651cf1b573f9ee834b57ac,,2026-07-31,2026-08-01T23:06:00Z,Baltimore Orioles,Philadelphia Phillies,betus,spreads,Philadelphia Phillies,-1.5,120,2.2
2026-08-01T02:50:00Z,open,8ad8229352651cf1b573f9ee834b57ac,,2026-07-31,2026-08-01T23:06:00Z,Baltimore Orioles,Philadelphia Phillies,betus,totals,Over,8.0,-110,1.9091
2026-08-01T02:50:00Z,open,8ad8229352651cf1b573f9ee834b57ac,,2026-07-31,2026-08-01T23:06:00Z,Baltimore Orioles,Philadelphia Phillies,betus,totals,Under,8.0,-110,1.9091
2026-08-01T02:50:00Z,open,8ad8229352651cf1b573f9ee834b57ac,,2026-07-31,2026-08-01T23:06:00Z,Baltimore Orioles,Philadelphia Phillies,betrivers,h2h,Baltimore Orioles,,123,2.23
2026-08-01T02:50:00Z,open,8ad8229352651cf1b573f9ee834b57ac,,2026-07-31,2026-08-01T23:06:00Z,Baltimore Orioles,Philadelphia Phillies,betrivers,h2h,Philadelphia Phillies,,-143,1.6993
2026-08-01T02:50:00Z,open,8ad8229352651cf1b573f9ee834b57ac,,2026-07-31,2026-08-01T23:06:00Z,Baltimore Orioles,Philadelphia Phillies,betrivers,spreads,Baltimore Orioles,1.5,-141,1.7092
2026-08-01T02:50:00Z,open,8ad8229352651cf1b573f9ee834b57ac,,2026-07-31,2026-08-01T23:06:00Z,Baltimore Orioles,Philadelphia Phillies,betrivers,spreads,Philadelphia Phillies,-1.5,114,2.14
2026-08-01T02:50:00Z,open,8ad8229352651cf1b573f9ee834b57ac,,2026-07-31,2026-08-01T23:06:00Z,Baltimore Orioles,Philadelphia Phillies,betrivers,totals,Over,8.5,-112,1.8929
2026-08-01T02:50:00Z,open,8ad8229352651cf1b573f9ee834b57ac,,2026-07-31,2026-08-01T23:06:00Z,Baltimore Orioles,Philadelphia Phillies,betrivers,totals,Under,8.5,-112,1.8929
2026-08-01T02:50:00Z,open,dae6d7e042dc64a28ea484408927af8c,,2026-07-31,2026-08-01T23:11:00Z,Houston Astros,Texas Rangers,fanduel,h2h,Houston Astros,,110,2.1
2026-08-01T02:50:00Z,open,dae6d7e042dc64a28ea484408927af8c,,2026-07-31,2026-08-01T23:11:00Z,Houston Astros,Texas Rangers,fanduel,h2h,Texas Rangers,,-120,1.8333
2026-08-01T02:50:00Z,open,dae6d7e042dc64a28ea484408927af8c,,2026-07-31,2026-08-01T23:11:00Z,Houston Astros,Texas Rangers,fanduel,spreads,Houston Astros,1.5,-162,1.6173
2026-08-01T02:50:00Z,open,dae6d7e042dc64a28ea484408927af8c,,2026-07-31,2026-08-01T23:11:00Z,Houston Astros,Texas Rangers,fanduel,spreads,Texas Rangers,-1.5,134,2.34
2026-08-01T02:50:00Z,open,dae6d7e042dc64a28ea484408927af8c,,2026-07-31,2026-08-01T23:11:00Z,Houston Astros,Texas Rangers,fanduel,totals,Over,8.5,-102,1.9804
2026-08-01T02:50:00Z,open,dae6d7e042dc64a28ea484408927af8c,,2026-07-31,2026-08-01T23:11:00Z,Houston Astros,Texas Rangers,fanduel,totals,Under,8.5,-120,1.8333
2026-08-01T02:50:00Z,open,dae6d7e042dc64a28ea484408927af8c,,2026-07-31,2026-08-01T23:11:00Z,Houston Astros,Texas Rangers,mybookieag,h2h,Houston Astros,,108,2.08
2026-08-01T02:50:00Z,open,dae6d7e042dc64a28ea484408927af8c,,2026-07-31,2026-08-01T23:11:00Z,Houston Astros,Texas Rangers,mybookieag,h2h,Texas Rangers,,-127,1.7874
2026-08-01T02:50:00Z,open,dae6d7e042dc64a28ea484408927af8c,,2026-07-31,2026-08-01T23:11:00Z,Houston Astros,Texas Rangers,mybookieag,spreads,Houston Astros,1.5,-156,1.641
2026-08-01T02:50:00Z,open,dae6d7e042dc64a28ea484408927af8c,,2026-07-31,2026-08-01T23:11:00Z,Houston Astros,Texas Rangers,mybookieag,spreads,Texas Rangers,-1.5,132,2.32
2026-08-01T02:50:00Z,open,dae6d7e042dc64a28ea484408927af8c,,2026-07-31,2026-08-01T23:11:00Z,Houston Astros,Texas Rangers,mybookieag,totals,Over,8.5,-105,1.9524
2026-08-01T02:50:00Z,open,dae6d7e042dc64a28ea484408927af8c,,2026-07-31,2026-08-01T23:11:00Z,Houston Astros,Texas Rangers,mybookieag,totals,Under,8.5,-116,1.8621
2026-08-01T02:50:00Z,open,dae6d7e042dc64a28ea484408927af8c,,2026-07-31,2026-08-01T23:11:00Z,Houston Astros,Texas Rangers,lowvig,h2h,Houston Astros,,113,2.13
2026-08-01T02:50:00Z,open,dae6d7e042dc64a28ea484408927af8c,,2026-07-31,2026-08-01T23:11:00Z,Houston Astros,Texas Rangers,lowvig,h2h,Texas Rangers,,-125,1.8
2026-08-01T02:50:00Z,open,dae6d7e042dc64a28ea484408927af8c,,2026-07-31,2026-08-01T23:11:00Z,Houston Astros,Texas Rangers,lowvig,spreads,Houston Astros,1.5,-149,1.6711
2026-08-01T02:50:00Z,open,dae6d7e042dc64a28ea484408927af8c,,2026-07-31,2026-08-01T23:11:00Z,Houston Astros,Texas Rangers,lowvig,spreads,Texas Rangers,-1.5,132,2.32
2026-08-01T02:50:00Z,open,dae6d7e042dc64a28ea484408927af8c,,2026-07-31,2026-08-01T23:11:00Z,Houston Astros,Texas Rangers,lowvig,totals,Over,8.5,103,2.03
2026-08-01T02:50:00Z,open,dae6d7e042dc64a28ea484408927af8c,,2026-07-31,2026-08-01T23:11:00Z,Houston Astros,Texas Rangers,lowvig,totals,Under,8.5,-118,1.8475
2026-08-01T02:50:00Z,open,dae6d7e042dc64a28ea484408927af8c,,2026-07-31,2026-08-01T23:11:00Z,Houston Astros,Texas Rangers,betonlineag,h2h,Houston Astros,,113,2.13
2026-08-01T02:50:00Z,open,dae6d7e042dc64a28ea484408927af8c,,2026-07-31,2026-08-01T23:11:00Z,Houston Astros,Texas Rangers,betonlineag,h2h,Texas Rangers,,-125,1.8
2026-08-01T02:50:00Z,open,dae6d7e042dc64a28ea484408927af8c,,2026-07-31,2026-08-01T23:11:00Z,Houston Astros,Texas Rangers,betonlineag,spreads,Houston Astros,1.5,-150,1.6667
2026-08-01T02:50:00Z,open,dae6d7e042dc64a28ea484408927af8c,,2026-07-31,2026-08-01T23:11:00Z,Houston Astros,Texas Rangers,betonlineag,spreads,Texas Rangers,-1.5,130,2.3
2026-08-01T02:50:00Z,open,dae6d7e042dc64a28ea484408927af8c,,2026-07-31,2026-08-01T23:11:00Z,Houston Astros,Texas Rangers,betonlineag,totals,Over,8.5,100,2.0
2026-08-01T02:50:00Z,open,dae6d7e042dc64a28ea484408927af8c,,2026-07-31,2026-08-01T23:11:00Z,Houston Astros,Texas Rangers,betonlineag,totals,Under,8.5,-120,1.8333
2026-08-01T02:50:00Z,open,dae6d7e042dc64a28ea484408927af8c,,2026-07-31,2026-08-01T23:11:00Z,Houston Astros,Texas Rangers,draftkings,h2h,Houston Astros,,109,2.09
2026-08-01T02:50:00Z,open,dae6d7e042dc64a28ea484408927af8c,,2026-07-31,2026-08-01T23:11:00Z,Houston Astros,Texas Rangers,draftkings,h2h,Texas Rangers,,-131,1.7634
2026-08-01T02:50:00Z,open,dae6d7e042dc64a28ea484408927af8c,,2026-07-31,2026-08-01T23:11:00Z,Houston Astros,Texas Rangers,draftkings,spreads,Houston Astros,1.5,-157,1.6369
2026-08-01T02:50:00Z,open,dae6d7e042dc64a28ea484408927af8c,,2026-07-31,2026-08-01T23:11:00Z,Houston Astros,Texas Rangers,draftkings,spreads,Texas Rangers,-1.5,130,2.3
2026-08-01T02:50:00Z,open,dae6d7e042dc64a28ea484408927af8c,,2026-07-31,2026-08-01T23:11:00Z,Houston Astros,Texas Rangers,draftkings,totals,Over,8.5,-104,1.9615
2026-08-01T02:50:00Z,open,dae6d7e042dc64a28ea484408927af8c,,2026-07-31,2026-08-01T23:11:00Z,Houston Astros,Texas Rangers,draftkings,totals,Under,8.5,-116,1.8621
2026-08-01T02:50:00Z,open,dae6d7e042dc64a28ea484408927af8c,,2026-07-31,2026-08-01T23:11:00Z,Houston Astros,Texas Rangers,betmgm,h2h,Houston Astros,,110,2.1
2026-08-01T02:50:00Z,open,dae6d7e042dc64a28ea484408927af8c,,2026-07-31,2026-08-01T23:11:00Z,Houston Astros,Texas Rangers,betmgm,h2h,Texas Rangers,,-135,1.7407
2026-08-01T02:50:00Z,open,dae6d7e042dc64a28ea484408927af8c,,2026-07-31,2026-08-01T23:11:00Z,Houston Astros,Texas Rangers,betmgm,spreads,Houston Astros,1.5,-155,1.6452
2026-08-01T02:50:00Z,open,dae6d7e042dc64a28ea484408927af8c,,2026-07-31,2026-08-01T23:11:00Z,Houston Astros,Texas Rangers,betmgm,spreads,Texas Rangers,-1.5,125,2.25
2026-08-01T02:50:00Z,open,dae6d7e042dc64a28ea484408927af8c,,2026-07-31,2026-08-01T23:11:00Z,Houston Astros,Texas Rangers,betmgm,totals,Over,8.5,-102,1.9804
2026-08-01T02:50:00Z,open,dae6d7e042dc64a28ea484408927af8c,,2026-07-31,2026-08-01T23:11:00Z,Houston Astros,Texas Rangers,betmgm,totals,Under,8.5,-118,1.8475
2026-08-01T02:50:00Z,open,dae6d7e042dc64a28ea484408927af8c,,2026-07-31,2026-08-01T23:11:00Z,Houston Astros,Texas Rangers,bovada,h2h,Houston Astros,,108,2.08
2026-08-01T02:50:00Z,open,dae6d7e042dc64a28ea484408927af8c,,2026-07-31,2026-08-01T23:11:00Z,Houston Astros,Texas Rangers,bovada,h2h,Texas Rangers,,-130,1.7692
2026-08-01T02:50:00Z,open,dae6d7e042dc64a28ea484408927af8c,,2026-07-31,2026-08-01T23:11:00Z,Houston Astros,Texas Rangers,bovada,spreads,Houston Astros,1.5,-150,1.6667
2026-08-01T02:50:00Z,open,dae6d7e042dc64a28ea484408927af8c,,2026-07-31,2026-08-01T23:11:00Z,Houston Astros,Texas Rangers,bovada,spreads,Texas Rangers,-1.5,130,2.3
2026-08-01T02:50:00Z,open,dae6d7e042dc64a28ea484408927af8c,,2026-07-31,2026-08-01T23:11:00Z,Houston Astros,Texas Rangers,bovada,totals,Over,8.5,-105,1.9524
2026-08-01T02:50:00Z,open,dae6d7e042dc64a28ea484408927af8c,,2026-07-31,2026-08-01T23:11:00Z,Houston Astros,Texas Rangers,bovada,totals,Under,8.5,-115,1.8696
2026-08-01T02:50:00Z,open,dae6d7e042dc64a28ea484408927af8c,,2026-07-31,2026-08-01T23:11:00Z,Houston Astros,Texas Rangers,betrivers,h2h,Houston Astros,,110,2.1
2026-08-01T02:50:00Z,open,dae6d7e042dc64a28ea484408927af8c,,2026-07-31,2026-08-01T23:11:00Z,Houston Astros,Texas Rangers,betrivers,h2h,Texas Rangers,,-130,1.7692
2026-08-01T02:50:00Z,open,dae6d7e042dc64a28ea484408927af8c,,2026-07-31,2026-08-01T23:11:00Z,Houston Astros,Texas Rangers,betrivers,spreads,Houston Astros,1.5,-162,1.6173
2026-08-01T02:50:00Z,open,dae6d7e042dc64a28ea484408927af8c,,2026-07-31,2026-08-01T23:11:00Z,Houston Astros,Texas Rangers,betrivers,spreads,Texas Rangers,-1.5,130,2.3
2026-08-01T02:50:00Z,open,dae6d7e042dc64a28ea484408927af8c,,2026-07-31,2026-08-01T23:11:00Z,Houston Astros,Texas Rangers,betrivers,totals,Over,8.5,-107,1.9346
2026-08-01T02:50:00Z,open,dae6d7e042dc64a28ea484408927af8c,,2026-07-31,2026-08-01T23:11:00Z,Houston Astros,Texas Rangers,betrivers,totals,Under,8.5,-117,1.8547
2026-08-01T02:50:00Z,open,dae6d7e042dc64a28ea484408927af8c,,2026-07-31,2026-08-01T23:11:00Z,Houston Astros,Texas Rangers,betus,h2h,Houston Astros,,114,2.14
2026-08-01T02:50:00Z,open,dae6d7e042dc64a28ea484408927af8c,,2026-07-31,2026-08-01T23:11:00Z,Houston Astros,Texas Rangers,betus,h2h,Texas Rangers,,-125,1.8
2026-08-01T02:50:00Z,open,dae6d7e042dc64a28ea484408927af8c,,2026-07-31,2026-08-01T23:11:00Z,Houston Astros,Texas Rangers,betus,spreads,Houston Astros,1.5,-150,1.6667
2026-08-01T02:50:00Z,open,dae6d7e042dc64a28ea484408927af8c,,2026-07-31,2026-08-01T23:11:00Z,Houston Astros,Texas Rangers,betus,spreads,Texas Rangers,-1.5,130,2.3
2026-08-01T02:50:00Z,open,dae6d7e042dc64a28ea484408927af8c,,2026-07-31,2026-08-01T23:11:00Z,Houston Astros,Texas Rangers,betus,totals,Over,8.5,100,2.0
2026-08-01T02:50:00Z,open,dae6d7e042dc64a28ea484408927af8c,,2026-07-31,2026-08-01T23:11:00Z,Houston Astros,Texas Rangers,betus,totals,Under,8.5,-120,1.8333
2026-08-01T02:50:00Z,open,65f625f15ac20a0c9dd7905ac686d7aa,,2026-07-31,2026-08-01T23:16:00Z,Cleveland Guardians,Arizona Diamondbacks,fanduel,h2h,Arizona Diamondbacks,,142,2.42
2026-08-01T02:50:00Z,open,65f625f15ac20a0c9dd7905ac686d7aa,,2026-07-31,2026-08-01T23:16:00Z,Cleveland Guardians,Arizona Diamondbacks,fanduel,h2h,Cleveland Guardians,,-154,1.6494
2026-08-01T02:50:00Z,open,65f625f15ac20a0c9dd7905ac686d7aa,,2026-07-31,2026-08-01T23:16:00Z,Cleveland Guardians,Arizona Diamondbacks,fanduel,spreads,Arizona Diamondbacks,1.5,-160,1.625
2026-08-01T02:50:00Z,open,65f625f15ac20a0c9dd7905ac686d7aa,,2026-07-31,2026-08-01T23:16:00Z,Cleveland Guardians,Arizona Diamondbacks,fanduel,spreads,Cleveland Guardians,-1.5,132,2.32
2026-08-01T02:50:00Z,open,65f625f15ac20a0c9dd7905ac686d7aa,,2026-07-31,2026-08-01T23:16:00Z,Cleveland Guardians,Arizona Diamondbacks,fanduel,totals,Over,8.5,-105,1.9524
2026-08-01T02:50:00Z,open,65f625f15ac20a0c9dd7905ac686d7aa,,2026-07-31,2026-08-01T23:16:00Z,Cleveland Guardians,Arizona Diamondbacks,fanduel,totals,Under,8.5,-115,1.8696
2026-08-01T02:50:00Z,open,65f625f15ac20a0c9dd7905ac686d7aa,,2026-07-31,2026-08-01T23:16:00Z,Cleveland Guardians,Arizona Diamondbacks,mybookieag,h2h,Arizona Diamondbacks,,136,2.36
2026-08-01T02:50:00Z,open,65f625f15ac20a0c9dd7905ac686d7aa,,2026-07-31,2026-08-01T23:16:00Z,Cleveland Guardians,Arizona Diamondbacks,mybookieag,h2h,Cleveland Guardians,,-160,1.625
2026-08-01T02:50:00Z,open,65f625f15ac20a0c9dd7905ac686d7aa,,2026-07-31,2026-08-01T23:16:00Z,Cleveland Guardians,Arizona Diamondbacks,mybookieag,spreads,Arizona Diamondbacks,1.5,-156,1.641
2026-08-01T02:50:00Z,open,65f625f15ac20a0c9dd7905ac686d7aa,,2026-07-31,2026-08-01T23:16:00Z,Cleveland Guardians,Arizona Diamondbacks,mybookieag,spreads,Cleveland Guardians,-1.5,132,2.32
2026-08-01T02:50:00Z,open,65f625f15ac20a0c9dd7905ac686d7aa,,2026-07-31,2026-08-01T23:16:00Z,Cleveland Guardians,Arizona Diamondbacks,mybookieag,totals,Over,8.5,-103,1.9709
2026-08-01T02:50:00Z,open,65f625f15ac20a0c9dd7905ac686d7aa,,2026-07-31,2026-08-01T23:16:00Z,Cleveland Guardians,Arizona Diamondbacks,mybookieag,totals,Under,8.5,-119,1.8403
2026-08-01T02:50:00Z,open,65f625f15ac20a0c9dd7905ac686d7aa,,2026-07-31,2026-08-01T23:16:00Z,Cleveland Guardians,Arizona Diamondbacks,lowvig,h2h,Arizona Diamondbacks,,140,2.4
2026-08-01T02:50:00Z,open,65f625f15ac20a0c9dd7905ac686d7aa,,2026-07-31,2026-08-01T23:16:00Z,Cleveland Guardians,Arizona Diamondbacks,lowvig,h2h,Cleveland Guardians,,-155,1.6452
2026-08-01T02:50:00Z,open,65f625f15ac20a0c9dd7905ac686d7aa,,2026-07-31,2026-08-01T23:16:00Z,Cleveland Guardians,Arizona Diamondbacks,lowvig,spreads,Arizona Diamondbacks,1.5,-154,1.6494
2026-08-01T02:50:00Z,open,65f625f15ac20a0c9dd7905ac686d7aa,,2026-07-31,2026-08-01T23:16:00Z,Cleveland Guardians,Arizona Diamondbacks,lowvig,spreads,Cleveland Guardians,-1.5,136,2.36
2026-08-01T02:50:00Z,open,65f625f15ac20a0c9dd7905ac686d7aa,,2026-07-31,2026-08-01T23:16:00Z,Cleveland Guardians,Arizona Diamondbacks,lowvig,totals,Over,8.0,-115,1.8696
2026-08-01T02:50:00Z,open,65f625f15ac20a0c9dd7905ac686d7aa,,2026-07-31,2026-08-01T23:16:00Z,Cleveland Guardians,Arizona Diamondbacks,lowvig,totals,Under,8.0,100,2.0
2026-08-01T02:50:00Z,open,65f625f15ac20a0c9dd7905ac686d7aa,,2026-07-31,2026-08-01T23:16:00Z,Cleveland Guardians,Arizona Diamondbacks,betonlineag,h2h,Arizona Diamondbacks,,140,2.4
2026-08-01T02:50:00Z,open,65f625f15ac20a0c9dd7905ac686d7aa,,2026-07-31,2026-08-01T23:16:00Z,Cleveland Guardians,Arizona Diamondbacks,betonlineag,h2h,Cleveland Guardians,,-155,1.6452
2026-08-01T02:50:00Z,open,65f625f15ac20a0c9dd7905ac686d7aa,,2026-07-31,2026-08-01T23:16:00Z,Cleveland Guardians,Arizona Diamondbacks,betonlineag,spreads,Arizona Diamondbacks,1.5,-155,1.6452
2026-08-01T02:50:00Z,open,65f625f15ac20a0c9dd7905ac686d7aa,,2026-07-31,2026-08-01T23:16:00Z,Cleveland Guardians,Arizona Diamondbacks,betonlineag,spreads,Cleveland Guardians,-1.5,135,2.35
2026-08-01T02:50:00Z,open,65f625f15ac20a0c9dd7905ac686d7aa,,2026-07-31,2026-08-01T23:16:00Z,Cleveland Guardians,Arizona Diamondbacks,betonlineag,totals,Over,8.0,-117,1.8547
2026-08-01T02:50:00Z,open,65f625f15ac20a0c9dd7905ac686d7aa,,2026-07-31,2026-08-01T23:16:00Z,Cleveland Guardians,Arizona Diamondbacks,betonlineag,totals,Under,8.0,-103,1.9709
2026-08-01T02:50:00Z,open,65f625f15ac20a0c9dd7905ac686d7aa,,2026-07-31,2026-08-01T23:16:00Z,Cleveland Guardians,Arizona Diamondbacks,draftkings,h2h,Arizona Diamondbacks,,136,2.36
2026-08-01T02:50:00Z,open,65f625f15ac20a0c9dd7905ac686d7aa,,2026-07-31,2026-08-01T23:16:00Z,Cleveland Guardians,Arizona Diamondbacks,draftkings,h2h,Cleveland Guardians,,-164,1.6098
2026-08-01T02:50:00Z,open,65f625f15ac20a0c9dd7905ac686d7aa,,2026-07-31,2026-08-01T23:16:00Z,Cleveland Guardians,Arizona Diamondbacks,draftkings,spreads,Arizona Diamondbacks,1.5,-163,1.6135
2026-08-01T02:50:00Z,open,65f625f15ac20a0c9dd7905ac686d7aa,,2026-07-31,2026-08-01T23:16:00Z,Cleveland Guardians,Arizona Diamondbacks,draftkings,spreads,Cleveland Guardians,-1.5,135,2.35
2026-08-01T02:50:00Z,open,65f625f15ac20a0c9dd7905ac686d7aa,,2026-07-31,2026-08-01T23:16:00Z,Cleveland Guardians,Arizona Diamondbacks,draftkings,totals,Over,8.0,-118,1.8475
2026-08-01T02:50:00Z,open,65f625f15ac20a0c9dd7905ac686d7aa,,2026-07-31,2026-08-01T23:16:00Z,Cleveland Guardians,Arizona Diamondbacks,draftkings,totals,Under,8.0,-102,1.9804
2026-08-01T02:50:00Z,open,65f625f15ac20a0c9dd7905ac686d7aa,,2026-07-31,2026-08-01T23:16:00Z,Cleveland Guardians,Arizona Diamondbacks,betmgm,h2h,Arizona Diamondbacks,,135,2.35
2026-08-01T02:50:00Z,open,65f625f15ac20a0c9dd7905ac686d7aa,,2026-07-31,2026-08-01T23:16:00Z,Cleveland Guardians,Arizona Diamondbacks,betmgm,h2h,Cleveland Guardians,,-160,1.625
2026-08-01T02:50:00Z,open,65f625f15ac20a0c9dd7905ac686d7aa,,2026-07-31,2026-08-01T23:16:00Z,Cleveland Guardians,Arizona Diamondbacks,betmgm,spreads,Arizona Diamondbacks,1.5,-160,1.625
2026-08-01T02:50:00Z,open,65f625f15ac20a0c9dd7905ac686d7aa,,2026-07-31,2026-08-01T23:16:00Z,Cleveland Guardians,Arizona Diamondbacks,betmgm,spreads,Cleveland Guardians,-1.5,135,2.35
2026-08-01T02:50:00Z,open,65f625f15ac20a0c9dd7905ac686d7aa,,2026-07-31,2026-08-01T23:16:00Z,Cleveland Guardians,Arizona Diamondbacks,betmgm,totals,Over,8.5,100,2.0
2026-08-01T02:50:00Z,open,65f625f15ac20a0c9dd7905ac686d7aa,,2026-07-31,2026-08-01T23:16:00Z,Cleveland Guardians,Arizona Diamondbacks,betmgm,totals,Under,8.5,-120,1.8333
2026-08-01T02:50:00Z,open,65f625f15ac20a0c9dd7905ac686d7aa,,2026-07-31,2026-08-01T23:16:00Z,Cleveland Guardians,Arizona Diamondbacks,bovada,h2h,Arizona Diamondbacks,,133,2.33
2026-08-01T02:50:00Z,open,65f625f15ac20a0c9dd7905ac686d7aa,,2026-07-31,2026-08-01T23:16:00Z,Cleveland Guardians,Arizona Diamondbacks,bovada,h2h,Cleveland Guardians,,-159,1.6289
2026-08-01T02:50:00Z,open,65f625f15ac20a0c9dd7905ac686d7aa,,2026-07-31,2026-08-01T23:16:00Z,Cleveland Guardians,Arizona Diamondbacks,bovada,spreads,Arizona Diamondbacks,1.5,-160,1.625
2026-08-01T02:50:00Z,open,65f625f15ac20a0c9dd7905ac686d7aa,,2026-07-31,2026-08-01T23:16:00Z,Cleveland Guardians,Arizona Diamondbacks,bovada,spreads,Cleveland Guardians,-1.5,135,2.35
2026-08-01T02:50:00Z,open,65f625f15ac20a0c9dd7905ac686d7aa,,2026-07-31,2026-08-01T23:16:00Z,Cleveland Guardians,Arizona Diamondbacks,bovada,totals,Over,8.5,-105,1.9524
2026-08-01T02:50:00Z,open,65f625f15ac20a0c9dd7905ac686d7aa,,2026-07-31,2026-08-01T23:16:00Z,Cleveland Guardians,Arizona Diamondbacks,bovada,totals,Under,8.5,-115,1.8696
2026-08-01T02:50:00Z,open,65f625f15ac20a0c9dd7905ac686d7aa,,2026-07-31,2026-08-01T23:16:00Z,Cleveland Guardians,Arizona Diamondbacks,betus,h2h,Arizona Diamondbacks,,138,2.38
2026-08-01T02:50:00Z,open,65f625f15ac20a0c9dd7905ac686d7aa,,2026-07-31,2026-08-01T23:16:00Z,Cleveland Guardians,Arizona Diamondbacks,betus,h2h,Cleveland Guardians,,-155,1.6452
2026-08-01T02:50:00Z,open,65f625f15ac20a0c9dd7905ac686d7aa,,2026-07-31,2026-08-01T23:16:00Z,Cleveland Guardians,Arizona Diamondbacks,betus,spreads,Arizona Diamondbacks,1.5,-155,1.6452
2026-08-01T02:50:00Z,open,65f625f15ac20a0c9dd7905ac686d7aa,,2026-07-31,2026-08-01T23:16:00Z,Cleveland Guardians,Arizona Diamondbacks,betus,spreads,Cleveland Guardians,-1.5,135,2.35
2026-08-01T02:50:00Z,open,65f625f15ac20a0c9dd7905ac686d7aa,,2026-07-31,2026-08-01T23:16:00Z,Cleveland Guardians,Arizona Diamondbacks,betus,totals,Over,8.0,-115,1.8696
2026-08-01T02:50:00Z,open,65f625f15ac20a0c9dd7905ac686d7aa,,2026-07-31,2026-08-01T23:16:00Z,Cleveland Guardians,Arizona Diamondbacks,betus,totals,Under,8.0,-105,1.9524
2026-08-01T02:50:00Z,open,65f625f15ac20a0c9dd7905ac686d7aa,,2026-07-31,2026-08-01T23:16:00Z,Cleveland Guardians,Arizona Diamondbacks,betrivers,h2h,Arizona Diamondbacks,,132,2.32
2026-08-01T02:50:00Z,open,65f625f15ac20a0c9dd7905ac686d7aa,,2026-07-31,2026-08-01T23:16:00Z,Cleveland Guardians,Arizona Diamondbacks,betrivers,h2h,Cleveland Guardians,,-157,1.6369
2026-08-01T02:50:00Z,open,65f625f15ac20a0c9dd7905ac686d7aa,,2026-07-31,2026-08-01T23:16:00Z,Cleveland Guardians,Arizona Diamondbacks,betrivers,spreads,Arizona Diamondbacks,1.5,-167,1.5988
2026-08-01T02:50:00Z,open,65f625f15ac20a0c9dd7905ac686d7aa,,2026-07-31,2026-08-01T23:16:00Z,Cleveland Guardians,Arizona Diamondbacks,betrivers,spreads,Cleveland Guardians,-1.5,133,2.33
2026-08-01T02:50:00Z,open,65f625f15ac20a0c9dd7905ac686d7aa,,2026-07-31,2026-08-01T23:16:00Z,Cleveland Guardians,Arizona Diamondbacks,betrivers,totals,Over,8.0,-121,1.8264
2026-08-01T02:50:00Z,open,65f625f15ac20a0c9dd7905ac686d7aa,,2026-07-31,2026-08-01T23:16:00Z,Cleveland Guardians,Arizona Diamondbacks,betrivers,totals,Under,8.0,-103,1.9709
2026-08-01T02:50:00Z,open,07b62357ba8988490469a685727ecf38,,2026-07-31,2026-08-01T23:16:00Z,Atlanta Braves,Washington Nationals,fanduel,h2h,Atlanta Braves,,-184,1.5435
2026-08-01T02:50:00Z,open,07b62357ba8988490469a685727ecf38,,2026-07-31,2026-08-01T23:16:00Z,Atlanta Braves,Washington Nationals,fanduel,h2h,Washington Nationals,,170,2.7
2026-08-01T02:50:00Z,open,07b62357ba8988490469a685727ecf38,,2026-07-31,2026-08-01T23:16:00Z,Atlanta Braves,Washington Nationals,fanduel,spreads,Atlanta Braves,-1.5,112,2.12
2026-08-01T02:50:00Z,open,07b62357ba8988490469a685727ecf38,,2026-07-31,2026-08-01T23:16:00Z,Atlanta Braves,Washington Nationals,fanduel,spreads,Washington Nationals,1.5,-134,1.7463
2026-08-01T02:50:00Z,open,07b62357ba8988490469a685727ecf38,,2026-07-31,2026-08-01T23:16:00Z,Atlanta Braves,Washington Nationals,fanduel,totals,Over,9.5,102,2.02
2026-08-01T02:50:00Z,open,07b62357ba8988490469a685727ecf38,,2026-07-31,2026-08-01T23:16:00Z,Atlanta Braves,Washington Nationals,fanduel,totals,Under,9.5,-124,1.8065
2026-08-01T02:50:00Z,open,07b62357ba8988490469a685727ecf38,,2026-07-31,2026-08-01T23:16:00Z,Atlanta Braves,Washington Nationals,mybookieag,h2h,Atlanta Braves,,-188,1.5319
2026-08-01T02:50:00Z,open,07b62357ba8988490469a685727ecf38,,2026-07-31,2026-08-01T23:16:00Z,Atlanta Braves,Washington Nationals,mybookieag,h2h,Washington Nationals,,158,2.58
2026-08-01T02:50:00Z,open,07b62357ba8988490469a685727ecf38,,2026-07-31,2026-08-01T23:16:00Z,Atlanta Braves,Washington Nationals,mybookieag,spreads,Atlanta Braves,-1.5,111,2.11
2026-08-01T02:50:00Z,open,07b62357ba8988490469a685727ecf38,,2026-07-31,2026-08-01T23:16:00Z,Atlanta Braves,Washington Nationals,mybookieag,spreads,Washington Nationals,1.5,-131,1.7634
2026-08-01T02:50:00Z,open,07b62357ba8988490469a685727ecf38,,2026-07-31,2026-08-01T23:16:00Z,Atlanta Braves,Washington Nationals,mybookieag,totals,Over,9.5,-103,1.9709
2026-08-01T02:50:00Z,open,07b62357ba8988490469a685727ecf38,,2026-07-31,2026-08-01T23:16:00Z,Atlanta Braves,Washington Nationals,mybookieag,totals,Under,9.5,-119,1.8403
2026-08-01T02:50:00Z,open,07b62357ba8988490469a685727ecf38,,2026-07-31,2026-08-01T23:16:00Z,Atlanta Braves,Washington Nationals,lowvig,h2h,Atlanta Braves,,-185,1.5405
2026-08-01T02:50:00Z,open,07b62357ba8988490469a685727ecf38,,2026-07-31,2026-08-01T23:16:00Z,Atlanta Braves,Washington Nationals,lowvig,h2h,Washington Nationals,,167,2.67
2026-08-01T02:50:00Z,open,07b62357ba8988490469a685727ecf38,,2026-07-31,2026-08-01T23:16:00Z,Atlanta Braves,Washington Nationals,lowvig,spreads,Atlanta Braves,-1.5,108,2.08
2026-08-01T02:50:00Z,open,07b62357ba8988490469a685727ecf38,,2026-07-31,2026-08-01T23:16:00Z,Atlanta Braves,Washington Nationals,lowvig,spreads,Washington Nationals,1.5,-122,1.8197
2026-08-01T02:50:00Z,open,07b62357ba8988490469a685727ecf38,,2026-07-31,2026-08-01T23:16:00Z,Atlanta Braves,Washington Nationals,lowvig,totals,Over,9.5,103,2.03
2026-08-01T02:50:00Z,open,07b62357ba8988490469a685727ecf38,,2026-07-31,2026-08-01T23:16:00Z,Atlanta Braves,Washington Nationals,lowvig,totals,Under,9.5,-118,1.8475
2026-08-01T02:50:00Z,open,07b62357ba8988490469a685727ecf38,,2026-07-31,2026-08-01T23:16:00Z,Atlanta Braves,Washington Nationals,betonlineag,h2h,Atlanta Braves,,-185,1.5405
2026-08-01T02:50:00Z,open,07b62357ba8988490469a685727ecf38,,2026-07-31,2026-08-01T23:16:00Z,Atlanta Braves,Washington Nationals,betonlineag,h2h,Washington Nationals,,167,2.67
2026-08-01T02:50:00Z,open,07b62357ba8988490469a685727ecf38,,2026-07-31,2026-08-01T23:16:00Z,Atlanta Braves,Washington Nationals,betonlineag,spreads,Atlanta Braves,-1.5,105,2.05
2026-08-01T02:50:00Z,open,07b62357ba8988490469a685727ecf38,,2026-07-31,2026-08-01T23:16:00Z,Atlanta Braves,Washington Nationals,betonlineag,spreads,Washington Nationals,1.5,-125,1.8
2026-08-01T02:50:00Z,open,07b62357ba8988490469a685727ecf38,,2026-07-31,2026-08-01T23:16:00Z,Atlanta Braves,Washington Nationals,betonlineag,totals,Over,9.5,100,2.0
2026-08-01T02:50:00Z,open,07b62357ba8988490469a685727ecf38,,2026-07-31,2026-08-01T23:16:00Z,Atlanta Braves,Washington Nationals,betonlineag,totals,Under,9.5,-120,1.8333
2026-08-01T02:50:00Z,open,07b62357ba8988490469a685727ecf38,,2026-07-31,2026-08-01T23:16:00Z,Atlanta Braves,Washington Nationals,draftkings,h2h,Atlanta Braves,,-197,1.5076
2026-08-01T02:50:00Z,open,07b62357ba8988490469a685727ecf38,,2026-07-31,2026-08-01T23:16:00Z,Atlanta Braves,Washington Nationals,draftkings,h2h,Washington Nationals,,161,2.61
2026-08-01T02:50:00Z,open,07b62357ba8988490469a685727ecf38,,2026-07-31,2026-08-01T23:16:00Z,Atlanta Braves,Washington Nationals,draftkings,spreads,Atlanta Braves,-1.5,108,2.08
2026-08-01T02:50:00Z,open,07b62357ba8988490469a685727ecf38,,2026-07-31,2026-08-01T23:16:00Z,Atlanta Braves,Washington Nationals,draftkings,spreads,Washington Nationals,1.5,-130,1.7692
2026-08-01T02:50:00Z,open,07b62357ba8988490469a685727ecf38,,2026-07-31,2026-08-01T23:16:00Z,Atlanta Braves,Washington Nationals,draftkings,totals,Over,9.5,-102,1.9804
2026-08-01T02:50:00Z,open,07b62357ba8988490469a685727ecf38,,2026-07-31,2026-08-01T23:16:00Z,Atlanta Braves,Washington Nationals,draftkings,totals,Under,9.5,-118,1.8475
2026-08-01T02:50:00Z,open,07b62357ba8988490469a685727ecf38,,2026-07-31,2026-08-01T23:16:00Z,Atlanta Braves,Washington Nationals,betmgm,h2h,Atlanta Braves,,-200,1.5
2026-08-01T02:50:00Z,open,07b62357ba8988490469a685727ecf38,,2026-07-31,2026-08-01T23:16:00Z,Atlanta Braves,Washington Nationals,betmgm,h2h,Washington Nationals,,165,2.65
2026-08-01T02:50:00Z,open,07b62357ba8988490469a685727ecf38,,2026-07-31,2026-08-01T23:16:00Z,Atlanta Braves,Washington Nationals,betmgm,spreads,Atlanta Braves,-1.5,105,2.05
2026-08-01T02:50:00Z,open,07b62357ba8988490469a685727ecf38,,2026-07-31,2026-08-01T23:16:00Z,Atlanta Braves,Washington Nationals,betmgm,spreads,Washington Nationals,1.5,-130,1.7692
2026-08-01T02:50:00Z,open,07b62357ba8988490469a685727ecf38,,2026-07-31,2026-08-01T23:16:00Z,Atlanta Braves,Washington Nationals,betmgm,totals,Over,9.5,100,2.0
2026-08-01T02:50:00Z,open,07b62357ba8988490469a685727ecf38,,2026-07-31,2026-08-01T23:16:00Z,Atlanta Braves,Washington Nationals,betmgm,totals,Under,9.5,-120,1.8333
2026-08-01T02:50:00Z,open,07b62357ba8988490469a685727ecf38,,2026-07-31,2026-08-01T23:16:00Z,Atlanta Braves,Washington Nationals,bovada,h2h,Atlanta Braves,,-195,1.5128
2026-08-01T02:50:00Z,open,07b62357ba8988490469a685727ecf38,,2026-07-31,2026-08-01T23:16:00Z,Atlanta Braves,Washington Nationals,bovada,h2h,Washington Nationals,,160,2.6
2026-08-01T02:50:00Z,open,07b62357ba8988490469a685727ecf38,,2026-07-31,2026-08-01T23:16:00Z,Atlanta Braves,Washington Nationals,bovada,spreads,Atlanta Braves,-1.5,105,2.05
2026-08-01T02:50:00Z,open,07b62357ba8988490469a685727ecf38,,2026-07-31,2026-08-01T23:16:00Z,Atlanta Braves,Washington Nationals,bovada,spreads,Washington Nationals,1.5,-125,1.8
2026-08-01T02:50:00Z,open,07b62357ba8988490469a685727ecf38,,2026-07-31,2026-08-01T23:16:00Z,Atlanta Braves,Washington Nationals,bovada,totals,Over,9.5,-105,1.9524
2026-08-01T02:50:00Z,open,07b62357ba8988490469a685727ecf38,,2026-07-31,2026-08-01T23:16:00Z,Atlanta Braves,Washington Nationals,bovada,totals,Under,9.5,-115,1.8696
2026-08-01T02:50:00Z,open,07b62357ba8988490469a685727ecf38,,2026-07-31,2026-08-01T23:16:00Z,Atlanta Braves,Washington Nationals,betrivers,h2h,Atlanta Braves,,-205,1.4878
2026-08-01T02:50:00Z,open,07b62357ba8988490469a685727ecf38,,2026-07-31,2026-08-01T23:16:00Z,Atlanta Braves,Washington Nationals,betrivers,h2h,Washington Nationals,,170,2.7
2026-08-01T02:50:00Z,open,07b62357ba8988490469a685727ecf38,,2026-07-31,2026-08-01T23:16:00Z,Atlanta Braves,Washington Nationals,betrivers,spreads,Atlanta Braves,-1.5,104,2.04
2026-08-01T02:50:00Z,open,07b62357ba8988490469a685727ecf38,,2026-07-31,2026-08-01T23:16:00Z,Atlanta Braves,Washington Nationals,betrivers,spreads,Washington Nationals,1.5,-129,1.7752
2026-08-01T02:50:00Z,open,07b62357ba8988490469a685727ecf38,,2026-07-31,2026-08-01T23:16:00Z,Atlanta Braves,Washington Nationals,betrivers,totals,Over,9.0,-108,1.9259
2026-08-01T02:50:00Z,open,07b62357ba8988490469a685727ecf38,,2026-07-31,2026-08-01T23:16:00Z,Atlanta Braves,Washington Nationals,betrivers,totals,Under,9.0,-115,1.8696
2026-08-01T02:50:00Z,open,07b62357ba8988490469a685727ecf38,,2026-07-31,2026-08-01T23:16:00Z,Atlanta Braves,Washington Nationals,betus,h2h,Atlanta Braves,,-185,1.5405
2026-08-01T02:50:00Z,open,07b62357ba8988490469a685727ecf38,,2026-07-31,2026-08-01T23:16:00Z,Atlanta Braves,Washington Nationals,betus,h2h,Washington Nationals,,162,2.62
2026-08-01T02:50:00Z,open,07b62357ba8988490469a685727ecf38,,2026-07-31,2026-08-01T23:16:00Z,Atlanta Braves,Washington Nationals,betus,spreads,Atlanta Braves,-1.5,105,2.05
2026-08-01T02:50:00Z,open,07b62357ba8988490469a685727ecf38,,2026-07-31,2026-08-01T23:16:00Z,Atlanta Braves,Washington Nationals,betus,spreads,Washington Nationals,1.5,-125,1.8
2026-08-01T02:50:00Z,open,07b62357ba8988490469a685727ecf38,,2026-07-31,2026-08-01T23:16:00Z,Atlanta Braves,Washington Nationals,betus,totals,Over,9.5,100,2.0
2026-08-01T02:50:00Z,open,07b62357ba8988490469a685727ecf38,,2026-07-31,2026-08-01T23:16:00Z,Atlanta Braves,Washington Nationals,betus,totals,Under,9.5,-120,1.8333
2026-08-01T02:50:00Z,open,1a1c1a4c350d1fb71d29920db55c19f5,,2026-07-31,2026-08-01T23:16:00Z,Chicago Cubs,New York Yankees,fanduel,h2h,Chicago Cubs,,114,2.14
2026-08-01T02:50:00Z,open,1a1c1a4c350d1fb71d29920db55c19f5,,2026-07-31,2026-08-01T23:16:00Z,Chicago Cubs,New York Yankees,fanduel,h2h,New York Yankees,,-124,1.8065
2026-08-01T02:50:00Z,open,1a1c1a4c350d1fb71d29920db55c19f5,,2026-07-31,2026-08-01T23:16:00Z,Chicago Cubs,New York Yankees,fanduel,spreads,Chicago Cubs,1.5,-178,1.5618
2026-08-01T02:50:00Z,open,1a1c1a4c350d1fb71d29920db55c19f5,,2026-07-31,2026-08-01T23:16:00Z,Chicago Cubs,New York Yankees,fanduel,spreads,New York Yankees,-1.5,146,2.46
2026-08-01T02:50:00Z,open,1a1c1a4c350d1fb71d29920db55c19f5,,2026-07-31,2026-08-01T23:16:00Z,Chicago Cubs,New York Yankees,fanduel,totals,Over,6.5,-104,1.9615
2026-08-01T02:50:00Z,open,1a1c1a4c350d1fb71d29920db55c19f5,,2026-07-31,2026-08-01T23:16:00Z,Chicago Cubs,New York Yankees,fanduel,totals,Under,6.5,-118,1.8475
2026-08-01T02:50:00Z,open,1a1c1a4c350d1fb71d29920db55c19f5,,2026-07-31,2026-08-01T23:16:00Z,Chicago Cubs,New York Yankees,mybookieag,h2h,Chicago Cubs,,106,2.06
2026-08-01T02:50:00Z,open,1a1c1a4c350d1fb71d29920db55c19f5,,2026-07-31,2026-08-01T23:16:00Z,Chicago Cubs,New York Yankees,mybookieag,h2h,New York Yankees,,-125,1.8
2026-08-01T02:50:00Z,open,1a1c1a4c350d1fb71d29920db55c19f5,,2026-07-31,2026-08-01T23:16:00Z,Chicago Cubs,New York Yankees,mybookieag,spreads,Chicago Cubs,1.5,-172,1.5814
2026-08-01T02:50:00Z,open,1a1c1a4c350d1fb71d29920db55c19f5,,2026-07-31,2026-08-01T23:16:00Z,Chicago Cubs,New York Yankees,mybookieag,spreads,New York Yankees,-1.5,145,2.45
2026-08-01T02:50:00Z,open,1a1c1a4c350d1fb71d29920db55c19f5,,2026-07-31,2026-08-01T23:16:00Z,Chicago Cubs,New York Yankees,mybookieag,totals,Over,6.5,-105,1.9524
2026-08-01T02:50:00Z,open,1a1c1a4c350d1fb71d29920db55c19f5,,2026-07-31,2026-08-01T23:16:00Z,Chicago Cubs,New York Yankees,mybookieag,totals,Under,6.5,-116,1.8621
2026-08-01T02:50:00Z,open,1a1c1a4c350d1fb71d29920db55c19f5,,2026-07-31,2026-08-01T23:16:00Z,Chicago Cubs,New York Yankees,lowvig,h2h,Chicago Cubs,,107,2.07
2026-08-01T02:50:00Z,open,1a1c1a4c350d1fb71d29920db55c19f5,,2026-07-31,2026-08-01T23:16:00Z,Chicago Cubs,New York Yankees,lowvig,h2h,New York Yankees,,-118,1.8475
2026-08-01T02:50:00Z,open,1a1c1a4c350d1fb71d29920db55c19f5,,2026-07-31,2026-08-01T23:16:00Z,Chicago Cubs,New York Yankees,lowvig,spreads,Chicago Cubs,1.5,-165,1.6061
2026-08-01T02:50:00Z,open,1a1c1a4c350d1fb71d29920db55c19f5,,2026-07-31,2026-08-01T23:16:00Z,Chicago Cubs,New York Yankees,lowvig,spreads,New York Yankees,-1.5,146,2.46
2026-08-01T02:50:00Z,open,1a1c1a4c350d1fb71d29920db55c19f5,,2026-07-31,2026-08-01T23:16:00Z,Chicago Cubs,New York Yankees,lowvig,totals,Over,6.5,103,2.03
2026-08-01T02:50:00Z,open,1a1c1a4c350d1fb71d29920db55c19f5,,2026-07-31,2026-08-01T23:16:00Z,Chicago Cubs,New York Yankees,lowvig,totals,Under,6.5,-118,1.8475
2026-08-01T02:50:00Z,open,1a1c1a4c350d1fb71d29920db55c19f5,,2026-07-31,2026-08-01T23:16:00Z,Chicago Cubs,New York Yankees,betonlineag,h2h,Chicago Cubs,,107,2.07
2026-08-01T02:50:00Z,open,1a1c1a4c350d1fb71d29920db55c19f5,,2026-07-31,2026-08-01T23:16:00Z,Chicago Cubs,New York Yankees,betonlineag,h2h,New York Yankees,,-118,1.8475
2026-08-01T02:50:00Z,open,1a1c1a4c350d1fb71d29920db55c19f5,,2026-07-31,2026-08-01T23:16:00Z,Chicago Cubs,New York Yankees,betonlineag,spreads,Chicago Cubs,1.5,-165,1.6061
2026-08-01T02:50:00Z,open,1a1c1a4c350d1fb71d29920db55c19f5,,2026-07-31,2026-08-01T23:16:00Z,Chicago Cubs,New York Yankees,betonlineag,spreads,New York Yankees,-1.5,145,2.45
2026-08-01T02:50:00Z,open,1a1c1a4c350d1fb71d29920db55c19f5,,2026-07-31,2026-08-01T23:16:00Z,Chicago Cubs,New York Yankees,betonlineag,totals,Over,6.5,100,2.0
2026-08-01T02:50:00Z,open,1a1c1a4c350d1fb71d29920db55c19f5,,2026-07-31,2026-08-01T23:16:00Z,Chicago Cubs,New York Yankees,betonlineag,totals,Under,6.5,-120,1.8333
2026-08-01T02:50:00Z,open,1a1c1a4c350d1fb71d29920db55c19f5,,2026-07-31,2026-08-01T23:16:00Z,Chicago Cubs,New York Yankees,draftkings,h2h,Chicago Cubs,,104,2.04
2026-08-01T02:50:00Z,open,1a1c1a4c350d1fb71d29920db55c19f5,,2026-07-31,2026-08-01T23:16:00Z,Chicago Cubs,New York Yankees,draftkings,h2h,New York Yankees,,-125,1.8
2026-08-01T02:50:00Z,open,1a1c1a4c350d1fb71d29920db55c19f5,,2026-07-31,2026-08-01T23:16:00Z,Chicago Cubs,New York Yankees,draftkings,spreads,Chicago Cubs,1.5,-175,1.5714
2026-08-01T02:50:00Z,open,1a1c1a4c350d1fb71d29920db55c19f5,,2026-07-31,2026-08-01T23:16:00Z,Chicago Cubs,New York Yankees,draftkings,spreads,New York Yankees,-1.5,144,2.44
2026-08-01T02:50:00Z,open,1a1c1a4c350d1fb71d29920db55c19f5,,2026-07-31,2026-08-01T23:16:00Z,Chicago Cubs,New York Yankees,draftkings,totals,Over,6.5,-104,1.9615
2026-08-01T02:50:00Z,open,1a1c1a4c350d1fb71d29920db55c19f5,,2026-07-31,2026-08-01T23:16:00Z,Chicago Cubs,New York Yankees,draftkings,totals,Under,6.5,-115,1.8696
2026-08-01T02:50:00Z,open,1a1c1a4c350d1fb71d29920db55c19f5,,2026-07-31,2026-08-01T23:16:00Z,Chicago Cubs,New York Yankees,betmgm,h2h,Chicago Cubs,,105,2.05
2026-08-01T02:50:00Z,open,1a1c1a4c350d1fb71d29920db55c19f5,,2026-07-31,2026-08-01T23:16:00Z,Chicago Cubs,New York Yankees,betmgm,h2h,New York Yankees,,-130,1.7692
2026-08-01T02:50:00Z,open,1a1c1a4c350d1fb71d29920db55c19f5,,2026-07-31,2026-08-01T23:16:00Z,Chicago Cubs,New York Yankees,betmgm,spreads,Chicago Cubs,1.5,-170,1.5882
2026-08-01T02:50:00Z,open,1a1c1a4c350d1fb71d29920db55c19f5,,2026-07-31,2026-08-01T23:16:00Z,Chicago Cubs,New York Yankees,betmgm,spreads,New York Yankees,-1.5,140,2.4
2026-08-01T02:50:00Z,open,1a1c1a4c350d1fb71d29920db55c19f5,,2026-07-31,2026-08-01T23:16:00Z,Chicago Cubs,New York Yankees,betmgm,totals,Over,6.5,-102,1.9804
2026-08-01T02:50:00Z,open,1a1c1a4c350d1fb71d29920db55c19f5,,2026-07-31,2026-08-01T23:16:00Z,Chicago Cubs,New York Yankees,betmgm,totals,Under,6.5,-118,1.8475
2026-08-01T02:50:00Z,open,1a1c1a4c350d1fb71d29920db55c19f5,,2026-07-31,2026-08-01T23:16:00Z,Chicago Cubs,New York Yankees,bovada,h2h,Chicago Cubs,,107,2.07
2026-08-01T02:50:00Z,open,1a1c1a4c350d1fb71d29920db55c19f5,,2026-07-31,2026-08-01T23:16:00Z,Chicago Cubs,New York Yankees,bovada,h2h,New York Yankees,,-128,1.7812
2026-08-01T02:50:00Z,open,1a1c1a4c350d1fb71d29920db55c19f5,,2026-07-31,2026-08-01T23:16:00Z,Chicago Cubs,New York Yankees,bovada,spreads,Chicago Cubs,1.5,-175,1.5714
2026-08-01T02:50:00Z,open,1a1c1a4c350d1fb71d29920db55c19f5,,2026-07-31,2026-08-01T23:16:00Z,Chicago Cubs,New York Yankees,bovada,spreads,New York Yankees,-1.5,150,2.5
2026-08-01T02:50:00Z,open,1a1c1a4c350d1fb71d29920db55c19f5,,2026-07-31,2026-08-01T23:16:00Z,Chicago Cubs,New York Yankees,bovada,totals,Over,6.5,-110,1.9091
2026-08-01T02:50:00Z,open,1a1c1a4c350d1fb71d29920db55c19f5,,2026-07-31,2026-08-01T23:16:00Z,Chicago Cubs,New York Yankees,bovada,totals,Under,6.5,-110,1.9091
2026-08-01T02:50:00Z,open,1a1c1a4c350d1fb71d29920db55c19f5,,2026-07-31,2026-08-01T23:16:00Z,Chicago Cubs,New York Yankees,betus,h2h,Chicago Cubs,,108,2.08
2026-08-01T02:50:00Z,open,1a1c1a4c350d1fb71d29920db55c19f5,,2026-07-31,2026-08-01T23:16:00Z,Chicago Cubs,New York Yankees,betus,h2h,New York Yankees,,-118,1.8475
2026-08-01T02:50:00Z,open,1a1c1a4c350d1fb71d29920db55c19f5,,2026-07-31,2026-08-01T23:16:00Z,Chicago Cubs,New York Yankees,betus,spreads,Chicago Cubs,1.5,-165,1.6061
2026-08-01T02:50:00Z,open,1a1c1a4c350d1fb71d29920db55c19f5,,2026-07-31,2026-08-01T23:16:00Z,Chicago Cubs,New York Yankees,betus,spreads,New York Yankees,-1.5,144,2.44
2026-08-01T02:50:00Z,open,1a1c1a4c350d1fb71d29920db55c19f5,,2026-07-31,2026-08-01T23:16:00Z,Chicago Cubs,New York Yankees,betus,totals,Over,6.5,100,2.0
2026-08-01T02:50:00Z,open,1a1c1a4c350d1fb71d29920db55c19f5,,2026-07-31,2026-08-01T23:16:00Z,Chicago Cubs,New York Yankees,betus,totals,Under,6.5,-120,1.8333
2026-08-01T02:50:00Z,open,1a1c1a4c350d1fb71d29920db55c19f5,,2026-07-31,2026-08-01T23:16:00Z,Chicago Cubs,New York Yankees,betrivers,h2h,Chicago Cubs,,102,2.02
2026-08-01T02:50:00Z,open,1a1c1a4c350d1fb71d29920db55c19f5,,2026-07-31,2026-08-01T23:16:00Z,Chicago Cubs,New York Yankees,betrivers,h2h,New York Yankees,,-121,1.8264
2026-08-01T02:50:00Z,open,1a1c1a4c350d1fb71d29920db55c19f5,,2026-07-31,2026-08-01T23:16:00Z,Chicago Cubs,New York Yankees,betrivers,spreads,Chicago Cubs,1.5,-200,1.5
2026-08-01T02:50:00Z,open,1a1c1a4c350d1fb71d29920db55c19f5,,2026-07-31,2026-08-01T23:16:00Z,Chicago Cubs,New York Yankees,betrivers,spreads,New York Yankees,-1.5,155,2.55
2026-08-01T02:50:00Z,open,1a1c1a4c350d1fb71d29920db55c19f5,,2026-07-31,2026-08-01T23:16:00Z,Chicago Cubs,New York Yankees,betrivers,totals,Over,6.5,-104,1.9615
2026-08-01T02:50:00Z,open,1a1c1a4c350d1fb71d29920db55c19f5,,2026-07-31,2026-08-01T23:16:00Z,Chicago Cubs,New York Yankees,betrivers,totals,Under,6.5,-121,1.8264
2026-08-01T02:50:00Z,open,e22f383c06fc65d61b450e0039f9ec3f,,2026-07-31,2026-08-02T00:10:00Z,Colorado Rockies,Kansas City Royals,fanduel,h2h,Colorado Rockies,,-114,1.8772
2026-08-01T02:50:00Z,open,e22f383c06fc65d61b450e0039f9ec3f,,2026-07-31,2026-08-02T00:10:00Z,Colorado Rockies,Kansas City Royals,fanduel,h2h,Kansas City Royals,,104,2.04
2026-08-01T02:50:00Z,open,e22f383c06fc65d61b450e0039f9ec3f,,2026-07-31,2026-08-02T00:10:00Z,Colorado Rockies,Kansas City Royals,fanduel,spreads,Colorado Rockies,1.5,-182,1.5495
2026-08-01T02:50:00Z,open,e22f383c06fc65d61b450e0039f9ec3f,,2026-07-31,2026-08-02T00:10:00Z,Colorado Rockies,Kansas City Royals,fanduel,spreads,Kansas City Royals,-1.5,150,2.5
2026-08-01T02:50:00Z,open,e22f383c06fc65d61b450e0039f9ec3f,,2026-07-31,2026-08-02T00:10:00Z,Colorado Rockies,Kansas City Royals,fanduel,totals,Over,12.0,-104,1.9615
2026-08-01T02:50:00Z,open,e22f383c06fc65d61b450e0039f9ec3f,,2026-07-31,2026-08-02T00:10:00Z,Colorado Rockies,Kansas City Royals,fanduel,totals,Under,12.0,-118,1.8475
2026-08-01T02:50:00Z,open,e22f383c06fc65d61b450e0039f9ec3f,,2026-07-31,2026-08-02T00:10:00Z,Colorado Rockies,Kansas City Royals,mybookieag,h2h,Colorado Rockies,,-120,1.8333
2026-08-01T02:50:00Z,open,e22f383c06fc65d61b450e0039f9ec3f,,2026-07-31,2026-08-02T00:10:00Z,Colorado Rockies,Kansas City Royals,mybookieag,h2h,Kansas City Royals,,103,2.03
2026-08-01T02:50:00Z,open,e22f383c06fc65d61b450e0039f9ec3f,,2026-07-31,2026-08-02T00:10:00Z,Colorado Rockies,Kansas City Royals,mybookieag,spreads,Colorado Rockies,1.5,-175,1.5714
2026-08-01T02:50:00Z,open,e22f383c06fc65d61b450e0039f9ec3f,,2026-07-31,2026-08-02T00:10:00Z,Colorado Rockies,Kansas City Royals,mybookieag,spreads,Kansas City Royals,-1.5,147,2.47
2026-08-01T02:50:00Z,open,e22f383c06fc65d61b450e0039f9ec3f,,2026-07-31,2026-08-02T00:10:00Z,Colorado Rockies,Kansas City Royals,mybookieag,totals,Over,12.0,-105,1.9524
2026-08-01T02:50:00Z,open,e22f383c06fc65d61b450e0039f9ec3f,,2026-07-31,2026-08-02T00:10:00Z,Colorado Rockies,Kansas City Royals,mybookieag,totals,Under,12.0,-116,1.8621
2026-08-01T02:50:00Z,open,e22f383c06fc65d61b450e0039f9ec3f,,2026-07-31,2026-08-02T00:10:00Z,Colorado Rockies,Kansas City Royals,lowvig,h2h,Colorado Rockies,,-115,1.8696
2026-08-01T02:50:00Z,open,e22f383c06fc65d61b450e0039f9ec3f,,2026-07-31,2026-08-02T00:10:00Z,Colorado Rockies,Kansas City Royals,lowvig,h2h,Kansas City Royals,,104,2.04
2026-08-01T02:50:00Z,open,e22f383c06fc65d61b450e0039f9ec3f,,2026-07-31,2026-08-02T00:10:00Z,Colorado Rockies,Kansas City Royals,lowvig,spreads,Colorado Rockies,-1.5,158,2.58
2026-08-01T02:50:00Z,open,e22f383c06fc65d61b450e0039f9ec3f,,2026-07-31,2026-08-02T00:10:00Z,Colorado Rockies,Kansas City Royals,lowvig,spreads,Kansas City Royals,1.5,-180,1.5556
2026-08-01T02:50:00Z,open,e22f383c06fc65d61b450e0039f9ec3f,,2026-07-31,2026-08-02T00:10:00Z,Colorado Rockies,Kansas City Royals,lowvig,totals,Over,12.0,-102,1.9804
2026-08-01T02:50:00Z,open,e22f383c06fc65d61b450e0039f9ec3f,,2026-07-31,2026-08-02T00:10:00Z,Colorado Rockies,Kansas City Royals,lowvig,totals,Under,12.0,-113,1.885
2026-08-01T02:50:00Z,open,e22f383c06fc65d61b450e0039f9ec3f,,2026-07-31,2026-08-02T00:10:00Z,Colorado Rockies,Kansas City Royals,betonlineag,h2h,Colorado Rockies,,-115,1.8696
2026-08-01T02:50:00Z,open,e22f383c06fc65d61b450e0039f9ec3f,,2026-07-31,2026-08-02T00:10:00Z,Colorado Rockies,Kansas City Royals,betonlineag,h2h,Kansas City Royals,,104,2.04
2026-08-01T02:50:00Z,open,e22f383c06fc65d61b450e0039f9ec3f,,2026-07-31,2026-08-02T00:10:00Z,Colorado Rockies,Kansas City Royals,betonlineag,spreads,Colorado Rockies,-1.5,157,2.57
2026-08-01T02:50:00Z,open,e22f383c06fc65d61b450e0039f9ec3f,,2026-07-31,2026-08-02T00:10:00Z,Colorado Rockies,Kansas City Royals,betonlineag,spreads,Kansas City Royals,1.5,-180,1.5556
2026-08-01T02:50:00Z,open,e22f383c06fc65d61b450e0039f9ec3f,,2026-07-31,2026-08-02T00:10:00Z,Colorado Rockies,Kansas City Royals,betonlineag,totals,Over,12.0,-105,1.9524
2026-08-01T02:50:00Z,open,e22f383c06fc65d61b450e0039f9ec3f,,2026-07-31,2026-08-02T00:10:00Z,Colorado Rockies,Kansas City Royals,betonlineag,totals,Under,12.0,-115,1.8696
2026-08-01T02:50:00Z,open,e22f383c06fc65d61b450e0039f9ec3f,,2026-07-31,2026-08-02T00:10:00Z,Colorado Rockies,Kansas City Royals,draftkings,h2h,Colorado Rockies,,-118,1.8475
2026-08-01T02:50:00Z,open,e22f383c06fc65d61b450e0039f9ec3f,,2026-07-31,2026-08-02T00:10:00Z,Colorado Rockies,Kansas City Royals,draftkings,h2h,Kansas City Royals,,-102,1.9804
2026-08-01T02:50:00Z,open,e22f383c06fc65d61b450e0039f9ec3f,,2026-07-31,2026-08-02T00:10:00Z,Colorado Rockies,Kansas City Royals,draftkings,spreads,Colorado Rockies,1.5,-173,1.578
2026-08-01T02:50:00Z,open,e22f383c06fc65d61b450e0039f9ec3f,,2026-07-31,2026-08-02T00:10:00Z,Colorado Rockies,Kansas City Royals,draftkings,spreads,Kansas City Royals,-1.5,143,2.43
2026-08-01T02:50:00Z,open,e22f383c06fc65d61b450e0039f9ec3f,,2026-07-31,2026-08-02T00:10:00Z,Colorado Rockies,Kansas City Royals,draftkings,totals,Over,12.0,-105,1.9524
2026-08-01T02:50:00Z,open,e22f383c06fc65d61b450e0039f9ec3f,,2026-07-31,2026-08-02T00:10:00Z,Colorado Rockies,Kansas City Royals,draftkings,totals,Under,12.0,-115,1.8696
2026-08-01T02:50:00Z,open,e22f383c06fc65d61b450e0039f9ec3f,,2026-07-31,2026-08-02T00:10:00Z,Colorado Rockies,Kansas City Royals,betmgm,h2h,Colorado Rockies,,-120,1.8333
2026-08-01T02:50:00Z,open,e22f383c06fc65d61b450e0039f9ec3f,,2026-07-31,2026-08-02T00:10:00Z,Colorado Rockies,Kansas City Royals,betmgm,h2h,Kansas City Royals,,100,2.0
2026-08-01T02:50:00Z,open,e22f383c06fc65d61b450e0039f9ec3f,,2026-07-31,2026-08-02T00:10:00Z,Colorado Rockies,Kansas City Royals,betmgm,spreads,Colorado Rockies,1.5,-185,1.5405
2026-08-01T02:50:00Z,open,e22f383c06fc65d61b450e0039f9ec3f,,2026-07-31,2026-08-02T00:10:00Z,Colorado Rockies,Kansas City Royals,betmgm,spreads,Kansas City Royals,-1.5,150,2.5
2026-08-01T02:50:00Z,open,e22f383c06fc65d61b450e0039f9ec3f,,2026-07-31,2026-08-02T00:10:00Z,Colorado Rockies,Kansas City Royals,betmgm,totals,Over,12.0,-105,1.9524
2026-08-01T02:50:00Z,open,e22f383c06fc65d61b450e0039f9ec3f,,2026-07-31,2026-08-02T00:10:00Z,Colorado Rockies,Kansas City Royals,betmgm,totals,Under,12.0,-115,1.8696
2026-08-01T02:50:00Z,open,e22f383c06fc65d61b450e0039f9ec3f,,2026-07-31,2026-08-02T00:10:00Z,Colorado Rockies,Kansas City Royals,bovada,h2h,Colorado Rockies,,-116,1.8621
2026-08-01T02:50:00Z,open,e22f383c06fc65d61b450e0039f9ec3f,,2026-07-31,2026-08-02T00:10:00Z,Colorado Rockies,Kansas City Royals,bovada,h2h,Kansas City Royals,,-104,1.9615
2026-08-01T02:50:00Z,open,e22f383c06fc65d61b450e0039f9ec3f,,2026-07-31,2026-08-02T00:10:00Z,Colorado Rockies,Kansas City Royals,bovada,spreads,Colorado Rockies,-1.5,165,2.65
2026-08-01T02:50:00Z,open,e22f383c06fc65d61b450e0039f9ec3f,,2026-07-31,2026-08-02T00:10:00Z,Colorado Rockies,Kansas City Royals,bovada,spreads,Kansas City Royals,1.5,-195,1.5128
2026-08-01T02:50:00Z,open,e22f383c06fc65d61b450e0039f9ec3f,,2026-07-31,2026-08-02T00:10:00Z,Colorado Rockies,Kansas City Royals,bovada,totals,Over,12.0,-105,1.9524
2026-08-01T02:50:00Z,open,e22f383c06fc65d61b450e0039f9ec3f,,2026-07-31,2026-08-02T00:10:00Z,Colorado Rockies,Kansas City Royals,bovada,totals,Under,12.0,-115,1.8696
2026-08-01T02:50:00Z,open,e22f383c06fc65d61b450e0039f9ec3f,,2026-07-31,2026-08-02T00:10:00Z,Colorado Rockies,Kansas City Royals,betrivers,h2h,Colorado Rockies,,-117,1.8547
2026-08-01T02:50:00Z,open,e22f383c06fc65d61b450e0039f9ec3f,,2026-07-31,2026-08-02T00:10:00Z,Colorado Rockies,Kansas City Royals,betrivers,h2h,Kansas City Royals,,-103,1.9709
2026-08-01T02:50:00Z,open,e22f383c06fc65d61b450e0039f9ec3f,,2026-07-31,2026-08-02T00:10:00Z,Colorado Rockies,Kansas City Royals,betrivers,spreads,Colorado Rockies,1.5,-182,1.5495
2026-08-01T02:50:00Z,open,e22f383c06fc65d61b450e0039f9ec3f,,2026-07-31,2026-08-02T00:10:00Z,Colorado Rockies,Kansas City Royals,betrivers,spreads,Kansas City Royals,-1.5,145,2.45
2026-08-01T02:50:00Z,open,e22f383c06fc65d61b450e0039f9ec3f,,2026-07-31,2026-08-02T00:10:00Z,Colorado Rockies,Kansas City Royals,betrivers,totals,Over,12.0,-106,1.9434
2026-08-01T02:50:00Z,open,e22f383c06fc65d61b450e0039f9ec3f,,2026-07-31,2026-08-02T00:10:00Z,Colorado Rockies,Kansas City Royals,betrivers,totals,Under,12.0,-118,1.8475
2026-08-01T02:50:00Z,open,e22f383c06fc65d61b450e0039f9ec3f,,2026-07-31,2026-08-02T00:10:00Z,Colorado Rockies,Kansas City Royals,betus,h2h,Colorado Rockies,,-115,1.8696
2026-08-01T02:50:00Z,open,e22f383c06fc65d61b450e0039f9ec3f,,2026-07-31,2026-08-02T00:10:00Z,Colorado Rockies,Kansas City Royals,betus,h2h,Kansas City Royals,,105,2.05
2026-08-01T02:50:00Z,open,e22f383c06fc65d61b450e0039f9ec3f,,2026-07-31,2026-08-02T00:10:00Z,Colorado Rockies,Kansas City Royals,betus,spreads,Colorado Rockies,-1.5,156,2.56
2026-08-01T02:50:00Z,open,e22f383c06fc65d61b450e0039f9ec3f,,2026-07-31,2026-08-02T00:10:00Z,Colorado Rockies,Kansas City Royals,betus,spreads,Kansas City Royals,1.5,-180,1.5556
2026-08-01T02:50:00Z,open,e22f383c06fc65d61b450e0039f9ec3f,,2026-07-31,2026-08-02T00:10:00Z,Colorado Rockies,Kansas City Royals,betus,totals,Over,12.0,-105,1.9524
2026-08-01T02:50:00Z,open,e22f383c06fc65d61b450e0039f9ec3f,,2026-07-31,2026-08-02T00:10:00Z,Colorado Rockies,Kansas City Royals,betus,totals,Under,12.0,-115,1.8696
2026-08-01T02:50:00Z,open,a7b185894ae44e79e7e12c8533b5778b,,2026-07-31,2026-08-02T00:41:00Z,San Diego Padres,San Francisco Giants,fanduel,h2h,San Diego Padres,,-134,1.7463
2026-08-01T02:50:00Z,open,a7b185894ae44e79e7e12c8533b5778b,,2026-07-31,2026-08-02T00:41:00Z,San Diego Padres,San Francisco Giants,fanduel,h2h,San Francisco Giants,,124,2.24
2026-08-01T02:50:00Z,open,a7b185894ae44e79e7e12c8533b5778b,,2026-07-31,2026-08-02T00:41:00Z,San Diego Padres,San Francisco Giants,fanduel,spreads,San Diego Padres,-1.5,152,2.52
2026-08-01T02:50:00Z,open,a7b185894ae44e79e7e12c8533b5778b,,2026-07-31,2026-08-02T00:41:00Z,San Diego Padres,San Francisco Giants,fanduel,spreads,San Francisco Giants,1.5,-184,1.5435
2026-08-01T02:50:00Z,open,a7b185894ae44e79e7e12c8533b5778b,,2026-07-31,2026-08-02T00:41:00Z,San Diego Padres,San Francisco Giants,fanduel,totals,Over,8.5,-120,1.8333
2026-08-01T02:50:00Z,open,a7b185894ae44e79e7e12c8533b5778b,,2026-07-31,2026-08-02T00:41:00Z,San Diego Padres,San Francisco Giants,fanduel,totals,Under,8.5,-102,1.9804
2026-08-01T02:50:00Z,open,a7b185894ae44e79e7e12c8533b5778b,,2026-07-31,2026-08-02T00:41:00Z,San Diego Padres,San Francisco Giants,mybookieag,h2h,San Diego Padres,,-140,1.7143
2026-08-01T02:50:00Z,open,a7b185894ae44e79e7e12c8533b5778b,,2026-07-31,2026-08-02T00:41:00Z,San Diego Padres,San Francisco Giants,mybookieag,h2h,San Francisco Giants,,119,2.19
2026-08-01T02:50:00Z,open,a7b185894ae44e79e7e12c8533b5778b,,2026-07-31,2026-08-02T00:41:00Z,San Diego Padres,San Francisco Giants,mybookieag,spreads,San Diego Padres,-1.5,136,2.36
2026-08-01T02:50:00Z,open,a7b185894ae44e79e7e12c8533b5778b,,2026-07-31,2026-08-02T00:41:00Z,San Diego Padres,San Francisco Giants,mybookieag,spreads,San Francisco Giants,1.5,-161,1.6211
2026-08-01T02:50:00Z,open,a7b185894ae44e79e7e12c8533b5778b,,2026-07-31,2026-08-02T00:41:00Z,San Diego Padres,San Francisco Giants,mybookieag,totals,Over,8.5,-115,1.8696
2026-08-01T02:50:00Z,open,a7b185894ae44e79e7e12c8533b5778b,,2026-07-31,2026-08-02T00:41:00Z,San Diego Padres,San Francisco Giants,mybookieag,totals,Under,8.5,-106,1.9434
2026-08-01T02:50:00Z,open,a7b185894ae44e79e7e12c8533b5778b,,2026-07-31,2026-08-02T00:41:00Z,San Diego Padres,San Francisco Giants,lowvig,h2h,San Diego Padres,,-132,1.7576
2026-08-01T02:50:00Z,open,a7b185894ae44e79e7e12c8533b5778b,,2026-07-31,2026-08-02T00:41:00Z,San Diego Padres,San Francisco Giants,lowvig,h2h,San Francisco Giants,,120,2.2
2026-08-01T02:50:00Z,open,a7b185894ae44e79e7e12c8533b5778b,,2026-07-31,2026-08-02T00:41:00Z,San Diego Padres,San Francisco Giants,lowvig,totals,Over,8.5,-107,1.9346
2026-08-01T02:50:00Z,open,a7b185894ae44e79e7e12c8533b5778b,,2026-07-31,2026-08-02T00:41:00Z,San Diego Padres,San Francisco Giants,lowvig,totals,Under,8.5,-107,1.9346
2026-08-01T02:50:00Z,open,a7b185894ae44e79e7e12c8533b5778b,,2026-07-31,2026-08-02T00:41:00Z,San Diego Padres,San Francisco Giants,betonlineag,h2h,San Diego Padres,,-132,1.7576
2026-08-01T02:50:00Z,open,a7b185894ae44e79e7e12c8533b5778b,,2026-07-31,2026-08-02T00:41:00Z,San Diego Padres,San Francisco Giants,betonlineag,h2h,San Francisco Giants,,120,2.2
2026-08-01T02:50:00Z,open,a7b185894ae44e79e7e12c8533b5778b,,2026-07-31,2026-08-02T00:41:00Z,San Diego Padres,San Francisco Giants,betonlineag,totals,Over,8.5,-110,1.9091
2026-08-01T02:50:00Z,open,a7b185894ae44e79e7e12c8533b5778b,,2026-07-31,2026-08-02T00:41:00Z,San Diego Padres,San Francisco Giants,betonlineag,totals,Under,8.5,-110,1.9091
2026-08-01T02:50:00Z,open,a7b185894ae44e79e7e12c8533b5778b,,2026-07-31,2026-08-02T00:41:00Z,San Diego Padres,San Francisco Giants,draftkings,h2h,San Diego Padres,,-142,1.7042
2026-08-01T02:50:00Z,open,a7b185894ae44e79e7e12c8533b5778b,,2026-07-31,2026-08-02T00:41:00Z,San Diego Padres,San Francisco Giants,draftkings,h2h,San Francisco Giants,,118,2.18
2026-08-01T02:50:00Z,open,a7b185894ae44e79e7e12c8533b5778b,,2026-07-31,2026-08-02T00:41:00Z,San Diego Padres,San Francisco Giants,draftkings,spreads,San Diego Padres,-1.5,139,2.39
2026-08-01T02:50:00Z,open,a7b185894ae44e79e7e12c8533b5778b,,2026-07-31,2026-08-02T00:41:00Z,San Diego Padres,San Francisco Giants,draftkings,spreads,San Francisco Giants,1.5,-168,1.5952
2026-08-01T02:50:00Z,open,a7b185894ae44e79e7e12c8533b5778b,,2026-07-31,2026-08-02T00:41:00Z,San Diego Padres,San Francisco Giants,draftkings,totals,Over,8.5,-110,1.9091
2026-08-01T02:50:00Z,open,a7b185894ae44e79e7e12c8533b5778b,,2026-07-31,2026-08-02T00:41:00Z,San Diego Padres,San Francisco Giants,draftkings,totals,Under,8.5,-110,1.9091
2026-08-01T02:50:00Z,open,a7b185894ae44e79e7e12c8533b5778b,,2026-07-31,2026-08-02T00:41:00Z,San Diego Padres,San Francisco Giants,betus,h2h,San Diego Padres,,-132,1.7576
2026-08-01T02:50:00Z,open,a7b185894ae44e79e7e12c8533b5778b,,2026-07-31,2026-08-02T00:41:00Z,San Diego Padres,San Francisco Giants,betus,h2h,San Francisco Giants,,120,2.2
2026-08-01T02:50:00Z,open,a7b185894ae44e79e7e12c8533b5778b,,2026-07-31,2026-08-02T00:41:00Z,San Diego Padres,San Francisco Giants,betus,totals,Over,8.5,-110,1.9091
2026-08-01T02:50:00Z,open,a7b185894ae44e79e7e12c8533b5778b,,2026-07-31,2026-08-02T00:41:00Z,San Diego Padres,San Francisco Giants,betus,totals,Under,8.5,-110,1.9091
2026-08-01T02:50:00Z,open,a7b185894ae44e79e7e12c8533b5778b,,2026-07-31,2026-08-02T00:41:00Z,San Diego Padres,San Francisco Giants,bovada,h2h,San Diego Padres,,-142,1.7042
2026-08-01T02:50:00Z,open,a7b185894ae44e79e7e12c8533b5778b,,2026-07-31,2026-08-02T00:41:00Z,San Diego Padres,San Francisco Giants,bovada,h2h,San Francisco Giants,,119,2.19
2026-08-01T02:50:00Z,open,a7b185894ae44e79e7e12c8533b5778b,,2026-07-31,2026-08-02T00:41:00Z,San Diego Padres,San Francisco Giants,bovada,spreads,San Diego Padres,-1.5,155,2.55
2026-08-01T02:50:00Z,open,a7b185894ae44e79e7e12c8533b5778b,,2026-07-31,2026-08-02T00:41:00Z,San Diego Padres,San Francisco Giants,bovada,spreads,San Francisco Giants,1.5,-180,1.5556
2026-08-01T02:50:00Z,open,a7b185894ae44e79e7e12c8533b5778b,,2026-07-31,2026-08-02T00:41:00Z,San Diego Padres,San Francisco Giants,bovada,totals,Over,8.5,-120,1.8333
2026-08-01T02:50:00Z,open,a7b185894ae44e79e7e12c8533b5778b,,2026-07-31,2026-08-02T00:41:00Z,San Diego Padres,San Francisco Giants,bovada,totals,Under,8.5,100,2.0
2026-08-01T02:50:00Z,open,0d7964018e0254e779126e68c56e0a5e,,2026-07-31,2026-08-02T01:11:00Z,Los Angeles Dodgers,Boston Red Sox,fanduel,h2h,Boston Red Sox,,142,2.42
2026-08-01T02:50:00Z,open,0d7964018e0254e779126e68c56e0a5e,,2026-07-31,2026-08-02T01:11:00Z,Los Angeles Dodgers,Boston Red Sox,fanduel,h2h,Los Angeles Dodgers,,-154,1.6494
2026-08-01T02:50:00Z,open,0d7964018e0254e779126e68c56e0a5e,,2026-07-31,2026-08-02T01:11:00Z,Los Angeles Dodgers,Boston Red Sox,fanduel,spreads,Boston Red Sox,1.5,-172,1.5814
2026-08-01T02:50:00Z,open,0d7964018e0254e779126e68c56e0a5e,,2026-07-31,2026-08-02T01:11:00Z,Los Angeles Dodgers,Boston Red Sox,fanduel,spreads,Los Angeles Dodgers,-1.5,142,2.42
2026-08-01T02:50:00Z,open,0d7964018e0254e779126e68c56e0a5e,,2026-07-31,2026-08-02T01:11:00Z,Los Angeles Dodgers,Boston Red Sox,fanduel,totals,Over,8.0,-122,1.8197
2026-08-01T02:50:00Z,open,0d7964018e0254e779126e68c56e0a5e,,2026-07-31,2026-08-02T01:11:00Z,Los Angeles Dodgers,Boston Red Sox,fanduel,totals,Under,8.0,100,2.0
2026-08-01T02:50:00Z,open,0d7964018e0254e779126e68c56e0a5e,,2026-07-31,2026-08-02T01:11:00Z,Los Angeles Dodgers,Boston Red Sox,mybookieag,h2h,Boston Red Sox,,136,2.36
2026-08-01T02:50:00Z,open,0d7964018e0254e779126e68c56e0a5e,,2026-07-31,2026-08-02T01:11:00Z,Los Angeles Dodgers,Boston Red Sox,mybookieag,h2h,Los Angeles Dodgers,,-160,1.625
2026-08-01T02:50:00Z,open,0d7964018e0254e779126e68c56e0a5e,,2026-07-31,2026-08-02T01:11:00Z,Los Angeles Dodgers,Boston Red Sox,mybookieag,spreads,Boston Red Sox,1.5,-156,1.641
2026-08-01T02:50:00Z,open,0d7964018e0254e779126e68c56e0a5e,,2026-07-31,2026-08-02T01:11:00Z,Los Angeles Dodgers,Boston Red Sox,mybookieag,spreads,Los Angeles Dodgers,-1.5,133,2.33
2026-08-01T02:50:00Z,open,0d7964018e0254e779126e68c56e0a5e,,2026-07-31,2026-08-02T01:11:00Z,Los Angeles Dodgers,Boston Red Sox,mybookieag,totals,Over,8.0,-112,1.8929
2026-08-01T02:50:00Z,open,0d7964018e0254e779126e68c56e0a5e,,2026-07-31,2026-08-02T01:11:00Z,Los Angeles Dodgers,Boston Red Sox,mybookieag,totals,Under,8.0,-109,1.9174
2026-08-01T02:50:00Z,open,0d7964018e0254e779126e68c56e0a5e,,2026-07-31,2026-08-02T01:11:00Z,Los Angeles Dodgers,Boston Red Sox,lowvig,h2h,Boston Red Sox,,139,2.39
2026-08-01T02:50:00Z,open,0d7964018e0254e779126e68c56e0a5e,,2026-07-31,2026-08-02T01:11:00Z,Los Angeles Dodgers,Boston Red Sox,lowvig,h2h,Los Angeles Dodgers,,-153,1.6536
2026-08-01T02:50:00Z,open,0d7964018e0254e779126e68c56e0a5e,,2026-07-31,2026-08-02T01:11:00Z,Los Angeles Dodgers,Boston Red Sox,lowvig,spreads,Boston Red Sox,1.5,-154,1.6494
2026-08-01T02:50:00Z,open,0d7964018e0254e779126e68c56e0a5e,,2026-07-31,2026-08-02T01:11:00Z,Los Angeles Dodgers,Boston Red Sox,lowvig,spreads,Los Angeles Dodgers,-1.5,136,2.36
2026-08-01T02:50:00Z,open,0d7964018e0254e779126e68c56e0a5e,,2026-07-31,2026-08-02T01:11:00Z,Los Angeles Dodgers,Boston Red Sox,lowvig,totals,Over,8.0,-107,1.9346
2026-08-01T02:50:00Z,open,0d7964018e0254e779126e68c56e0a5e,,2026-07-31,2026-08-02T01:11:00Z,Los Angeles Dodgers,Boston Red Sox,lowvig,totals,Under,8.0,-107,1.9346
2026-08-01T02:50:00Z,open,0d7964018e0254e779126e68c56e0a5e,,2026-07-31,2026-08-02T01:11:00Z,Los Angeles Dodgers,Boston Red Sox,betonlineag,h2h,Boston Red Sox,,139,2.39
2026-08-01T02:50:00Z,open,0d7964018e0254e779126e68c56e0a5e,,2026-07-31,2026-08-02T01:11:00Z,Los Angeles Dodgers,Boston Red Sox,betonlineag,h2h,Los Angeles Dodgers,,-153,1.6536
2026-08-01T02:50:00Z,open,0d7964018e0254e779126e68c56e0a5e,,2026-07-31,2026-08-02T01:11:00Z,Los Angeles Dodgers,Boston Red Sox,betonlineag,spreads,Boston Red Sox,1.5,-155,1.6452
2026-08-01T02:50:00Z,open,0d7964018e0254e779126e68c56e0a5e,,2026-07-31,2026-08-02T01:11:00Z,Los Angeles Dodgers,Boston Red Sox,betonlineag,spreads,Los Angeles Dodgers,-1.5,135,2.35
2026-08-01T02:50:00Z,open,0d7964018e0254e779126e68c56e0a5e,,2026-07-31,2026-08-02T01:11:00Z,Los Angeles Dodgers,Boston Red Sox,betonlineag,totals,Over,8.0,-110,1.9091
2026-08-01T02:50:00Z,open,0d7964018e0254e779126e68c56e0a5e,,2026-07-31,2026-08-02T01:11:00Z,Los Angeles Dodgers,Boston Red Sox,betonlineag,totals,Under,8.0,-110,1.9091
2026-08-01T02:50:00Z,open,0d7964018e0254e779126e68c56e0a5e,,2026-07-31,2026-08-02T01:11:00Z,Los Angeles Dodgers,Boston Red Sox,draftkings,h2h,Boston Red Sox,,135,2.35
2026-08-01T02:50:00Z,open,0d7964018e0254e779126e68c56e0a5e,,2026-07-31,2026-08-02T01:11:00Z,Los Angeles Dodgers,Boston Red Sox,draftkings,h2h,Los Angeles Dodgers,,-163,1.6135
2026-08-01T02:50:00Z,open,0d7964018e0254e779126e68c56e0a5e,,2026-07-31,2026-08-02T01:11:00Z,Los Angeles Dodgers,Boston Red Sox,draftkings,spreads,Boston Red Sox,1.5,-163,1.6135
2026-08-01T02:50:00Z,open,0d7964018e0254e779126e68c56e0a5e,,2026-07-31,2026-08-02T01:11:00Z,Los Angeles Dodgers,Boston Red Sox,draftkings,spreads,Los Angeles Dodgers,-1.5,135,2.35
2026-08-01T02:50:00Z,open,0d7964018e0254e779126e68c56e0a5e,,2026-07-31,2026-08-02T01:11:00Z,Los Angeles Dodgers,Boston Red Sox,draftkings,totals,Over,8.0,-112,1.8929
2026-08-01T02:50:00Z,open,0d7964018e0254e779126e68c56e0a5e,,2026-07-31,2026-08-02T01:11:00Z,Los Angeles Dodgers,Boston Red Sox,draftkings,totals,Under,8.0,-108,1.9259
2026-08-01T02:50:00Z,open,0d7964018e0254e779126e68c56e0a5e,,2026-07-31,2026-08-02T01:11:00Z,Los Angeles Dodgers,Boston Red Sox,betmgm,h2h,Boston Red Sox,,135,2.35
2026-08-01T02:50:00Z,open,0d7964018e0254e779126e68c56e0a5e,,2026-07-31,2026-08-02T01:11:00Z,Los Angeles Dodgers,Boston Red Sox,betmgm,h2h,Los Angeles Dodgers,,-160,1.625
2026-08-01T02:50:00Z,open,0d7964018e0254e779126e68c56e0a5e,,2026-07-31,2026-08-02T01:11:00Z,Los Angeles Dodgers,Boston Red Sox,betmgm,spreads,Boston Red Sox,1.5,-160,1.625
2026-08-01T02:50:00Z,open,0d7964018e0254e779126e68c56e0a5e,,2026-07-31,2026-08-02T01:11:00Z,Los Angeles Dodgers,Boston Red Sox,betmgm,spreads,Los Angeles Dodgers,-1.5,135,2.35
2026-08-01T02:50:00Z,open,0d7964018e0254e779126e68c56e0a5e,,2026-07-31,2026-08-02T01:11:00Z,Los Angeles Dodgers,Boston Red Sox,betmgm,totals,Over,8.0,-110,1.9091
2026-08-01T02:50:00Z,open,0d7964018e0254e779126e68c56e0a5e,,2026-07-31,2026-08-02T01:11:00Z,Los Angeles Dodgers,Boston Red Sox,betmgm,totals,Under,8.0,-110,1.9091
2026-08-01T02:50:00Z,open,0d7964018e0254e779126e68c56e0a5e,,2026-07-31,2026-08-02T01:11:00Z,Los Angeles Dodgers,Boston Red Sox,bovada,h2h,Boston Red Sox,,137,2.37
2026-08-01T02:50:00Z,open,0d7964018e0254e779126e68c56e0a5e,,2026-07-31,2026-08-02T01:11:00Z,Los Angeles Dodgers,Boston Red Sox,bovada,h2h,Los Angeles Dodgers,,-163,1.6135
2026-08-01T02:50:00Z,open,0d7964018e0254e779126e68c56e0a5e,,2026-07-31,2026-08-02T01:11:00Z,Los Angeles Dodgers,Boston Red Sox,bovada,spreads,Boston Red Sox,1.5,-150,1.6667
2026-08-01T02:50:00Z,open,0d7964018e0254e779126e68c56e0a5e,,2026-07-31,2026-08-02T01:11:00Z,Los Angeles Dodgers,Boston Red Sox,bovada,spreads,Los Angeles Dodgers,-1.5,130,2.3
2026-08-01T02:50:00Z,open,0d7964018e0254e779126e68c56e0a5e,,2026-07-31,2026-08-02T01:11:00Z,Los Angeles Dodgers,Boston Red Sox,bovada,totals,Over,8.0,-115,1.8696
2026-08-01T02:50:00Z,open,0d7964018e0254e779126e68c56e0a5e,,2026-07-31,2026-08-02T01:11:00Z,Los Angeles Dodgers,Boston Red Sox,bovada,totals,Under,8.0,-105,1.9524
2026-08-01T02:50:00Z,open,0d7964018e0254e779126e68c56e0a5e,,2026-07-31,2026-08-02T01:11:00Z,Los Angeles Dodgers,Boston Red Sox,betrivers,h2h,Boston Red Sox,,138,2.38
2026-08-01T02:50:00Z,open,0d7964018e0254e779126e68c56e0a5e,,2026-07-31,2026-08-02T01:11:00Z,Los Angeles Dodgers,Boston Red Sox,betrivers,h2h,Los Angeles Dodgers,,-165,1.6061
2026-08-01T02:50:00Z,open,0d7964018e0254e779126e68c56e0a5e,,2026-07-31,2026-08-02T01:11:00Z,Los Angeles Dodgers,Boston Red Sox,betrivers,spreads,Boston Red Sox,1.5,-175,1.5714
2026-08-01T02:50:00Z,open,0d7964018e0254e779126e68c56e0a5e,,2026-07-31,2026-08-02T01:11:00Z,Los Angeles Dodgers,Boston Red Sox,betrivers,spreads,Los Angeles Dodgers,-1.5,138,2.38
2026-08-01T02:50:00Z,open,0d7964018e0254e779126e68c56e0a5e,,2026-07-31,2026-08-02T01:11:00Z,Los Angeles Dodgers,Boston Red Sox,betrivers,totals,Over,8.0,-105,1.9524
2026-08-01T02:50:00Z,open,0d7964018e0254e779126e68c56e0a5e,,2026-07-31,2026-08-02T01:11:00Z,Los Angeles Dodgers,Boston Red Sox,betrivers,totals,Under,8.0,-120,1.8333
2026-08-01T02:50:00Z,open,0d7964018e0254e779126e68c56e0a5e,,2026-07-31,2026-08-02T01:11:00Z,Los Angeles Dodgers,Boston Red Sox,betus,h2h,Boston Red Sox,,137,2.37
2026-08-01T02:50:00Z,open,0d7964018e0254e779126e68c56e0a5e,,2026-07-31,2026-08-02T01:11:00Z,Los Angeles Dodgers,Boston Red Sox,betus,h2h,Los Angeles Dodgers,,-153,1.6536
2026-08-01T02:50:00Z,open,0d7964018e0254e779126e68c56e0a5e,,2026-07-31,2026-08-02T01:11:00Z,Los Angeles Dodgers,Boston Red Sox,betus,spreads,Boston Red Sox,1.5,-155,1.6452
2026-08-01T02:50:00Z,open,0d7964018e0254e779126e68c56e0a5e,,2026-07-31,2026-08-02T01:11:00Z,Los Angeles Dodgers,Boston Red Sox,betus,spreads,Los Angeles Dodgers,-1.5,135,2.35
2026-08-01T02:50:00Z,open,0d7964018e0254e779126e68c56e0a5e,,2026-07-31,2026-08-02T01:11:00Z,Los Angeles Dodgers,Boston Red Sox,betus,totals,Over,8.0,-110,1.9091
2026-08-01T02:50:00Z,open,0d7964018e0254e779126e68c56e0a5e,,2026-07-31,2026-08-02T01:11:00Z,Los Angeles Dodgers,Boston Red Sox,betus,totals,Under,8.0,-110,1.9091
2026-08-01T02:50:00Z,open,77b8e5ac49b26052a451b5de23d0959e,,2026-07-31,2026-08-02T01:39:00Z,Los Angeles Angels,Milwaukee Brewers,fanduel,h2h,Los Angeles Angels,,106,2.06
2026-08-01T02:50:00Z,open,77b8e5ac49b26052a451b5de23d0959e,,2026-07-31,2026-08-02T01:39:00Z,Los Angeles Angels,Milwaukee Brewers,fanduel,h2h,Milwaukee Brewers,,-114,1.8772
2026-08-01T02:50:00Z,open,77b8e5ac49b26052a451b5de23d0959e,,2026-07-31,2026-08-02T01:39:00Z,Los Angeles Angels,Milwaukee Brewers,fanduel,spreads,Los Angeles Angels,1.5,-164,1.6098
2026-08-01T02:50:00Z,open,77b8e5ac49b26052a451b5de23d0959e,,2026-07-31,2026-08-02T01:39:00Z,Los Angeles Angels,Milwaukee Brewers,fanduel,spreads,Milwaukee Brewers,-1.5,136,2.36
2026-08-01T02:50:00Z,open,77b8e5ac49b26052a451b5de23d0959e,,2026-07-31,2026-08-02T01:39:00Z,Los Angeles Angels,Milwaukee Brewers,fanduel,totals,Over,9.0,-102,1.9804
2026-08-01T02:50:00Z,open,77b8e5ac49b26052a451b5de23d0959e,,2026-07-31,2026-08-02T01:39:00Z,Los Angeles Angels,Milwaukee Brewers,fanduel,totals,Under,9.0,-120,1.8333
2026-08-01T02:50:00Z,open,77b8e5ac49b26052a451b5de23d0959e,,2026-07-31,2026-08-02T01:39:00Z,Los Angeles Angels,Milwaukee Brewers,mybookieag,h2h,Los Angeles Angels,,103,2.03
2026-08-01T02:50:00Z,open,77b8e5ac49b26052a451b5de23d0959e,,2026-07-31,2026-08-02T01:39:00Z,Los Angeles Angels,Milwaukee Brewers,mybookieag,h2h,Milwaukee Brewers,,-121,1.8264
2026-08-01T02:50:00Z,open,77b8e5ac49b26052a451b5de23d0959e,,2026-07-31,2026-08-02T01:39:00Z,Los Angeles Angels,Milwaukee Brewers,mybookieag,spreads,Los Angeles Angels,1.5,-162,1.6173
2026-08-01T02:50:00Z,open,77b8e5ac49b26052a451b5de23d0959e,,2026-07-31,2026-08-02T01:39:00Z,Los Angeles Angels,Milwaukee Brewers,mybookieag,spreads,Milwaukee Brewers,-1.5,138,2.38
2026-08-01T02:50:00Z,open,77b8e5ac49b26052a451b5de23d0959e,,2026-07-31,2026-08-02T01:39:00Z,Los Angeles Angels,Milwaukee Brewers,mybookieag,totals,Over,9.0,-102,1.9804
2026-08-01T02:50:00Z,open,77b8e5ac49b26052a451b5de23d0959e,,2026-07-31,2026-08-02T01:39:00Z,Los Angeles Angels,Milwaukee Brewers,mybookieag,totals,Under,9.0,-120,1.8333
2026-08-01T02:50:00Z,open,77b8e5ac49b26052a451b5de23d0959e,,2026-07-31,2026-08-02T01:39:00Z,Los Angeles Angels,Milwaukee Brewers,lowvig,h2h,Los Angeles Angels,,109,2.09
2026-08-01T02:50:00Z,open,77b8e5ac49b26052a451b5de23d0959e,,2026-07-31,2026-08-02T01:39:00Z,Los Angeles Angels,Milwaukee Brewers,lowvig,h2h,Milwaukee Brewers,,-120,1.8333
2026-08-01T02:50:00Z,open,77b8e5ac49b26052a451b5de23d0959e,,2026-07-31,2026-08-02T01:39:00Z,Los Angeles Angels,Milwaukee Brewers,lowvig,spreads,Los Angeles Angels,1.5,-154,1.6494
2026-08-01T02:50:00Z,open,77b8e5ac49b26052a451b5de23d0959e,,2026-07-31,2026-08-02T01:39:00Z,Los Angeles Angels,Milwaukee Brewers,lowvig,spreads,Milwaukee Brewers,-1.5,136,2.36
2026-08-01T02:50:00Z,open,77b8e5ac49b26052a451b5de23d0959e,,2026-07-31,2026-08-02T01:39:00Z,Los Angeles Angels,Milwaukee Brewers,lowvig,totals,Over,9.0,103,2.03
2026-08-01T02:50:00Z,open,77b8e5ac49b26052a451b5de23d0959e,,2026-07-31,2026-08-02T01:39:00Z,Los Angeles Angels,Milwaukee Brewers,lowvig,totals,Under,9.0,-118,1.8475
2026-08-01T02:50:00Z,open,77b8e5ac49b26052a451b5de23d0959e,,2026-07-31,2026-08-02T01:39:00Z,Los Angeles Angels,Milwaukee Brewers,betonlineag,h2h,Los Angeles Angels,,109,2.09
2026-08-01T02:50:00Z,open,77b8e5ac49b26052a451b5de23d0959e,,2026-07-31,2026-08-02T01:39:00Z,Los Angeles Angels,Milwaukee Brewers,betonlineag,h2h,Milwaukee Brewers,,-120,1.8333
2026-08-01T02:50:00Z,open,77b8e5ac49b26052a451b5de23d0959e,,2026-07-31,2026-08-02T01:39:00Z,Los Angeles Angels,Milwaukee Brewers,betonlineag,spreads,Los Angeles Angels,1.5,-155,1.6452
2026-08-01T02:50:00Z,open,77b8e5ac49b26052a451b5de23d0959e,,2026-07-31,2026-08-02T01:39:00Z,Los Angeles Angels,Milwaukee Brewers,betonlineag,spreads,Milwaukee Brewers,-1.5,135,2.35
2026-08-01T02:50:00Z,open,77b8e5ac49b26052a451b5de23d0959e,,2026-07-31,2026-08-02T01:39:00Z,Los Angeles Angels,Milwaukee Brewers,betonlineag,totals,Over,9.0,100,2.0
2026-08-01T02:50:00Z,open,77b8e5ac49b26052a451b5de23d0959e,,2026-07-31,2026-08-02T01:39:00Z,Los Angeles Angels,Milwaukee Brewers,betonlineag,totals,Under,9.0,-120,1.8333
2026-08-01T02:50:00Z,open,77b8e5ac49b26052a451b5de23d0959e,,2026-07-31,2026-08-02T01:39:00Z,Los Angeles Angels,Milwaukee Brewers,draftkings,h2h,Los Angeles Angels,,102,2.02
2026-08-01T02:50:00Z,open,77b8e5ac49b26052a451b5de23d0959e,,2026-07-31,2026-08-02T01:39:00Z,Los Angeles Angels,Milwaukee Brewers,draftkings,h2h,Milwaukee Brewers,,-123,1.813
2026-08-01T02:50:00Z,open,77b8e5ac49b26052a451b5de23d0959e,,2026-07-31,2026-08-02T01:39:00Z,Los Angeles Angels,Milwaukee Brewers,draftkings,spreads,Los Angeles Angels,1.5,-163,1.6135
2026-08-01T02:50:00Z,open,77b8e5ac49b26052a451b5de23d0959e,,2026-07-31,2026-08-02T01:39:00Z,Los Angeles Angels,Milwaukee Brewers,draftkings,spreads,Milwaukee Brewers,-1.5,135,2.35
2026-08-01T02:50:00Z,open,77b8e5ac49b26052a451b5de23d0959e,,2026-07-31,2026-08-02T01:39:00Z,Los Angeles Angels,Milwaukee Brewers,draftkings,totals,Over,9.0,100,2.0
2026-08-01T02:50:00Z,open,77b8e5ac49b26052a451b5de23d0959e,,2026-07-31,2026-08-02T01:39:00Z,Los Angeles Angels,Milwaukee Brewers,draftkings,totals,Under,9.0,-120,1.8333
2026-08-01T02:50:00Z,open,77b8e5ac49b26052a451b5de23d0959e,,2026-07-31,2026-08-02T01:39:00Z,Los Angeles Angels,Milwaukee Brewers,betmgm,h2h,Los Angeles Angels,,105,2.05
2026-08-01T02:50:00Z,open,77b8e5ac49b26052a451b5de23d0959e,,2026-07-31,2026-08-02T01:39:00Z,Los Angeles Angels,Milwaukee Brewers,betmgm,h2h,Milwaukee Brewers,,-125,1.8
2026-08-01T02:50:00Z,open,77b8e5ac49b26052a451b5de23d0959e,,2026-07-31,2026-08-02T01:39:00Z,Los Angeles Angels,Milwaukee Brewers,betmgm,spreads,Los Angeles Angels,1.5,-165,1.6061
2026-08-01T02:50:00Z,open,77b8e5ac49b26052a451b5de23d0959e,,2026-07-31,2026-08-02T01:39:00Z,Los Angeles Angels,Milwaukee Brewers,betmgm,spreads,Milwaukee Brewers,-1.5,135,2.35
2026-08-01T02:50:00Z,open,77b8e5ac49b26052a451b5de23d0959e,,2026-07-31,2026-08-02T01:39:00Z,Los Angeles Angels,Milwaukee Brewers,betmgm,totals,Over,9.0,100,2.0
2026-08-01T02:50:00Z,open,77b8e5ac49b26052a451b5de23d0959e,,2026-07-31,2026-08-02T01:39:00Z,Los Angeles Angels,Milwaukee Brewers,betmgm,totals,Under,9.0,-120,1.8333
2026-08-01T02:50:00Z,open,77b8e5ac49b26052a451b5de23d0959e,,2026-07-31,2026-08-02T01:39:00Z,Los Angeles Angels,Milwaukee Brewers,bovada,h2h,Los Angeles Angels,,101,2.01
2026-08-01T02:50:00Z,open,77b8e5ac49b26052a451b5de23d0959e,,2026-07-31,2026-08-02T01:39:00Z,Los Angeles Angels,Milwaukee Brewers,bovada,h2h,Milwaukee Brewers,,-121,1.8264
2026-08-01T02:50:00Z,open,77b8e5ac49b26052a451b5de23d0959e,,2026-07-31,2026-08-02T01:39:00Z,Los Angeles Angels,Milwaukee Brewers,bovada,spreads,Los Angeles Angels,1.5,-160,1.625
2026-08-01T02:50:00Z,open,77b8e5ac49b26052a451b5de23d0959e,,2026-07-31,2026-08-02T01:39:00Z,Los Angeles Angels,Milwaukee Brewers,bovada,spreads,Milwaukee Brewers,-1.5,135,2.35
2026-08-01T02:50:00Z,open,77b8e5ac49b26052a451b5de23d0959e,,2026-07-31,2026-08-02T01:39:00Z,Los Angeles Angels,Milwaukee Brewers,bovada,totals,Over,9.0,100,2.0
2026-08-01T02:50:00Z,open,77b8e5ac49b26052a451b5de23d0959e,,2026-07-31,2026-08-02T01:39:00Z,Los Angeles Angels,Milwaukee Brewers,bovada,totals,Under,9.0,-120,1.8333
2026-08-01T02:50:00Z,open,77b8e5ac49b26052a451b5de23d0959e,,2026-07-31,2026-08-02T01:39:00Z,Los Angeles Angels,Milwaukee Brewers,betrivers,h2h,Los Angeles Angels,,-103,1.9709
2026-08-01T02:50:00Z,open,77b8e5ac49b26052a451b5de23d0959e,,2026-07-31,2026-08-02T01:39:00Z,Los Angeles Angels,Milwaukee Brewers,betrivers,h2h,Milwaukee Brewers,,-117,1.8547
2026-08-01T02:50:00Z,open,77b8e5ac49b26052a451b5de23d0959e,,2026-07-31,2026-08-02T01:39:00Z,Los Angeles Angels,Milwaukee Brewers,betrivers,spreads,Los Angeles Angels,1.5,-175,1.5714
2026-08-01T02:50:00Z,open,77b8e5ac49b26052a451b5de23d0959e,,2026-07-31,2026-08-02T01:39:00Z,Los Angeles Angels,Milwaukee Brewers,betrivers,spreads,Milwaukee Brewers,-1.5,138,2.38
2026-08-01T02:50:00Z,open,77b8e5ac49b26052a451b5de23d0959e,,2026-07-31,2026-08-02T01:39:00Z,Los Angeles Angels,Milwaukee Brewers,betrivers,totals,Over,8.5,-124,1.8065
2026-08-01T02:50:00Z,open,77b8e5ac49b26052a451b5de23d0959e,,2026-07-31,2026-08-02T01:39:00Z,Los Angeles Angels,Milwaukee Brewers,betrivers,totals,Under,8.5,100,2.0
2026-08-01T02:50:00Z,open,77b8e5ac49b26052a451b5de23d0959e,,2026-07-31,2026-08-02T01:39:00Z,Los Angeles Angels,Milwaukee Brewers,betus,h2h,Los Angeles Angels,,109,2.09
2026-08-01T02:50:00Z,open,77b8e5ac49b26052a451b5de23d0959e,,2026-07-31,2026-08-02T01:39:00Z,Los Angeles Angels,Milwaukee Brewers,betus,h2h,Milwaukee Brewers,,-120,1.8333
2026-08-01T02:50:00Z,open,77b8e5ac49b26052a451b5de23d0959e,,2026-07-31,2026-08-02T01:39:00Z,Los Angeles Angels,Milwaukee Brewers,betus,spreads,Los Angeles Angels,1.5,-155,1.6452
2026-08-01T02:50:00Z,open,77b8e5ac49b26052a451b5de23d0959e,,2026-07-31,2026-08-02T01:39:00Z,Los Angeles Angels,Milwaukee Brewers,betus,spreads,Milwaukee Brewers,-1.5,135,2.35
2026-08-01T02:50:00Z,open,77b8e5ac49b26052a451b5de23d0959e,,2026-07-31,2026-08-02T01:39:00Z,Los Angeles Angels,Milwaukee Brewers,betus,totals,Over,9.0,100,2.0
2026-08-01T02:50:00Z,open,77b8e5ac49b26052a451b5de23d0959e,,2026-07-31,2026-08-02T01:39:00Z,Los Angeles Angels,Milwaukee Brewers,betus,totals,Under,9.0,-120,1.8333
2026-08-01T02:50:00Z,open,54d17e06d14159867e038e2ea043aabd,,2026-07-31,2026-08-02T01:41:00Z,Athletics,Detroit Tigers,fanduel,h2h,Athletics,,122,2.22
2026-08-01T02:50:00Z,open,54d17e06d14159867e038e2ea043aabd,,2026-07-31,2026-08-02T01:41:00Z,Athletics,Detroit Tigers,fanduel,h2h,Detroit Tigers,,-132,1.7576
2026-08-01T02:50:00Z,open,54d17e06d14159867e038e2ea043aabd,,2026-07-31,2026-08-02T01:41:00Z,Athletics,Detroit Tigers,fanduel,spreads,Athletics,1.5,-132,1.7576
2026-08-01T02:50:00Z,open,54d17e06d14159867e038e2ea043aabd,,2026-07-31,2026-08-02T01:41:00Z,Athletics,Detroit Tigers,fanduel,spreads,Detroit Tigers,-1.5,110,2.1
2026-08-01T02:50:00Z,open,54d17e06d14159867e038e2ea043aabd,,2026-07-31,2026-08-02T01:41:00Z,Athletics,Detroit Tigers,fanduel,totals,Over,10.5,-122,1.8197
2026-08-01T02:50:00Z,open,54d17e06d14159867e038e2ea043aabd,,2026-07-31,2026-08-02T01:41:00Z,Athletics,Detroit Tigers,fanduel,totals,Under,10.5,100,2.0
2026-08-01T02:50:00Z,open,54d17e06d14159867e038e2ea043aabd,,2026-07-31,2026-08-02T01:41:00Z,Athletics,Detroit Tigers,betonlineag,h2h,Athletics,,122,2.22
2026-08-01T02:50:00Z,open,54d17e06d14159867e038e2ea043aabd,,2026-07-31,2026-08-02T01:41:00Z,Athletics,Detroit Tigers,betonlineag,h2h,Detroit Tigers,,-135,1.7407
2026-08-01T02:50:00Z,open,54d17e06d14159867e038e2ea043aabd,,2026-07-31,2026-08-02T01:41:00Z,Athletics,Detroit Tigers,betonlineag,spreads,Athletics,1.5,-133,1.7519
2026-08-01T02:50:00Z,open,54d17e06d14159867e038e2ea043aabd,,2026-07-31,2026-08-02T01:41:00Z,Athletics,Detroit Tigers,betonlineag,spreads,Detroit Tigers,-1.5,113,2.13
2026-08-01T02:50:00Z,open,54d17e06d14159867e038e2ea043aabd,,2026-07-31,2026-08-02T01:41:00Z,Athletics,Detroit Tigers,betonlineag,totals,Over,10.5,-120,1.8333
2026-08-01T02:50:00Z,open,54d17e06d14159867e038e2ea043aabd,,2026-07-31,2026-08-02T01:41:00Z,Athletics,Detroit Tigers,betonlineag,totals,Under,10.5,100,2.0
2026-08-01T02:50:00Z,open,54d17e06d14159867e038e2ea043aabd,,2026-07-31,2026-08-02T01:41:00Z,Athletics,Detroit Tigers,lowvig,h2h,Athletics,,122,2.22
2026-08-01T02:50:00Z,open,54d17e06d14159867e038e2ea043aabd,,2026-07-31,2026-08-02T01:41:00Z,Athletics,Detroit Tigers,lowvig,h2h,Detroit Tigers,,-135,1.7407
2026-08-01T02:50:00Z,open,54d17e06d14159867e038e2ea043aabd,,2026-07-31,2026-08-02T01:41:00Z,Athletics,Detroit Tigers,lowvig,spreads,Athletics,1.5,-131,1.7634
2026-08-01T02:50:00Z,open,54d17e06d14159867e038e2ea043aabd,,2026-07-31,2026-08-02T01:41:00Z,Athletics,Detroit Tigers,lowvig,spreads,Detroit Tigers,-1.5,116,2.16
2026-08-01T02:50:00Z,open,54d17e06d14159867e038e2ea043aabd,,2026-07-31,2026-08-02T01:41:00Z,Athletics,Detroit Tigers,lowvig,totals,Over,10.5,-118,1.8475
2026-08-01T02:50:00Z,open,54d17e06d14159867e038e2ea043aabd,,2026-07-31,2026-08-02T01:41:00Z,Athletics,Detroit Tigers,lowvig,totals,Under,10.5,103,2.03
2026-08-01T02:50:00Z,open,54d17e06d14159867e038e2ea043aabd,,2026-07-31,2026-08-02T01:41:00Z,Athletics,Detroit Tigers,mybookieag,h2h,Athletics,,115,2.15
2026-08-01T02:50:00Z,open,54d17e06d14159867e038e2ea043aabd,,2026-07-31,2026-08-02T01:41:00Z,Athletics,Detroit Tigers,mybookieag,h2h,Detroit Tigers,,-136,1.7353
2026-08-01T02:50:00Z,open,54d17e06d14159867e038e2ea043aabd,,2026-07-31,2026-08-02T01:41:00Z,Athletics,Detroit Tigers,mybookieag,spreads,Athletics,1.5,-134,1.7463
2026-08-01T02:50:00Z,open,54d17e06d14159867e038e2ea043aabd,,2026-07-31,2026-08-02T01:41:00Z,Athletics,Detroit Tigers,mybookieag,spreads,Detroit Tigers,-1.5,114,2.14
2026-08-01T02:50:00Z,open,54d17e06d14159867e038e2ea043aabd,,2026-07-31,2026-08-02T01:41:00Z,Athletics,Detroit Tigers,mybookieag,totals,Over,10.5,-119,1.8403
2026-08-01T02:50:00Z,open,54d17e06d14159867e038e2ea043aabd,,2026-07-31,2026-08-02T01:41:00Z,Athletics,Detroit Tigers,mybookieag,totals,Under,10.5,-102,1.9804
2026-08-01T02:50:00Z,open,54d17e06d14159867e038e2ea043aabd,,2026-07-31,2026-08-02T01:41:00Z,Athletics,Detroit Tigers,draftkings,h2h,Athletics,,114,2.14
2026-08-01T02:50:00Z,open,54d17e06d14159867e038e2ea043aabd,,2026-07-31,2026-08-02T01:41:00Z,Athletics,Detroit Tigers,draftkings,h2h,Detroit Tigers,,-137,1.7299
2026-08-01T02:50:00Z,open,54d17e06d14159867e038e2ea043aabd,,2026-07-31,2026-08-02T01:41:00Z,Athletics,Detroit Tigers,draftkings,spreads,Athletics,1.5,-136,1.7353
2026-08-01T02:50:00Z,open,54d17e06d14159867e038e2ea043aabd,,2026-07-31,2026-08-02T01:41:00Z,Athletics,Detroit Tigers,draftkings,spreads,Detroit Tigers,-1.5,113,2.13
2026-08-01T02:50:00Z,open,54d17e06d14159867e038e2ea043aabd,,2026-07-31,2026-08-02T01:41:00Z,Athletics,Detroit Tigers,draftkings,totals,Over,10.5,-120,1.8333
2026-08-01T02:50:00Z,open,54d17e06d14159867e038e2ea043aabd,,2026-07-31,2026-08-02T01:41:00Z,Athletics,Detroit Tigers,draftkings,totals,Under,10.5,100,2.0
2026-08-01T02:50:00Z,open,54d17e06d14159867e038e2ea043aabd,,2026-07-31,2026-08-02T01:41:00Z,Athletics,Detroit Tigers,betmgm,h2h,Athletics,,115,2.15
2026-08-01T02:50:00Z,open,54d17e06d14159867e038e2ea043aabd,,2026-07-31,2026-08-02T01:41:00Z,Athletics,Detroit Tigers,betmgm,h2h,Detroit Tigers,,-140,1.7143
2026-08-01T02:50:00Z,open,54d17e06d14159867e038e2ea043aabd,,2026-07-31,2026-08-02T01:41:00Z,Athletics,Detroit Tigers,betmgm,spreads,Athletics,1.5,-145,1.6897
2026-08-01T02:50:00Z,open,54d17e06d14159867e038e2ea043aabd,,2026-07-31,2026-08-02T01:41:00Z,Athletics,Detroit Tigers,betmgm,spreads,Detroit Tigers,-1.5,118,2.18
2026-08-01T02:50:00Z,open,54d17e06d14159867e038e2ea043aabd,,2026-07-31,2026-08-02T01:41:00Z,Athletics,Detroit Tigers,betmgm,totals,Over,10.5,-120,1.8333
2026-08-01T02:50:00Z,open,54d17e06d14159867e038e2ea043aabd,,2026-07-31,2026-08-02T01:41:00Z,Athletics,Detroit Tigers,betmgm,totals,Under,10.5,100,2.0
2026-08-01T02:50:00Z,open,54d17e06d14159867e038e2ea043aabd,,2026-07-31,2026-08-02T01:41:00Z,Athletics,Detroit Tigers,bovada,h2h,Athletics,,112,2.12
2026-08-01T02:50:00Z,open,54d17e06d14159867e038e2ea043aabd,,2026-07-31,2026-08-02T01:41:00Z,Athletics,Detroit Tigers,bovada,h2h,Detroit Tigers,,-134,1.7463
2026-08-01T02:50:00Z,open,54d17e06d14159867e038e2ea043aabd,,2026-07-31,2026-08-02T01:41:00Z,Athletics,Detroit Tigers,bovada,spreads,Athletics,1.5,-135,1.7407
2026-08-01T02:50:00Z,open,54d17e06d14159867e038e2ea043aabd,,2026-07-31,2026-08-02T01:41:00Z,Athletics,Detroit Tigers,bovada,spreads,Detroit Tigers,-1.5,115,2.15
2026-08-01T02:50:00Z,open,54d17e06d14159867e038e2ea043aabd,,2026-07-31,2026-08-02T01:41:00Z,Athletics,Detroit Tigers,bovada,totals,Over,10.5,-120,1.8333
2026-08-01T02:50:00Z,open,54d17e06d14159867e038e2ea043aabd,,2026-07-31,2026-08-02T01:41:00Z,Athletics,Detroit Tigers,bovada,totals,Under,10.5,100,2.0
2026-08-01T02:50:00Z,open,54d17e06d14159867e038e2ea043aabd,,2026-07-31,2026-08-02T01:41:00Z,Athletics,Detroit Tigers,betrivers,h2h,Athletics,,116,2.16
2026-08-01T02:50:00Z,open,54d17e06d14159867e038e2ea043aabd,,2026-07-31,2026-08-02T01:41:00Z,Athletics,Detroit Tigers,betrivers,h2h,Detroit Tigers,,-137,1.7299
2026-08-01T02:50:00Z,open,54d17e06d14159867e038e2ea043aabd,,2026-07-31,2026-08-02T01:41:00Z,Athletics,Detroit Tigers,betrivers,spreads,Athletics,1.5,-132,1.7576
2026-08-01T02:50:00Z,open,54d17e06d14159867e038e2ea043aabd,,2026-07-31,2026-08-02T01:41:00Z,Athletics,Detroit Tigers,betrivers,spreads,Detroit Tigers,-1.5,107,2.07
2026-08-01T02:50:00Z,open,54d17e06d14159867e038e2ea043aabd,,2026-07-31,2026-08-02T01:41:00Z,Athletics,Detroit Tigers,betrivers,totals,Over,10.5,-115,1.8696
2026-08-01T02:50:00Z,open,54d17e06d14159867e038e2ea043aabd,,2026-07-31,2026-08-02T01:41:00Z,Athletics,Detroit Tigers,betrivers,totals,Under,10.5,-108,1.9259
2026-08-01T02:50:00Z,open,54d17e06d14159867e038e2ea043aabd,,2026-07-31,2026-08-02T01:41:00Z,Athletics,Detroit Tigers,betus,h2h,Athletics,,122,2.22
2026-08-01T02:50:00Z,open,54d17e06d14159867e038e2ea043aabd,,2026-07-31,2026-08-02T01:41:00Z,Athletics,Detroit Tigers,betus,h2h,Detroit Tigers,,-135,1.7407
2026-08-01T02:50:00Z,open,54d17e06d14159867e038e2ea043aabd,,2026-07-31,2026-08-02T01:41:00Z,Athletics,Detroit Tigers,betus,spreads,Athletics,1.5,-135,1.7407
2026-08-01T02:50:00Z,open,54d17e06d14159867e038e2ea043aabd,,2026-07-31,2026-08-02T01:41:00Z,Athletics,Detroit Tigers,betus,spreads,Detroit Tigers,-1.5,115,2.15
2026-08-01T02:50:00Z,open,54d17e06d14159867e038e2ea043aabd,,2026-07-31,2026-08-02T01:41:00Z,Athletics,Detroit Tigers,betus,totals,Over,10.5,-120,1.8333
2026-08-01T02:50:00Z,open,54d17e06d14159867e038e2ea043aabd,,2026-07-31,2026-08-02T01:41:00Z,Athletics,Detroit Tigers,betus,totals,Under,10.5,100,2.0
2026-08-01T14:53:25Z,open,887515990979436aed352a22f6f8fdff,822781.0,2026-08-01,2026-08-01T19:08:00Z,Toronto Blue Jays,St. Louis Cardinals,fanduel,h2h,St. Louis Cardinals,,132,2.32
2026-08-01T14:53:25Z,open,887515990979436aed352a22f6f8fdff,822781.0,2026-08-01,2026-08-01T19:08:00Z,Toronto Blue Jays,St. Louis Cardinals,fanduel,h2h,Toronto Blue Jays,,-142,1.7042
2026-08-01T14:53:25Z,open,887515990979436aed352a22f6f8fdff,822781.0,2026-08-01,2026-08-01T19:08:00Z,Toronto Blue Jays,St. Louis Cardinals,fanduel,spreads,St. Louis Cardinals,1.5,-164,1.6098
2026-08-01T14:53:25Z,open,887515990979436aed352a22f6f8fdff,822781.0,2026-08-01,2026-08-01T19:08:00Z,Toronto Blue Jays,St. Louis Cardinals,fanduel,spreads,Toronto Blue Jays,-1.5,136,2.36
2026-08-01T14:53:25Z,open,887515990979436aed352a22f6f8fdff,822781.0,2026-08-01,2026-08-01T19:08:00Z,Toronto Blue Jays,St. Louis Cardinals,fanduel,totals,Over,8.5,-110,1.9091
2026-08-01T14:53:25Z,open,887515990979436aed352a22f6f8fdff,822781.0,2026-08-01,2026-08-01T19:08:00Z,Toronto Blue Jays,St. Louis Cardinals,fanduel,totals,Under,8.5,-110,1.9091
2026-08-01T14:53:25Z,open,887515990979436aed352a22f6f8fdff,822781.0,2026-08-01,2026-08-01T19:08:00Z,Toronto Blue Jays,St. Louis Cardinals,mybookieag,h2h,St. Louis Cardinals,,129,2.29
2026-08-01T14:53:25Z,open,887515990979436aed352a22f6f8fdff,822781.0,2026-08-01,2026-08-01T19:08:00Z,Toronto Blue Jays,St. Louis Cardinals,mybookieag,h2h,Toronto Blue Jays,,-152,1.6579
2026-08-01T14:53:25Z,open,887515990979436aed352a22f6f8fdff,822781.0,2026-08-01,2026-08-01T19:08:00Z,Toronto Blue Jays,St. Louis Cardinals,mybookieag,spreads,St. Louis Cardinals,1.5,-165,1.6061
2026-08-01T14:53:25Z,open,887515990979436aed352a22f6f8fdff,822781.0,2026-08-01,2026-08-01T19:08:00Z,Toronto Blue Jays,St. Louis Cardinals,mybookieag,spreads,Toronto Blue Jays,-1.5,140,2.4
2026-08-01T14:53:25Z,open,887515990979436aed352a22f6f8fdff,822781.0,2026-08-01,2026-08-01T19:08:00Z,Toronto Blue Jays,St. Louis Cardinals,mybookieag,totals,Over,8.5,-110,1.9091
2026-08-01T14:53:25Z,open,887515990979436aed352a22f6f8fdff,822781.0,2026-08-01,2026-08-01T19:08:00Z,Toronto Blue Jays,St. Louis Cardinals,mybookieag,totals,Under,8.5,-111,1.9009
2026-08-01T14:53:25Z,open,887515990979436aed352a22f6f8fdff,822781.0,2026-08-01,2026-08-01T19:08:00Z,Toronto Blue Jays,St. Louis Cardinals,betonlineag,h2h,St. Louis Cardinals,,134,2.34
2026-08-01T14:53:25Z,open,887515990979436aed352a22f6f8fdff,822781.0,2026-08-01,2026-08-01T19:08:00Z,Toronto Blue Jays,St. Louis Cardinals,betonlineag,h2h,Toronto Blue Jays,,-148,1.6757
2026-08-01T14:53:25Z,open,887515990979436aed352a22f6f8fdff,822781.0,2026-08-01,2026-08-01T19:08:00Z,Toronto Blue Jays,St. Louis Cardinals,betonlineag,spreads,St. Louis Cardinals,1.5,-158,1.6329
2026-08-01T14:53:25Z,open,887515990979436aed352a22f6f8fdff,822781.0,2026-08-01,2026-08-01T19:08:00Z,Toronto Blue Jays,St. Louis Cardinals,betonlineag,spreads,Toronto Blue Jays,-1.5,138,2.38
2026-08-01T14:53:25Z,open,887515990979436aed352a22f6f8fdff,822781.0,2026-08-01,2026-08-01T19:08:00Z,Toronto Blue Jays,St. Louis Cardinals,betonlineag,totals,Over,8.5,-110,1.9091
2026-08-01T14:53:25Z,open,887515990979436aed352a22f6f8fdff,822781.0,2026-08-01,2026-08-01T19:08:00Z,Toronto Blue Jays,St. Louis Cardinals,betonlineag,totals,Under,8.5,-110,1.9091
2026-08-01T14:53:25Z,open,887515990979436aed352a22f6f8fdff,822781.0,2026-08-01,2026-08-01T19:08:00Z,Toronto Blue Jays,St. Louis Cardinals,lowvig,h2h,St. Louis Cardinals,,134,2.34
2026-08-01T14:53:25Z,open,887515990979436aed352a22f6f8fdff,822781.0,2026-08-01,2026-08-01T19:08:00Z,Toronto Blue Jays,St. Louis Cardinals,lowvig,h2h,Toronto Blue Jays,,-148,1.6757
2026-08-01T14:53:25Z,open,887515990979436aed352a22f6f8fdff,822781.0,2026-08-01,2026-08-01T19:08:00Z,Toronto Blue Jays,St. Louis Cardinals,lowvig,spreads,St. Louis Cardinals,1.5,-157,1.6369
2026-08-01T14:53:25Z,open,887515990979436aed352a22f6f8fdff,822781.0,2026-08-01,2026-08-01T19:08:00Z,Toronto Blue Jays,St. Louis Cardinals,lowvig,spreads,Toronto Blue Jays,-1.5,139,2.39
2026-08-01T14:53:25Z,open,887515990979436aed352a22f6f8fdff,822781.0,2026-08-01,2026-08-01T19:08:00Z,Toronto Blue Jays,St. Louis Cardinals,lowvig,totals,Over,8.5,-107,1.9346
2026-08-01T14:53:25Z,open,887515990979436aed352a22f6f8fdff,822781.0,2026-08-01,2026-08-01T19:08:00Z,Toronto Blue Jays,St. Louis Cardinals,lowvig,totals,Under,8.5,-107,1.9346
2026-08-01T14:53:25Z,open,887515990979436aed352a22f6f8fdff,822781.0,2026-08-01,2026-08-01T19:08:00Z,Toronto Blue Jays,St. Louis Cardinals,draftkings,h2h,St. Louis Cardinals,,129,2.29
2026-08-01T14:53:25Z,open,887515990979436aed352a22f6f8fdff,822781.0,2026-08-01,2026-08-01T19:08:00Z,Toronto Blue Jays,St. Louis Cardinals,draftkings,h2h,Toronto Blue Jays,,-156,1.641
2026-08-01T14:53:25Z,open,887515990979436aed352a22f6f8fdff,822781.0,2026-08-01,2026-08-01T19:08:00Z,Toronto Blue Jays,St. Louis Cardinals,draftkings,spreads,St. Louis Cardinals,1.5,-164,1.6098
2026-08-01T14:53:25Z,open,887515990979436aed352a22f6f8fdff,822781.0,2026-08-01,2026-08-01T19:08:00Z,Toronto Blue Jays,St. Louis Cardinals,draftkings,spreads,Toronto Blue Jays,-1.5,136,2.36
2026-08-01T14:53:25Z,open,887515990979436aed352a22f6f8fdff,822781.0,2026-08-01,2026-08-01T19:08:00Z,Toronto Blue Jays,St. Louis Cardinals,draftkings,totals,Over,8.5,-108,1.9259
2026-08-01T14:53:25Z,open,887515990979436aed352a22f6f8fdff,822781.0,2026-08-01,2026-08-01T19:08:00Z,Toronto Blue Jays,St. Louis Cardinals,draftkings,totals,Under,8.5,-112,1.8929
2026-08-01T14:53:25Z,open,887515990979436aed352a22f6f8fdff,822781.0,2026-08-01,2026-08-01T19:08:00Z,Toronto Blue Jays,St. Louis Cardinals,betmgm,h2h,St. Louis Cardinals,,125,2.25
2026-08-01T14:53:25Z,open,887515990979436aed352a22f6f8fdff,822781.0,2026-08-01,2026-08-01T19:08:00Z,Toronto Blue Jays,St. Louis Cardinals,betmgm,h2h,Toronto Blue Jays,,-155,1.6452
2026-08-01T14:53:25Z,open,887515990979436aed352a22f6f8fdff,822781.0,2026-08-01,2026-08-01T19:08:00Z,Toronto Blue Jays,St. Louis Cardinals,betmgm,spreads,St. Louis Cardinals,1.5,-160,1.625
2026-08-01T14:53:25Z,open,887515990979436aed352a22f6f8fdff,822781.0,2026-08-01,2026-08-01T19:08:00Z,Toronto Blue Jays,St. Louis Cardinals,betmgm,spreads,Toronto Blue Jays,-1.5,135,2.35
2026-08-01T14:53:25Z,open,887515990979436aed352a22f6f8fdff,822781.0,2026-08-01,2026-08-01T19:08:00Z,Toronto Blue Jays,St. Louis Cardinals,betmgm,totals,Over,8.5,-110,1.9091
2026-08-01T14:53:25Z,open,887515990979436aed352a22f6f8fdff,822781.0,2026-08-01,2026-08-01T19:08:00Z,Toronto Blue Jays,St. Louis Cardinals,betmgm,totals,Under,8.5,-110,1.9091
2026-08-01T14:53:25Z,open,887515990979436aed352a22f6f8fdff,822781.0,2026-08-01,2026-08-01T19:08:00Z,Toronto Blue Jays,St. Louis Cardinals,bovada,h2h,St. Louis Cardinals,,130,2.3
2026-08-01T14:53:25Z,open,887515990979436aed352a22f6f8fdff,822781.0,2026-08-01,2026-08-01T19:08:00Z,Toronto Blue Jays,St. Louis Cardinals,bovada,h2h,Toronto Blue Jays,,-155,1.6452
2026-08-01T14:53:25Z,open,887515990979436aed352a22f6f8fdff,822781.0,2026-08-01,2026-08-01T19:08:00Z,Toronto Blue Jays,St. Louis Cardinals,bovada,spreads,St. Louis Cardinals,1.5,-165,1.6061
2026-08-01T14:53:25Z,open,887515990979436aed352a22f6f8fdff,822781.0,2026-08-01,2026-08-01T19:08:00Z,Toronto Blue Jays,St. Louis Cardinals,bovada,spreads,Toronto Blue Jays,-1.5,140,2.4
2026-08-01T14:53:25Z,open,887515990979436aed352a22f6f8fdff,822781.0,2026-08-01,2026-08-01T19:08:00Z,Toronto Blue Jays,St. Louis Cardinals,bovada,totals,Over,8.5,-105,1.9524
2026-08-01T14:53:25Z,open,887515990979436aed352a22f6f8fdff,822781.0,2026-08-01,2026-08-01T19:08:00Z,Toronto Blue Jays,St. Louis Cardinals,bovada,totals,Under,8.5,-115,1.8696
2026-08-01T14:53:25Z,open,887515990979436aed352a22f6f8fdff,822781.0,2026-08-01,2026-08-01T19:08:00Z,Toronto Blue Jays,St. Louis Cardinals,betus,h2h,St. Louis Cardinals,,131,2.31
2026-08-01T14:53:25Z,open,887515990979436aed352a22f6f8fdff,822781.0,2026-08-01,2026-08-01T19:08:00Z,Toronto Blue Jays,St. Louis Cardinals,betus,h2h,Toronto Blue Jays,,-146,1.6849
2026-08-01T14:53:25Z,open,887515990979436aed352a22f6f8fdff,822781.0,2026-08-01,2026-08-01T19:08:00Z,Toronto Blue Jays,St. Louis Cardinals,betus,spreads,St. Louis Cardinals,1.5,-160,1.625
2026-08-01T14:53:25Z,open,887515990979436aed352a22f6f8fdff,822781.0,2026-08-01,2026-08-01T19:08:00Z,Toronto Blue Jays,St. Louis Cardinals,betus,spreads,Toronto Blue Jays,-1.5,140,2.4
2026-08-01T14:53:25Z,open,887515990979436aed352a22f6f8fdff,822781.0,2026-08-01,2026-08-01T19:08:00Z,Toronto Blue Jays,St. Louis Cardinals,betus,totals,Over,8.5,-110,1.9091
2026-08-01T14:53:25Z,open,887515990979436aed352a22f6f8fdff,822781.0,2026-08-01,2026-08-01T19:08:00Z,Toronto Blue Jays,St. Louis Cardinals,betus,totals,Under,8.5,-110,1.9091
2026-08-01T14:53:25Z,open,887515990979436aed352a22f6f8fdff,822781.0,2026-08-01,2026-08-01T19:08:00Z,Toronto Blue Jays,St. Louis Cardinals,betrivers,h2h,St. Louis Cardinals,,130,2.3
2026-08-01T14:53:25Z,open,887515990979436aed352a22f6f8fdff,822781.0,2026-08-01,2026-08-01T19:08:00Z,Toronto Blue Jays,St. Louis Cardinals,betrivers,h2h,Toronto Blue Jays,,-152,1.6579
2026-08-01T14:53:25Z,open,887515990979436aed352a22f6f8fdff,822781.0,2026-08-01,2026-08-01T19:08:00Z,Toronto Blue Jays,St. Louis Cardinals,betrivers,spreads,St. Louis Cardinals,1.5,-175,1.5714
2026-08-01T14:53:25Z,open,887515990979436aed352a22f6f8fdff,822781.0,2026-08-01,2026-08-01T19:08:00Z,Toronto Blue Jays,St. Louis Cardinals,betrivers,spreads,Toronto Blue Jays,-1.5,143,2.43
2026-08-01T14:53:25Z,open,887515990979436aed352a22f6f8fdff,822781.0,2026-08-01,2026-08-01T19:08:00Z,Toronto Blue Jays,St. Louis Cardinals,betrivers,totals,Over,8.5,-112,1.8929
2026-08-01T14:53:25Z,open,887515990979436aed352a22f6f8fdff,822781.0,2026-08-01,2026-08-01T19:08:00Z,Toronto Blue Jays,St. Louis Cardinals,betrivers,totals,Under,8.5,-107,1.9346
2026-08-01T14:53:25Z,open,2984d38103bf67fc68bc0fb23e98ad8e,822944.0,2026-08-01,2026-08-01T20:11:00Z,Tampa Bay Rays,Chicago White Sox,fanduel,h2h,Chicago White Sox,,148,2.48
2026-08-01T14:53:25Z,open,2984d38103bf67fc68bc0fb23e98ad8e,822944.0,2026-08-01,2026-08-01T20:11:00Z,Tampa Bay Rays,Chicago White Sox,fanduel,h2h,Tampa Bay Rays,,-160,1.625
2026-08-01T14:53:25Z,open,2984d38103bf67fc68bc0fb23e98ad8e,822944.0,2026-08-01,2026-08-01T20:11:00Z,Tampa Bay Rays,Chicago White Sox,fanduel,spreads,Chicago White Sox,1.5,-160,1.625
2026-08-01T14:53:25Z,open,2984d38103bf67fc68bc0fb23e98ad8e,822944.0,2026-08-01,2026-08-01T20:11:00Z,Tampa Bay Rays,Chicago White Sox,fanduel,spreads,Tampa Bay Rays,-1.5,132,2.32
2026-08-01T14:53:25Z,open,2984d38103bf67fc68bc0fb23e98ad8e,822944.0,2026-08-01,2026-08-01T20:11:00Z,Tampa Bay Rays,Chicago White Sox,fanduel,totals,Over,8.0,-102,1.9804
2026-08-01T14:53:25Z,open,2984d38103bf67fc68bc0fb23e98ad8e,822944.0,2026-08-01,2026-08-01T20:11:00Z,Tampa Bay Rays,Chicago White Sox,fanduel,totals,Under,8.0,-120,1.8333
2026-08-01T14:53:25Z,open,2984d38103bf67fc68bc0fb23e98ad8e,822944.0,2026-08-01,2026-08-01T20:11:00Z,Tampa Bay Rays,Chicago White Sox,mybookieag,h2h,Chicago White Sox,,141,2.41
2026-08-01T14:53:25Z,open,2984d38103bf67fc68bc0fb23e98ad8e,822944.0,2026-08-01,2026-08-01T20:11:00Z,Tampa Bay Rays,Chicago White Sox,mybookieag,h2h,Tampa Bay Rays,,-167,1.5988
2026-08-01T14:53:25Z,open,2984d38103bf67fc68bc0fb23e98ad8e,822944.0,2026-08-01,2026-08-01T20:11:00Z,Tampa Bay Rays,Chicago White Sox,mybookieag,spreads,Chicago White Sox,1.5,-147,1.6803
2026-08-01T14:53:25Z,open,2984d38103bf67fc68bc0fb23e98ad8e,822944.0,2026-08-01,2026-08-01T20:11:00Z,Tampa Bay Rays,Chicago White Sox,mybookieag,spreads,Tampa Bay Rays,-1.5,125,2.25
2026-08-01T14:53:25Z,open,2984d38103bf67fc68bc0fb23e98ad8e,822944.0,2026-08-01,2026-08-01T20:11:00Z,Tampa Bay Rays,Chicago White Sox,mybookieag,totals,Over,8.0,-104,1.9615
2026-08-01T14:53:25Z,open,2984d38103bf67fc68bc0fb23e98ad8e,822944.0,2026-08-01,2026-08-01T20:11:00Z,Tampa Bay Rays,Chicago White Sox,mybookieag,totals,Under,8.0,-118,1.8475
2026-08-01T14:53:25Z,open,2984d38103bf67fc68bc0fb23e98ad8e,822944.0,2026-08-01,2026-08-01T20:11:00Z,Tampa Bay Rays,Chicago White Sox,lowvig,h2h,Chicago White Sox,,148,2.48
2026-08-01T14:53:25Z,open,2984d38103bf67fc68bc0fb23e98ad8e,822944.0,2026-08-01,2026-08-01T20:11:00Z,Tampa Bay Rays,Chicago White Sox,lowvig,h2h,Tampa Bay Rays,,-164,1.6098
2026-08-01T14:53:25Z,open,2984d38103bf67fc68bc0fb23e98ad8e,822944.0,2026-08-01,2026-08-01T20:11:00Z,Tampa Bay Rays,Chicago White Sox,lowvig,spreads,Chicago White Sox,1.5,-135,1.7407
2026-08-01T14:53:25Z,open,2984d38103bf67fc68bc0fb23e98ad8e,822944.0,2026-08-01,2026-08-01T20:11:00Z,Tampa Bay Rays,Chicago White Sox,lowvig,spreads,Tampa Bay Rays,-1.5,119,2.19
2026-08-01T14:53:25Z,open,2984d38103bf67fc68bc0fb23e98ad8e,822944.0,2026-08-01,2026-08-01T20:11:00Z,Tampa Bay Rays,Chicago White Sox,lowvig,totals,Over,7.5,-113,1.885
2026-08-01T14:53:25Z,open,2984d38103bf67fc68bc0fb23e98ad8e,822944.0,2026-08-01,2026-08-01T20:11:00Z,Tampa Bay Rays,Chicago White Sox,lowvig,totals,Under,7.5,-102,1.9804
2026-08-01T14:53:25Z,open,2984d38103bf67fc68bc0fb23e98ad8e,822944.0,2026-08-01,2026-08-01T20:11:00Z,Tampa Bay Rays,Chicago White Sox,betonlineag,h2h,Chicago White Sox,,148,2.48
2026-08-01T14:53:25Z,open,2984d38103bf67fc68bc0fb23e98ad8e,822944.0,2026-08-01,2026-08-01T20:11:00Z,Tampa Bay Rays,Chicago White Sox,betonlineag,h2h,Tampa Bay Rays,,-164,1.6098
2026-08-01T14:53:25Z,open,2984d38103bf67fc68bc0fb23e98ad8e,822944.0,2026-08-01,2026-08-01T20:11:00Z,Tampa Bay Rays,Chicago White Sox,betonlineag,spreads,Chicago White Sox,1.5,-137,1.7299
2026-08-01T14:53:25Z,open,2984d38103bf67fc68bc0fb23e98ad8e,822944.0,2026-08-01,2026-08-01T20:11:00Z,Tampa Bay Rays,Chicago White Sox,betonlineag,spreads,Tampa Bay Rays,-1.5,117,2.17
2026-08-01T14:53:25Z,open,2984d38103bf67fc68bc0fb23e98ad8e,822944.0,2026-08-01,2026-08-01T20:11:00Z,Tampa Bay Rays,Chicago White Sox,betonlineag,totals,Over,7.5,-115,1.8696
2026-08-01T14:53:25Z,open,2984d38103bf67fc68bc0fb23e98ad8e,822944.0,2026-08-01,2026-08-01T20:11:00Z,Tampa Bay Rays,Chicago White Sox,betonlineag,totals,Under,7.5,-105,1.9524
2026-08-01T14:53:25Z,open,2984d38103bf67fc68bc0fb23e98ad8e,822944.0,2026-08-01,2026-08-01T20:11:00Z,Tampa Bay Rays,Chicago White Sox,draftkings,h2h,Chicago White Sox,,141,2.41
2026-08-01T14:53:25Z,open,2984d38103bf67fc68bc0fb23e98ad8e,822944.0,2026-08-01,2026-08-01T20:11:00Z,Tampa Bay Rays,Chicago White Sox,draftkings,h2h,Tampa Bay Rays,,-171,1.5848
2026-08-01T14:53:25Z,open,2984d38103bf67fc68bc0fb23e98ad8e,822944.0,2026-08-01,2026-08-01T20:11:00Z,Tampa Bay Rays,Chicago White Sox,draftkings,spreads,Chicago White Sox,1.5,-142,1.7042
2026-08-01T14:53:25Z,open,2984d38103bf67fc68bc0fb23e98ad8e,822944.0,2026-08-01,2026-08-01T20:11:00Z,Tampa Bay Rays,Chicago White Sox,draftkings,spreads,Tampa Bay Rays,-1.5,118,2.18
2026-08-01T14:53:25Z,open,2984d38103bf67fc68bc0fb23e98ad8e,822944.0,2026-08-01,2026-08-01T20:11:00Z,Tampa Bay Rays,Chicago White Sox,draftkings,totals,Over,7.5,-118,1.8475
2026-08-01T14:53:25Z,open,2984d38103bf67fc68bc0fb23e98ad8e,822944.0,2026-08-01,2026-08-01T20:11:00Z,Tampa Bay Rays,Chicago White Sox,draftkings,totals,Under,7.5,-102,1.9804
2026-08-01T14:53:25Z,open,2984d38103bf67fc68bc0fb23e98ad8e,822944.0,2026-08-01,2026-08-01T20:11:00Z,Tampa Bay Rays,Chicago White Sox,betmgm,h2h,Chicago White Sox,,140,2.4
2026-08-01T14:53:25Z,open,2984d38103bf67fc68bc0fb23e98ad8e,822944.0,2026-08-01,2026-08-01T20:11:00Z,Tampa Bay Rays,Chicago White Sox,betmgm,h2h,Tampa Bay Rays,,-170,1.5882
2026-08-01T14:53:25Z,open,2984d38103bf67fc68bc0fb23e98ad8e,822944.0,2026-08-01,2026-08-01T20:11:00Z,Tampa Bay Rays,Chicago White Sox,betmgm,spreads,Chicago White Sox,1.5,-145,1.6897
2026-08-01T14:53:25Z,open,2984d38103bf67fc68bc0fb23e98ad8e,822944.0,2026-08-01,2026-08-01T20:11:00Z,Tampa Bay Rays,Chicago White Sox,betmgm,spreads,Tampa Bay Rays,-1.5,118,2.18
2026-08-01T14:53:25Z,open,2984d38103bf67fc68bc0fb23e98ad8e,822944.0,2026-08-01,2026-08-01T20:11:00Z,Tampa Bay Rays,Chicago White Sox,betmgm,totals,Over,7.5,-115,1.8696
2026-08-01T14:53:25Z,open,2984d38103bf67fc68bc0fb23e98ad8e,822944.0,2026-08-01,2026-08-01T20:11:00Z,Tampa Bay Rays,Chicago White Sox,betmgm,totals,Under,7.5,-105,1.9524
2026-08-01T14:53:25Z,open,2984d38103bf67fc68bc0fb23e98ad8e,822944.0,2026-08-01,2026-08-01T20:11:00Z,Tampa Bay Rays,Chicago White Sox,bovada,h2h,Chicago White Sox,,144,2.44
2026-08-01T14:53:25Z,open,2984d38103bf67fc68bc0fb23e98ad8e,822944.0,2026-08-01,2026-08-01T20:11:00Z,Tampa Bay Rays,Chicago White Sox,bovada,h2h,Tampa Bay Rays,,-175,1.5714
2026-08-01T14:53:25Z,open,2984d38103bf67fc68bc0fb23e98ad8e,822944.0,2026-08-01,2026-08-01T20:11:00Z,Tampa Bay Rays,Chicago White Sox,bovada,spreads,Chicago White Sox,1.5,-140,1.7143
2026-08-01T14:53:25Z,open,2984d38103bf67fc68bc0fb23e98ad8e,822944.0,2026-08-01,2026-08-01T20:11:00Z,Tampa Bay Rays,Chicago White Sox,bovada,spreads,Tampa Bay Rays,-1.5,120,2.2
2026-08-01T14:53:25Z,open,2984d38103bf67fc68bc0fb23e98ad8e,822944.0,2026-08-01,2026-08-01T20:11:00Z,Tampa Bay Rays,Chicago White Sox,bovada,totals,Over,7.5,-115,1.8696
2026-08-01T14:53:25Z,open,2984d38103bf67fc68bc0fb23e98ad8e,822944.0,2026-08-01,2026-08-01T20:11:00Z,Tampa Bay Rays,Chicago White Sox,bovada,totals,Under,7.5,-105,1.9524
2026-08-01T14:53:25Z,open,2984d38103bf67fc68bc0fb23e98ad8e,822944.0,2026-08-01,2026-08-01T20:11:00Z,Tampa Bay Rays,Chicago White Sox,betus,h2h,Chicago White Sox,,147,2.47
2026-08-01T14:53:25Z,open,2984d38103bf67fc68bc0fb23e98ad8e,822944.0,2026-08-01,2026-08-01T20:11:00Z,Tampa Bay Rays,Chicago White Sox,betus,h2h,Tampa Bay Rays,,-166,1.6024
2026-08-01T14:53:25Z,open,2984d38103bf67fc68bc0fb23e98ad8e,822944.0,2026-08-01,2026-08-01T20:11:00Z,Tampa Bay Rays,Chicago White Sox,betus,spreads,Chicago White Sox,1.5,-135,1.7407
2026-08-01T14:53:25Z,open,2984d38103bf67fc68bc0fb23e98ad8e,822944.0,2026-08-01,2026-08-01T20:11:00Z,Tampa Bay Rays,Chicago White Sox,betus,spreads,Tampa Bay Rays,-1.5,115,2.15
2026-08-01T14:53:25Z,open,2984d38103bf67fc68bc0fb23e98ad8e,822944.0,2026-08-01,2026-08-01T20:11:00Z,Tampa Bay Rays,Chicago White Sox,betus,totals,Over,7.5,-115,1.8696
2026-08-01T14:53:25Z,open,2984d38103bf67fc68bc0fb23e98ad8e,822944.0,2026-08-01,2026-08-01T20:11:00Z,Tampa Bay Rays,Chicago White Sox,betus,totals,Under,7.5,-105,1.9524
2026-08-01T14:53:25Z,open,2984d38103bf67fc68bc0fb23e98ad8e,822944.0,2026-08-01,2026-08-01T20:11:00Z,Tampa Bay Rays,Chicago White Sox,betrivers,h2h,Chicago White Sox,,148,2.48
2026-08-01T14:53:25Z,open,2984d38103bf67fc68bc0fb23e98ad8e,822944.0,2026-08-01,2026-08-01T20:11:00Z,Tampa Bay Rays,Chicago White Sox,betrivers,h2h,Tampa Bay Rays,,-177,1.565
2026-08-01T14:53:25Z,open,2984d38103bf67fc68bc0fb23e98ad8e,822944.0,2026-08-01,2026-08-01T20:11:00Z,Tampa Bay Rays,Chicago White Sox,betrivers,spreads,Chicago White Sox,1.5,-157,1.6369
2026-08-01T14:53:25Z,open,2984d38103bf67fc68bc0fb23e98ad8e,822944.0,2026-08-01,2026-08-01T20:11:00Z,Tampa Bay Rays,Chicago White Sox,betrivers,spreads,Tampa Bay Rays,-1.5,130,2.3
2026-08-01T14:53:25Z,open,2984d38103bf67fc68bc0fb23e98ad8e,822944.0,2026-08-01,2026-08-01T20:11:00Z,Tampa Bay Rays,Chicago White Sox,betrivers,totals,Over,8.0,-103,1.9709
2026-08-01T14:53:25Z,open,2984d38103bf67fc68bc0fb23e98ad8e,822944.0,2026-08-01,2026-08-01T20:11:00Z,Tampa Bay Rays,Chicago White Sox,betrivers,totals,Under,8.0,-117,1.8547
2026-08-01T14:53:25Z,open,84746342d2944e433747b81eda041fa8,823594.0,2026-08-01,2026-08-01T20:11:00Z,New York Mets,Miami Marlins,fanduel,h2h,Miami Marlins,,118,2.18
2026-08-01T14:53:25Z,open,84746342d2944e433747b81eda041fa8,823594.0,2026-08-01,2026-08-01T20:11:00Z,New York Mets,Miami Marlins,fanduel,h2h,New York Mets,,-126,1.7937
2026-08-01T14:53:25Z,open,84746342d2944e433747b81eda041fa8,823594.0,2026-08-01,2026-08-01T20:11:00Z,New York Mets,Miami Marlins,fanduel,spreads,Miami Marlins,1.5,-184,1.5435
2026-08-01T14:53:25Z,open,84746342d2944e433747b81eda041fa8,823594.0,2026-08-01,2026-08-01T20:11:00Z,New York Mets,Miami Marlins,fanduel,spreads,New York Mets,-1.5,152,2.52
2026-08-01T14:53:25Z,open,84746342d2944e433747b81eda041fa8,823594.0,2026-08-01,2026-08-01T20:11:00Z,New York Mets,Miami Marlins,fanduel,totals,Over,9.0,-105,1.9524
2026-08-01T14:53:25Z,open,84746342d2944e433747b81eda041fa8,823594.0,2026-08-01,2026-08-01T20:11:00Z,New York Mets,Miami Marlins,fanduel,totals,Under,9.0,-115,1.8696
2026-08-01T14:53:25Z,open,84746342d2944e433747b81eda041fa8,823594.0,2026-08-01,2026-08-01T20:11:00Z,New York Mets,Miami Marlins,mybookieag,h2h,Miami Marlins,,112,2.12
2026-08-01T14:53:25Z,open,84746342d2944e433747b81eda041fa8,823594.0,2026-08-01,2026-08-01T20:11:00Z,New York Mets,Miami Marlins,mybookieag,h2h,New York Mets,,-131,1.7634
2026-08-01T14:53:25Z,open,84746342d2944e433747b81eda041fa8,823594.0,2026-08-01,2026-08-01T20:11:00Z,New York Mets,Miami Marlins,mybookieag,spreads,Miami Marlins,1.5,-187,1.5348
2026-08-01T14:53:25Z,open,84746342d2944e433747b81eda041fa8,823594.0,2026-08-01,2026-08-01T20:11:00Z,New York Mets,Miami Marlins,mybookieag,spreads,New York Mets,-1.5,156,2.56
2026-08-01T14:53:25Z,open,84746342d2944e433747b81eda041fa8,823594.0,2026-08-01,2026-08-01T20:11:00Z,New York Mets,Miami Marlins,mybookieag,totals,Over,9.0,-106,1.9434
2026-08-01T14:53:25Z,open,84746342d2944e433747b81eda041fa8,823594.0,2026-08-01,2026-08-01T20:11:00Z,New York Mets,Miami Marlins,mybookieag,totals,Under,9.0,-115,1.8696
2026-08-01T14:53:25Z,open,84746342d2944e433747b81eda041fa8,823594.0,2026-08-01,2026-08-01T20:11:00Z,New York Mets,Miami Marlins,betonlineag,h2h,Miami Marlins,,117,2.17
2026-08-01T14:53:25Z,open,84746342d2944e433747b81eda041fa8,823594.0,2026-08-01,2026-08-01T20:11:00Z,New York Mets,Miami Marlins,betonlineag,h2h,New York Mets,,-129,1.7752
2026-08-01T14:53:25Z,open,84746342d2944e433747b81eda041fa8,823594.0,2026-08-01,2026-08-01T20:11:00Z,New York Mets,Miami Marlins,betonlineag,spreads,Miami Marlins,1.5,-180,1.5556
2026-08-01T14:53:25Z,open,84746342d2944e433747b81eda041fa8,823594.0,2026-08-01,2026-08-01T20:11:00Z,New York Mets,Miami Marlins,betonlineag,spreads,New York Mets,-1.5,157,2.57
2026-08-01T14:53:25Z,open,84746342d2944e433747b81eda041fa8,823594.0,2026-08-01,2026-08-01T20:11:00Z,New York Mets,Miami Marlins,betonlineag,totals,Over,9.0,-105,1.9524
2026-08-01T14:53:25Z,open,84746342d2944e433747b81eda041fa8,823594.0,2026-08-01,2026-08-01T20:11:00Z,New York Mets,Miami Marlins,betonlineag,totals,Under,9.0,-115,1.8696
2026-08-01T14:53:25Z,open,84746342d2944e433747b81eda041fa8,823594.0,2026-08-01,2026-08-01T20:11:00Z,New York Mets,Miami Marlins,lowvig,h2h,Miami Marlins,,117,2.17
2026-08-01T14:53:25Z,open,84746342d2944e433747b81eda041fa8,823594.0,2026-08-01,2026-08-01T20:11:00Z,New York Mets,Miami Marlins,lowvig,h2h,New York Mets,,-129,1.7752
2026-08-01T14:53:25Z,open,84746342d2944e433747b81eda041fa8,823594.0,2026-08-01,2026-08-01T20:11:00Z,New York Mets,Miami Marlins,lowvig,spreads,Miami Marlins,1.5,-180,1.5556
2026-08-01T14:53:25Z,open,84746342d2944e433747b81eda041fa8,823594.0,2026-08-01,2026-08-01T20:11:00Z,New York Mets,Miami Marlins,lowvig,spreads,New York Mets,-1.5,158,2.58
2026-08-01T14:53:25Z,open,84746342d2944e433747b81eda041fa8,823594.0,2026-08-01,2026-08-01T20:11:00Z,New York Mets,Miami Marlins,lowvig,totals,Over,9.0,-102,1.9804
2026-08-01T14:53:25Z,open,84746342d2944e433747b81eda041fa8,823594.0,2026-08-01,2026-08-01T20:11:00Z,New York Mets,Miami Marlins,lowvig,totals,Under,9.0,-113,1.885
2026-08-01T14:53:25Z,open,84746342d2944e433747b81eda041fa8,823594.0,2026-08-01,2026-08-01T20:11:00Z,New York Mets,Miami Marlins,draftkings,h2h,Miami Marlins,,110,2.1
2026-08-01T14:53:25Z,open,84746342d2944e433747b81eda041fa8,823594.0,2026-08-01,2026-08-01T20:11:00Z,New York Mets,Miami Marlins,draftkings,h2h,New York Mets,,-132,1.7576
2026-08-01T14:53:25Z,open,84746342d2944e433747b81eda041fa8,823594.0,2026-08-01,2026-08-01T20:11:00Z,New York Mets,Miami Marlins,draftkings,spreads,Miami Marlins,1.5,-186,1.5376
2026-08-01T14:53:25Z,open,84746342d2944e433747b81eda041fa8,823594.0,2026-08-01,2026-08-01T20:11:00Z,New York Mets,Miami Marlins,draftkings,spreads,New York Mets,-1.5,153,2.53
2026-08-01T14:53:25Z,open,84746342d2944e433747b81eda041fa8,823594.0,2026-08-01,2026-08-01T20:11:00Z,New York Mets,Miami Marlins,draftkings,totals,Over,9.0,-105,1.9524
2026-08-01T14:53:25Z,open,84746342d2944e433747b81eda041fa8,823594.0,2026-08-01,2026-08-01T20:11:00Z,New York Mets,Miami Marlins,draftkings,totals,Under,9.0,-114,1.8772
2026-08-01T14:53:25Z,open,84746342d2944e433747b81eda041fa8,823594.0,2026-08-01,2026-08-01T20:11:00Z,New York Mets,Miami Marlins,betmgm,h2h,Miami Marlins,,110,2.1
2026-08-01T14:53:25Z,open,84746342d2944e433747b81eda041fa8,823594.0,2026-08-01,2026-08-01T20:11:00Z,New York Mets,Miami Marlins,betmgm,h2h,New York Mets,,-135,1.7407
2026-08-01T14:53:25Z,open,84746342d2944e433747b81eda041fa8,823594.0,2026-08-01,2026-08-01T20:11:00Z,New York Mets,Miami Marlins,betmgm,spreads,Miami Marlins,1.5,-190,1.5263
2026-08-01T14:53:25Z,open,84746342d2944e433747b81eda041fa8,823594.0,2026-08-01,2026-08-01T20:11:00Z,New York Mets,Miami Marlins,betmgm,spreads,New York Mets,-1.5,155,2.55
2026-08-01T14:53:25Z,open,84746342d2944e433747b81eda041fa8,823594.0,2026-08-01,2026-08-01T20:11:00Z,New York Mets,Miami Marlins,betmgm,totals,Over,9.0,-105,1.9524
2026-08-01T14:53:25Z,open,84746342d2944e433747b81eda041fa8,823594.0,2026-08-01,2026-08-01T20:11:00Z,New York Mets,Miami Marlins,betmgm,totals,Under,9.0,-115,1.8696
2026-08-01T14:53:25Z,open,84746342d2944e433747b81eda041fa8,823594.0,2026-08-01,2026-08-01T20:11:00Z,New York Mets,Miami Marlins,bovada,h2h,Miami Marlins,,112,2.12
2026-08-01T14:53:25Z,open,84746342d2944e433747b81eda041fa8,823594.0,2026-08-01,2026-08-01T20:11:00Z,New York Mets,Miami Marlins,bovada,h2h,New York Mets,,-134,1.7463
2026-08-01T14:53:25Z,open,84746342d2944e433747b81eda041fa8,823594.0,2026-08-01,2026-08-01T20:11:00Z,New York Mets,Miami Marlins,bovada,spreads,Miami Marlins,1.5,-180,1.5556
2026-08-01T14:53:25Z,open,84746342d2944e433747b81eda041fa8,823594.0,2026-08-01,2026-08-01T20:11:00Z,New York Mets,Miami Marlins,bovada,spreads,New York Mets,-1.5,155,2.55
2026-08-01T14:53:25Z,open,84746342d2944e433747b81eda041fa8,823594.0,2026-08-01,2026-08-01T20:11:00Z,New York Mets,Miami Marlins,bovada,totals,Over,9.0,-105,1.9524
2026-08-01T14:53:25Z,open,84746342d2944e433747b81eda041fa8,823594.0,2026-08-01,2026-08-01T20:11:00Z,New York Mets,Miami Marlins,bovada,totals,Under,9.0,-115,1.8696
2026-08-01T14:53:25Z,open,84746342d2944e433747b81eda041fa8,823594.0,2026-08-01,2026-08-01T20:11:00Z,New York Mets,Miami Marlins,betus,h2h,Miami Marlins,,117,2.17
2026-08-01T14:53:25Z,open,84746342d2944e433747b81eda041fa8,823594.0,2026-08-01,2026-08-01T20:11:00Z,New York Mets,Miami Marlins,betus,h2h,New York Mets,,-128,1.7812
2026-08-01T14:53:25Z,open,84746342d2944e433747b81eda041fa8,823594.0,2026-08-01,2026-08-01T20:11:00Z,New York Mets,Miami Marlins,betus,spreads,Miami Marlins,1.5,-180,1.5556
2026-08-01T14:53:25Z,open,84746342d2944e433747b81eda041fa8,823594.0,2026-08-01,2026-08-01T20:11:00Z,New York Mets,Miami Marlins,betus,spreads,New York Mets,-1.5,156,2.56
2026-08-01T14:53:25Z,open,84746342d2944e433747b81eda041fa8,823594.0,2026-08-01,2026-08-01T20:11:00Z,New York Mets,Miami Marlins,betus,totals,Over,9.0,-105,1.9524
2026-08-01T14:53:25Z,open,84746342d2944e433747b81eda041fa8,823594.0,2026-08-01,2026-08-01T20:11:00Z,New York Mets,Miami Marlins,betus,totals,Under,9.0,-115,1.8696
2026-08-01T14:53:25Z,open,84746342d2944e433747b81eda041fa8,823594.0,2026-08-01,2026-08-01T20:11:00Z,New York Mets,Miami Marlins,betrivers,h2h,Miami Marlins,,118,2.18
2026-08-01T14:53:25Z,open,84746342d2944e433747b81eda041fa8,823594.0,2026-08-01,2026-08-01T20:11:00Z,New York Mets,Miami Marlins,betrivers,h2h,New York Mets,,-139,1.7194
2026-08-01T14:53:25Z,open,84746342d2944e433747b81eda041fa8,823594.0,2026-08-01,2026-08-01T20:11:00Z,New York Mets,Miami Marlins,betrivers,spreads,Miami Marlins,1.5,-186,1.5376
2026-08-01T14:53:25Z,open,84746342d2944e433747b81eda041fa8,823594.0,2026-08-01,2026-08-01T20:11:00Z,New York Mets,Miami Marlins,betrivers,spreads,New York Mets,-1.5,150,2.5
2026-08-01T14:53:25Z,open,84746342d2944e433747b81eda041fa8,823594.0,2026-08-01,2026-08-01T20:11:00Z,New York Mets,Miami Marlins,betrivers,totals,Over,9.0,-108,1.9259
2026-08-01T14:53:25Z,open,84746342d2944e433747b81eda041fa8,823594.0,2026-08-01,2026-08-01T20:11:00Z,New York Mets,Miami Marlins,betrivers,totals,Under,9.0,-110,1.9091
2026-08-01T14:53:25Z,open,2dba5e88d89d78ac32b8892ae2214bb9,823109.0,2026-08-01,2026-08-01T20:11:00Z,Seattle Mariners,Minnesota Twins,fanduel,h2h,Minnesota Twins,,146,2.46
2026-08-01T14:53:25Z,open,2dba5e88d89d78ac32b8892ae2214bb9,823109.0,2026-08-01,2026-08-01T20:11:00Z,Seattle Mariners,Minnesota Twins,fanduel,h2h,Seattle Mariners,,-158,1.6329
2026-08-01T14:53:25Z,open,2dba5e88d89d78ac32b8892ae2214bb9,823109.0,2026-08-01,2026-08-01T20:11:00Z,Seattle Mariners,Minnesota Twins,fanduel,spreads,Minnesota Twins,1.5,-160,1.625
2026-08-01T14:53:25Z,open,2dba5e88d89d78ac32b8892ae2214bb9,823109.0,2026-08-01,2026-08-01T20:11:00Z,Seattle Mariners,Minnesota Twins,fanduel,spreads,Seattle Mariners,-1.5,132,2.32
2026-08-01T14:53:25Z,open,2dba5e88d89d78ac32b8892ae2214bb9,823109.0,2026-08-01,2026-08-01T20:11:00Z,Seattle Mariners,Minnesota Twins,fanduel,totals,Over,7.5,-104,1.9615
2026-08-01T14:53:25Z,open,2dba5e88d89d78ac32b8892ae2214bb9,823109.0,2026-08-01,2026-08-01T20:11:00Z,Seattle Mariners,Minnesota Twins,fanduel,totals,Under,7.5,-118,1.8475
2026-08-01T14:53:25Z,open,2dba5e88d89d78ac32b8892ae2214bb9,823109.0,2026-08-01,2026-08-01T20:11:00Z,Seattle Mariners,Minnesota Twins,mybookieag,h2h,Minnesota Twins,,142,2.42
2026-08-01T14:53:25Z,open,2dba5e88d89d78ac32b8892ae2214bb9,823109.0,2026-08-01,2026-08-01T20:11:00Z,Seattle Mariners,Minnesota Twins,mybookieag,h2h,Seattle Mariners,,-168,1.5952
2026-08-01T14:53:25Z,open,2dba5e88d89d78ac32b8892ae2214bb9,823109.0,2026-08-01,2026-08-01T20:11:00Z,Seattle Mariners,Minnesota Twins,mybookieag,spreads,Minnesota Twins,1.5,-155,1.6452
2026-08-01T14:53:25Z,open,2dba5e88d89d78ac32b8892ae2214bb9,823109.0,2026-08-01,2026-08-01T20:11:00Z,Seattle Mariners,Minnesota Twins,mybookieag,spreads,Seattle Mariners,-1.5,132,2.32
2026-08-01T14:53:25Z,open,2dba5e88d89d78ac32b8892ae2214bb9,823109.0,2026-08-01,2026-08-01T20:11:00Z,Seattle Mariners,Minnesota Twins,mybookieag,totals,Over,7.0,-126,1.7937
2026-08-01T14:53:25Z,open,2dba5e88d89d78ac32b8892ae2214bb9,823109.0,2026-08-01,2026-08-01T20:11:00Z,Seattle Mariners,Minnesota Twins,mybookieag,totals,Under,7.0,103,2.03
2026-08-01T14:53:25Z,open,2dba5e88d89d78ac32b8892ae2214bb9,823109.0,2026-08-01,2026-08-01T20:11:00Z,Seattle Mariners,Minnesota Twins,betonlineag,h2h,Minnesota Twins,,143,2.43
2026-08-01T14:53:25Z,open,2dba5e88d89d78ac32b8892ae2214bb9,823109.0,2026-08-01,2026-08-01T20:11:00Z,Seattle Mariners,Minnesota Twins,betonlineag,h2h,Seattle Mariners,,-158,1.6329
2026-08-01T14:53:25Z,open,2dba5e88d89d78ac32b8892ae2214bb9,823109.0,2026-08-01,2026-08-01T20:11:00Z,Seattle Mariners,Minnesota Twins,betonlineag,spreads,Minnesota Twins,1.5,-150,1.6667
2026-08-01T14:53:25Z,open,2dba5e88d89d78ac32b8892ae2214bb9,823109.0,2026-08-01,2026-08-01T20:11:00Z,Seattle Mariners,Minnesota Twins,betonlineag,spreads,Seattle Mariners,-1.5,130,2.3
2026-08-01T14:53:25Z,open,2dba5e88d89d78ac32b8892ae2214bb9,823109.0,2026-08-01,2026-08-01T20:11:00Z,Seattle Mariners,Minnesota Twins,betonlineag,totals,Over,7.5,100,2.0
2026-08-01T14:53:25Z,open,2dba5e88d89d78ac32b8892ae2214bb9,823109.0,2026-08-01,2026-08-01T20:11:00Z,Seattle Mariners,Minnesota Twins,betonlineag,totals,Under,7.5,-120,1.8333
2026-08-01T14:53:25Z,open,2dba5e88d89d78ac32b8892ae2214bb9,823109.0,2026-08-01,2026-08-01T20:11:00Z,Seattle Mariners,Minnesota Twins,lowvig,h2h,Minnesota Twins,,145,2.45
2026-08-01T14:53:25Z,open,2dba5e88d89d78ac32b8892ae2214bb9,823109.0,2026-08-01,2026-08-01T20:11:00Z,Seattle Mariners,Minnesota Twins,lowvig,h2h,Seattle Mariners,,-160,1.625
2026-08-01T14:53:25Z,open,2dba5e88d89d78ac32b8892ae2214bb9,823109.0,2026-08-01,2026-08-01T20:11:00Z,Seattle Mariners,Minnesota Twins,lowvig,spreads,Minnesota Twins,1.5,-149,1.6711
2026-08-01T14:53:25Z,open,2dba5e88d89d78ac32b8892ae2214bb9,823109.0,2026-08-01,2026-08-01T20:11:00Z,Seattle Mariners,Minnesota Twins,lowvig,spreads,Seattle Mariners,-1.5,132,2.32
2026-08-01T14:53:25Z,open,2dba5e88d89d78ac32b8892ae2214bb9,823109.0,2026-08-01,2026-08-01T20:11:00Z,Seattle Mariners,Minnesota Twins,lowvig,totals,Over,7.5,103,2.03
2026-08-01T14:53:25Z,open,2dba5e88d89d78ac32b8892ae2214bb9,823109.0,2026-08-01,2026-08-01T20:11:00Z,Seattle Mariners,Minnesota Twins,lowvig,totals,Under,7.5,-118,1.8475
2026-08-01T14:53:25Z,open,2dba5e88d89d78ac32b8892ae2214bb9,823109.0,2026-08-01,2026-08-01T20:11:00Z,Seattle Mariners,Minnesota Twins,draftkings,h2h,Minnesota Twins,,139,2.39
2026-08-01T14:53:25Z,open,2dba5e88d89d78ac32b8892ae2214bb9,823109.0,2026-08-01,2026-08-01T20:11:00Z,Seattle Mariners,Minnesota Twins,draftkings,h2h,Seattle Mariners,,-169,1.5917
2026-08-01T14:53:25Z,open,2dba5e88d89d78ac32b8892ae2214bb9,823109.0,2026-08-01,2026-08-01T20:11:00Z,Seattle Mariners,Minnesota Twins,draftkings,spreads,Minnesota Twins,1.5,-155,1.6452
2026-08-01T14:53:25Z,open,2dba5e88d89d78ac32b8892ae2214bb9,823109.0,2026-08-01,2026-08-01T20:11:00Z,Seattle Mariners,Minnesota Twins,draftkings,spreads,Seattle Mariners,-1.5,129,2.29
2026-08-01T14:53:25Z,open,2dba5e88d89d78ac32b8892ae2214bb9,823109.0,2026-08-01,2026-08-01T20:11:00Z,Seattle Mariners,Minnesota Twins,draftkings,totals,Over,7.5,100,2.0
2026-08-01T14:53:25Z,open,2dba5e88d89d78ac32b8892ae2214bb9,823109.0,2026-08-01,2026-08-01T20:11:00Z,Seattle Mariners,Minnesota Twins,draftkings,totals,Under,7.5,-120,1.8333
2026-08-01T14:53:25Z,open,2dba5e88d89d78ac32b8892ae2214bb9,823109.0,2026-08-01,2026-08-01T20:11:00Z,Seattle Mariners,Minnesota Twins,betmgm,h2h,Minnesota Twins,,140,2.4
2026-08-01T14:53:25Z,open,2dba5e88d89d78ac32b8892ae2214bb9,823109.0,2026-08-01,2026-08-01T20:11:00Z,Seattle Mariners,Minnesota Twins,betmgm,h2h,Seattle Mariners,,-170,1.5882
2026-08-01T14:53:25Z,open,2dba5e88d89d78ac32b8892ae2214bb9,823109.0,2026-08-01,2026-08-01T20:11:00Z,Seattle Mariners,Minnesota Twins,betmgm,totals,Over,7.5,100,2.0
2026-08-01T14:53:25Z,open,2dba5e88d89d78ac32b8892ae2214bb9,823109.0,2026-08-01,2026-08-01T20:11:00Z,Seattle Mariners,Minnesota Twins,betmgm,totals,Under,7.5,-120,1.8333
2026-08-01T14:53:25Z,open,2dba5e88d89d78ac32b8892ae2214bb9,823109.0,2026-08-01,2026-08-01T20:11:00Z,Seattle Mariners,Minnesota Twins,bovada,h2h,Minnesota Twins,,142,2.42
2026-08-01T14:53:25Z,open,2dba5e88d89d78ac32b8892ae2214bb9,823109.0,2026-08-01,2026-08-01T20:11:00Z,Seattle Mariners,Minnesota Twins,bovada,h2h,Seattle Mariners,,-172,1.5814
2026-08-01T14:53:25Z,open,2dba5e88d89d78ac32b8892ae2214bb9,823109.0,2026-08-01,2026-08-01T20:11:00Z,Seattle Mariners,Minnesota Twins,bovada,spreads,Minnesota Twins,1.5,-150,1.6667
2026-08-01T14:53:25Z,open,2dba5e88d89d78ac32b8892ae2214bb9,823109.0,2026-08-01,2026-08-01T20:11:00Z,Seattle Mariners,Minnesota Twins,bovada,spreads,Seattle Mariners,-1.5,130,2.3
2026-08-01T14:53:25Z,open,2dba5e88d89d78ac32b8892ae2214bb9,823109.0,2026-08-01,2026-08-01T20:11:00Z,Seattle Mariners,Minnesota Twins,bovada,totals,Over,7.0,-125,1.8
2026-08-01T14:53:25Z,open,2dba5e88d89d78ac32b8892ae2214bb9,823109.0,2026-08-01,2026-08-01T20:11:00Z,Seattle Mariners,Minnesota Twins,bovada,totals,Under,7.0,105,2.05
2026-08-01T14:53:25Z,open,2dba5e88d89d78ac32b8892ae2214bb9,823109.0,2026-08-01,2026-08-01T20:11:00Z,Seattle Mariners,Minnesota Twins,betrivers,h2h,Minnesota Twins,,145,2.45
2026-08-01T14:53:25Z,open,2dba5e88d89d78ac32b8892ae2214bb9,823109.0,2026-08-01,2026-08-01T20:11:00Z,Seattle Mariners,Minnesota Twins,betrivers,h2h,Seattle Mariners,,-175,1.5714
2026-08-01T14:53:25Z,open,2dba5e88d89d78ac32b8892ae2214bb9,823109.0,2026-08-01,2026-08-01T20:11:00Z,Seattle Mariners,Minnesota Twins,betrivers,spreads,Minnesota Twins,1.5,-155,1.6452
2026-08-01T14:53:25Z,open,2dba5e88d89d78ac32b8892ae2214bb9,823109.0,2026-08-01,2026-08-01T20:11:00Z,Seattle Mariners,Minnesota Twins,betrivers,spreads,Seattle Mariners,-1.5,125,2.25
2026-08-01T14:53:25Z,open,2dba5e88d89d78ac32b8892ae2214bb9,823109.0,2026-08-01,2026-08-01T20:11:00Z,Seattle Mariners,Minnesota Twins,betrivers,totals,Over,7.5,-106,1.9434
2026-08-01T14:53:25Z,open,2dba5e88d89d78ac32b8892ae2214bb9,823109.0,2026-08-01,2026-08-01T20:11:00Z,Seattle Mariners,Minnesota Twins,betrivers,totals,Under,7.5,-113,1.885
2026-08-01T14:53:25Z,open,2dba5e88d89d78ac32b8892ae2214bb9,823109.0,2026-08-01,2026-08-01T20:11:00Z,Seattle Mariners,Minnesota Twins,betus,h2h,Minnesota Twins,,145,2.45
2026-08-01T14:53:25Z,open,2dba5e88d89d78ac32b8892ae2214bb9,823109.0,2026-08-01,2026-08-01T20:11:00Z,Seattle Mariners,Minnesota Twins,betus,h2h,Seattle Mariners,,-163,1.6135
2026-08-01T14:53:25Z,open,2dba5e88d89d78ac32b8892ae2214bb9,823109.0,2026-08-01,2026-08-01T20:11:00Z,Seattle Mariners,Minnesota Twins,betus,spreads,Minnesota Twins,1.5,-150,1.6667
2026-08-01T14:53:25Z,open,2dba5e88d89d78ac32b8892ae2214bb9,823109.0,2026-08-01,2026-08-01T20:11:00Z,Seattle Mariners,Minnesota Twins,betus,spreads,Seattle Mariners,-1.5,130,2.3
2026-08-01T14:53:25Z,open,2dba5e88d89d78ac32b8892ae2214bb9,823109.0,2026-08-01,2026-08-01T20:11:00Z,Seattle Mariners,Minnesota Twins,betus,totals,Over,7.5,100,2.0
2026-08-01T14:53:25Z,open,2dba5e88d89d78ac32b8892ae2214bb9,823109.0,2026-08-01,2026-08-01T20:11:00Z,Seattle Mariners,Minnesota Twins,betus,totals,Under,7.5,-120,1.8333
2026-08-01T14:53:25Z,open,4cf22ff99815959994e2c4f8662d97bf,824485.0,2026-08-01,2026-08-01T22:41:00Z,Cincinnati Reds,Pittsburgh Pirates,fanduel,h2h,Cincinnati Reds,,102,2.02
2026-08-01T14:53:25Z,open,4cf22ff99815959994e2c4f8662d97bf,824485.0,2026-08-01,2026-08-01T22:41:00Z,Cincinnati Reds,Pittsburgh Pirates,fanduel,h2h,Pittsburgh Pirates,,-112,1.8929
2026-08-01T14:53:25Z,open,4cf22ff99815959994e2c4f8662d97bf,824485.0,2026-08-01,2026-08-01T22:41:00Z,Cincinnati Reds,Pittsburgh Pirates,fanduel,spreads,Cincinnati Reds,1.5,-162,1.6173
2026-08-01T14:53:25Z,open,4cf22ff99815959994e2c4f8662d97bf,824485.0,2026-08-01,2026-08-01T22:41:00Z,Cincinnati Reds,Pittsburgh Pirates,fanduel,spreads,Pittsburgh Pirates,-1.5,134,2.34
2026-08-01T14:53:25Z,open,4cf22ff99815959994e2c4f8662d97bf,824485.0,2026-08-01,2026-08-01T22:41:00Z,Cincinnati Reds,Pittsburgh Pirates,fanduel,totals,Over,8.5,-106,1.9434
2026-08-01T14:53:25Z,open,4cf22ff99815959994e2c4f8662d97bf,824485.0,2026-08-01,2026-08-01T22:41:00Z,Cincinnati Reds,Pittsburgh Pirates,fanduel,totals,Under,8.5,-114,1.8772
2026-08-01T14:53:25Z,open,4cf22ff99815959994e2c4f8662d97bf,824485.0,2026-08-01,2026-08-01T22:41:00Z,Cincinnati Reds,Pittsburgh Pirates,mybookieag,h2h,Cincinnati Reds,,100,2.0
2026-08-01T14:53:25Z,open,4cf22ff99815959994e2c4f8662d97bf,824485.0,2026-08-01,2026-08-01T22:41:00Z,Cincinnati Reds,Pittsburgh Pirates,mybookieag,h2h,Pittsburgh Pirates,,-117,1.8547
2026-08-01T14:53:25Z,open,4cf22ff99815959994e2c4f8662d97bf,824485.0,2026-08-01,2026-08-01T22:41:00Z,Cincinnati Reds,Pittsburgh Pirates,mybookieag,spreads,Cincinnati Reds,1.5,-166,1.6024
2026-08-01T14:53:25Z,open,4cf22ff99815959994e2c4f8662d97bf,824485.0,2026-08-01,2026-08-01T22:41:00Z,Cincinnati Reds,Pittsburgh Pirates,mybookieag,spreads,Pittsburgh Pirates,-1.5,141,2.41
2026-08-01T14:53:25Z,open,4cf22ff99815959994e2c4f8662d97bf,824485.0,2026-08-01,2026-08-01T22:41:00Z,Cincinnati Reds,Pittsburgh Pirates,mybookieag,totals,Over,8.5,-106,1.9434
2026-08-01T14:53:25Z,open,4cf22ff99815959994e2c4f8662d97bf,824485.0,2026-08-01,2026-08-01T22:41:00Z,Cincinnati Reds,Pittsburgh Pirates,mybookieag,totals,Under,8.5,-115,1.8696
2026-08-01T14:53:25Z,open,4cf22ff99815959994e2c4f8662d97bf,824485.0,2026-08-01,2026-08-01T22:41:00Z,Cincinnati Reds,Pittsburgh Pirates,lowvig,h2h,Cincinnati Reds,,104,2.04
2026-08-01T14:53:25Z,open,4cf22ff99815959994e2c4f8662d97bf,824485.0,2026-08-01,2026-08-01T22:41:00Z,Cincinnati Reds,Pittsburgh Pirates,lowvig,h2h,Pittsburgh Pirates,,-115,1.8696
2026-08-01T14:53:25Z,open,4cf22ff99815959994e2c4f8662d97bf,824485.0,2026-08-01,2026-08-01T22:41:00Z,Cincinnati Reds,Pittsburgh Pirates,lowvig,spreads,Cincinnati Reds,1.5,-156,1.641
2026-08-01T14:53:25Z,open,4cf22ff99815959994e2c4f8662d97bf,824485.0,2026-08-01,2026-08-01T22:41:00Z,Cincinnati Reds,Pittsburgh Pirates,lowvig,spreads,Pittsburgh Pirates,-1.5,138,2.38
2026-08-01T14:53:25Z,open,4cf22ff99815959994e2c4f8662d97bf,824485.0,2026-08-01,2026-08-01T22:41:00Z,Cincinnati Reds,Pittsburgh Pirates,lowvig,totals,Over,8.5,-102,1.9804
2026-08-01T14:53:25Z,open,4cf22ff99815959994e2c4f8662d97bf,824485.0,2026-08-01,2026-08-01T22:41:00Z,Cincinnati Reds,Pittsburgh Pirates,lowvig,totals,Under,8.5,-113,1.885
2026-08-01T14:53:25Z,open,4cf22ff99815959994e2c4f8662d97bf,824485.0,2026-08-01,2026-08-01T22:41:00Z,Cincinnati Reds,Pittsburgh Pirates,betonlineag,h2h,Cincinnati Reds,,104,2.04
2026-08-01T14:53:25Z,open,4cf22ff99815959994e2c4f8662d97bf,824485.0,2026-08-01,2026-08-01T22:41:00Z,Cincinnati Reds,Pittsburgh Pirates,betonlineag,h2h,Pittsburgh Pirates,,-115,1.8696
2026-08-01T14:53:25Z,open,4cf22ff99815959994e2c4f8662d97bf,824485.0,2026-08-01,2026-08-01T22:41:00Z,Cincinnati Reds,Pittsburgh Pirates,betonlineag,spreads,Cincinnati Reds,1.5,-157,1.6369
2026-08-01T14:53:25Z,open,4cf22ff99815959994e2c4f8662d97bf,824485.0,2026-08-01,2026-08-01T22:41:00Z,Cincinnati Reds,Pittsburgh Pirates,betonlineag,spreads,Pittsburgh Pirates,-1.5,137,2.37
2026-08-01T14:53:25Z,open,4cf22ff99815959994e2c4f8662d97bf,824485.0,2026-08-01,2026-08-01T22:41:00Z,Cincinnati Reds,Pittsburgh Pirates,betonlineag,totals,Over,8.5,-105,1.9524
2026-08-01T14:53:25Z,open,4cf22ff99815959994e2c4f8662d97bf,824485.0,2026-08-01,2026-08-01T22:41:00Z,Cincinnati Reds,Pittsburgh Pirates,betonlineag,totals,Under,8.5,-115,1.8696
2026-08-01T14:53:25Z,open,4cf22ff99815959994e2c4f8662d97bf,824485.0,2026-08-01,2026-08-01T22:41:00Z,Cincinnati Reds,Pittsburgh Pirates,draftkings,h2h,Cincinnati Reds,,-104,1.9615
2026-08-01T14:53:25Z,open,4cf22ff99815959994e2c4f8662d97bf,824485.0,2026-08-01,2026-08-01T22:41:00Z,Cincinnati Reds,Pittsburgh Pirates,draftkings,h2h,Pittsburgh Pirates,,-115,1.8696
2026-08-01T14:53:25Z,open,4cf22ff99815959994e2c4f8662d97bf,824485.0,2026-08-01,2026-08-01T22:41:00Z,Cincinnati Reds,Pittsburgh Pirates,draftkings,spreads,Cincinnati Reds,1.5,-172,1.5814
2026-08-01T14:53:25Z,open,4cf22ff99815959994e2c4f8662d97bf,824485.0,2026-08-01,2026-08-01T22:41:00Z,Cincinnati Reds,Pittsburgh Pirates,draftkings,spreads,Pittsburgh Pirates,-1.5,142,2.42
2026-08-01T14:53:25Z,open,4cf22ff99815959994e2c4f8662d97bf,824485.0,2026-08-01,2026-08-01T22:41:00Z,Cincinnati Reds,Pittsburgh Pirates,draftkings,totals,Over,8.5,-107,1.9346
2026-08-01T14:53:25Z,open,4cf22ff99815959994e2c4f8662d97bf,824485.0,2026-08-01,2026-08-01T22:41:00Z,Cincinnati Reds,Pittsburgh Pirates,draftkings,totals,Under,8.5,-112,1.8929
2026-08-01T14:53:25Z,open,4cf22ff99815959994e2c4f8662d97bf,824485.0,2026-08-01,2026-08-01T22:41:00Z,Cincinnati Reds,Pittsburgh Pirates,betmgm,h2h,Cincinnati Reds,,100,2.0
2026-08-01T14:53:25Z,open,4cf22ff99815959994e2c4f8662d97bf,824485.0,2026-08-01,2026-08-01T22:41:00Z,Cincinnati Reds,Pittsburgh Pirates,betmgm,h2h,Pittsburgh Pirates,,-120,1.8333
2026-08-01T14:53:25Z,open,4cf22ff99815959994e2c4f8662d97bf,824485.0,2026-08-01,2026-08-01T22:41:00Z,Cincinnati Reds,Pittsburgh Pirates,betmgm,spreads,Cincinnati Reds,1.5,-165,1.6061
2026-08-01T14:53:25Z,open,4cf22ff99815959994e2c4f8662d97bf,824485.0,2026-08-01,2026-08-01T22:41:00Z,Cincinnati Reds,Pittsburgh Pirates,betmgm,spreads,Pittsburgh Pirates,-1.5,135,2.35
2026-08-01T14:53:25Z,open,4cf22ff99815959994e2c4f8662d97bf,824485.0,2026-08-01,2026-08-01T22:41:00Z,Cincinnati Reds,Pittsburgh Pirates,betmgm,totals,Over,8.5,-105,1.9524
2026-08-01T14:53:25Z,open,4cf22ff99815959994e2c4f8662d97bf,824485.0,2026-08-01,2026-08-01T22:41:00Z,Cincinnati Reds,Pittsburgh Pirates,betmgm,totals,Under,8.5,-115,1.8696
2026-08-01T14:53:25Z,open,4cf22ff99815959994e2c4f8662d97bf,824485.0,2026-08-01,2026-08-01T22:41:00Z,Cincinnati Reds,Pittsburgh Pirates,bovada,h2h,Cincinnati Reds,,102,2.02
2026-08-01T14:53:25Z,open,4cf22ff99815959994e2c4f8662d97bf,824485.0,2026-08-01,2026-08-01T22:41:00Z,Cincinnati Reds,Pittsburgh Pirates,bovada,h2h,Pittsburgh Pirates,,-122,1.8197
2026-08-01T14:53:25Z,open,4cf22ff99815959994e2c4f8662d97bf,824485.0,2026-08-01,2026-08-01T22:41:00Z,Cincinnati Reds,Pittsburgh Pirates,bovada,spreads,Cincinnati Reds,1.5,-160,1.625
2026-08-01T14:53:25Z,open,4cf22ff99815959994e2c4f8662d97bf,824485.0,2026-08-01,2026-08-01T22:41:00Z,Cincinnati Reds,Pittsburgh Pirates,bovada,spreads,Pittsburgh Pirates,-1.5,135,2.35
2026-08-01T14:53:25Z,open,4cf22ff99815959994e2c4f8662d97bf,824485.0,2026-08-01,2026-08-01T22:41:00Z,Cincinnati Reds,Pittsburgh Pirates,bovada,totals,Over,8.5,-110,1.9091
2026-08-01T14:53:25Z,open,4cf22ff99815959994e2c4f8662d97bf,824485.0,2026-08-01,2026-08-01T22:41:00Z,Cincinnati Reds,Pittsburgh Pirates,bovada,totals,Under,8.5,-110,1.9091
2026-08-01T14:53:25Z,open,4cf22ff99815959994e2c4f8662d97bf,824485.0,2026-08-01,2026-08-01T22:41:00Z,Cincinnati Reds,Pittsburgh Pirates,betus,h2h,Cincinnati Reds,,106,2.06
2026-08-01T14:53:25Z,open,4cf22ff99815959994e2c4f8662d97bf,824485.0,2026-08-01,2026-08-01T22:41:00Z,Cincinnati Reds,Pittsburgh Pirates,betus,h2h,Pittsburgh Pirates,,-116,1.8621
2026-08-01T14:53:25Z,open,4cf22ff99815959994e2c4f8662d97bf,824485.0,2026-08-01,2026-08-01T22:41:00Z,Cincinnati Reds,Pittsburgh Pirates,betus,spreads,Cincinnati Reds,1.5,-155,1.6452
2026-08-01T14:53:25Z,open,4cf22ff99815959994e2c4f8662d97bf,824485.0,2026-08-01,2026-08-01T22:41:00Z,Cincinnati Reds,Pittsburgh Pirates,betus,spreads,Pittsburgh Pirates,-1.5,135,2.35
2026-08-01T14:53:25Z,open,4cf22ff99815959994e2c4f8662d97bf,824485.0,2026-08-01,2026-08-01T22:41:00Z,Cincinnati Reds,Pittsburgh Pirates,betus,totals,Over,8.5,-105,1.9524
2026-08-01T14:53:25Z,open,4cf22ff99815959994e2c4f8662d97bf,824485.0,2026-08-01,2026-08-01T22:41:00Z,Cincinnati Reds,Pittsburgh Pirates,betus,totals,Under,8.5,-115,1.8696
2026-08-01T14:53:25Z,open,4cf22ff99815959994e2c4f8662d97bf,824485.0,2026-08-01,2026-08-01T22:41:00Z,Cincinnati Reds,Pittsburgh Pirates,betrivers,h2h,Cincinnati Reds,,-103,1.9709
2026-08-01T14:53:25Z,open,4cf22ff99815959994e2c4f8662d97bf,824485.0,2026-08-01,2026-08-01T22:41:00Z,Cincinnati Reds,Pittsburgh Pirates,betrivers,h2h,Pittsburgh Pirates,,-114,1.8772
2026-08-01T14:53:25Z,open,4cf22ff99815959994e2c4f8662d97bf,824485.0,2026-08-01,2026-08-01T22:41:00Z,Cincinnati Reds,Pittsburgh Pirates,betrivers,spreads,Cincinnati Reds,1.5,-167,1.5988
2026-08-01T14:53:25Z,open,4cf22ff99815959994e2c4f8662d97bf,824485.0,2026-08-01,2026-08-01T22:41:00Z,Cincinnati Reds,Pittsburgh Pirates,betrivers,spreads,Pittsburgh Pirates,-1.5,135,2.35
2026-08-01T14:53:25Z,open,4cf22ff99815959994e2c4f8662d97bf,824485.0,2026-08-01,2026-08-01T22:41:00Z,Cincinnati Reds,Pittsburgh Pirates,betrivers,totals,Over,8.5,-105,1.9524
2026-08-01T14:53:25Z,open,4cf22ff99815959994e2c4f8662d97bf,824485.0,2026-08-01,2026-08-01T22:41:00Z,Cincinnati Reds,Pittsburgh Pirates,betrivers,totals,Under,8.5,-114,1.8772
2026-08-01T14:53:25Z,open,8ad8229352651cf1b573f9ee834b57ac,824808.0,2026-08-01,2026-08-01T23:06:00Z,Baltimore Orioles,Philadelphia Phillies,fanduel,h2h,Baltimore Orioles,,130,2.3
2026-08-01T14:53:25Z,open,8ad8229352651cf1b573f9ee834b57ac,824808.0,2026-08-01,2026-08-01T23:06:00Z,Baltimore Orioles,Philadelphia Phillies,fanduel,h2h,Philadelphia Phillies,,-140,1.7143
2026-08-01T14:53:25Z,open,8ad8229352651cf1b573f9ee834b57ac,824808.0,2026-08-01,2026-08-01T23:06:00Z,Baltimore Orioles,Philadelphia Phillies,fanduel,spreads,Baltimore Orioles,1.5,-130,1.7692
2026-08-01T14:53:25Z,open,8ad8229352651cf1b573f9ee834b57ac,824808.0,2026-08-01,2026-08-01T23:06:00Z,Baltimore Orioles,Philadelphia Phillies,fanduel,spreads,Philadelphia Phillies,-1.5,108,2.08
2026-08-01T14:53:25Z,open,8ad8229352651cf1b573f9ee834b57ac,824808.0,2026-08-01,2026-08-01T23:06:00Z,Baltimore Orioles,Philadelphia Phillies,fanduel,totals,Over,8.5,-106,1.9434
2026-08-01T14:53:25Z,open,8ad8229352651cf1b573f9ee834b57ac,824808.0,2026-08-01,2026-08-01T23:06:00Z,Baltimore Orioles,Philadelphia Phillies,fanduel,totals,Under,8.5,-114,1.8772
2026-08-01T14:53:25Z,open,8ad8229352651cf1b573f9ee834b57ac,824808.0,2026-08-01,2026-08-01T23:06:00Z,Baltimore Orioles,Philadelphia Phillies,mybookieag,h2h,Baltimore Orioles,,121,2.21
2026-08-01T14:53:25Z,open,8ad8229352651cf1b573f9ee834b57ac,824808.0,2026-08-01,2026-08-01T23:06:00Z,Baltimore Orioles,Philadelphia Phillies,mybookieag,h2h,Philadelphia Phillies,,-142,1.7042
2026-08-01T14:53:25Z,open,8ad8229352651cf1b573f9ee834b57ac,824808.0,2026-08-01,2026-08-01T23:06:00Z,Baltimore Orioles,Philadelphia Phillies,mybookieag,spreads,Baltimore Orioles,1.5,-135,1.7407
2026-08-01T14:53:25Z,open,8ad8229352651cf1b573f9ee834b57ac,824808.0,2026-08-01,2026-08-01T23:06:00Z,Baltimore Orioles,Philadelphia Phillies,mybookieag,spreads,Philadelphia Phillies,-1.5,115,2.15
2026-08-01T14:53:25Z,open,8ad8229352651cf1b573f9ee834b57ac,824808.0,2026-08-01,2026-08-01T23:06:00Z,Baltimore Orioles,Philadelphia Phillies,mybookieag,totals,Over,8.5,-111,1.9009
2026-08-01T14:53:25Z,open,8ad8229352651cf1b573f9ee834b57ac,824808.0,2026-08-01,2026-08-01T23:06:00Z,Baltimore Orioles,Philadelphia Phillies,mybookieag,totals,Under,8.5,-110,1.9091
2026-08-01T14:53:25Z,open,8ad8229352651cf1b573f9ee834b57ac,824808.0,2026-08-01,2026-08-01T23:06:00Z,Baltimore Orioles,Philadelphia Phillies,lowvig,h2h,Baltimore Orioles,,127,2.27
2026-08-01T14:53:25Z,open,8ad8229352651cf1b573f9ee834b57ac,824808.0,2026-08-01,2026-08-01T23:06:00Z,Baltimore Orioles,Philadelphia Phillies,lowvig,h2h,Philadelphia Phillies,,-140,1.7143
2026-08-01T14:53:25Z,open,8ad8229352651cf1b573f9ee834b57ac,824808.0,2026-08-01,2026-08-01T23:06:00Z,Baltimore Orioles,Philadelphia Phillies,lowvig,spreads,Baltimore Orioles,1.5,-133,1.7519
2026-08-01T14:53:25Z,open,8ad8229352651cf1b573f9ee834b57ac,824808.0,2026-08-01,2026-08-01T23:06:00Z,Baltimore Orioles,Philadelphia Phillies,lowvig,spreads,Philadelphia Phillies,-1.5,118,2.18
2026-08-01T14:53:25Z,open,8ad8229352651cf1b573f9ee834b57ac,824808.0,2026-08-01,2026-08-01T23:06:00Z,Baltimore Orioles,Philadelphia Phillies,lowvig,totals,Over,8.5,-107,1.9346
2026-08-01T14:53:25Z,open,8ad8229352651cf1b573f9ee834b57ac,824808.0,2026-08-01,2026-08-01T23:06:00Z,Baltimore Orioles,Philadelphia Phillies,lowvig,totals,Under,8.5,-107,1.9346
2026-08-01T14:53:25Z,open,8ad8229352651cf1b573f9ee834b57ac,824808.0,2026-08-01,2026-08-01T23:06:00Z,Baltimore Orioles,Philadelphia Phillies,betonlineag,h2h,Baltimore Orioles,,127,2.27
2026-08-01T14:53:25Z,open,8ad8229352651cf1b573f9ee834b57ac,824808.0,2026-08-01,2026-08-01T23:06:00Z,Baltimore Orioles,Philadelphia Phillies,betonlineag,h2h,Philadelphia Phillies,,-140,1.7143
2026-08-01T14:53:25Z,open,8ad8229352651cf1b573f9ee834b57ac,824808.0,2026-08-01,2026-08-01T23:06:00Z,Baltimore Orioles,Philadelphia Phillies,betonlineag,spreads,Baltimore Orioles,1.5,-135,1.7407
2026-08-01T14:53:25Z,open,8ad8229352651cf1b573f9ee834b57ac,824808.0,2026-08-01,2026-08-01T23:06:00Z,Baltimore Orioles,Philadelphia Phillies,betonlineag,spreads,Philadelphia Phillies,-1.5,115,2.15
2026-08-01T14:53:25Z,open,8ad8229352651cf1b573f9ee834b57ac,824808.0,2026-08-01,2026-08-01T23:06:00Z,Baltimore Orioles,Philadelphia Phillies,betonlineag,totals,Over,8.5,-110,1.9091
2026-08-01T14:53:25Z,open,8ad8229352651cf1b573f9ee834b57ac,824808.0,2026-08-01,2026-08-01T23:06:00Z,Baltimore Orioles,Philadelphia Phillies,betonlineag,totals,Under,8.5,-110,1.9091
2026-08-01T14:53:25Z,open,8ad8229352651cf1b573f9ee834b57ac,824808.0,2026-08-01,2026-08-01T23:06:00Z,Baltimore Orioles,Philadelphia Phillies,draftkings,h2h,Baltimore Orioles,,123,2.23
2026-08-01T14:53:25Z,open,8ad8229352651cf1b573f9ee834b57ac,824808.0,2026-08-01,2026-08-01T23:06:00Z,Baltimore Orioles,Philadelphia Phillies,draftkings,h2h,Philadelphia Phillies,,-149,1.6711
2026-08-01T14:53:25Z,open,8ad8229352651cf1b573f9ee834b57ac,824808.0,2026-08-01,2026-08-01T23:06:00Z,Baltimore Orioles,Philadelphia Phillies,draftkings,spreads,Baltimore Orioles,1.5,-137,1.7299
2026-08-01T14:53:25Z,open,8ad8229352651cf1b573f9ee834b57ac,824808.0,2026-08-01,2026-08-01T23:06:00Z,Baltimore Orioles,Philadelphia Phillies,draftkings,spreads,Philadelphia Phillies,-1.5,114,2.14
2026-08-01T14:53:25Z,open,8ad8229352651cf1b573f9ee834b57ac,824808.0,2026-08-01,2026-08-01T23:06:00Z,Baltimore Orioles,Philadelphia Phillies,draftkings,totals,Over,8.5,-111,1.9009
2026-08-01T14:53:25Z,open,8ad8229352651cf1b573f9ee834b57ac,824808.0,2026-08-01,2026-08-01T23:06:00Z,Baltimore Orioles,Philadelphia Phillies,draftkings,totals,Under,8.5,-108,1.9259
2026-08-01T14:53:25Z,open,8ad8229352651cf1b573f9ee834b57ac,824808.0,2026-08-01,2026-08-01T23:06:00Z,Baltimore Orioles,Philadelphia Phillies,betmgm,spreads,Baltimore Orioles,1.5,-140,1.7143
2026-08-01T14:53:25Z,open,8ad8229352651cf1b573f9ee834b57ac,824808.0,2026-08-01,2026-08-01T23:06:00Z,Baltimore Orioles,Philadelphia Phillies,betmgm,spreads,Philadelphia Phillies,-1.5,115,2.15
2026-08-01T14:53:25Z,open,8ad8229352651cf1b573f9ee834b57ac,824808.0,2026-08-01,2026-08-01T23:06:00Z,Baltimore Orioles,Philadelphia Phillies,betmgm,totals,Over,8.5,-110,1.9091
2026-08-01T14:53:25Z,open,8ad8229352651cf1b573f9ee834b57ac,824808.0,2026-08-01,2026-08-01T23:06:00Z,Baltimore Orioles,Philadelphia Phillies,betmgm,totals,Under,8.5,-110,1.9091
2026-08-01T14:53:25Z,open,8ad8229352651cf1b573f9ee834b57ac,824808.0,2026-08-01,2026-08-01T23:06:00Z,Baltimore Orioles,Philadelphia Phillies,bovada,h2h,Baltimore Orioles,,124,2.24
2026-08-01T14:53:25Z,open,8ad8229352651cf1b573f9ee834b57ac,824808.0,2026-08-01,2026-08-01T23:06:00Z,Baltimore Orioles,Philadelphia Phillies,bovada,h2h,Philadelphia Phillies,,-148,1.6757
2026-08-01T14:53:25Z,open,8ad8229352651cf1b573f9ee834b57ac,824808.0,2026-08-01,2026-08-01T23:06:00Z,Baltimore Orioles,Philadelphia Phillies,bovada,spreads,Baltimore Orioles,1.5,-135,1.7407
2026-08-01T14:53:25Z,open,8ad8229352651cf1b573f9ee834b57ac,824808.0,2026-08-01,2026-08-01T23:06:00Z,Baltimore Orioles,Philadelphia Phillies,bovada,spreads,Philadelphia Phillies,-1.5,115,2.15
2026-08-01T14:53:25Z,open,8ad8229352651cf1b573f9ee834b57ac,824808.0,2026-08-01,2026-08-01T23:06:00Z,Baltimore Orioles,Philadelphia Phillies,bovada,totals,Over,8.5,-110,1.9091
2026-08-01T14:53:25Z,open,8ad8229352651cf1b573f9ee834b57ac,824808.0,2026-08-01,2026-08-01T23:06:00Z,Baltimore Orioles,Philadelphia Phillies,bovada,totals,Under,8.5,-110,1.9091
2026-08-01T14:53:25Z,open,8ad8229352651cf1b573f9ee834b57ac,824808.0,2026-08-01,2026-08-01T23:06:00Z,Baltimore Orioles,Philadelphia Phillies,betus,h2h,Baltimore Orioles,,126,2.26
2026-08-01T14:53:25Z,open,8ad8229352651cf1b573f9ee834b57ac,824808.0,2026-08-01,2026-08-01T23:06:00Z,Baltimore Orioles,Philadelphia Phillies,betus,h2h,Philadelphia Phillies,,-140,1.7143
2026-08-01T14:53:25Z,open,8ad8229352651cf1b573f9ee834b57ac,824808.0,2026-08-01,2026-08-01T23:06:00Z,Baltimore Orioles,Philadelphia Phillies,betus,spreads,Baltimore Orioles,1.5,-135,1.7407
2026-08-01T14:53:25Z,open,8ad8229352651cf1b573f9ee834b57ac,824808.0,2026-08-01,2026-08-01T23:06:00Z,Baltimore Orioles,Philadelphia Phillies,betus,spreads,Philadelphia Phillies,-1.5,115,2.15
2026-08-01T14:53:25Z,open,8ad8229352651cf1b573f9ee834b57ac,824808.0,2026-08-01,2026-08-01T23:06:00Z,Baltimore Orioles,Philadelphia Phillies,betus,totals,Over,8.5,-110,1.9091
2026-08-01T14:53:25Z,open,8ad8229352651cf1b573f9ee834b57ac,824808.0,2026-08-01,2026-08-01T23:06:00Z,Baltimore Orioles,Philadelphia Phillies,betus,totals,Under,8.5,-110,1.9091
2026-08-01T14:53:25Z,open,8ad8229352651cf1b573f9ee834b57ac,824808.0,2026-08-01,2026-08-01T23:06:00Z,Baltimore Orioles,Philadelphia Phillies,betrivers,h2h,Baltimore Orioles,,120,2.2
2026-08-01T14:53:25Z,open,8ad8229352651cf1b573f9ee834b57ac,824808.0,2026-08-01,2026-08-01T23:06:00Z,Baltimore Orioles,Philadelphia Phillies,betrivers,h2h,Philadelphia Phillies,,-141,1.7092
2026-08-01T14:53:25Z,open,8ad8229352651cf1b573f9ee834b57ac,824808.0,2026-08-01,2026-08-01T23:06:00Z,Baltimore Orioles,Philadelphia Phillies,betrivers,spreads,Baltimore Orioles,1.5,-139,1.7194
2026-08-01T14:53:25Z,open,8ad8229352651cf1b573f9ee834b57ac,824808.0,2026-08-01,2026-08-01T23:06:00Z,Baltimore Orioles,Philadelphia Phillies,betrivers,spreads,Philadelphia Phillies,-1.5,114,2.14
2026-08-01T14:53:25Z,open,8ad8229352651cf1b573f9ee834b57ac,824808.0,2026-08-01,2026-08-01T23:06:00Z,Baltimore Orioles,Philadelphia Phillies,betrivers,totals,Over,8.5,-106,1.9434
2026-08-01T14:53:25Z,open,8ad8229352651cf1b573f9ee834b57ac,824808.0,2026-08-01,2026-08-01T23:06:00Z,Baltimore Orioles,Philadelphia Phillies,betrivers,totals,Under,8.5,-113,1.885
2026-08-01T14:53:25Z,open,dae6d7e042dc64a28ea484408927af8c,824162.0,2026-08-01,2026-08-01T23:11:00Z,Houston Astros,Texas Rangers,fanduel,h2h,Houston Astros,,110,2.1
2026-08-01T14:53:25Z,open,dae6d7e042dc64a28ea484408927af8c,824162.0,2026-08-01,2026-08-01T23:11:00Z,Houston Astros,Texas Rangers,fanduel,h2h,Texas Rangers,,-120,1.8333
2026-08-01T14:53:25Z,open,dae6d7e042dc64a28ea484408927af8c,824162.0,2026-08-01,2026-08-01T23:11:00Z,Houston Astros,Texas Rangers,fanduel,spreads,Houston Astros,1.5,-164,1.6098
2026-08-01T14:53:25Z,open,dae6d7e042dc64a28ea484408927af8c,824162.0,2026-08-01,2026-08-01T23:11:00Z,Houston Astros,Texas Rangers,fanduel,spreads,Texas Rangers,-1.5,136,2.36
2026-08-01T14:53:25Z,open,dae6d7e042dc64a28ea484408927af8c,824162.0,2026-08-01,2026-08-01T23:11:00Z,Houston Astros,Texas Rangers,fanduel,totals,Over,8.5,-102,1.9804
2026-08-01T14:53:25Z,open,dae6d7e042dc64a28ea484408927af8c,824162.0,2026-08-01,2026-08-01T23:11:00Z,Houston Astros,Texas Rangers,fanduel,totals,Under,8.5,-120,1.8333
2026-08-01T14:53:25Z,open,dae6d7e042dc64a28ea484408927af8c,824162.0,2026-08-01,2026-08-01T23:11:00Z,Houston Astros,Texas Rangers,mybookieag,h2h,Houston Astros,,106,2.06
2026-08-01T14:53:25Z,open,dae6d7e042dc64a28ea484408927af8c,824162.0,2026-08-01,2026-08-01T23:11:00Z,Houston Astros,Texas Rangers,mybookieag,h2h,Texas Rangers,,-125,1.8
2026-08-01T14:53:25Z,open,dae6d7e042dc64a28ea484408927af8c,824162.0,2026-08-01,2026-08-01T23:11:00Z,Houston Astros,Texas Rangers,mybookieag,spreads,Houston Astros,1.5,-156,1.641
2026-08-01T14:53:25Z,open,dae6d7e042dc64a28ea484408927af8c,824162.0,2026-08-01,2026-08-01T23:11:00Z,Houston Astros,Texas Rangers,mybookieag,spreads,Texas Rangers,-1.5,132,2.32
2026-08-01T14:53:25Z,open,dae6d7e042dc64a28ea484408927af8c,824162.0,2026-08-01,2026-08-01T23:11:00Z,Houston Astros,Texas Rangers,mybookieag,totals,Over,8.5,-107,1.9346
2026-08-01T14:53:25Z,open,dae6d7e042dc64a28ea484408927af8c,824162.0,2026-08-01,2026-08-01T23:11:00Z,Houston Astros,Texas Rangers,mybookieag,totals,Under,8.5,-114,1.8772
2026-08-01T14:53:25Z,open,dae6d7e042dc64a28ea484408927af8c,824162.0,2026-08-01,2026-08-01T23:11:00Z,Houston Astros,Texas Rangers,lowvig,h2h,Houston Astros,,111,2.11
2026-08-01T14:53:25Z,open,dae6d7e042dc64a28ea484408927af8c,824162.0,2026-08-01,2026-08-01T23:11:00Z,Houston Astros,Texas Rangers,lowvig,h2h,Texas Rangers,,-122,1.8197
2026-08-01T14:53:25Z,open,dae6d7e042dc64a28ea484408927af8c,824162.0,2026-08-01,2026-08-01T23:11:00Z,Houston Astros,Texas Rangers,lowvig,spreads,Houston Astros,1.5,-152,1.6579
2026-08-01T14:53:25Z,open,dae6d7e042dc64a28ea484408927af8c,824162.0,2026-08-01,2026-08-01T23:11:00Z,Houston Astros,Texas Rangers,lowvig,spreads,Texas Rangers,-1.5,134,2.34
2026-08-01T14:53:25Z,open,dae6d7e042dc64a28ea484408927af8c,824162.0,2026-08-01,2026-08-01T23:11:00Z,Houston Astros,Texas Rangers,lowvig,totals,Over,8.5,100,2.0
2026-08-01T14:53:25Z,open,dae6d7e042dc64a28ea484408927af8c,824162.0,2026-08-01,2026-08-01T23:11:00Z,Houston Astros,Texas Rangers,lowvig,totals,Under,8.5,-115,1.8696
2026-08-01T14:53:25Z,open,dae6d7e042dc64a28ea484408927af8c,824162.0,2026-08-01,2026-08-01T23:11:00Z,Houston Astros,Texas Rangers,betonlineag,h2h,Houston Astros,,111,2.11
2026-08-01T14:53:25Z,open,dae6d7e042dc64a28ea484408927af8c,824162.0,2026-08-01,2026-08-01T23:11:00Z,Houston Astros,Texas Rangers,betonlineag,h2h,Texas Rangers,,-122,1.8197
2026-08-01T14:53:25Z,open,dae6d7e042dc64a28ea484408927af8c,824162.0,2026-08-01,2026-08-01T23:11:00Z,Houston Astros,Texas Rangers,betonlineag,spreads,Houston Astros,1.5,-153,1.6536
2026-08-01T14:53:25Z,open,dae6d7e042dc64a28ea484408927af8c,824162.0,2026-08-01,2026-08-01T23:11:00Z,Houston Astros,Texas Rangers,betonlineag,spreads,Texas Rangers,-1.5,133,2.33
2026-08-01T14:53:25Z,open,dae6d7e042dc64a28ea484408927af8c,824162.0,2026-08-01,2026-08-01T23:11:00Z,Houston Astros,Texas Rangers,betonlineag,totals,Over,8.5,-103,1.9709
2026-08-01T14:53:25Z,open,dae6d7e042dc64a28ea484408927af8c,824162.0,2026-08-01,2026-08-01T23:11:00Z,Houston Astros,Texas Rangers,betonlineag,totals,Under,8.5,-117,1.8547
2026-08-01T14:53:25Z,open,dae6d7e042dc64a28ea484408927af8c,824162.0,2026-08-01,2026-08-01T23:11:00Z,Houston Astros,Texas Rangers,draftkings,h2h,Houston Astros,,106,2.06
2026-08-01T14:53:25Z,open,dae6d7e042dc64a28ea484408927af8c,824162.0,2026-08-01,2026-08-01T23:11:00Z,Houston Astros,Texas Rangers,draftkings,h2h,Texas Rangers,,-128,1.7812
2026-08-01T14:53:25Z,open,dae6d7e042dc64a28ea484408927af8c,824162.0,2026-08-01,2026-08-01T23:11:00Z,Houston Astros,Texas Rangers,draftkings,spreads,Houston Astros,1.5,-155,1.6452
2026-08-01T14:53:25Z,open,dae6d7e042dc64a28ea484408927af8c,824162.0,2026-08-01,2026-08-01T23:11:00Z,Houston Astros,Texas Rangers,draftkings,spreads,Texas Rangers,-1.5,129,2.29
2026-08-01T14:53:25Z,open,dae6d7e042dc64a28ea484408927af8c,824162.0,2026-08-01,2026-08-01T23:11:00Z,Houston Astros,Texas Rangers,draftkings,totals,Over,8.5,-104,1.9615
2026-08-01T14:53:25Z,open,dae6d7e042dc64a28ea484408927af8c,824162.0,2026-08-01,2026-08-01T23:11:00Z,Houston Astros,Texas Rangers,draftkings,totals,Under,8.5,-115,1.8696
2026-08-01T14:53:25Z,open,dae6d7e042dc64a28ea484408927af8c,824162.0,2026-08-01,2026-08-01T23:11:00Z,Houston Astros,Texas Rangers,betmgm,h2h,Houston Astros,,105,2.05
2026-08-01T14:53:25Z,open,dae6d7e042dc64a28ea484408927af8c,824162.0,2026-08-01,2026-08-01T23:11:00Z,Houston Astros,Texas Rangers,betmgm,h2h,Texas Rangers,,-130,1.7692
2026-08-01T14:53:25Z,open,dae6d7e042dc64a28ea484408927af8c,824162.0,2026-08-01,2026-08-01T23:11:00Z,Houston Astros,Texas Rangers,betmgm,spreads,Houston Astros,1.5,-155,1.6452
2026-08-01T14:53:25Z,open,dae6d7e042dc64a28ea484408927af8c,824162.0,2026-08-01,2026-08-01T23:11:00Z,Houston Astros,Texas Rangers,betmgm,spreads,Texas Rangers,-1.5,125,2.25
2026-08-01T14:53:25Z,open,dae6d7e042dc64a28ea484408927af8c,824162.0,2026-08-01,2026-08-01T23:11:00Z,Houston Astros,Texas Rangers,betmgm,totals,Over,8.5,-105,1.9524
2026-08-01T14:53:25Z,open,dae6d7e042dc64a28ea484408927af8c,824162.0,2026-08-01,2026-08-01T23:11:00Z,Houston Astros,Texas Rangers,betmgm,totals,Under,8.5,-115,1.8696
2026-08-01T14:53:25Z,open,dae6d7e042dc64a28ea484408927af8c,824162.0,2026-08-01,2026-08-01T23:11:00Z,Houston Astros,Texas Rangers,bovada,h2h,Houston Astros,,107,2.07
2026-08-01T14:53:25Z,open,dae6d7e042dc64a28ea484408927af8c,824162.0,2026-08-01,2026-08-01T23:11:00Z,Houston Astros,Texas Rangers,bovada,h2h,Texas Rangers,,-128,1.7812
2026-08-01T14:53:25Z,open,dae6d7e042dc64a28ea484408927af8c,824162.0,2026-08-01,2026-08-01T23:11:00Z,Houston Astros,Texas Rangers,bovada,spreads,Houston Astros,1.5,-160,1.625
2026-08-01T14:53:25Z,open,dae6d7e042dc64a28ea484408927af8c,824162.0,2026-08-01,2026-08-01T23:11:00Z,Houston Astros,Texas Rangers,bovada,spreads,Texas Rangers,-1.5,135,2.35
2026-08-01T14:53:25Z,open,dae6d7e042dc64a28ea484408927af8c,824162.0,2026-08-01,2026-08-01T23:11:00Z,Houston Astros,Texas Rangers,bovada,totals,Over,8.5,-105,1.9524
2026-08-01T14:53:25Z,open,dae6d7e042dc64a28ea484408927af8c,824162.0,2026-08-01,2026-08-01T23:11:00Z,Houston Astros,Texas Rangers,bovada,totals,Under,8.5,-115,1.8696
2026-08-01T14:53:25Z,open,dae6d7e042dc64a28ea484408927af8c,824162.0,2026-08-01,2026-08-01T23:11:00Z,Houston Astros,Texas Rangers,betrivers,h2h,Houston Astros,,106,2.06
2026-08-01T14:53:25Z,open,dae6d7e042dc64a28ea484408927af8c,824162.0,2026-08-01,2026-08-01T23:11:00Z,Houston Astros,Texas Rangers,betrivers,h2h,Texas Rangers,,-124,1.8065
2026-08-01T14:53:25Z,open,dae6d7e042dc64a28ea484408927af8c,824162.0,2026-08-01,2026-08-01T23:11:00Z,Houston Astros,Texas Rangers,betrivers,spreads,Houston Astros,1.5,-162,1.6173
2026-08-01T14:53:25Z,open,dae6d7e042dc64a28ea484408927af8c,824162.0,2026-08-01,2026-08-01T23:11:00Z,Houston Astros,Texas Rangers,betrivers,spreads,Texas Rangers,-1.5,133,2.33
2026-08-01T14:53:25Z,open,dae6d7e042dc64a28ea484408927af8c,824162.0,2026-08-01,2026-08-01T23:11:00Z,Houston Astros,Texas Rangers,betrivers,totals,Over,8.5,-104,1.9615
2026-08-01T14:53:25Z,open,dae6d7e042dc64a28ea484408927af8c,824162.0,2026-08-01,2026-08-01T23:11:00Z,Houston Astros,Texas Rangers,betrivers,totals,Under,8.5,-115,1.8696
2026-08-01T14:53:25Z,open,dae6d7e042dc64a28ea484408927af8c,824162.0,2026-08-01,2026-08-01T23:11:00Z,Houston Astros,Texas Rangers,betus,h2h,Houston Astros,,114,2.14
2026-08-01T14:53:25Z,open,dae6d7e042dc64a28ea484408927af8c,824162.0,2026-08-01,2026-08-01T23:11:00Z,Houston Astros,Texas Rangers,betus,h2h,Texas Rangers,,-125,1.8
2026-08-01T14:53:25Z,open,dae6d7e042dc64a28ea484408927af8c,824162.0,2026-08-01,2026-08-01T23:11:00Z,Houston Astros,Texas Rangers,betus,spreads,Houston Astros,1.5,-155,1.6452
2026-08-01T14:53:25Z,open,dae6d7e042dc64a28ea484408927af8c,824162.0,2026-08-01,2026-08-01T23:11:00Z,Houston Astros,Texas Rangers,betus,spreads,Texas Rangers,-1.5,135,2.35
2026-08-01T14:53:25Z,open,dae6d7e042dc64a28ea484408927af8c,824162.0,2026-08-01,2026-08-01T23:11:00Z,Houston Astros,Texas Rangers,betus,totals,Over,8.5,-105,1.9524
2026-08-01T14:53:25Z,open,dae6d7e042dc64a28ea484408927af8c,824162.0,2026-08-01,2026-08-01T23:11:00Z,Houston Astros,Texas Rangers,betus,totals,Under,8.5,-115,1.8696
2026-08-01T14:53:25Z,open,65f625f15ac20a0c9dd7905ac686d7aa,824405.0,2026-08-01,2026-08-01T23:16:00Z,Cleveland Guardians,Arizona Diamondbacks,fanduel,h2h,Arizona Diamondbacks,,152,2.52
2026-08-01T14:53:25Z,open,65f625f15ac20a0c9dd7905ac686d7aa,824405.0,2026-08-01,2026-08-01T23:16:00Z,Cleveland Guardians,Arizona Diamondbacks,fanduel,h2h,Cleveland Guardians,,-166,1.6024
2026-08-01T14:53:25Z,open,65f625f15ac20a0c9dd7905ac686d7aa,824405.0,2026-08-01,2026-08-01T23:16:00Z,Cleveland Guardians,Arizona Diamondbacks,fanduel,spreads,Arizona Diamondbacks,1.5,-152,1.6579
2026-08-01T14:53:25Z,open,65f625f15ac20a0c9dd7905ac686d7aa,824405.0,2026-08-01,2026-08-01T23:16:00Z,Cleveland Guardians,Arizona Diamondbacks,fanduel,spreads,Cleveland Guardians,-1.5,126,2.26
2026-08-01T14:53:25Z,open,65f625f15ac20a0c9dd7905ac686d7aa,824405.0,2026-08-01,2026-08-01T23:16:00Z,Cleveland Guardians,Arizona Diamondbacks,fanduel,totals,Over,8.5,-105,1.9524
2026-08-01T14:53:25Z,open,65f625f15ac20a0c9dd7905ac686d7aa,824405.0,2026-08-01,2026-08-01T23:16:00Z,Cleveland Guardians,Arizona Diamondbacks,fanduel,totals,Under,8.5,-115,1.8696
2026-08-01T14:53:25Z,open,65f625f15ac20a0c9dd7905ac686d7aa,824405.0,2026-08-01,2026-08-01T23:16:00Z,Cleveland Guardians,Arizona Diamondbacks,mybookieag,h2h,Arizona Diamondbacks,,149,2.49
2026-08-01T14:53:25Z,open,65f625f15ac20a0c9dd7905ac686d7aa,824405.0,2026-08-01,2026-08-01T23:16:00Z,Cleveland Guardians,Arizona Diamondbacks,mybookieag,h2h,Cleveland Guardians,,-176,1.5682
2026-08-01T14:53:25Z,open,65f625f15ac20a0c9dd7905ac686d7aa,824405.0,2026-08-01,2026-08-01T23:16:00Z,Cleveland Guardians,Arizona Diamondbacks,mybookieag,spreads,Arizona Diamondbacks,1.5,-137,1.7299
2026-08-01T14:53:25Z,open,65f625f15ac20a0c9dd7905ac686d7aa,824405.0,2026-08-01,2026-08-01T23:16:00Z,Cleveland Guardians,Arizona Diamondbacks,mybookieag,spreads,Cleveland Guardians,-1.5,117,2.17
2026-08-01T14:53:25Z,open,65f625f15ac20a0c9dd7905ac686d7aa,824405.0,2026-08-01,2026-08-01T23:16:00Z,Cleveland Guardians,Arizona Diamondbacks,mybookieag,totals,Over,8.5,-106,1.9434
2026-08-01T14:53:25Z,open,65f625f15ac20a0c9dd7905ac686d7aa,824405.0,2026-08-01,2026-08-01T23:16:00Z,Cleveland Guardians,Arizona Diamondbacks,mybookieag,totals,Under,8.5,-115,1.8696
2026-08-01T14:53:25Z,open,65f625f15ac20a0c9dd7905ac686d7aa,824405.0,2026-08-01,2026-08-01T23:16:00Z,Cleveland Guardians,Arizona Diamondbacks,lowvig,h2h,Arizona Diamondbacks,,156,2.56
2026-08-01T14:53:25Z,open,65f625f15ac20a0c9dd7905ac686d7aa,824405.0,2026-08-01,2026-08-01T23:16:00Z,Cleveland Guardians,Arizona Diamondbacks,lowvig,h2h,Cleveland Guardians,,-173,1.578
2026-08-01T14:53:25Z,open,65f625f15ac20a0c9dd7905ac686d7aa,824405.0,2026-08-01,2026-08-01T23:16:00Z,Cleveland Guardians,Arizona Diamondbacks,lowvig,spreads,Arizona Diamondbacks,1.5,-138,1.7246
2026-08-01T14:53:25Z,open,65f625f15ac20a0c9dd7905ac686d7aa,824405.0,2026-08-01,2026-08-01T23:16:00Z,Cleveland Guardians,Arizona Diamondbacks,lowvig,spreads,Cleveland Guardians,-1.5,122,2.22
2026-08-01T14:53:25Z,open,65f625f15ac20a0c9dd7905ac686d7aa,824405.0,2026-08-01,2026-08-01T23:16:00Z,Cleveland Guardians,Arizona Diamondbacks,lowvig,totals,Over,8.0,-118,1.8475
2026-08-01T14:53:25Z,open,65f625f15ac20a0c9dd7905ac686d7aa,824405.0,2026-08-01,2026-08-01T23:16:00Z,Cleveland Guardians,Arizona Diamondbacks,lowvig,totals,Under,8.0,103,2.03
2026-08-01T14:53:25Z,open,65f625f15ac20a0c9dd7905ac686d7aa,824405.0,2026-08-01,2026-08-01T23:16:00Z,Cleveland Guardians,Arizona Diamondbacks,betonlineag,h2h,Arizona Diamondbacks,,156,2.56
2026-08-01T14:53:25Z,open,65f625f15ac20a0c9dd7905ac686d7aa,824405.0,2026-08-01,2026-08-01T23:16:00Z,Cleveland Guardians,Arizona Diamondbacks,betonlineag,h2h,Cleveland Guardians,,-173,1.578
2026-08-01T14:53:25Z,open,65f625f15ac20a0c9dd7905ac686d7aa,824405.0,2026-08-01,2026-08-01T23:16:00Z,Cleveland Guardians,Arizona Diamondbacks,betonlineag,spreads,Arizona Diamondbacks,1.5,-140,1.7143
2026-08-01T14:53:25Z,open,65f625f15ac20a0c9dd7905ac686d7aa,824405.0,2026-08-01,2026-08-01T23:16:00Z,Cleveland Guardians,Arizona Diamondbacks,betonlineag,spreads,Cleveland Guardians,-1.5,120,2.2
2026-08-01T14:53:25Z,open,65f625f15ac20a0c9dd7905ac686d7aa,824405.0,2026-08-01,2026-08-01T23:16:00Z,Cleveland Guardians,Arizona Diamondbacks,betonlineag,totals,Over,8.0,-120,1.8333
2026-08-01T14:53:25Z,open,65f625f15ac20a0c9dd7905ac686d7aa,824405.0,2026-08-01,2026-08-01T23:16:00Z,Cleveland Guardians,Arizona Diamondbacks,betonlineag,totals,Under,8.0,100,2.0
2026-08-01T14:53:25Z,open,65f625f15ac20a0c9dd7905ac686d7aa,824405.0,2026-08-01,2026-08-01T23:16:00Z,Cleveland Guardians,Arizona Diamondbacks,draftkings,h2h,Arizona Diamondbacks,,148,2.48
2026-08-01T14:53:25Z,open,65f625f15ac20a0c9dd7905ac686d7aa,824405.0,2026-08-01,2026-08-01T23:16:00Z,Cleveland Guardians,Arizona Diamondbacks,draftkings,h2h,Cleveland Guardians,,-180,1.5556
2026-08-01T14:53:25Z,open,65f625f15ac20a0c9dd7905ac686d7aa,824405.0,2026-08-01,2026-08-01T23:16:00Z,Cleveland Guardians,Arizona Diamondbacks,draftkings,spreads,Arizona Diamondbacks,1.5,-143,1.6993
2026-08-01T14:53:25Z,open,65f625f15ac20a0c9dd7905ac686d7aa,824405.0,2026-08-01,2026-08-01T23:16:00Z,Cleveland Guardians,Arizona Diamondbacks,draftkings,spreads,Cleveland Guardians,-1.5,119,2.19
2026-08-01T14:53:25Z,open,65f625f15ac20a0c9dd7905ac686d7aa,824405.0,2026-08-01,2026-08-01T23:16:00Z,Cleveland Guardians,Arizona Diamondbacks,draftkings,totals,Over,8.5,-102,1.9804
2026-08-01T14:53:25Z,open,65f625f15ac20a0c9dd7905ac686d7aa,824405.0,2026-08-01,2026-08-01T23:16:00Z,Cleveland Guardians,Arizona Diamondbacks,draftkings,totals,Under,8.5,-118,1.8475
2026-08-01T14:53:25Z,open,65f625f15ac20a0c9dd7905ac686d7aa,824405.0,2026-08-01,2026-08-01T23:16:00Z,Cleveland Guardians,Arizona Diamondbacks,betmgm,h2h,Arizona Diamondbacks,,150,2.5
2026-08-01T14:53:25Z,open,65f625f15ac20a0c9dd7905ac686d7aa,824405.0,2026-08-01,2026-08-01T23:16:00Z,Cleveland Guardians,Arizona Diamondbacks,betmgm,h2h,Cleveland Guardians,,-185,1.5405
2026-08-01T14:53:25Z,open,65f625f15ac20a0c9dd7905ac686d7aa,824405.0,2026-08-01,2026-08-01T23:16:00Z,Cleveland Guardians,Arizona Diamondbacks,betmgm,spreads,Arizona Diamondbacks,2.5,-250,1.4
2026-08-01T14:53:25Z,open,65f625f15ac20a0c9dd7905ac686d7aa,824405.0,2026-08-01,2026-08-01T23:16:00Z,Cleveland Guardians,Arizona Diamondbacks,betmgm,spreads,Cleveland Guardians,-2.5,185,2.85
2026-08-01T14:53:25Z,open,65f625f15ac20a0c9dd7905ac686d7aa,824405.0,2026-08-01,2026-08-01T23:16:00Z,Cleveland Guardians,Arizona Diamondbacks,betmgm,totals,Over,8.0,-120,1.8333
2026-08-01T14:53:25Z,open,65f625f15ac20a0c9dd7905ac686d7aa,824405.0,2026-08-01,2026-08-01T23:16:00Z,Cleveland Guardians,Arizona Diamondbacks,betmgm,totals,Under,8.0,100,2.0
2026-08-01T14:53:25Z,open,65f625f15ac20a0c9dd7905ac686d7aa,824405.0,2026-08-01,2026-08-01T23:16:00Z,Cleveland Guardians,Arizona Diamondbacks,bovada,h2h,Arizona Diamondbacks,,148,2.48
2026-08-01T14:53:25Z,open,65f625f15ac20a0c9dd7905ac686d7aa,824405.0,2026-08-01,2026-08-01T23:16:00Z,Cleveland Guardians,Arizona Diamondbacks,bovada,h2h,Cleveland Guardians,,-180,1.5556
2026-08-01T14:53:25Z,open,65f625f15ac20a0c9dd7905ac686d7aa,824405.0,2026-08-01,2026-08-01T23:16:00Z,Cleveland Guardians,Arizona Diamondbacks,bovada,spreads,Arizona Diamondbacks,1.5,-145,1.6897
2026-08-01T14:53:25Z,open,65f625f15ac20a0c9dd7905ac686d7aa,824405.0,2026-08-01,2026-08-01T23:16:00Z,Cleveland Guardians,Arizona Diamondbacks,bovada,spreads,Cleveland Guardians,-1.5,125,2.25
2026-08-01T14:53:25Z,open,65f625f15ac20a0c9dd7905ac686d7aa,824405.0,2026-08-01,2026-08-01T23:16:00Z,Cleveland Guardians,Arizona Diamondbacks,bovada,totals,Over,8.0,-120,1.8333
2026-08-01T14:53:25Z,open,65f625f15ac20a0c9dd7905ac686d7aa,824405.0,2026-08-01,2026-08-01T23:16:00Z,Cleveland Guardians,Arizona Diamondbacks,bovada,totals,Under,8.0,100,2.0
2026-08-01T14:53:25Z,open,65f625f15ac20a0c9dd7905ac686d7aa,824405.0,2026-08-01,2026-08-01T23:16:00Z,Cleveland Guardians,Arizona Diamondbacks,betus,h2h,Arizona Diamondbacks,,153,2.53
2026-08-01T14:53:25Z,open,65f625f15ac20a0c9dd7905ac686d7aa,824405.0,2026-08-01,2026-08-01T23:16:00Z,Cleveland Guardians,Arizona Diamondbacks,betus,h2h,Cleveland Guardians,,-173,1.578
2026-08-01T14:53:25Z,open,65f625f15ac20a0c9dd7905ac686d7aa,824405.0,2026-08-01,2026-08-01T23:16:00Z,Cleveland Guardians,Arizona Diamondbacks,betus,spreads,Arizona Diamondbacks,1.5,-140,1.7143
2026-08-01T14:53:25Z,open,65f625f15ac20a0c9dd7905ac686d7aa,824405.0,2026-08-01,2026-08-01T23:16:00Z,Cleveland Guardians,Arizona Diamondbacks,betus,spreads,Cleveland Guardians,-1.5,120,2.2
2026-08-01T14:53:25Z,open,65f625f15ac20a0c9dd7905ac686d7aa,824405.0,2026-08-01,2026-08-01T23:16:00Z,Cleveland Guardians,Arizona Diamondbacks,betus,totals,Over,8.0,-120,1.8333
2026-08-01T14:53:25Z,open,65f625f15ac20a0c9dd7905ac686d7aa,824405.0,2026-08-01,2026-08-01T23:16:00Z,Cleveland Guardians,Arizona Diamondbacks,betus,totals,Under,8.0,100,2.0
2026-08-01T14:53:25Z,open,65f625f15ac20a0c9dd7905ac686d7aa,824405.0,2026-08-01,2026-08-01T23:16:00Z,Cleveland Guardians,Arizona Diamondbacks,betrivers,h2h,Arizona Diamondbacks,,143,2.43
2026-08-01T14:53:25Z,open,65f625f15ac20a0c9dd7905ac686d7aa,824405.0,2026-08-01,2026-08-01T23:16:00Z,Cleveland Guardians,Arizona Diamondbacks,betrivers,h2h,Cleveland Guardians,,-167,1.5988
2026-08-01T14:53:25Z,open,65f625f15ac20a0c9dd7905ac686d7aa,824405.0,2026-08-01,2026-08-01T23:16:00Z,Cleveland Guardians,Arizona Diamondbacks,betrivers,spreads,Arizona Diamondbacks,1.5,-155,1.6452
2026-08-01T14:53:25Z,open,65f625f15ac20a0c9dd7905ac686d7aa,824405.0,2026-08-01,2026-08-01T23:16:00Z,Cleveland Guardians,Arizona Diamondbacks,betrivers,spreads,Cleveland Guardians,-1.5,125,2.25
2026-08-01T14:53:25Z,open,65f625f15ac20a0c9dd7905ac686d7aa,824405.0,2026-08-01,2026-08-01T23:16:00Z,Cleveland Guardians,Arizona Diamondbacks,betrivers,totals,Over,8.5,-104,1.9615
2026-08-01T14:53:25Z,open,65f625f15ac20a0c9dd7905ac686d7aa,824405.0,2026-08-01,2026-08-01T23:16:00Z,Cleveland Guardians,Arizona Diamondbacks,betrivers,totals,Under,8.5,-114,1.8772
2026-08-01T14:53:25Z,open,07b62357ba8988490469a685727ecf38,824890.0,2026-08-01,2026-08-01T23:16:00Z,Atlanta Braves,Washington Nationals,fanduel,h2h,Atlanta Braves,,-172,1.5814
2026-08-01T14:53:25Z,open,07b62357ba8988490469a685727ecf38,824890.0,2026-08-01,2026-08-01T23:16:00Z,Atlanta Braves,Washington Nationals,fanduel,h2h,Washington Nationals,,158,2.58
2026-08-01T14:53:25Z,open,07b62357ba8988490469a685727ecf38,824890.0,2026-08-01,2026-08-01T23:16:00Z,Atlanta Braves,Washington Nationals,fanduel,spreads,Atlanta Braves,-1.5,116,2.16
2026-08-01T14:53:25Z,open,07b62357ba8988490469a685727ecf38,824890.0,2026-08-01,2026-08-01T23:16:00Z,Atlanta Braves,Washington Nationals,fanduel,spreads,Washington Nationals,1.5,-140,1.7143
2026-08-01T14:53:25Z,open,07b62357ba8988490469a685727ecf38,824890.0,2026-08-01,2026-08-01T23:16:00Z,Atlanta Braves,Washington Nationals,fanduel,totals,Over,9.5,102,2.02
2026-08-01T14:53:25Z,open,07b62357ba8988490469a685727ecf38,824890.0,2026-08-01,2026-08-01T23:16:00Z,Atlanta Braves,Washington Nationals,fanduel,totals,Under,9.5,-124,1.8065
2026-08-01T14:53:25Z,open,07b62357ba8988490469a685727ecf38,824890.0,2026-08-01,2026-08-01T23:16:00Z,Atlanta Braves,Washington Nationals,mybookieag,h2h,Atlanta Braves,,-180,1.5556
2026-08-01T14:53:25Z,open,07b62357ba8988490469a685727ecf38,824890.0,2026-08-01,2026-08-01T23:16:00Z,Atlanta Braves,Washington Nationals,mybookieag,h2h,Washington Nationals,,152,2.52
2026-08-01T14:53:25Z,open,07b62357ba8988490469a685727ecf38,824890.0,2026-08-01,2026-08-01T23:16:00Z,Atlanta Braves,Washington Nationals,mybookieag,spreads,Atlanta Braves,-1.5,117,2.17
2026-08-01T14:53:25Z,open,07b62357ba8988490469a685727ecf38,824890.0,2026-08-01,2026-08-01T23:16:00Z,Atlanta Braves,Washington Nationals,mybookieag,spreads,Washington Nationals,1.5,-137,1.7299
2026-08-01T14:53:25Z,open,07b62357ba8988490469a685727ecf38,824890.0,2026-08-01,2026-08-01T23:16:00Z,Atlanta Braves,Washington Nationals,mybookieag,totals,Over,9.5,-103,1.9709
2026-08-01T14:53:25Z,open,07b62357ba8988490469a685727ecf38,824890.0,2026-08-01,2026-08-01T23:16:00Z,Atlanta Braves,Washington Nationals,mybookieag,totals,Under,9.5,-119,1.8403
2026-08-01T14:53:25Z,open,07b62357ba8988490469a685727ecf38,824890.0,2026-08-01,2026-08-01T23:16:00Z,Atlanta Braves,Washington Nationals,lowvig,h2h,Atlanta Braves,,-175,1.5714
2026-08-01T14:53:25Z,open,07b62357ba8988490469a685727ecf38,824890.0,2026-08-01,2026-08-01T23:16:00Z,Atlanta Braves,Washington Nationals,lowvig,h2h,Washington Nationals,,158,2.58
2026-08-01T14:53:25Z,open,07b62357ba8988490469a685727ecf38,824890.0,2026-08-01,2026-08-01T23:16:00Z,Atlanta Braves,Washington Nationals,lowvig,spreads,Atlanta Braves,-1.5,115,2.15
2026-08-01T14:53:25Z,open,07b62357ba8988490469a685727ecf38,824890.0,2026-08-01,2026-08-01T23:16:00Z,Atlanta Braves,Washington Nationals,lowvig,spreads,Washington Nationals,1.5,-130,1.7692
2026-08-01T14:53:25Z,open,07b62357ba8988490469a685727ecf38,824890.0,2026-08-01,2026-08-01T23:16:00Z,Atlanta Braves,Washington Nationals,lowvig,totals,Over,9.5,103,2.03
2026-08-01T14:53:25Z,open,07b62357ba8988490469a685727ecf38,824890.0,2026-08-01,2026-08-01T23:16:00Z,Atlanta Braves,Washington Nationals,lowvig,totals,Under,9.5,-118,1.8475
2026-08-01T14:53:25Z,open,07b62357ba8988490469a685727ecf38,824890.0,2026-08-01,2026-08-01T23:16:00Z,Atlanta Braves,Washington Nationals,betonlineag,h2h,Atlanta Braves,,-175,1.5714
2026-08-01T14:53:25Z,open,07b62357ba8988490469a685727ecf38,824890.0,2026-08-01,2026-08-01T23:16:00Z,Atlanta Braves,Washington Nationals,betonlineag,h2h,Washington Nationals,,158,2.58
2026-08-01T14:53:25Z,open,07b62357ba8988490469a685727ecf38,824890.0,2026-08-01,2026-08-01T23:16:00Z,Atlanta Braves,Washington Nationals,betonlineag,spreads,Atlanta Braves,-1.5,112,2.12
2026-08-01T14:53:25Z,open,07b62357ba8988490469a685727ecf38,824890.0,2026-08-01,2026-08-01T23:16:00Z,Atlanta Braves,Washington Nationals,betonlineag,spreads,Washington Nationals,1.5,-132,1.7576
2026-08-01T14:53:25Z,open,07b62357ba8988490469a685727ecf38,824890.0,2026-08-01,2026-08-01T23:16:00Z,Atlanta Braves,Washington Nationals,betonlineag,totals,Over,9.5,100,2.0
2026-08-01T14:53:25Z,open,07b62357ba8988490469a685727ecf38,824890.0,2026-08-01,2026-08-01T23:16:00Z,Atlanta Braves,Washington Nationals,betonlineag,totals,Under,9.5,-120,1.8333
2026-08-01T14:53:25Z,open,07b62357ba8988490469a685727ecf38,824890.0,2026-08-01,2026-08-01T23:16:00Z,Atlanta Braves,Washington Nationals,draftkings,h2h,Atlanta Braves,,-182,1.5495
2026-08-01T14:53:25Z,open,07b62357ba8988490469a685727ecf38,824890.0,2026-08-01,2026-08-01T23:16:00Z,Atlanta Braves,Washington Nationals,draftkings,h2h,Washington Nationals,,150,2.5
2026-08-01T14:53:25Z,open,07b62357ba8988490469a685727ecf38,824890.0,2026-08-01,2026-08-01T23:16:00Z,Atlanta Braves,Washington Nationals,draftkings,spreads,Atlanta Braves,-1.5,112,2.12
2026-08-01T14:53:25Z,open,07b62357ba8988490469a685727ecf38,824890.0,2026-08-01,2026-08-01T23:16:00Z,Atlanta Braves,Washington Nationals,draftkings,spreads,Washington Nationals,1.5,-135,1.7407
2026-08-01T14:53:25Z,open,07b62357ba8988490469a685727ecf38,824890.0,2026-08-01,2026-08-01T23:16:00Z,Atlanta Braves,Washington Nationals,draftkings,totals,Over,9.5,100,2.0
2026-08-01T14:53:25Z,open,07b62357ba8988490469a685727ecf38,824890.0,2026-08-01,2026-08-01T23:16:00Z,Atlanta Braves,Washington Nationals,draftkings,totals,Under,9.5,-120,1.8333
2026-08-01T14:53:25Z,open,07b62357ba8988490469a685727ecf38,824890.0,2026-08-01,2026-08-01T23:16:00Z,Atlanta Braves,Washington Nationals,betmgm,h2h,Atlanta Braves,,-185,1.5405
2026-08-01T14:53:25Z,open,07b62357ba8988490469a685727ecf38,824890.0,2026-08-01,2026-08-01T23:16:00Z,Atlanta Braves,Washington Nationals,betmgm,h2h,Washington Nationals,,150,2.5
2026-08-01T14:53:25Z,open,07b62357ba8988490469a685727ecf38,824890.0,2026-08-01,2026-08-01T23:16:00Z,Atlanta Braves,Washington Nationals,betmgm,spreads,Atlanta Braves,-1.5,110,2.1
2026-08-01T14:53:25Z,open,07b62357ba8988490469a685727ecf38,824890.0,2026-08-01,2026-08-01T23:16:00Z,Atlanta Braves,Washington Nationals,betmgm,spreads,Washington Nationals,1.5,-135,1.7407
2026-08-01T14:53:25Z,open,07b62357ba8988490469a685727ecf38,824890.0,2026-08-01,2026-08-01T23:16:00Z,Atlanta Braves,Washington Nationals,betmgm,totals,Over,9.5,100,2.0
2026-08-01T14:53:25Z,open,07b62357ba8988490469a685727ecf38,824890.0,2026-08-01,2026-08-01T23:16:00Z,Atlanta Braves,Washington Nationals,betmgm,totals,Under,9.5,-120,1.8333
2026-08-01T14:53:25Z,open,07b62357ba8988490469a685727ecf38,824890.0,2026-08-01,2026-08-01T23:16:00Z,Atlanta Braves,Washington Nationals,bovada,h2h,Atlanta Braves,,-182,1.5495
2026-08-01T14:53:25Z,open,07b62357ba8988490469a685727ecf38,824890.0,2026-08-01,2026-08-01T23:16:00Z,Atlanta Braves,Washington Nationals,bovada,h2h,Washington Nationals,,150,2.5
2026-08-01T14:53:25Z,open,07b62357ba8988490469a685727ecf38,824890.0,2026-08-01,2026-08-01T23:16:00Z,Atlanta Braves,Washington Nationals,bovada,spreads,Atlanta Braves,-1.5,115,2.15
2026-08-01T14:53:25Z,open,07b62357ba8988490469a685727ecf38,824890.0,2026-08-01,2026-08-01T23:16:00Z,Atlanta Braves,Washington Nationals,bovada,spreads,Washington Nationals,1.5,-135,1.7407
2026-08-01T14:53:25Z,open,07b62357ba8988490469a685727ecf38,824890.0,2026-08-01,2026-08-01T23:16:00Z,Atlanta Braves,Washington Nationals,bovada,totals,Over,9.5,100,2.0
2026-08-01T14:53:25Z,open,07b62357ba8988490469a685727ecf38,824890.0,2026-08-01,2026-08-01T23:16:00Z,Atlanta Braves,Washington Nationals,bovada,totals,Under,9.5,-120,1.8333
2026-08-01T14:53:25Z,open,07b62357ba8988490469a685727ecf38,824890.0,2026-08-01,2026-08-01T23:16:00Z,Atlanta Braves,Washington Nationals,betrivers,h2h,Atlanta Braves,,-177,1.565
2026-08-01T14:53:25Z,open,07b62357ba8988490469a685727ecf38,824890.0,2026-08-01,2026-08-01T23:16:00Z,Atlanta Braves,Washington Nationals,betrivers,h2h,Washington Nationals,,150,2.5
2026-08-01T14:53:25Z,open,07b62357ba8988490469a685727ecf38,824890.0,2026-08-01,2026-08-01T23:16:00Z,Atlanta Braves,Washington Nationals,betrivers,spreads,Atlanta Braves,-1.5,117,2.17
2026-08-01T14:53:25Z,open,07b62357ba8988490469a685727ecf38,824890.0,2026-08-01,2026-08-01T23:16:00Z,Atlanta Braves,Washington Nationals,betrivers,spreads,Washington Nationals,1.5,-143,1.6993
2026-08-01T14:53:25Z,open,07b62357ba8988490469a685727ecf38,824890.0,2026-08-01,2026-08-01T23:16:00Z,Atlanta Braves,Washington Nationals,betrivers,totals,Over,9.5,-105,1.9524
2026-08-01T14:53:25Z,open,07b62357ba8988490469a685727ecf38,824890.0,2026-08-01,2026-08-01T23:16:00Z,Atlanta Braves,Washington Nationals,betrivers,totals,Under,9.5,-114,1.8772
2026-08-01T14:53:25Z,open,07b62357ba8988490469a685727ecf38,824890.0,2026-08-01,2026-08-01T23:16:00Z,Atlanta Braves,Washington Nationals,betus,h2h,Atlanta Braves,,-178,1.5618
2026-08-01T14:53:25Z,open,07b62357ba8988490469a685727ecf38,824890.0,2026-08-01,2026-08-01T23:16:00Z,Atlanta Braves,Washington Nationals,betus,h2h,Washington Nationals,,157,2.57
2026-08-01T14:53:25Z,open,07b62357ba8988490469a685727ecf38,824890.0,2026-08-01,2026-08-01T23:16:00Z,Atlanta Braves,Washington Nationals,betus,spreads,Atlanta Braves,-1.5,110,2.1
2026-08-01T14:53:25Z,open,07b62357ba8988490469a685727ecf38,824890.0,2026-08-01,2026-08-01T23:16:00Z,Atlanta Braves,Washington Nationals,betus,spreads,Washington Nationals,1.5,-130,1.7692
2026-08-01T14:53:25Z,open,07b62357ba8988490469a685727ecf38,824890.0,2026-08-01,2026-08-01T23:16:00Z,Atlanta Braves,Washington Nationals,betus,totals,Over,9.5,100,2.0
2026-08-01T14:53:25Z,open,07b62357ba8988490469a685727ecf38,824890.0,2026-08-01,2026-08-01T23:16:00Z,Atlanta Braves,Washington Nationals,betus,totals,Under,9.5,-120,1.8333
2026-08-01T14:53:25Z,open,1a1c1a4c350d1fb71d29920db55c19f5,824649.0,2026-08-01,2026-08-01T23:16:00Z,Chicago Cubs,New York Yankees,fanduel,h2h,Chicago Cubs,,-106,1.9434
2026-08-01T14:53:25Z,open,1a1c1a4c350d1fb71d29920db55c19f5,824649.0,2026-08-01,2026-08-01T23:16:00Z,Chicago Cubs,New York Yankees,fanduel,h2h,New York Yankees,,-102,1.9804
2026-08-01T14:53:25Z,open,1a1c1a4c350d1fb71d29920db55c19f5,824649.0,2026-08-01,2026-08-01T23:16:00Z,Chicago Cubs,New York Yankees,fanduel,spreads,Chicago Cubs,1.5,-205,1.4878
2026-08-01T14:53:25Z,open,1a1c1a4c350d1fb71d29920db55c19f5,824649.0,2026-08-01,2026-08-01T23:16:00Z,Chicago Cubs,New York Yankees,fanduel,spreads,New York Yankees,-1.5,168,2.68
2026-08-01T14:53:25Z,open,1a1c1a4c350d1fb71d29920db55c19f5,824649.0,2026-08-01,2026-08-01T23:16:00Z,Chicago Cubs,New York Yankees,fanduel,totals,Over,6.5,100,2.0
2026-08-01T14:53:25Z,open,1a1c1a4c350d1fb71d29920db55c19f5,824649.0,2026-08-01,2026-08-01T23:16:00Z,Chicago Cubs,New York Yankees,fanduel,totals,Under,6.5,-122,1.8197
2026-08-01T14:53:25Z,open,1a1c1a4c350d1fb71d29920db55c19f5,824649.0,2026-08-01,2026-08-01T23:16:00Z,Chicago Cubs,New York Yankees,mybookieag,h2h,Chicago Cubs,,-109,1.9174
2026-08-01T14:53:25Z,open,1a1c1a4c350d1fb71d29920db55c19f5,824649.0,2026-08-01,2026-08-01T23:16:00Z,Chicago Cubs,New York Yankees,mybookieag,h2h,New York Yankees,,-108,1.9259
2026-08-01T14:53:25Z,open,1a1c1a4c350d1fb71d29920db55c19f5,824649.0,2026-08-01,2026-08-01T23:16:00Z,Chicago Cubs,New York Yankees,mybookieag,spreads,Chicago Cubs,1.5,-202,1.495
2026-08-01T14:53:25Z,open,1a1c1a4c350d1fb71d29920db55c19f5,824649.0,2026-08-01,2026-08-01T23:16:00Z,Chicago Cubs,New York Yankees,mybookieag,spreads,New York Yankees,-1.5,169,2.69
2026-08-01T14:53:25Z,open,1a1c1a4c350d1fb71d29920db55c19f5,824649.0,2026-08-01,2026-08-01T23:16:00Z,Chicago Cubs,New York Yankees,mybookieag,totals,Over,6.5,-105,1.9524
2026-08-01T14:53:25Z,open,1a1c1a4c350d1fb71d29920db55c19f5,824649.0,2026-08-01,2026-08-01T23:16:00Z,Chicago Cubs,New York Yankees,mybookieag,totals,Under,6.5,-117,1.8547
2026-08-01T14:53:25Z,open,1a1c1a4c350d1fb71d29920db55c19f5,824649.0,2026-08-01,2026-08-01T23:16:00Z,Chicago Cubs,New York Yankees,lowvig,h2h,Chicago Cubs,,-108,1.9259
2026-08-01T14:53:25Z,open,1a1c1a4c350d1fb71d29920db55c19f5,824649.0,2026-08-01,2026-08-01T23:16:00Z,Chicago Cubs,New York Yankees,lowvig,h2h,New York Yankees,,-102,1.9804
2026-08-01T14:53:25Z,open,1a1c1a4c350d1fb71d29920db55c19f5,824649.0,2026-08-01,2026-08-01T23:16:00Z,Chicago Cubs,New York Yankees,lowvig,spreads,Chicago Cubs,1.5,-190,1.5263
2026-08-01T14:53:25Z,open,1a1c1a4c350d1fb71d29920db55c19f5,824649.0,2026-08-01,2026-08-01T23:16:00Z,Chicago Cubs,New York Yankees,lowvig,spreads,New York Yankees,-1.5,166,2.66
2026-08-01T14:53:25Z,open,1a1c1a4c350d1fb71d29920db55c19f5,824649.0,2026-08-01,2026-08-01T23:16:00Z,Chicago Cubs,New York Yankees,lowvig,totals,Over,6.5,101,2.01
2026-08-01T14:53:25Z,open,1a1c1a4c350d1fb71d29920db55c19f5,824649.0,2026-08-01,2026-08-01T23:16:00Z,Chicago Cubs,New York Yankees,lowvig,totals,Under,6.5,-116,1.8621
2026-08-01T14:53:25Z,open,1a1c1a4c350d1fb71d29920db55c19f5,824649.0,2026-08-01,2026-08-01T23:16:00Z,Chicago Cubs,New York Yankees,betonlineag,h2h,Chicago Cubs,,-108,1.9259
2026-08-01T14:53:25Z,open,1a1c1a4c350d1fb71d29920db55c19f5,824649.0,2026-08-01,2026-08-01T23:16:00Z,Chicago Cubs,New York Yankees,betonlineag,h2h,New York Yankees,,-102,1.9804
2026-08-01T14:53:25Z,open,1a1c1a4c350d1fb71d29920db55c19f5,824649.0,2026-08-01,2026-08-01T23:16:00Z,Chicago Cubs,New York Yankees,betonlineag,spreads,Chicago Cubs,1.5,-190,1.5263
2026-08-01T14:53:25Z,open,1a1c1a4c350d1fb71d29920db55c19f5,824649.0,2026-08-01,2026-08-01T23:16:00Z,Chicago Cubs,New York Yankees,betonlineag,spreads,New York Yankees,-1.5,165,2.65
2026-08-01T14:53:25Z,open,1a1c1a4c350d1fb71d29920db55c19f5,824649.0,2026-08-01,2026-08-01T23:16:00Z,Chicago Cubs,New York Yankees,betonlineag,totals,Over,6.5,-102,1.9804
2026-08-01T14:53:25Z,open,1a1c1a4c350d1fb71d29920db55c19f5,824649.0,2026-08-01,2026-08-01T23:16:00Z,Chicago Cubs,New York Yankees,betonlineag,totals,Under,6.5,-118,1.8475
2026-08-01T14:53:25Z,open,1a1c1a4c350d1fb71d29920db55c19f5,824649.0,2026-08-01,2026-08-01T23:16:00Z,Chicago Cubs,New York Yankees,draftkings,h2h,Chicago Cubs,,-110,1.9091
2026-08-01T14:53:25Z,open,1a1c1a4c350d1fb71d29920db55c19f5,824649.0,2026-08-01,2026-08-01T23:16:00Z,Chicago Cubs,New York Yankees,draftkings,h2h,New York Yankees,,-109,1.9174
2026-08-01T14:53:25Z,open,1a1c1a4c350d1fb71d29920db55c19f5,824649.0,2026-08-01,2026-08-01T23:16:00Z,Chicago Cubs,New York Yankees,draftkings,spreads,Chicago Cubs,1.5,-197,1.5076
2026-08-01T14:53:25Z,open,1a1c1a4c350d1fb71d29920db55c19f5,824649.0,2026-08-01,2026-08-01T23:16:00Z,Chicago Cubs,New York Yankees,draftkings,spreads,New York Yankees,-1.5,161,2.61
2026-08-01T14:53:25Z,open,1a1c1a4c350d1fb71d29920db55c19f5,824649.0,2026-08-01,2026-08-01T23:16:00Z,Chicago Cubs,New York Yankees,draftkings,totals,Over,6.5,-102,1.9804
2026-08-01T14:53:25Z,open,1a1c1a4c350d1fb71d29920db55c19f5,824649.0,2026-08-01,2026-08-01T23:16:00Z,Chicago Cubs,New York Yankees,draftkings,totals,Under,6.5,-118,1.8475
2026-08-01T14:53:25Z,open,1a1c1a4c350d1fb71d29920db55c19f5,824649.0,2026-08-01,2026-08-01T23:16:00Z,Chicago Cubs,New York Yankees,betmgm,h2h,Chicago Cubs,,-110,1.9091
2026-08-01T14:53:25Z,open,1a1c1a4c350d1fb71d29920db55c19f5,824649.0,2026-08-01,2026-08-01T23:16:00Z,Chicago Cubs,New York Yankees,betmgm,h2h,New York Yankees,,-110,1.9091
2026-08-01T14:53:25Z,open,1a1c1a4c350d1fb71d29920db55c19f5,824649.0,2026-08-01,2026-08-01T23:16:00Z,Chicago Cubs,New York Yankees,betmgm,spreads,Chicago Cubs,1.5,-200,1.5
2026-08-01T14:53:25Z,open,1a1c1a4c350d1fb71d29920db55c19f5,824649.0,2026-08-01,2026-08-01T23:16:00Z,Chicago Cubs,New York Yankees,betmgm,spreads,New York Yankees,-1.5,165,2.65
2026-08-01T14:53:25Z,open,1a1c1a4c350d1fb71d29920db55c19f5,824649.0,2026-08-01,2026-08-01T23:16:00Z,Chicago Cubs,New York Yankees,betmgm,totals,Over,6.5,100,2.0
2026-08-01T14:53:25Z,open,1a1c1a4c350d1fb71d29920db55c19f5,824649.0,2026-08-01,2026-08-01T23:16:00Z,Chicago Cubs,New York Yankees,betmgm,totals,Under,6.5,-120,1.8333
2026-08-01T14:53:25Z,open,1a1c1a4c350d1fb71d29920db55c19f5,824649.0,2026-08-01,2026-08-01T23:16:00Z,Chicago Cubs,New York Yankees,bovada,h2h,Chicago Cubs,,-116,1.8621
2026-08-01T14:53:25Z,open,1a1c1a4c350d1fb71d29920db55c19f5,824649.0,2026-08-01,2026-08-01T23:16:00Z,Chicago Cubs,New York Yankees,bovada,h2h,New York Yankees,,-104,1.9615
2026-08-01T14:53:25Z,open,1a1c1a4c350d1fb71d29920db55c19f5,824649.0,2026-08-01,2026-08-01T23:16:00Z,Chicago Cubs,New York Yankees,bovada,spreads,Chicago Cubs,-1.5,210,3.1
2026-08-01T14:53:25Z,open,1a1c1a4c350d1fb71d29920db55c19f5,824649.0,2026-08-01,2026-08-01T23:16:00Z,Chicago Cubs,New York Yankees,bovada,spreads,New York Yankees,1.5,-250,1.4
2026-08-01T14:53:25Z,open,1a1c1a4c350d1fb71d29920db55c19f5,824649.0,2026-08-01,2026-08-01T23:16:00Z,Chicago Cubs,New York Yankees,bovada,totals,Over,6.5,100,2.0
2026-08-01T14:53:25Z,open,1a1c1a4c350d1fb71d29920db55c19f5,824649.0,2026-08-01,2026-08-01T23:16:00Z,Chicago Cubs,New York Yankees,bovada,totals,Under,6.5,-120,1.8333
2026-08-01T14:53:25Z,open,1a1c1a4c350d1fb71d29920db55c19f5,824649.0,2026-08-01,2026-08-01T23:16:00Z,Chicago Cubs,New York Yankees,betus,h2h,Chicago Cubs,,-103,1.9709
2026-08-01T14:53:25Z,open,1a1c1a4c350d1fb71d29920db55c19f5,824649.0,2026-08-01,2026-08-01T23:16:00Z,Chicago Cubs,New York Yankees,betus,h2h,New York Yankees,,-107,1.9346
2026-08-01T14:53:25Z,open,1a1c1a4c350d1fb71d29920db55c19f5,824649.0,2026-08-01,2026-08-01T23:16:00Z,Chicago Cubs,New York Yankees,betus,spreads,Chicago Cubs,1.5,-190,1.5263
2026-08-01T14:53:25Z,open,1a1c1a4c350d1fb71d29920db55c19f5,824649.0,2026-08-01,2026-08-01T23:16:00Z,Chicago Cubs,New York Yankees,betus,spreads,New York Yankees,-1.5,164,2.64
2026-08-01T14:53:25Z,open,1a1c1a4c350d1fb71d29920db55c19f5,824649.0,2026-08-01,2026-08-01T23:16:00Z,Chicago Cubs,New York Yankees,betus,totals,Over,6.5,100,2.0
2026-08-01T14:53:25Z,open,1a1c1a4c350d1fb71d29920db55c19f5,824649.0,2026-08-01,2026-08-01T23:16:00Z,Chicago Cubs,New York Yankees,betus,totals,Under,6.5,-120,1.8333
2026-08-01T14:53:25Z,open,1a1c1a4c350d1fb71d29920db55c19f5,824649.0,2026-08-01,2026-08-01T23:16:00Z,Chicago Cubs,New York Yankees,betrivers,h2h,Chicago Cubs,,-106,1.9434
2026-08-01T14:53:25Z,open,1a1c1a4c350d1fb71d29920db55c19f5,824649.0,2026-08-01,2026-08-01T23:16:00Z,Chicago Cubs,New York Yankees,betrivers,h2h,New York Yankees,,-112,1.8929
2026-08-01T14:53:25Z,open,1a1c1a4c350d1fb71d29920db55c19f5,824649.0,2026-08-01,2026-08-01T23:16:00Z,Chicago Cubs,New York Yankees,betrivers,spreads,Chicago Cubs,1.5,-215,1.4651
2026-08-01T14:53:25Z,open,1a1c1a4c350d1fb71d29920db55c19f5,824649.0,2026-08-01,2026-08-01T23:16:00Z,Chicago Cubs,New York Yankees,betrivers,spreads,New York Yankees,-1.5,170,2.7
2026-08-01T14:53:25Z,open,1a1c1a4c350d1fb71d29920db55c19f5,824649.0,2026-08-01,2026-08-01T23:16:00Z,Chicago Cubs,New York Yankees,betrivers,totals,Over,6.5,-103,1.9709
2026-08-01T14:53:25Z,open,1a1c1a4c350d1fb71d29920db55c19f5,824649.0,2026-08-01,2026-08-01T23:16:00Z,Chicago Cubs,New York Yankees,betrivers,totals,Under,6.5,-117,1.8547
2026-08-01T14:53:25Z,open,e22f383c06fc65d61b450e0039f9ec3f,824326.0,2026-08-01,2026-08-02T00:10:00Z,Colorado Rockies,Kansas City Royals,fanduel,h2h,Colorado Rockies,,-114,1.8772
2026-08-01T14:53:25Z,open,e22f383c06fc65d61b450e0039f9ec3f,824326.0,2026-08-01,2026-08-02T00:10:00Z,Colorado Rockies,Kansas City Royals,fanduel,h2h,Kansas City Royals,,106,2.06
2026-08-01T14:53:25Z,open,e22f383c06fc65d61b450e0039f9ec3f,824326.0,2026-08-01,2026-08-02T00:10:00Z,Colorado Rockies,Kansas City Royals,fanduel,spreads,Colorado Rockies,1.5,-184,1.5435
2026-08-01T14:53:25Z,open,e22f383c06fc65d61b450e0039f9ec3f,824326.0,2026-08-01,2026-08-02T00:10:00Z,Colorado Rockies,Kansas City Royals,fanduel,spreads,Kansas City Royals,-1.5,155,2.55
2026-08-01T14:53:25Z,open,e22f383c06fc65d61b450e0039f9ec3f,824326.0,2026-08-01,2026-08-02T00:10:00Z,Colorado Rockies,Kansas City Royals,fanduel,totals,Over,12.0,-104,1.9615
2026-08-01T14:53:25Z,open,e22f383c06fc65d61b450e0039f9ec3f,824326.0,2026-08-01,2026-08-02T00:10:00Z,Colorado Rockies,Kansas City Royals,fanduel,totals,Under,12.0,-118,1.8475
2026-08-01T14:53:25Z,open,e22f383c06fc65d61b450e0039f9ec3f,824326.0,2026-08-01,2026-08-02T00:10:00Z,Colorado Rockies,Kansas City Royals,mybookieag,h2h,Colorado Rockies,,-117,1.8547
2026-08-01T14:53:25Z,open,e22f383c06fc65d61b450e0039f9ec3f,824326.0,2026-08-01,2026-08-02T00:10:00Z,Colorado Rockies,Kansas City Royals,mybookieag,h2h,Kansas City Royals,,100,2.0
2026-08-01T14:53:25Z,open,e22f383c06fc65d61b450e0039f9ec3f,824326.0,2026-08-01,2026-08-02T00:10:00Z,Colorado Rockies,Kansas City Royals,mybookieag,spreads,Colorado Rockies,1.5,-175,1.5714
2026-08-01T14:53:25Z,open,e22f383c06fc65d61b450e0039f9ec3f,824326.0,2026-08-01,2026-08-02T00:10:00Z,Colorado Rockies,Kansas City Royals,mybookieag,spreads,Kansas City Royals,-1.5,148,2.48
2026-08-01T14:53:25Z,open,e22f383c06fc65d61b450e0039f9ec3f,824326.0,2026-08-01,2026-08-02T00:10:00Z,Colorado Rockies,Kansas City Royals,mybookieag,totals,Over,11.5,-114,1.8772
2026-08-01T14:53:25Z,open,e22f383c06fc65d61b450e0039f9ec3f,824326.0,2026-08-01,2026-08-02T00:10:00Z,Colorado Rockies,Kansas City Royals,mybookieag,totals,Under,11.5,-107,1.9346
2026-08-01T14:53:25Z,open,e22f383c06fc65d61b450e0039f9ec3f,824326.0,2026-08-01,2026-08-02T00:10:00Z,Colorado Rockies,Kansas City Royals,lowvig,h2h,Colorado Rockies,,-115,1.8696
2026-08-01T14:53:25Z,open,e22f383c06fc65d61b450e0039f9ec3f,824326.0,2026-08-01,2026-08-02T00:10:00Z,Colorado Rockies,Kansas City Royals,lowvig,h2h,Kansas City Royals,,104,2.04
2026-08-01T14:53:25Z,open,e22f383c06fc65d61b450e0039f9ec3f,824326.0,2026-08-01,2026-08-02T00:10:00Z,Colorado Rockies,Kansas City Royals,lowvig,spreads,Colorado Rockies,-1.5,162,2.62
2026-08-01T14:53:25Z,open,e22f383c06fc65d61b450e0039f9ec3f,824326.0,2026-08-01,2026-08-02T00:10:00Z,Colorado Rockies,Kansas City Royals,lowvig,spreads,Kansas City Royals,1.5,-185,1.5405
2026-08-01T14:53:25Z,open,e22f383c06fc65d61b450e0039f9ec3f,824326.0,2026-08-01,2026-08-02T00:10:00Z,Colorado Rockies,Kansas City Royals,lowvig,totals,Over,12.0,107,2.07
2026-08-01T14:53:25Z,open,e22f383c06fc65d61b450e0039f9ec3f,824326.0,2026-08-01,2026-08-02T00:10:00Z,Colorado Rockies,Kansas City Royals,lowvig,totals,Under,12.0,-123,1.813
2026-08-01T14:53:25Z,open,e22f383c06fc65d61b450e0039f9ec3f,824326.0,2026-08-01,2026-08-02T00:10:00Z,Colorado Rockies,Kansas City Royals,betonlineag,h2h,Colorado Rockies,,-115,1.8696
2026-08-01T14:53:25Z,open,e22f383c06fc65d61b450e0039f9ec3f,824326.0,2026-08-01,2026-08-02T00:10:00Z,Colorado Rockies,Kansas City Royals,betonlineag,h2h,Kansas City Royals,,104,2.04
2026-08-01T14:53:25Z,open,e22f383c06fc65d61b450e0039f9ec3f,824326.0,2026-08-01,2026-08-02T00:10:00Z,Colorado Rockies,Kansas City Royals,betonlineag,spreads,Colorado Rockies,-1.5,161,2.61
2026-08-01T14:53:25Z,open,e22f383c06fc65d61b450e0039f9ec3f,824326.0,2026-08-01,2026-08-02T00:10:00Z,Colorado Rockies,Kansas City Royals,betonlineag,spreads,Kansas City Royals,1.5,-185,1.5405
2026-08-01T14:53:25Z,open,e22f383c06fc65d61b450e0039f9ec3f,824326.0,2026-08-01,2026-08-02T00:10:00Z,Colorado Rockies,Kansas City Royals,betonlineag,totals,Over,12.0,105,2.05
2026-08-01T14:53:25Z,open,e22f383c06fc65d61b450e0039f9ec3f,824326.0,2026-08-01,2026-08-02T00:10:00Z,Colorado Rockies,Kansas City Royals,betonlineag,totals,Under,12.0,-125,1.8
2026-08-01T14:53:25Z,open,e22f383c06fc65d61b450e0039f9ec3f,824326.0,2026-08-01,2026-08-02T00:10:00Z,Colorado Rockies,Kansas City Royals,draftkings,h2h,Colorado Rockies,,-120,1.8333
2026-08-01T14:53:25Z,open,e22f383c06fc65d61b450e0039f9ec3f,824326.0,2026-08-01,2026-08-02T00:10:00Z,Colorado Rockies,Kansas City Royals,draftkings,h2h,Kansas City Royals,,100,2.0
2026-08-01T14:53:25Z,open,e22f383c06fc65d61b450e0039f9ec3f,824326.0,2026-08-01,2026-08-02T00:10:00Z,Colorado Rockies,Kansas City Royals,draftkings,spreads,Colorado Rockies,1.5,-180,1.5556
2026-08-01T14:53:25Z,open,e22f383c06fc65d61b450e0039f9ec3f,824326.0,2026-08-01,2026-08-02T00:10:00Z,Colorado Rockies,Kansas City Royals,draftkings,spreads,Kansas City Royals,-1.5,148,2.48
2026-08-01T14:53:25Z,open,e22f383c06fc65d61b450e0039f9ec3f,824326.0,2026-08-01,2026-08-02T00:10:00Z,Colorado Rockies,Kansas City Royals,draftkings,totals,Over,11.5,-113,1.885
2026-08-01T14:53:25Z,open,e22f383c06fc65d61b450e0039f9ec3f,824326.0,2026-08-01,2026-08-02T00:10:00Z,Colorado Rockies,Kansas City Royals,draftkings,totals,Under,11.5,-107,1.9346
2026-08-01T14:53:25Z,open,e22f383c06fc65d61b450e0039f9ec3f,824326.0,2026-08-01,2026-08-02T00:10:00Z,Colorado Rockies,Kansas City Royals,betmgm,h2h,Colorado Rockies,,-120,1.8333
2026-08-01T14:53:25Z,open,e22f383c06fc65d61b450e0039f9ec3f,824326.0,2026-08-01,2026-08-02T00:10:00Z,Colorado Rockies,Kansas City Royals,betmgm,h2h,Kansas City Royals,,100,2.0
2026-08-01T14:53:25Z,open,e22f383c06fc65d61b450e0039f9ec3f,824326.0,2026-08-01,2026-08-02T00:10:00Z,Colorado Rockies,Kansas City Royals,betmgm,spreads,Colorado Rockies,1.5,-185,1.5405
2026-08-01T14:53:25Z,open,e22f383c06fc65d61b450e0039f9ec3f,824326.0,2026-08-01,2026-08-02T00:10:00Z,Colorado Rockies,Kansas City Royals,betmgm,spreads,Kansas City Royals,-1.5,150,2.5
2026-08-01T14:53:25Z,open,e22f383c06fc65d61b450e0039f9ec3f,824326.0,2026-08-01,2026-08-02T00:10:00Z,Colorado Rockies,Kansas City Royals,betmgm,totals,Over,11.5,-118,1.8475
2026-08-01T14:53:25Z,open,e22f383c06fc65d61b450e0039f9ec3f,824326.0,2026-08-01,2026-08-02T00:10:00Z,Colorado Rockies,Kansas City Royals,betmgm,totals,Under,11.5,-102,1.9804
2026-08-01T14:53:25Z,open,e22f383c06fc65d61b450e0039f9ec3f,824326.0,2026-08-01,2026-08-02T00:10:00Z,Colorado Rockies,Kansas City Royals,bovada,h2h,Colorado Rockies,,-121,1.8264
2026-08-01T14:53:25Z,open,e22f383c06fc65d61b450e0039f9ec3f,824326.0,2026-08-01,2026-08-02T00:10:00Z,Colorado Rockies,Kansas City Royals,bovada,h2h,Kansas City Royals,,101,2.01
2026-08-01T14:53:25Z,open,e22f383c06fc65d61b450e0039f9ec3f,824326.0,2026-08-01,2026-08-02T00:10:00Z,Colorado Rockies,Kansas City Royals,bovada,spreads,Colorado Rockies,-1.5,160,2.6
2026-08-01T14:53:25Z,open,e22f383c06fc65d61b450e0039f9ec3f,824326.0,2026-08-01,2026-08-02T00:10:00Z,Colorado Rockies,Kansas City Royals,bovada,spreads,Kansas City Royals,1.5,-185,1.5405
2026-08-01T14:53:25Z,open,e22f383c06fc65d61b450e0039f9ec3f,824326.0,2026-08-01,2026-08-02T00:10:00Z,Colorado Rockies,Kansas City Royals,bovada,totals,Over,11.5,-115,1.8696
2026-08-01T14:53:25Z,open,e22f383c06fc65d61b450e0039f9ec3f,824326.0,2026-08-01,2026-08-02T00:10:00Z,Colorado Rockies,Kansas City Royals,bovada,totals,Under,11.5,-105,1.9524
2026-08-01T14:53:25Z,open,e22f383c06fc65d61b450e0039f9ec3f,824326.0,2026-08-01,2026-08-02T00:10:00Z,Colorado Rockies,Kansas City Royals,betrivers,h2h,Colorado Rockies,,-115,1.8696
2026-08-01T14:53:25Z,open,e22f383c06fc65d61b450e0039f9ec3f,824326.0,2026-08-01,2026-08-02T00:10:00Z,Colorado Rockies,Kansas City Royals,betrivers,h2h,Kansas City Royals,,-103,1.9709
2026-08-01T14:53:25Z,open,e22f383c06fc65d61b450e0039f9ec3f,824326.0,2026-08-01,2026-08-02T00:10:00Z,Colorado Rockies,Kansas City Royals,betrivers,spreads,Colorado Rockies,1.5,-182,1.5495
2026-08-01T14:53:25Z,open,e22f383c06fc65d61b450e0039f9ec3f,824326.0,2026-08-01,2026-08-02T00:10:00Z,Colorado Rockies,Kansas City Royals,betrivers,spreads,Kansas City Royals,-1.5,148,2.48
2026-08-01T14:53:25Z,open,e22f383c06fc65d61b450e0039f9ec3f,824326.0,2026-08-01,2026-08-02T00:10:00Z,Colorado Rockies,Kansas City Royals,betrivers,totals,Over,12.0,-107,1.9346
2026-08-01T14:53:25Z,open,e22f383c06fc65d61b450e0039f9ec3f,824326.0,2026-08-01,2026-08-02T00:10:00Z,Colorado Rockies,Kansas City Royals,betrivers,totals,Under,12.0,-112,1.8929
2026-08-01T14:53:25Z,open,e22f383c06fc65d61b450e0039f9ec3f,824326.0,2026-08-01,2026-08-02T00:10:00Z,Colorado Rockies,Kansas City Royals,betus,h2h,Colorado Rockies,,-115,1.8696
2026-08-01T14:53:25Z,open,e22f383c06fc65d61b450e0039f9ec3f,824326.0,2026-08-01,2026-08-02T00:10:00Z,Colorado Rockies,Kansas City Royals,betus,h2h,Kansas City Royals,,105,2.05
2026-08-01T14:53:25Z,open,e22f383c06fc65d61b450e0039f9ec3f,824326.0,2026-08-01,2026-08-02T00:10:00Z,Colorado Rockies,Kansas City Royals,betus,spreads,Colorado Rockies,-1.5,160,2.6
2026-08-01T14:53:25Z,open,e22f383c06fc65d61b450e0039f9ec3f,824326.0,2026-08-01,2026-08-02T00:10:00Z,Colorado Rockies,Kansas City Royals,betus,spreads,Kansas City Royals,1.5,-185,1.5405
2026-08-01T14:53:25Z,open,e22f383c06fc65d61b450e0039f9ec3f,824326.0,2026-08-01,2026-08-02T00:10:00Z,Colorado Rockies,Kansas City Royals,betus,totals,Over,11.5,-115,1.8696
2026-08-01T14:53:25Z,open,e22f383c06fc65d61b450e0039f9ec3f,824326.0,2026-08-01,2026-08-02T00:10:00Z,Colorado Rockies,Kansas City Royals,betus,totals,Under,11.5,-105,1.9524
2026-08-01T14:53:25Z,open,a7b185894ae44e79e7e12c8533b5778b,823269.0,2026-08-01,2026-08-02T00:41:00Z,San Diego Padres,San Francisco Giants,fanduel,h2h,San Diego Padres,,-138,1.7246
2026-08-01T14:53:25Z,open,a7b185894ae44e79e7e12c8533b5778b,823269.0,2026-08-01,2026-08-02T00:41:00Z,San Diego Padres,San Francisco Giants,fanduel,h2h,San Francisco Giants,,128,2.28
2026-08-01T14:53:25Z,open,a7b185894ae44e79e7e12c8533b5778b,823269.0,2026-08-01,2026-08-02T00:41:00Z,San Diego Padres,San Francisco Giants,fanduel,spreads,San Diego Padres,-1.5,146,2.46
2026-08-01T14:53:25Z,open,a7b185894ae44e79e7e12c8533b5778b,823269.0,2026-08-01,2026-08-02T00:41:00Z,San Diego Padres,San Francisco Giants,fanduel,spreads,San Francisco Giants,1.5,-176,1.5682
2026-08-01T14:53:25Z,open,a7b185894ae44e79e7e12c8533b5778b,823269.0,2026-08-01,2026-08-02T00:41:00Z,San Diego Padres,San Francisco Giants,fanduel,totals,Over,8.5,-114,1.8772
2026-08-01T14:53:25Z,open,a7b185894ae44e79e7e12c8533b5778b,823269.0,2026-08-01,2026-08-02T00:41:00Z,San Diego Padres,San Francisco Giants,fanduel,totals,Under,8.5,-106,1.9434
2026-08-01T14:53:25Z,open,a7b185894ae44e79e7e12c8533b5778b,823269.0,2026-08-01,2026-08-02T00:41:00Z,San Diego Padres,San Francisco Giants,mybookieag,h2h,San Diego Padres,,-147,1.6803
2026-08-01T14:53:25Z,open,a7b185894ae44e79e7e12c8533b5778b,823269.0,2026-08-01,2026-08-02T00:41:00Z,San Diego Padres,San Francisco Giants,mybookieag,h2h,San Francisco Giants,,125,2.25
2026-08-01T14:53:25Z,open,a7b185894ae44e79e7e12c8533b5778b,823269.0,2026-08-01,2026-08-02T00:41:00Z,San Diego Padres,San Francisco Giants,mybookieag,spreads,San Diego Padres,-1.5,136,2.36
2026-08-01T14:53:25Z,open,a7b185894ae44e79e7e12c8533b5778b,823269.0,2026-08-01,2026-08-02T00:41:00Z,San Diego Padres,San Francisco Giants,mybookieag,spreads,San Francisco Giants,1.5,-161,1.6211
2026-08-01T14:53:25Z,open,a7b185894ae44e79e7e12c8533b5778b,823269.0,2026-08-01,2026-08-02T00:41:00Z,San Diego Padres,San Francisco Giants,mybookieag,totals,Over,8.5,-106,1.9434
2026-08-01T14:53:25Z,open,a7b185894ae44e79e7e12c8533b5778b,823269.0,2026-08-01,2026-08-02T00:41:00Z,San Diego Padres,San Francisco Giants,mybookieag,totals,Under,8.5,-115,1.8696
2026-08-01T14:53:25Z,open,a7b185894ae44e79e7e12c8533b5778b,823269.0,2026-08-01,2026-08-02T00:41:00Z,San Diego Padres,San Francisco Giants,lowvig,h2h,San Diego Padres,,-143,1.6993
2026-08-01T14:53:25Z,open,a7b185894ae44e79e7e12c8533b5778b,823269.0,2026-08-01,2026-08-02T00:41:00Z,San Diego Padres,San Francisco Giants,lowvig,h2h,San Francisco Giants,,130,2.3
2026-08-01T14:53:25Z,open,a7b185894ae44e79e7e12c8533b5778b,823269.0,2026-08-01,2026-08-02T00:41:00Z,San Diego Padres,San Francisco Giants,lowvig,spreads,San Diego Padres,-1.5,137,2.37
2026-08-01T14:53:25Z,open,a7b185894ae44e79e7e12c8533b5778b,823269.0,2026-08-01,2026-08-02T00:41:00Z,San Diego Padres,San Francisco Giants,lowvig,spreads,San Francisco Giants,1.5,-155,1.6452
2026-08-01T14:53:25Z,open,a7b185894ae44e79e7e12c8533b5778b,823269.0,2026-08-01,2026-08-02T00:41:00Z,San Diego Padres,San Francisco Giants,lowvig,totals,Over,8.5,-102,1.9804
2026-08-01T14:53:25Z,open,a7b185894ae44e79e7e12c8533b5778b,823269.0,2026-08-01,2026-08-02T00:41:00Z,San Diego Padres,San Francisco Giants,lowvig,totals,Under,8.5,-113,1.885
2026-08-01T14:53:25Z,open,a7b185894ae44e79e7e12c8533b5778b,823269.0,2026-08-01,2026-08-02T00:41:00Z,San Diego Padres,San Francisco Giants,betonlineag,h2h,San Diego Padres,,-143,1.6993
2026-08-01T14:53:25Z,open,a7b185894ae44e79e7e12c8533b5778b,823269.0,2026-08-01,2026-08-02T00:41:00Z,San Diego Padres,San Francisco Giants,betonlineag,h2h,San Francisco Giants,,130,2.3
2026-08-01T14:53:25Z,open,a7b185894ae44e79e7e12c8533b5778b,823269.0,2026-08-01,2026-08-02T00:41:00Z,San Diego Padres,San Francisco Giants,betonlineag,spreads,San Diego Padres,-1.5,136,2.36
2026-08-01T14:53:25Z,open,a7b185894ae44e79e7e12c8533b5778b,823269.0,2026-08-01,2026-08-02T00:41:00Z,San Diego Padres,San Francisco Giants,betonlineag,spreads,San Francisco Giants,1.5,-156,1.641
2026-08-01T14:53:25Z,open,a7b185894ae44e79e7e12c8533b5778b,823269.0,2026-08-01,2026-08-02T00:41:00Z,San Diego Padres,San Francisco Giants,betonlineag,totals,Over,8.5,-105,1.9524
2026-08-01T14:53:25Z,open,a7b185894ae44e79e7e12c8533b5778b,823269.0,2026-08-01,2026-08-02T00:41:00Z,San Diego Padres,San Francisco Giants,betonlineag,totals,Under,8.5,-115,1.8696
2026-08-01T14:53:25Z,open,a7b185894ae44e79e7e12c8533b5778b,823269.0,2026-08-01,2026-08-02T00:41:00Z,San Diego Padres,San Francisco Giants,draftkings,h2h,San Diego Padres,,-150,1.6667
2026-08-01T14:53:25Z,open,a7b185894ae44e79e7e12c8533b5778b,823269.0,2026-08-01,2026-08-02T00:41:00Z,San Diego Padres,San Francisco Giants,draftkings,h2h,San Francisco Giants,,124,2.24
2026-08-01T14:53:25Z,open,a7b185894ae44e79e7e12c8533b5778b,823269.0,2026-08-01,2026-08-02T00:41:00Z,San Diego Padres,San Francisco Giants,draftkings,spreads,San Diego Padres,-1.5,135,2.35
2026-08-01T14:53:25Z,open,a7b185894ae44e79e7e12c8533b5778b,823269.0,2026-08-01,2026-08-02T00:41:00Z,San Diego Padres,San Francisco Giants,draftkings,spreads,San Francisco Giants,1.5,-163,1.6135
2026-08-01T14:53:25Z,open,a7b185894ae44e79e7e12c8533b5778b,823269.0,2026-08-01,2026-08-02T00:41:00Z,San Diego Padres,San Francisco Giants,draftkings,totals,Over,8.5,-105,1.9524
2026-08-01T14:53:25Z,open,a7b185894ae44e79e7e12c8533b5778b,823269.0,2026-08-01,2026-08-02T00:41:00Z,San Diego Padres,San Francisco Giants,draftkings,totals,Under,8.5,-114,1.8772
2026-08-01T14:53:25Z,open,a7b185894ae44e79e7e12c8533b5778b,823269.0,2026-08-01,2026-08-02T00:41:00Z,San Diego Padres,San Francisco Giants,betus,h2h,San Diego Padres,,-145,1.6897
2026-08-01T14:53:25Z,open,a7b185894ae44e79e7e12c8533b5778b,823269.0,2026-08-01,2026-08-02T00:41:00Z,San Diego Padres,San Francisco Giants,betus,h2h,San Francisco Giants,,130,2.3
2026-08-01T14:53:25Z,open,a7b185894ae44e79e7e12c8533b5778b,823269.0,2026-08-01,2026-08-02T00:41:00Z,San Diego Padres,San Francisco Giants,betus,spreads,San Diego Padres,-1.5,135,2.35
2026-08-01T14:53:25Z,open,a7b185894ae44e79e7e12c8533b5778b,823269.0,2026-08-01,2026-08-02T00:41:00Z,San Diego Padres,San Francisco Giants,betus,spreads,San Francisco Giants,1.5,-155,1.6452
2026-08-01T14:53:25Z,open,a7b185894ae44e79e7e12c8533b5778b,823269.0,2026-08-01,2026-08-02T00:41:00Z,San Diego Padres,San Francisco Giants,betus,totals,Over,8.5,-105,1.9524
2026-08-01T14:53:25Z,open,a7b185894ae44e79e7e12c8533b5778b,823269.0,2026-08-01,2026-08-02T00:41:00Z,San Diego Padres,San Francisco Giants,betus,totals,Under,8.5,-115,1.8696
2026-08-01T14:53:25Z,open,a7b185894ae44e79e7e12c8533b5778b,823269.0,2026-08-01,2026-08-02T00:41:00Z,San Diego Padres,San Francisco Giants,bovada,h2h,San Diego Padres,,-152,1.6579
2026-08-01T14:53:25Z,open,a7b185894ae44e79e7e12c8533b5778b,823269.0,2026-08-01,2026-08-02T00:41:00Z,San Diego Padres,San Francisco Giants,bovada,h2h,San Francisco Giants,,127,2.27
2026-08-01T14:53:25Z,open,a7b185894ae44e79e7e12c8533b5778b,823269.0,2026-08-01,2026-08-02T00:41:00Z,San Diego Padres,San Francisco Giants,bovada,spreads,San Diego Padres,-1.5,145,2.45
2026-08-01T14:53:25Z,open,a7b185894ae44e79e7e12c8533b5778b,823269.0,2026-08-01,2026-08-02T00:41:00Z,San Diego Padres,San Francisco Giants,bovada,spreads,San Francisco Giants,1.5,-170,1.5882
2026-08-01T14:53:25Z,open,a7b185894ae44e79e7e12c8533b5778b,823269.0,2026-08-01,2026-08-02T00:41:00Z,San Diego Padres,San Francisco Giants,bovada,totals,Over,8.5,100,2.0
2026-08-01T14:53:25Z,open,a7b185894ae44e79e7e12c8533b5778b,823269.0,2026-08-01,2026-08-02T00:41:00Z,San Diego Padres,San Francisco Giants,bovada,totals,Under,8.5,-120,1.8333
2026-08-01T14:53:25Z,open,a7b185894ae44e79e7e12c8533b5778b,823269.0,2026-08-01,2026-08-02T00:41:00Z,San Diego Padres,San Francisco Giants,betmgm,h2h,San Diego Padres,,-150,1.6667
2026-08-01T14:53:25Z,open,a7b185894ae44e79e7e12c8533b5778b,823269.0,2026-08-01,2026-08-02T00:41:00Z,San Diego Padres,San Francisco Giants,betmgm,h2h,San Francisco Giants,,125,2.25
2026-08-01T14:53:25Z,open,a7b185894ae44e79e7e12c8533b5778b,823269.0,2026-08-01,2026-08-02T00:41:00Z,San Diego Padres,San Francisco Giants,betmgm,spreads,San Diego Padres,-1.5,135,2.35
2026-08-01T14:53:25Z,open,a7b185894ae44e79e7e12c8533b5778b,823269.0,2026-08-01,2026-08-02T00:41:00Z,San Diego Padres,San Francisco Giants,betmgm,spreads,San Francisco Giants,1.5,-160,1.625
2026-08-01T14:53:25Z,open,a7b185894ae44e79e7e12c8533b5778b,823269.0,2026-08-01,2026-08-02T00:41:00Z,San Diego Padres,San Francisco Giants,betmgm,totals,Over,8.5,-105,1.9524
2026-08-01T14:53:25Z,open,a7b185894ae44e79e7e12c8533b5778b,823269.0,2026-08-01,2026-08-02T00:41:00Z,San Diego Padres,San Francisco Giants,betmgm,totals,Under,8.5,-115,1.8696
2026-08-01T14:53:25Z,open,a7b185894ae44e79e7e12c8533b5778b,823269.0,2026-08-01,2026-08-02T00:41:00Z,San Diego Padres,San Francisco Giants,betrivers,h2h,San Diego Padres,,-141,1.7092
2026-08-01T14:53:25Z,open,a7b185894ae44e79e7e12c8533b5778b,823269.0,2026-08-01,2026-08-02T00:41:00Z,San Diego Padres,San Francisco Giants,betrivers,h2h,San Francisco Giants,,120,2.2
2026-08-01T14:53:25Z,open,a7b185894ae44e79e7e12c8533b5778b,823269.0,2026-08-01,2026-08-02T00:41:00Z,San Diego Padres,San Francisco Giants,betrivers,spreads,San Diego Padres,-1.5,150,2.5
2026-08-01T14:53:25Z,open,a7b185894ae44e79e7e12c8533b5778b,823269.0,2026-08-01,2026-08-02T00:41:00Z,San Diego Padres,San Francisco Giants,betrivers,spreads,San Francisco Giants,1.5,-186,1.5376
2026-08-01T14:53:25Z,open,a7b185894ae44e79e7e12c8533b5778b,823269.0,2026-08-01,2026-08-02T00:41:00Z,San Diego Padres,San Francisco Giants,betrivers,totals,Over,8.0,-118,1.8475
2026-08-01T14:53:25Z,open,a7b185894ae44e79e7e12c8533b5778b,823269.0,2026-08-01,2026-08-02T00:41:00Z,San Diego Padres,San Francisco Giants,betrivers,totals,Under,8.0,100,2.0
2026-08-01T14:53:25Z,open,0d7964018e0254e779126e68c56e0a5e,823920.0,2026-08-01,2026-08-02T01:11:00Z,Los Angeles Dodgers,Boston Red Sox,fanduel,h2h,Boston Red Sox,,144,2.44
2026-08-01T14:53:25Z,open,0d7964018e0254e779126e68c56e0a5e,823920.0,2026-08-01,2026-08-02T01:11:00Z,Los Angeles Dodgers,Boston Red Sox,fanduel,h2h,Los Angeles Dodgers,,-156,1.641
2026-08-01T14:53:25Z,open,0d7964018e0254e779126e68c56e0a5e,823920.0,2026-08-01,2026-08-02T01:11:00Z,Los Angeles Dodgers,Boston Red Sox,fanduel,spreads,Boston Red Sox,1.5,-156,1.641
2026-08-01T14:53:25Z,open,0d7964018e0254e779126e68c56e0a5e,823920.0,2026-08-01,2026-08-02T01:11:00Z,Los Angeles Dodgers,Boston Red Sox,fanduel,spreads,Los Angeles Dodgers,-1.5,130,2.3
2026-08-01T14:53:25Z,open,0d7964018e0254e779126e68c56e0a5e,823920.0,2026-08-01,2026-08-02T01:11:00Z,Los Angeles Dodgers,Boston Red Sox,fanduel,totals,Over,7.5,-108,1.9259
2026-08-01T14:53:25Z,open,0d7964018e0254e779126e68c56e0a5e,823920.0,2026-08-01,2026-08-02T01:11:00Z,Los Angeles Dodgers,Boston Red Sox,fanduel,totals,Under,7.5,-112,1.8929
2026-08-01T14:53:25Z,open,0d7964018e0254e779126e68c56e0a5e,823920.0,2026-08-01,2026-08-02T01:11:00Z,Los Angeles Dodgers,Boston Red Sox,mybookieag,h2h,Boston Red Sox,,141,2.41
2026-08-01T14:53:25Z,open,0d7964018e0254e779126e68c56e0a5e,823920.0,2026-08-01,2026-08-02T01:11:00Z,Los Angeles Dodgers,Boston Red Sox,mybookieag,h2h,Los Angeles Dodgers,,-167,1.5988
2026-08-01T14:53:25Z,open,0d7964018e0254e779126e68c56e0a5e,823920.0,2026-08-01,2026-08-02T01:11:00Z,Los Angeles Dodgers,Boston Red Sox,mybookieag,spreads,Boston Red Sox,1.5,-154,1.6494
2026-08-01T14:53:25Z,open,0d7964018e0254e779126e68c56e0a5e,823920.0,2026-08-01,2026-08-02T01:11:00Z,Los Angeles Dodgers,Boston Red Sox,mybookieag,spreads,Los Angeles Dodgers,-1.5,131,2.31
2026-08-01T14:53:25Z,open,0d7964018e0254e779126e68c56e0a5e,823920.0,2026-08-01,2026-08-02T01:11:00Z,Los Angeles Dodgers,Boston Red Sox,mybookieag,totals,Over,7.5,-110,1.9091
2026-08-01T14:53:25Z,open,0d7964018e0254e779126e68c56e0a5e,823920.0,2026-08-01,2026-08-02T01:11:00Z,Los Angeles Dodgers,Boston Red Sox,mybookieag,totals,Under,7.5,-111,1.9009
2026-08-01T14:53:25Z,open,0d7964018e0254e779126e68c56e0a5e,823920.0,2026-08-01,2026-08-02T01:11:00Z,Los Angeles Dodgers,Boston Red Sox,lowvig,h2h,Boston Red Sox,,145,2.45
2026-08-01T14:53:25Z,open,0d7964018e0254e779126e68c56e0a5e,823920.0,2026-08-01,2026-08-02T01:11:00Z,Los Angeles Dodgers,Boston Red Sox,lowvig,h2h,Los Angeles Dodgers,,-160,1.625
2026-08-01T14:53:25Z,open,0d7964018e0254e779126e68c56e0a5e,823920.0,2026-08-01,2026-08-02T01:11:00Z,Los Angeles Dodgers,Boston Red Sox,lowvig,spreads,Boston Red Sox,1.5,-148,1.6757
2026-08-01T14:53:25Z,open,0d7964018e0254e779126e68c56e0a5e,823920.0,2026-08-01,2026-08-02T01:11:00Z,Los Angeles Dodgers,Boston Red Sox,lowvig,spreads,Los Angeles Dodgers,-1.5,131,2.31
2026-08-01T14:53:25Z,open,0d7964018e0254e779126e68c56e0a5e,823920.0,2026-08-01,2026-08-02T01:11:00Z,Los Angeles Dodgers,Boston Red Sox,lowvig,totals,Over,7.5,-107,1.9346
2026-08-01T14:53:25Z,open,0d7964018e0254e779126e68c56e0a5e,823920.0,2026-08-01,2026-08-02T01:11:00Z,Los Angeles Dodgers,Boston Red Sox,lowvig,totals,Under,7.5,-107,1.9346
2026-08-01T14:53:25Z,open,0d7964018e0254e779126e68c56e0a5e,823920.0,2026-08-01,2026-08-02T01:11:00Z,Los Angeles Dodgers,Boston Red Sox,betonlineag,h2h,Boston Red Sox,,145,2.45
2026-08-01T14:53:25Z,open,0d7964018e0254e779126e68c56e0a5e,823920.0,2026-08-01,2026-08-02T01:11:00Z,Los Angeles Dodgers,Boston Red Sox,betonlineag,h2h,Los Angeles Dodgers,,-160,1.625
2026-08-01T14:53:25Z,open,0d7964018e0254e779126e68c56e0a5e,823920.0,2026-08-01,2026-08-02T01:11:00Z,Los Angeles Dodgers,Boston Red Sox,betonlineag,spreads,Boston Red Sox,1.5,-149,1.6711
2026-08-01T14:53:25Z,open,0d7964018e0254e779126e68c56e0a5e,823920.0,2026-08-01,2026-08-02T01:11:00Z,Los Angeles Dodgers,Boston Red Sox,betonlineag,spreads,Los Angeles Dodgers,-1.5,129,2.29
2026-08-01T14:53:25Z,open,0d7964018e0254e779126e68c56e0a5e,823920.0,2026-08-01,2026-08-02T01:11:00Z,Los Angeles Dodgers,Boston Red Sox,betonlineag,totals,Over,7.5,-110,1.9091
2026-08-01T14:53:25Z,open,0d7964018e0254e779126e68c56e0a5e,823920.0,2026-08-01,2026-08-02T01:11:00Z,Los Angeles Dodgers,Boston Red Sox,betonlineag,totals,Under,7.5,-110,1.9091
2026-08-01T14:53:25Z,open,0d7964018e0254e779126e68c56e0a5e,823920.0,2026-08-01,2026-08-02T01:11:00Z,Los Angeles Dodgers,Boston Red Sox,draftkings,h2h,Boston Red Sox,,141,2.41
2026-08-01T14:53:25Z,open,0d7964018e0254e779126e68c56e0a5e,823920.0,2026-08-01,2026-08-02T01:11:00Z,Los Angeles Dodgers,Boston Red Sox,draftkings,h2h,Los Angeles Dodgers,,-171,1.5848
2026-08-01T14:53:25Z,open,0d7964018e0254e779126e68c56e0a5e,823920.0,2026-08-01,2026-08-02T01:11:00Z,Los Angeles Dodgers,Boston Red Sox,draftkings,spreads,Boston Red Sox,1.5,-155,1.6452
2026-08-01T14:53:25Z,open,0d7964018e0254e779126e68c56e0a5e,823920.0,2026-08-01,2026-08-02T01:11:00Z,Los Angeles Dodgers,Boston Red Sox,draftkings,spreads,Los Angeles Dodgers,-1.5,128,2.28
2026-08-01T14:53:25Z,open,0d7964018e0254e779126e68c56e0a5e,823920.0,2026-08-01,2026-08-02T01:11:00Z,Los Angeles Dodgers,Boston Red Sox,draftkings,totals,Over,7.5,-110,1.9091
2026-08-01T14:53:25Z,open,0d7964018e0254e779126e68c56e0a5e,823920.0,2026-08-01,2026-08-02T01:11:00Z,Los Angeles Dodgers,Boston Red Sox,draftkings,totals,Under,7.5,-110,1.9091
2026-08-01T14:53:25Z,open,0d7964018e0254e779126e68c56e0a5e,823920.0,2026-08-01,2026-08-02T01:11:00Z,Los Angeles Dodgers,Boston Red Sox,betmgm,h2h,Boston Red Sox,,140,2.4
2026-08-01T14:53:25Z,open,0d7964018e0254e779126e68c56e0a5e,823920.0,2026-08-01,2026-08-02T01:11:00Z,Los Angeles Dodgers,Boston Red Sox,betmgm,h2h,Los Angeles Dodgers,,-170,1.5882
2026-08-01T14:53:25Z,open,0d7964018e0254e779126e68c56e0a5e,823920.0,2026-08-01,2026-08-02T01:11:00Z,Los Angeles Dodgers,Boston Red Sox,betmgm,spreads,Boston Red Sox,1.5,-155,1.6452
2026-08-01T14:53:25Z,open,0d7964018e0254e779126e68c56e0a5e,823920.0,2026-08-01,2026-08-02T01:11:00Z,Los Angeles Dodgers,Boston Red Sox,betmgm,spreads,Los Angeles Dodgers,-1.5,125,2.25
2026-08-01T14:53:25Z,open,0d7964018e0254e779126e68c56e0a5e,823920.0,2026-08-01,2026-08-02T01:11:00Z,Los Angeles Dodgers,Boston Red Sox,betmgm,totals,Over,7.5,-110,1.9091
2026-08-01T14:53:25Z,open,0d7964018e0254e779126e68c56e0a5e,823920.0,2026-08-01,2026-08-02T01:11:00Z,Los Angeles Dodgers,Boston Red Sox,betmgm,totals,Under,7.5,-110,1.9091
2026-08-01T14:53:25Z,open,0d7964018e0254e779126e68c56e0a5e,823920.0,2026-08-01,2026-08-02T01:11:00Z,Los Angeles Dodgers,Boston Red Sox,bovada,h2h,Boston Red Sox,,140,2.4
2026-08-01T14:53:25Z,open,0d7964018e0254e779126e68c56e0a5e,823920.0,2026-08-01,2026-08-02T01:11:00Z,Los Angeles Dodgers,Boston Red Sox,bovada,h2h,Los Angeles Dodgers,,-168,1.5952
2026-08-01T14:53:25Z,open,0d7964018e0254e779126e68c56e0a5e,823920.0,2026-08-01,2026-08-02T01:11:00Z,Los Angeles Dodgers,Boston Red Sox,bovada,spreads,Boston Red Sox,1.5,-145,1.6897
2026-08-01T14:53:25Z,open,0d7964018e0254e779126e68c56e0a5e,823920.0,2026-08-01,2026-08-02T01:11:00Z,Los Angeles Dodgers,Boston Red Sox,bovada,spreads,Los Angeles Dodgers,-1.5,125,2.25
2026-08-01T14:53:25Z,open,0d7964018e0254e779126e68c56e0a5e,823920.0,2026-08-01,2026-08-02T01:11:00Z,Los Angeles Dodgers,Boston Red Sox,bovada,totals,Over,7.5,-105,1.9524
2026-08-01T14:53:25Z,open,0d7964018e0254e779126e68c56e0a5e,823920.0,2026-08-01,2026-08-02T01:11:00Z,Los Angeles Dodgers,Boston Red Sox,bovada,totals,Under,7.5,-115,1.8696
2026-08-01T14:53:25Z,open,0d7964018e0254e779126e68c56e0a5e,823920.0,2026-08-01,2026-08-02T01:11:00Z,Los Angeles Dodgers,Boston Red Sox,betrivers,h2h,Boston Red Sox,,150,2.5
2026-08-01T14:53:25Z,open,0d7964018e0254e779126e68c56e0a5e,823920.0,2026-08-01,2026-08-02T01:11:00Z,Los Angeles Dodgers,Boston Red Sox,betrivers,h2h,Los Angeles Dodgers,,-177,1.565
2026-08-01T14:53:25Z,open,0d7964018e0254e779126e68c56e0a5e,823920.0,2026-08-01,2026-08-02T01:11:00Z,Los Angeles Dodgers,Boston Red Sox,betrivers,spreads,Boston Red Sox,1.5,-152,1.6579
2026-08-01T14:53:25Z,open,0d7964018e0254e779126e68c56e0a5e,823920.0,2026-08-01,2026-08-02T01:11:00Z,Los Angeles Dodgers,Boston Red Sox,betrivers,spreads,Los Angeles Dodgers,-1.5,125,2.25
2026-08-01T14:53:25Z,open,0d7964018e0254e779126e68c56e0a5e,823920.0,2026-08-01,2026-08-02T01:11:00Z,Los Angeles Dodgers,Boston Red Sox,betrivers,totals,Over,7.5,-107,1.9346
2026-08-01T14:53:25Z,open,0d7964018e0254e779126e68c56e0a5e,823920.0,2026-08-01,2026-08-02T01:11:00Z,Los Angeles Dodgers,Boston Red Sox,betrivers,totals,Under,7.5,-112,1.8929
2026-08-01T14:53:25Z,open,0d7964018e0254e779126e68c56e0a5e,823920.0,2026-08-01,2026-08-02T01:11:00Z,Los Angeles Dodgers,Boston Red Sox,betus,h2h,Boston Red Sox,,142,2.42
2026-08-01T14:53:25Z,open,0d7964018e0254e779126e68c56e0a5e,823920.0,2026-08-01,2026-08-02T01:11:00Z,Los Angeles Dodgers,Boston Red Sox,betus,h2h,Los Angeles Dodgers,,-160,1.625
2026-08-01T14:53:25Z,open,0d7964018e0254e779126e68c56e0a5e,823920.0,2026-08-01,2026-08-02T01:11:00Z,Los Angeles Dodgers,Boston Red Sox,betus,spreads,Boston Red Sox,1.5,-150,1.6667
2026-08-01T14:53:25Z,open,0d7964018e0254e779126e68c56e0a5e,823920.0,2026-08-01,2026-08-02T01:11:00Z,Los Angeles Dodgers,Boston Red Sox,betus,spreads,Los Angeles Dodgers,-1.5,130,2.3
2026-08-01T14:53:25Z,open,0d7964018e0254e779126e68c56e0a5e,823920.0,2026-08-01,2026-08-02T01:11:00Z,Los Angeles Dodgers,Boston Red Sox,betus,totals,Over,7.5,-110,1.9091
2026-08-01T14:53:25Z,open,0d7964018e0254e779126e68c56e0a5e,823920.0,2026-08-01,2026-08-02T01:11:00Z,Los Angeles Dodgers,Boston Red Sox,betus,totals,Under,7.5,-110,1.9091
2026-08-01T14:53:25Z,open,77b8e5ac49b26052a451b5de23d0959e,824000.0,2026-08-01,2026-08-02T01:39:00Z,Los Angeles Angels,Milwaukee Brewers,fanduel,h2h,Los Angeles Angels,,104,2.04
2026-08-01T14:53:25Z,open,77b8e5ac49b26052a451b5de23d0959e,824000.0,2026-08-01,2026-08-02T01:39:00Z,Los Angeles Angels,Milwaukee Brewers,fanduel,h2h,Milwaukee Brewers,,-112,1.8929
2026-08-01T14:53:25Z,open,77b8e5ac49b26052a451b5de23d0959e,824000.0,2026-08-01,2026-08-02T01:39:00Z,Los Angeles Angels,Milwaukee Brewers,fanduel,spreads,Los Angeles Angels,1.5,-162,1.6173
2026-08-01T14:53:25Z,open,77b8e5ac49b26052a451b5de23d0959e,824000.0,2026-08-01,2026-08-02T01:39:00Z,Los Angeles Angels,Milwaukee Brewers,fanduel,spreads,Milwaukee Brewers,-1.5,134,2.34
2026-08-01T14:53:25Z,open,77b8e5ac49b26052a451b5de23d0959e,824000.0,2026-08-01,2026-08-02T01:39:00Z,Los Angeles Angels,Milwaukee Brewers,fanduel,totals,Over,8.5,-118,1.8475
2026-08-01T14:53:25Z,open,77b8e5ac49b26052a451b5de23d0959e,824000.0,2026-08-01,2026-08-02T01:39:00Z,Los Angeles Angels,Milwaukee Brewers,fanduel,totals,Under,8.5,-104,1.9615
2026-08-01T14:53:25Z,open,77b8e5ac49b26052a451b5de23d0959e,824000.0,2026-08-01,2026-08-02T01:39:00Z,Los Angeles Angels,Milwaukee Brewers,mybookieag,h2h,Los Angeles Angels,,100,2.0
2026-08-01T14:53:25Z,open,77b8e5ac49b26052a451b5de23d0959e,824000.0,2026-08-01,2026-08-02T01:39:00Z,Los Angeles Angels,Milwaukee Brewers,mybookieag,h2h,Milwaukee Brewers,,-118,1.8475
2026-08-01T14:53:25Z,open,77b8e5ac49b26052a451b5de23d0959e,824000.0,2026-08-01,2026-08-02T01:39:00Z,Los Angeles Angels,Milwaukee Brewers,mybookieag,spreads,Los Angeles Angels,1.5,-166,1.6024
2026-08-01T14:53:25Z,open,77b8e5ac49b26052a451b5de23d0959e,824000.0,2026-08-01,2026-08-02T01:39:00Z,Los Angeles Angels,Milwaukee Brewers,mybookieag,spreads,Milwaukee Brewers,-1.5,141,2.41
2026-08-01T14:53:25Z,open,77b8e5ac49b26052a451b5de23d0959e,824000.0,2026-08-01,2026-08-02T01:39:00Z,Los Angeles Angels,Milwaukee Brewers,mybookieag,totals,Over,8.5,-114,1.8772
2026-08-01T14:53:25Z,open,77b8e5ac49b26052a451b5de23d0959e,824000.0,2026-08-01,2026-08-02T01:39:00Z,Los Angeles Angels,Milwaukee Brewers,mybookieag,totals,Under,8.5,-108,1.9259
2026-08-01T14:53:25Z,open,77b8e5ac49b26052a451b5de23d0959e,824000.0,2026-08-01,2026-08-02T01:39:00Z,Los Angeles Angels,Milwaukee Brewers,lowvig,h2h,Los Angeles Angels,,106,2.06
2026-08-01T14:53:25Z,open,77b8e5ac49b26052a451b5de23d0959e,824000.0,2026-08-01,2026-08-02T01:39:00Z,Los Angeles Angels,Milwaukee Brewers,lowvig,h2h,Milwaukee Brewers,,-117,1.8547
2026-08-01T14:53:25Z,open,77b8e5ac49b26052a451b5de23d0959e,824000.0,2026-08-01,2026-08-02T01:39:00Z,Los Angeles Angels,Milwaukee Brewers,lowvig,spreads,Los Angeles Angels,1.5,-156,1.641
2026-08-01T14:53:25Z,open,77b8e5ac49b26052a451b5de23d0959e,824000.0,2026-08-01,2026-08-02T01:39:00Z,Los Angeles Angels,Milwaukee Brewers,lowvig,spreads,Milwaukee Brewers,-1.5,138,2.38
2026-08-01T14:53:25Z,open,77b8e5ac49b26052a451b5de23d0959e,824000.0,2026-08-01,2026-08-02T01:39:00Z,Los Angeles Angels,Milwaukee Brewers,lowvig,totals,Over,8.5,-107,1.9346
2026-08-01T14:53:25Z,open,77b8e5ac49b26052a451b5de23d0959e,824000.0,2026-08-01,2026-08-02T01:39:00Z,Los Angeles Angels,Milwaukee Brewers,lowvig,totals,Under,8.5,-107,1.9346
2026-08-01T14:53:25Z,open,77b8e5ac49b26052a451b5de23d0959e,824000.0,2026-08-01,2026-08-02T01:39:00Z,Los Angeles Angels,Milwaukee Brewers,betonlineag,h2h,Los Angeles Angels,,106,2.06
2026-08-01T14:53:25Z,open,77b8e5ac49b26052a451b5de23d0959e,824000.0,2026-08-01,2026-08-02T01:39:00Z,Los Angeles Angels,Milwaukee Brewers,betonlineag,h2h,Milwaukee Brewers,,-117,1.8547
2026-08-01T14:53:25Z,open,77b8e5ac49b26052a451b5de23d0959e,824000.0,2026-08-01,2026-08-02T01:39:00Z,Los Angeles Angels,Milwaukee Brewers,betonlineag,spreads,Los Angeles Angels,1.5,-157,1.6369
2026-08-01T14:53:25Z,open,77b8e5ac49b26052a451b5de23d0959e,824000.0,2026-08-01,2026-08-02T01:39:00Z,Los Angeles Angels,Milwaukee Brewers,betonlineag,spreads,Milwaukee Brewers,-1.5,137,2.37
2026-08-01T14:53:25Z,open,77b8e5ac49b26052a451b5de23d0959e,824000.0,2026-08-01,2026-08-02T01:39:00Z,Los Angeles Angels,Milwaukee Brewers,betonlineag,totals,Over,8.5,-110,1.9091
2026-08-01T14:53:25Z,open,77b8e5ac49b26052a451b5de23d0959e,824000.0,2026-08-01,2026-08-02T01:39:00Z,Los Angeles Angels,Milwaukee Brewers,betonlineag,totals,Under,8.5,-110,1.9091
2026-08-01T14:53:25Z,open,77b8e5ac49b26052a451b5de23d0959e,824000.0,2026-08-01,2026-08-02T01:39:00Z,Los Angeles Angels,Milwaukee Brewers,draftkings,h2h,Los Angeles Angels,,-102,1.9804
2026-08-01T14:53:25Z,open,77b8e5ac49b26052a451b5de23d0959e,824000.0,2026-08-01,2026-08-02T01:39:00Z,Los Angeles Angels,Milwaukee Brewers,draftkings,h2h,Milwaukee Brewers,,-118,1.8475
2026-08-01T14:53:25Z,open,77b8e5ac49b26052a451b5de23d0959e,824000.0,2026-08-01,2026-08-02T01:39:00Z,Los Angeles Angels,Milwaukee Brewers,draftkings,spreads,Los Angeles Angels,1.5,-173,1.578
2026-08-01T14:53:25Z,open,77b8e5ac49b26052a451b5de23d0959e,824000.0,2026-08-01,2026-08-02T01:39:00Z,Los Angeles Angels,Milwaukee Brewers,draftkings,spreads,Milwaukee Brewers,-1.5,142,2.42
2026-08-01T14:53:25Z,open,77b8e5ac49b26052a451b5de23d0959e,824000.0,2026-08-01,2026-08-02T01:39:00Z,Los Angeles Angels,Milwaukee Brewers,draftkings,totals,Over,8.5,-112,1.8929
2026-08-01T14:53:25Z,open,77b8e5ac49b26052a451b5de23d0959e,824000.0,2026-08-01,2026-08-02T01:39:00Z,Los Angeles Angels,Milwaukee Brewers,draftkings,totals,Under,8.5,-108,1.9259
2026-08-01T14:53:25Z,open,77b8e5ac49b26052a451b5de23d0959e,824000.0,2026-08-01,2026-08-02T01:39:00Z,Los Angeles Angels,Milwaukee Brewers,betmgm,h2h,Los Angeles Angels,,100,2.0
2026-08-01T14:53:25Z,open,77b8e5ac49b26052a451b5de23d0959e,824000.0,2026-08-01,2026-08-02T01:39:00Z,Los Angeles Angels,Milwaukee Brewers,betmgm,h2h,Milwaukee Brewers,,-120,1.8333
2026-08-01T14:53:25Z,open,77b8e5ac49b26052a451b5de23d0959e,824000.0,2026-08-01,2026-08-02T01:39:00Z,Los Angeles Angels,Milwaukee Brewers,betmgm,spreads,Los Angeles Angels,1.5,-165,1.6061
2026-08-01T14:53:25Z,open,77b8e5ac49b26052a451b5de23d0959e,824000.0,2026-08-01,2026-08-02T01:39:00Z,Los Angeles Angels,Milwaukee Brewers,betmgm,spreads,Milwaukee Brewers,-1.5,135,2.35
2026-08-01T14:53:25Z,open,77b8e5ac49b26052a451b5de23d0959e,824000.0,2026-08-01,2026-08-02T01:39:00Z,Los Angeles Angels,Milwaukee Brewers,betmgm,totals,Over,8.5,-110,1.9091
2026-08-01T14:53:25Z,open,77b8e5ac49b26052a451b5de23d0959e,824000.0,2026-08-01,2026-08-02T01:39:00Z,Los Angeles Angels,Milwaukee Brewers,betmgm,totals,Under,8.5,-110,1.9091
2026-08-01T14:53:25Z,open,77b8e5ac49b26052a451b5de23d0959e,824000.0,2026-08-01,2026-08-02T01:39:00Z,Los Angeles Angels,Milwaukee Brewers,bovada,h2h,Los Angeles Angels,,102,2.02
2026-08-01T14:53:25Z,open,77b8e5ac49b26052a451b5de23d0959e,824000.0,2026-08-01,2026-08-02T01:39:00Z,Los Angeles Angels,Milwaukee Brewers,bovada,h2h,Milwaukee Brewers,,-122,1.8197
2026-08-01T14:53:25Z,open,77b8e5ac49b26052a451b5de23d0959e,824000.0,2026-08-01,2026-08-02T01:39:00Z,Los Angeles Angels,Milwaukee Brewers,bovada,spreads,Los Angeles Angels,1.5,-160,1.625
2026-08-01T14:53:25Z,open,77b8e5ac49b26052a451b5de23d0959e,824000.0,2026-08-01,2026-08-02T01:39:00Z,Los Angeles Angels,Milwaukee Brewers,bovada,spreads,Milwaukee Brewers,-1.5,135,2.35
2026-08-01T14:53:25Z,open,77b8e5ac49b26052a451b5de23d0959e,824000.0,2026-08-01,2026-08-02T01:39:00Z,Los Angeles Angels,Milwaukee Brewers,bovada,totals,Over,8.5,-105,1.9524
2026-08-01T14:53:25Z,open,77b8e5ac49b26052a451b5de23d0959e,824000.0,2026-08-01,2026-08-02T01:39:00Z,Los Angeles Angels,Milwaukee Brewers,bovada,totals,Under,8.5,-115,1.8696
2026-08-01T14:53:25Z,open,77b8e5ac49b26052a451b5de23d0959e,824000.0,2026-08-01,2026-08-02T01:39:00Z,Los Angeles Angels,Milwaukee Brewers,betrivers,h2h,Los Angeles Angels,,-103,1.9709
2026-08-01T14:53:25Z,open,77b8e5ac49b26052a451b5de23d0959e,824000.0,2026-08-01,2026-08-02T01:39:00Z,Los Angeles Angels,Milwaukee Brewers,betrivers,h2h,Milwaukee Brewers,,-117,1.8547
2026-08-01T14:53:25Z,open,77b8e5ac49b26052a451b5de23d0959e,824000.0,2026-08-01,2026-08-02T01:39:00Z,Los Angeles Angels,Milwaukee Brewers,betrivers,spreads,Los Angeles Angels,1.5,-167,1.5988
2026-08-01T14:53:25Z,open,77b8e5ac49b26052a451b5de23d0959e,824000.0,2026-08-01,2026-08-02T01:39:00Z,Los Angeles Angels,Milwaukee Brewers,betrivers,spreads,Milwaukee Brewers,-1.5,135,2.35
2026-08-01T14:53:25Z,open,77b8e5ac49b26052a451b5de23d0959e,824000.0,2026-08-01,2026-08-02T01:39:00Z,Los Angeles Angels,Milwaukee Brewers,betrivers,totals,Over,8.5,-115,1.8696
2026-08-01T14:53:25Z,open,77b8e5ac49b26052a451b5de23d0959e,824000.0,2026-08-01,2026-08-02T01:39:00Z,Los Angeles Angels,Milwaukee Brewers,betrivers,totals,Under,8.5,-103,1.9709
2026-08-01T14:53:25Z,open,77b8e5ac49b26052a451b5de23d0959e,824000.0,2026-08-01,2026-08-02T01:39:00Z,Los Angeles Angels,Milwaukee Brewers,betus,h2h,Los Angeles Angels,,107,2.07
2026-08-01T14:53:25Z,open,77b8e5ac49b26052a451b5de23d0959e,824000.0,2026-08-01,2026-08-02T01:39:00Z,Los Angeles Angels,Milwaukee Brewers,betus,h2h,Milwaukee Brewers,,-117,1.8547
2026-08-01T14:53:25Z,open,77b8e5ac49b26052a451b5de23d0959e,824000.0,2026-08-01,2026-08-02T01:39:00Z,Los Angeles Angels,Milwaukee Brewers,betus,spreads,Los Angeles Angels,1.5,-155,1.6452
2026-08-01T14:53:25Z,open,77b8e5ac49b26052a451b5de23d0959e,824000.0,2026-08-01,2026-08-02T01:39:00Z,Los Angeles Angels,Milwaukee Brewers,betus,spreads,Milwaukee Brewers,-1.5,135,2.35
2026-08-01T14:53:25Z,open,77b8e5ac49b26052a451b5de23d0959e,824000.0,2026-08-01,2026-08-02T01:39:00Z,Los Angeles Angels,Milwaukee Brewers,betus,totals,Over,8.5,-110,1.9091
2026-08-01T14:53:25Z,open,77b8e5ac49b26052a451b5de23d0959e,824000.0,2026-08-01,2026-08-02T01:39:00Z,Los Angeles Angels,Milwaukee Brewers,betus,totals,Under,8.5,-110,1.9091
2026-08-01T14:53:25Z,open,54d17e06d14159867e038e2ea043aabd,824972.0,2026-08-01,2026-08-02T01:41:00Z,Athletics,Detroit Tigers,fanduel,h2h,Athletics,,128,2.28
2026-08-01T14:53:25Z,open,54d17e06d14159867e038e2ea043aabd,824972.0,2026-08-01,2026-08-02T01:41:00Z,Athletics,Detroit Tigers,fanduel,h2h,Detroit Tigers,,-138,1.7246
2026-08-01T14:53:25Z,open,54d17e06d14159867e038e2ea043aabd,824972.0,2026-08-01,2026-08-02T01:41:00Z,Athletics,Detroit Tigers,fanduel,spreads,Athletics,1.5,-128,1.7812
2026-08-01T14:53:25Z,open,54d17e06d14159867e038e2ea043aabd,824972.0,2026-08-01,2026-08-02T01:41:00Z,Athletics,Detroit Tigers,fanduel,spreads,Detroit Tigers,-1.5,106,2.06
2026-08-01T14:53:25Z,open,54d17e06d14159867e038e2ea043aabd,824972.0,2026-08-01,2026-08-02T01:41:00Z,Athletics,Detroit Tigers,fanduel,totals,Over,10.5,-115,1.8696
2026-08-01T14:53:25Z,open,54d17e06d14159867e038e2ea043aabd,824972.0,2026-08-01,2026-08-02T01:41:00Z,Athletics,Detroit Tigers,fanduel,totals,Under,10.5,-105,1.9524
2026-08-01T14:53:25Z,open,54d17e06d14159867e038e2ea043aabd,824972.0,2026-08-01,2026-08-02T01:41:00Z,Athletics,Detroit Tigers,betonlineag,h2h,Athletics,,127,2.27
2026-08-01T14:53:25Z,open,54d17e06d14159867e038e2ea043aabd,824972.0,2026-08-01,2026-08-02T01:41:00Z,Athletics,Detroit Tigers,betonlineag,h2h,Detroit Tigers,,-140,1.7143
2026-08-01T14:53:25Z,open,54d17e06d14159867e038e2ea043aabd,824972.0,2026-08-01,2026-08-02T01:41:00Z,Athletics,Detroit Tigers,betonlineag,spreads,Athletics,1.5,-120,1.8333
2026-08-01T14:53:25Z,open,54d17e06d14159867e038e2ea043aabd,824972.0,2026-08-01,2026-08-02T01:41:00Z,Athletics,Detroit Tigers,betonlineag,spreads,Detroit Tigers,-1.5,100,2.0
2026-08-01T14:53:25Z,open,54d17e06d14159867e038e2ea043aabd,824972.0,2026-08-01,2026-08-02T01:41:00Z,Athletics,Detroit Tigers,betonlineag,totals,Over,10.5,-120,1.8333
2026-08-01T14:53:25Z,open,54d17e06d14159867e038e2ea043aabd,824972.0,2026-08-01,2026-08-02T01:41:00Z,Athletics,Detroit Tigers,betonlineag,totals,Under,10.5,100,2.0
2026-08-01T14:53:25Z,open,54d17e06d14159867e038e2ea043aabd,824972.0,2026-08-01,2026-08-02T01:41:00Z,Athletics,Detroit Tigers,lowvig,h2h,Athletics,,127,2.27
2026-08-01T14:53:25Z,open,54d17e06d14159867e038e2ea043aabd,824972.0,2026-08-01,2026-08-02T01:41:00Z,Athletics,Detroit Tigers,lowvig,h2h,Detroit Tigers,,-140,1.7143
2026-08-01T14:53:25Z,open,54d17e06d14159867e038e2ea043aabd,824972.0,2026-08-01,2026-08-02T01:41:00Z,Athletics,Detroit Tigers,lowvig,spreads,Athletics,1.5,-117,1.8547
2026-08-01T14:53:25Z,open,54d17e06d14159867e038e2ea043aabd,824972.0,2026-08-01,2026-08-02T01:41:00Z,Athletics,Detroit Tigers,lowvig,spreads,Detroit Tigers,-1.5,103,2.03
2026-08-01T14:53:25Z,open,54d17e06d14159867e038e2ea043aabd,824972.0,2026-08-01,2026-08-02T01:41:00Z,Athletics,Detroit Tigers,lowvig,totals,Over,10.5,-118,1.8475
2026-08-01T14:53:25Z,open,54d17e06d14159867e038e2ea043aabd,824972.0,2026-08-01,2026-08-02T01:41:00Z,Athletics,Detroit Tigers,lowvig,totals,Under,10.5,103,2.03
2026-08-01T14:53:25Z,open,54d17e06d14159867e038e2ea043aabd,824972.0,2026-08-01,2026-08-02T01:41:00Z,Athletics,Detroit Tigers,mybookieag,h2h,Athletics,,126,2.26
2026-08-01T14:53:25Z,open,54d17e06d14159867e038e2ea043aabd,824972.0,2026-08-01,2026-08-02T01:41:00Z,Athletics,Detroit Tigers,mybookieag,h2h,Detroit Tigers,,-149,1.6711
2026-08-01T14:53:25Z,open,54d17e06d14159867e038e2ea043aabd,824972.0,2026-08-01,2026-08-02T01:41:00Z,Athletics,Detroit Tigers,mybookieag,spreads,Athletics,1.5,-120,1.8333
2026-08-01T14:53:25Z,open,54d17e06d14159867e038e2ea043aabd,824972.0,2026-08-01,2026-08-02T01:41:00Z,Athletics,Detroit Tigers,mybookieag,spreads,Detroit Tigers,-1.5,102,2.02
2026-08-01T14:53:25Z,open,54d17e06d14159867e038e2ea043aabd,824972.0,2026-08-01,2026-08-02T01:41:00Z,Athletics,Detroit Tigers,mybookieag,totals,Over,10.5,-119,1.8403
2026-08-01T14:53:25Z,open,54d17e06d14159867e038e2ea043aabd,824972.0,2026-08-01,2026-08-02T01:41:00Z,Athletics,Detroit Tigers,mybookieag,totals,Under,10.5,-103,1.9709
2026-08-01T14:53:25Z,open,54d17e06d14159867e038e2ea043aabd,824972.0,2026-08-01,2026-08-02T01:41:00Z,Athletics,Detroit Tigers,draftkings,h2h,Athletics,,123,2.23
2026-08-01T14:53:25Z,open,54d17e06d14159867e038e2ea043aabd,824972.0,2026-08-01,2026-08-02T01:41:00Z,Athletics,Detroit Tigers,draftkings,h2h,Detroit Tigers,,-149,1.6711
2026-08-01T14:53:25Z,open,54d17e06d14159867e038e2ea043aabd,824972.0,2026-08-01,2026-08-02T01:41:00Z,Athletics,Detroit Tigers,draftkings,spreads,Athletics,1.5,-125,1.8
2026-08-01T14:53:25Z,open,54d17e06d14159867e038e2ea043aabd,824972.0,2026-08-01,2026-08-02T01:41:00Z,Athletics,Detroit Tigers,draftkings,spreads,Detroit Tigers,-1.5,103,2.03
2026-08-01T14:53:25Z,open,54d17e06d14159867e038e2ea043aabd,824972.0,2026-08-01,2026-08-02T01:41:00Z,Athletics,Detroit Tigers,draftkings,totals,Over,10.5,-115,1.8696
2026-08-01T14:53:25Z,open,54d17e06d14159867e038e2ea043aabd,824972.0,2026-08-01,2026-08-02T01:41:00Z,Athletics,Detroit Tigers,draftkings,totals,Under,10.5,-104,1.9615
2026-08-01T14:53:25Z,open,54d17e06d14159867e038e2ea043aabd,824972.0,2026-08-01,2026-08-02T01:41:00Z,Athletics,Detroit Tigers,betmgm,h2h,Athletics,,120,2.2
2026-08-01T14:53:25Z,open,54d17e06d14159867e038e2ea043aabd,824972.0,2026-08-01,2026-08-02T01:41:00Z,Athletics,Detroit Tigers,betmgm,h2h,Detroit Tigers,,-145,1.6897
2026-08-01T14:53:25Z,open,54d17e06d14159867e038e2ea043aabd,824972.0,2026-08-01,2026-08-02T01:41:00Z,Athletics,Detroit Tigers,betmgm,spreads,Athletics,1.5,-125,1.8
2026-08-01T14:53:25Z,open,54d17e06d14159867e038e2ea043aabd,824972.0,2026-08-01,2026-08-02T01:41:00Z,Athletics,Detroit Tigers,betmgm,spreads,Detroit Tigers,-1.5,105,2.05
2026-08-01T14:53:25Z,open,54d17e06d14159867e038e2ea043aabd,824972.0,2026-08-01,2026-08-02T01:41:00Z,Athletics,Detroit Tigers,betmgm,totals,Over,10.5,-120,1.8333
2026-08-01T14:53:25Z,open,54d17e06d14159867e038e2ea043aabd,824972.0,2026-08-01,2026-08-02T01:41:00Z,Athletics,Detroit Tigers,betmgm,totals,Under,10.5,100,2.0
2026-08-01T14:53:25Z,open,54d17e06d14159867e038e2ea043aabd,824972.0,2026-08-01,2026-08-02T01:41:00Z,Athletics,Detroit Tigers,bovada,h2h,Athletics,,124,2.24
2026-08-01T14:53:25Z,open,54d17e06d14159867e038e2ea043aabd,824972.0,2026-08-01,2026-08-02T01:41:00Z,Athletics,Detroit Tigers,bovada,h2h,Detroit Tigers,,-148,1.6757
2026-08-01T14:53:25Z,open,54d17e06d14159867e038e2ea043aabd,824972.0,2026-08-01,2026-08-02T01:41:00Z,Athletics,Detroit Tigers,bovada,spreads,Athletics,1.5,-125,1.8
2026-08-01T14:53:25Z,open,54d17e06d14159867e038e2ea043aabd,824972.0,2026-08-01,2026-08-02T01:41:00Z,Athletics,Detroit Tigers,bovada,spreads,Detroit Tigers,-1.5,105,2.05
2026-08-01T14:53:25Z,open,54d17e06d14159867e038e2ea043aabd,824972.0,2026-08-01,2026-08-02T01:41:00Z,Athletics,Detroit Tigers,bovada,totals,Over,10.5,-110,1.9091
2026-08-01T14:53:25Z,open,54d17e06d14159867e038e2ea043aabd,824972.0,2026-08-01,2026-08-02T01:41:00Z,Athletics,Detroit Tigers,bovada,totals,Under,10.5,-110,1.9091
2026-08-01T14:53:25Z,open,54d17e06d14159867e038e2ea043aabd,824972.0,2026-08-01,2026-08-02T01:41:00Z,Athletics,Detroit Tigers,betrivers,h2h,Athletics,,123,2.23
2026-08-01T14:53:25Z,open,54d17e06d14159867e038e2ea043aabd,824972.0,2026-08-01,2026-08-02T01:41:00Z,Athletics,Detroit Tigers,betrivers,h2h,Detroit Tigers,,-143,1.6993
2026-08-01T14:53:25Z,open,54d17e06d14159867e038e2ea043aabd,824972.0,2026-08-01,2026-08-02T01:41:00Z,Athletics,Detroit Tigers,betrivers,spreads,Athletics,1.5,-129,1.7752
2026-08-01T14:53:25Z,open,54d17e06d14159867e038e2ea043aabd,824972.0,2026-08-01,2026-08-02T01:41:00Z,Athletics,Detroit Tigers,betrivers,spreads,Detroit Tigers,-1.5,106,2.06
2026-08-01T14:53:25Z,open,54d17e06d14159867e038e2ea043aabd,824972.0,2026-08-01,2026-08-02T01:41:00Z,Athletics,Detroit Tigers,betrivers,totals,Over,10.5,-113,1.885
2026-08-01T14:53:25Z,open,54d17e06d14159867e038e2ea043aabd,824972.0,2026-08-01,2026-08-02T01:41:00Z,Athletics,Detroit Tigers,betrivers,totals,Under,10.5,-106,1.9434
2026-08-01T14:53:25Z,open,54d17e06d14159867e038e2ea043aabd,824972.0,2026-08-01,2026-08-02T01:41:00Z,Athletics,Detroit Tigers,betus,h2h,Athletics,,126,2.26
2026-08-01T14:53:25Z,open,54d17e06d14159867e038e2ea043aabd,824972.0,2026-08-01,2026-08-02T01:41:00Z,Athletics,Detroit Tigers,betus,h2h,Detroit Tigers,,-140,1.7143
2026-08-01T14:53:25Z,open,54d17e06d14159867e038e2ea043aabd,824972.0,2026-08-01,2026-08-02T01:41:00Z,Athletics,Detroit Tigers,betus,spreads,Athletics,1.5,-120,1.8333
2026-08-01T14:53:25Z,open,54d17e06d14159867e038e2ea043aabd,824972.0,2026-08-01,2026-08-02T01:41:00Z,Athletics,Detroit Tigers,betus,spreads,Detroit Tigers,-1.5,100,2.0
2026-08-01T14:53:25Z,open,54d17e06d14159867e038e2ea043aabd,824972.0,2026-08-01,2026-08-02T01:41:00Z,Athletics,Detroit Tigers,betus,totals,Over,10.5,-120,1.8333
2026-08-01T14:53:25Z,open,54d17e06d14159867e038e2ea043aabd,824972.0,2026-08-01,2026-08-02T01:41:00Z,Athletics,Detroit Tigers,betus,totals,Under,10.5,100,2.0
