season,game_date_et,game_pk,start_utc,game_type,doubleheader,game_number,home_team_id,away_team_id,home_team,away_team
2014,2014-03-22,380537,2014-03-22 08:00:00+00:00,R,N,1,109,119,Arizona Diamondbacks,Los Angeles Dodgers
2014,2014-03-23,380538,2014-03-23 02:00:00+00:00,R,N,1,109,119,Arizona Diamondbacks,Los Angeles Dodgers
2014,2014-03-23,380538,2014-03-23 02:00:00+00:00,R,N,1,109,119,Arizona Diamondbacks,Los Angeles Dodgers
2014,2014-03-30,380546,2014-03-31 00:05:00+00:00,R,N,1,135,119,San Diego Padres,Los Angeles Dodgers
2014,2014-03-31,380542,2014-03-31 17:05:00+00:00,R,N,1,134,112,Pittsburgh Pirates,Chicago Cubs
2014,2014-03-31,380545,2014-03-31 17:08:00+00:00,R,N,1,116,118,Detroit Tigers,Kansas City Royals
2014,2014-03-31,380553,2014-03-31 17:10:00+00:00,R,N,1,121,120,New York Mets,Washington Nationals
2014,2014-03-31,380548,2014-03-31 18:05:00+00:00,R,N,1,140,143,Texas Rangers,Philadelphia Phillies
2014,2014-03-31,380540,2014-03-31 18:10:00+00:00,R,N,1,158,144,Milwaukee Brewers,Atlanta Braves
2014,2014-03-31,380541,2014-03-31 19:05:00+00:00,R,N,1,110,111,Baltimore Orioles,Boston Red Sox
2014,2014-03-31,380551,2014-03-31 20:10:00+00:00,R,N,1,113,138,Cincinnati Reds,St. Louis Cardinals
2014,2014-03-31,380552,2014-03-31 20:10:00+00:00,R,N,1,139,141,Tampa Bay Rays,Toronto Blue Jays
2014,2014-03-31,380547,2014-03-31 20:10:00+00:00,R,N,1,145,142,Chicago White Sox,Minnesota Twins
2014,2014-03-31,380544,2014-03-31 23:05:00+00:00,R,N,1,146,115,Miami Marlins,Colorado Rockies
2014,2014-03-31,380550,2014-04-01 01:40:00+00:00,R,N,1,109,137,Arizona Diamondbacks,San Francisco Giants
2014,2014-03-31,380543,2014-04-01 02:05:00+00:00,R,N,1,133,114,Oakland Athletics,Cleveland Indians
2014,2014-03-31,380549,2014-04-01 02:05:00+00:00,R,N,1,108,136,Los Angeles Angels,Seattle Mariners
2014,2014-04-01,380557,2014-04-01 22:40:00+00:00,R,N,1,135,119,San Diego Padres,Los Angeles Dodgers
2014,2014-04-01,380562,2014-04-01 23:10:00+00:00,R,N,1,139,141,Tampa Bay Rays,Toronto Blue Jays
2014,2014-04-01,380556,2014-04-01 23:10:00+00:00,R,N,1,146,115,Miami Marlins,Colorado Rockies
2014,2014-04-01,380558,2014-04-01 23:10:00+00:00,R,N,1,117,147,Houston Astros,New York Yankees
2014,2014-04-01,380559,2014-04-02 00:05:00+00:00,R,N,1,140,143,Texas Rangers,Philadelphia Phillies
2014,2014-04-01,380554,2014-04-02 00:10:00+00:00,R,N,1,158,144,Milwaukee Brewers,Atlanta Braves
2014,2014-04-01,380561,2014-04-02 01:40:00+00:00,R,N,1,109,137,Arizona Diamondbacks,San Francisco Giants
2014,2014-04-01,380560,2014-04-02 02:05:00+00:00,R,N,1,108,136,Los Angeles Angels,Seattle Mariners
2014,2014-04-02,380555,2014-04-02 02:05:00+00:00,R,N,1,133,114,Oakland Athletics,Cleveland Indians
2014,2014-04-02,380568,2014-04-02 17:08:00+00:00,R,N,1,116,118,Detroit Tigers,Kansas City Royals
2014,2014-04-02,380563,2014-04-02 17:10:00+00:00,R,N,1,158,144,Milwaukee Brewers,Atlanta Braves
2014,2014-04-02,380570,2014-04-02 18:10:00+00:00,R,N,1,145,142,Chicago White Sox,Minnesota Twins
2014,2014-04-02,380566,2014-04-02 19:35:00+00:00,R,S,1,133,114,Oakland Athletics,Cleveland Indians
2014,2014-04-02,380555,2014-04-03 01:00:00+00:00,R,S,2,133,114,Oakland Athletics,Cleveland Indians
2014,2014-04-02,380564,2014-04-02 23:05:00+00:00,R,N,1,110,111,Baltimore Orioles,Boston Red Sox
2014,2014-04-02,380565,2014-04-02 23:05:00+00:00,R,N,1,134,112,Pittsburgh Pirates,Chicago Cubs
2014,2014-04-02,380577,2014-04-02 23:10:00+00:00,R,N,1,121,120,New York Mets,Washington Nationals
2014,2014-04-02,380575,2014-04-02 23:10:00+00:00,R,N,1,113,138,Cincinnati Reds,St. Louis Cardinals
2014,2014-04-02,380576,2014-04-02 23:10:00+00:00,R,N,1,139,141,Tampa Bay Rays,Toronto Blue Jays
2014,2014-04-02,380567,2014-04-02 23:10:00+00:00,R,N,1,146,115,Miami Marlins,Colorado Rockies
2014,2014-04-02,380572,2014-04-03 00:05:00+00:00,R,N,1,140,143,Texas Rangers,Philadelphia Phillies
2014,2014-04-02,380571,2014-04-03 00:10:00+00:00,R,N,1,117,147,Houston Astros,New York Yankees
2014,2014-04-02,380574,2014-04-03 01:40:00+00:00,R,N,1,109,137,Arizona Diamondbacks,San Francisco Giants
2014,2014-04-02,380573,2014-04-03 02:05:00+00:00,R,N,1,108,136,Los Angeles Angels,Seattle Mariners
2014,2014-04-02,380569,2014-04-03 02:10:00+00:00,R,N,1,135,119,San Diego Padres,Los Angeles Dodgers
2014,2014-04-03,380579,2014-04-03 16:35:00+00:00,R,N,1,134,112,Pittsburgh Pirates,Chicago Cubs
2014,2014-04-03,380586,2014-04-03 16:35:00+00:00,R,N,1,113,138,Cincinnati Reds,St. Louis Cardinals
2014,2014-04-03,380580,2014-04-03 16:40:00+00:00,R,N,1,146,115,Miami Marlins,Colorado Rockies
2014,2014-04-03,380588,2014-04-03 17:10:00+00:00,R,N,1,121,120,New York Mets,Washington Nationals
2014,2014-04-03,380582,2014-04-03 18:10:00+00:00,R,N,1,145,142,Chicago White Sox,Minnesota Twins
2014,2014-04-03,380585,2014-04-03 19:40:00+00:00,R,N,1,109,137,Arizona Diamondbacks,San Francisco Giants
2014,2014-04-03,380578,2014-04-03 23:05:00+00:00,R,N,1,110,111,Baltimore Orioles,Boston Red Sox
2014,2014-04-03,380587,2014-04-03 23:10:00+00:00,R,N,1,139,141,Tampa Bay Rays,Toronto Blue Jays
2014,2014-04-03,380583,2014-04-04 00:10:00+00:00,R,N,1,117,147,Houston Astros,New York Yankees
2014,2014-04-03,380584,2014-04-04 02:05:00+00:00,R,N,1,133,136,Oakland Athletics,Seattle Mariners
2014,2014-06-19,380581,2014-04-03 17:08:00+00:00,R,N,1,116,118,Detroit Tigers,Kansas City Royals
2014,2014-04-04,380591,2014-04-04 17:05:00+00:00,R,N,1,120,144,Washington Nationals,Atlanta Braves
2014,2014-04-04,380592,2014-04-04 17:08:00+00:00,R,N,1,116,110,Detroit Tigers,Baltimore Orioles
2014,2014-04-04,380595,2014-04-04 18:05:00+00:00,R,N,1,111,158,Boston Red Sox,Milwaukee Brewers
2014,2014-04-04,380598,2014-04-04 18:20:00+00:00,R,N,1,112,143,Chicago Cubs,Philadelphia Phillies
2014,2014-04-04,380596,2014-04-04 19:05:00+00:00,R,N,1,114,142,Cleveland Indians,Minnesota Twins
2014,2014-04-04,380590,2014-04-04 20:10:00+00:00,R,N,1,115,109,Colorado Rockies,Arizona Diamondbacks
2014,2014-04-04,380601,2014-04-04 20:10:00+00:00,R,N,1,119,137,Los Angeles Dodgers,San Francisco Giants
2014,2014-04-04,380593,2014-04-04 20:10:00+00:00,R,N,1,118,145,Kansas City Royals,Chicago White Sox
2014,2014-04-04,380602,2014-04-04 23:05:00+00:00,R,N,1,134,138,Pittsburgh Pirates,St. Louis Cardinals
2014,2014-04-04,380597,2014-04-04 23:07:00+00:00,R,N,1,141,147,Toronto Blue Jays,New York Yankees
2014,2014-04-04,380594,2014-04-04 23:10:00+00:00,R,N,1,121,113,New York Mets,Cincinnati Reds
2014,2014-04-04,380603,2014-04-04 23:10:00+00:00,R,N,1,139,140,Tampa Bay Rays,Texas Rangers
2014,2014-04-04,380599,2014-04-04 23:10:00+00:00,R,N,1,146,135,Miami Marlins,San Diego Padres
2014,2014-04-04,380589,2014-04-05 00:10:00+00:00,R,N,1,117,108,Houston Astros,Los Angeles Angels
2014,2014-05-07,380600,2014-04-05 02:05:00+00:00,R,N,1,133,136,Oakland Athletics,Seattle Mariners
2014,2014-04-05,380611,2014-04-05 17:05:00+00:00,R,N,1,114,142,Cleveland Indians,Minnesota Twins
2014,2014-04-05,380612,2014-04-05 17:07:00+00:00,R,N,1,141,147,Toronto Blue Jays,New York Yankees
2014,2014-04-05,380607,2014-04-05 17:08:00+00:00,R,N,1,116,110,Detroit Tigers,Baltimore Orioles
2014,2014-04-05,380609,2014-04-05 17:10:00+00:00,R,N,1,121,113,New York Mets,Cincinnati Reds
2014,2014-04-05,380608,2014-04-05 18:10:00+00:00,R,N,1,118,145,Kansas City Royals,Chicago White Sox
2014,2014-04-05,380613,2014-04-05 18:20:00+00:00,R,N,1,112,143,Chicago Cubs,Philadelphia Phillies
2014,2014-04-05,380615,2014-04-05 20:05:00+00:00,R,N,1,133,136,Oakland Athletics,Seattle Mariners
2014,2014-04-05,380616,2014-04-05 20:10:00+00:00,R,N,1,119,137,Los Angeles Dodgers,San Francisco Giants
2014,2014-04-05,380617,2014-04-05 23:05:00+00:00,R,N,1,134,138,Pittsburgh Pirates,St. Louis Cardinals
2014,2014-04-05,380606,2014-04-05 23:05:00+00:00,R,N,1,120,144,Washington Nationals,Atlanta Braves
2014,2014-04-05,380604,2014-04-05 23:10:00+00:00,R,N,1,117,108,Houston Astros,Los Angeles Angels
2014,2014-04-05,380618,2014-04-05 23:10:00+00:00,R,N,1,139,140,Tampa Bay Rays,Texas Rangers
2014,2014-04-05,380614,2014-04-05 23:10:00+00:00,R,N,1,146,135,Miami Marlins,San Diego Padres
2014,2014-04-05,380610,2014-04-05 23:10:00+00:00,R,N,1,111,158,Boston Red Sox,Milwaukee Brewers
2014,2014-04-05,380605,2014-04-06 00:10:00+00:00,R,N,1,115,109,Colorado Rockies,Arizona Diamondbacks
2014,2014-04-06,380626,2014-04-06 17:05:00+00:00,R,N,1,114,142,Cleveland Indians,Minnesota Twins
2014,2014-04-06,380627,2014-04-06 17:07:00+00:00,R,N,1,141,147,Toronto Blue Jays,New York Yankees
2014,2014-04-06,380622,2014-04-06 17:08:00+00:00,R,N,1,116,110,Detroit Tigers,Baltimore Orioles
2014,2014-04-06,380624,2014-04-06 17:10:00+00:00,R,N,1,121,113,New York Mets,Cincinnati Reds
2014,2014-04-06,380629,2014-04-06 17:10:00+00:00,R,N,1,146,135,Miami Marlins,San Diego Padres
2014,2014-04-06,380632,2014-04-06 17:35:00+00:00,R,N,1,134,138,Pittsburgh Pirates,St. Louis Cardinals
2014,2014-04-06,380621,2014-04-06 17:35:00+00:00,R,N,1,120,144,Washington Nationals,Atlanta Braves
2014,2014-04-06,380625,2014-04-06 17:35:00+00:00,R,N,1,111,158,Boston Red Sox,Milwaukee Brewers
2014,2014-04-06,380633,2014-04-06 17:40:00+00:00,R,N,1,139,140,Tampa Bay Rays,Texas Rangers
2014,2014-04-06,380619,2014-04-06 18:10:00+00:00,R,N,1,117,108,Houston Astros,Los Angeles Angels
2014,2014-04-06,380623,2014-04-06 18:10:00+00:00,R,N,1,118,145,Kansas City Royals,Chicago White Sox
2014,2014-04-06,380628,2014-04-06 18:20:00+00:00,R,N,1,112,143,Chicago Cubs,Philadelphia Phillies
2014,2014-04-06,380630,2014-04-06 20:05:00+00:00,R,N,1,133,136,Oakland Athletics,Seattle Mariners
2014,2014-04-06,380620,2014-04-06 20:10:00+00:00,R,N,1,115,109,Colorado Rockies,Arizona Diamondbacks
2014,2014-04-06,380631,2014-04-07 00:00:00+00:00,R,N,1,119,137,Los Angeles Dodgers,San Francisco Giants
2014,2014-04-07,380635,2014-04-07 17:05:00+00:00,R,N,1,147,110,New York Yankees,Baltimore Orioles
2014,2014-04-07,380634,2014-04-07 18:10:00+00:00,R,N,1,117,108,Houston Astros,Los Angeles Angels
2014,2014-04-07,380639,2014-04-07 20:10:00+00:00,R,N,1,142,133,Minnesota Twins,Oakland Athletics
2014,2014-04-07,380637,2014-04-07 20:15:00+00:00,R,N,1,138,113,St. Louis Cardinals,Cincinnati Reds
2014,2014-04-07,380642,2014-04-07 23:10:00+00:00,R,N,1,111,140,Boston Red Sox,Texas Rangers
2014,2014-04-07,380641,2014-04-08 00:10:00+00:00,R,N,1,118,139,Kansas City Royals,Tampa Bay Rays
2014,2014-04-07,380636,2014-04-08 00:40:00+00:00,R,N,1,115,145,Colorado Rockies,Chicago White Sox
2014,2014-04-08,380638,2014-04-07 19:05:00+00:00,R,N,1,143,158,Philadelphia Phillies,Milwaukee Brewers
2014,2014-04-09,380640,2014-04-07 23:05:00+00:00,R,N,1,114,135,Cleveland Indians,San Diego Padres
2014,2014-04-08,380645,2014-04-08 17:05:00+00:00,R,N,1,147,110,New York Yankees,Baltimore Orioles
2014,2014-04-08,380638,2014-04-08 20:05:00+00:00,R,N,1,143,158,Philadelphia Phillies,Milwaukee Brewers
2014,2014-04-08,380644,2014-04-08 20:35:00+00:00,R,N,1,137,109,San Francisco Giants,Arizona Diamondbacks
2014,2014-04-08,380655,2014-04-08 22:10:00+00:00,R,N,1,111,140,Boston Red Sox,Texas Rangers
2014,2014-04-08,380653,2014-04-08 23:05:00+00:00,R,N,1,114,135,Cleveland Indians,San Diego Padres
2014,2014-04-08,380650,2014-04-08 23:05:00+00:00,R,N,1,120,146,Washington Nationals,Miami Marlins
2014,2014-04-08,380649,2014-04-08 23:07:00+00:00,R,N,1,141,117,Toronto Blue Jays,Houston Astros
2014,2014-04-08,380651,2014-04-08 23:10:00+00:00,R,N,1,144,121,Atlanta Braves,New York Mets
2014,2014-04-08,380652,2014-04-09 00:05:00+00:00,R,N,1,112,134,Chicago Cubs,Pittsburgh Pirates
2014,2014-04-08,380654,2014-04-09 00:10:00+00:00,R,N,1,118,139,Kansas City Royals,Tampa Bay Rays
2014,2014-04-08,380647,2014-04-09 00:15:00+00:00,R,N,1,138,113,St. Louis Cardinals,Cincinnati Reds
2014,2014-04-08,380646,2014-04-09 00:40:00+00:00,R,N,1,115,145,Colorado Rockies,Chicago White Sox
2014,2014-04-08,380648,2014-04-09 02:10:00+00:00,R,N,1,119,116,Los Angeles Dodgers,Detroit Tigers
2014,2014-04-08,380643,2014-04-09 02:10:00+00:00,R,N,1,136,108,Seattle Mariners,Los Angeles Angels
2014,2014-04-09,380668,2014-04-09 16:05:00+00:00,R,Y,1,114,135,Cleveland Indians,San Diego Padres
2014,2014-04-09,380640,2014-04-09 16:10:00+00:00,R,Y,2,114,135,Cleveland Indians,San Diego Padres
2014,2014-04-09,380666,2014-04-09 17:10:00+00:00,R,N,1,142,133,Minnesota Twins,Oakland Athletics
2014,2014-04-09,380660,2014-04-09 17:45:00+00:00,R,N,1,138,113,St. Louis Cardinals,Cincinnati Reds
2014,2014-04-09,380669,2014-04-09 18:10:00+00:00,R,N,1,118,139,Kansas City Royals,Tampa Bay Rays
2014,2014-04-09,380659,2014-04-09 19:10:00+00:00,R,N,1,115,145,Colorado Rockies,Chicago White Sox
2014,2014-04-09,380670,2014-04-09 20:05:00+00:00,R,N,1,111,140,Boston Red Sox,Texas Rangers
2014,2014-04-09,380663,2014-04-09 23:05:00+00:00,R,N,1,120,146,Washington Nationals,Miami Marlins
2014,2014-04-09,380658,2014-04-09 23:05:00+00:00,R,N,1,147,110,New York Yankees,Baltimore Orioles
2014,2014-04-09,380664,2014-04-09 23:05:00+00:00,R,N,1,143,158,Philadelphia Phillies,Milwaukee Brewers
2014,2014-04-09,380662,2014-04-09 23:07:00+00:00,R,N,1,141,117,Toronto Blue Jays,Houston Astros
2014,2014-04-09,380665,2014-04-09 23:10:00+00:00,R,N,1,144,121,Atlanta Braves,New York Mets
2014,2014-04-09,380667,2014-04-10 00:05:00+00:00,R,N,1,112,134,Chicago Cubs,Pittsburgh Pirates
2014,2014-04-09,380661,2014-04-10 02:10:00+00:00,R,N,1,119,116,Los Angeles Dodgers,Detroit Tigers
2014,2014-04-09,380656,2014-04-10 02:10:00+00:00,R,N,1,136,108,Seattle Mariners,Los Angeles Angels
2014,2014-04-09,380657,2014-04-10 02:15:00+00:00,R,N,1,137,109,San Francisco Giants,Arizona Diamondbacks
2014,2014-04-10,380678,2014-04-10 17:10:00+00:00,R,N,1,142,133,Minnesota Twins,Oakland Athletics
2014,2014-04-10,380679,2014-04-10 18:20:00+00:00,R,N,1,112,134,Chicago Cubs,Pittsburgh Pirates
2014,2014-04-10,380675,2014-04-10 20:05:00+00:00,R,N,1,120,146,Washington Nationals,Miami Marlins
2014,2014-04-10,380672,2014-04-10 23:05:00+00:00,R,N,1,147,111,New York Yankees,Boston Red Sox
2014,2014-04-10,380676,2014-04-10 23:05:00+00:00,R,N,1,143,158,Philadelphia Phillies,Milwaukee Brewers
2014,2014-04-10,380674,2014-04-10 23:07:00+00:00,R,N,1,141,117,Toronto Blue Jays,Houston Astros
2014,2014-04-10,380677,2014-04-10 23:10:00+00:00,R,N,1,144,121,Atlanta Braves,New York Mets
2014,2014-04-10,380673,2014-04-11 00:10:00+00:00,R,N,1,145,114,Chicago White Sox,Cleveland Indians
2014,2014-04-10,380671,2014-04-11 02:15:00+00:00,R,N,1,137,109,San Francisco Giants,Arizona Diamondbacks
2014,2014-04-11,380693,2014-04-11 23:05:00+00:00,R,N,1,110,141,Baltimore Orioles,Toronto Blue Jays
2014,2014-04-11,380688,2014-04-11 23:05:00+00:00,R,N,1,143,146,Philadelphia Phillies,Miami Marlins
2014,2014-04-11,380680,2014-04-11 23:05:00+00:00,R,N,1,147,111,New York Yankees,Boston Red Sox
2014,2014-04-11,380692,2014-04-11 23:10:00+00:00,R,N,1,113,139,Cincinnati Reds,Tampa Bay Rays
2014,2014-04-11,380694,2014-04-11 23:35:00+00:00,R,N,1,144,120,Atlanta Braves,Washington Nationals
2014,2014-04-11,380685,2014-04-12 00:05:00+00:00,R,N,1,140,117,Texas Rangers,Houston Astros
2014,2014-04-11,380686,2014-04-12 00:10:00+00:00,R,N,1,142,118,Minnesota Twins,Kansas City Royals
2014,2014-04-11,380682,2014-04-12 00:10:00+00:00,R,N,1,145,114,Chicago White Sox,Cleveland Indians
2014,2014-04-11,380691,2014-04-12 00:10:00+00:00,R,N,1,158,134,Milwaukee Brewers,Pittsburgh Pirates
2014,2014-04-11,380681,2014-04-12 00:15:00+00:00,R,N,1,138,112,St. Louis Cardinals,Chicago Cubs
2014,2014-04-11,380687,2014-04-12 01:40:00+00:00,R,N,1,109,119,Arizona Diamondbacks,Los Angeles Dodgers
2014,2014-04-11,380689,2014-04-12 02:05:00+00:00,R,N,1,108,121,Los Angeles Angels,New York Mets
2014,2014-04-11,380684,2014-04-12 02:10:00+00:00,R,N,1,135,116,San Diego Padres,Detroit Tigers
2014,2014-04-11,380690,2014-04-12 02:10:00+00:00,R,N,1,136,133,Seattle Mariners,Oakland Athletics
2014,2014-04-11,380683,2014-04-12 02:15:00+00:00,R,N,1,137,115,San Francisco Giants,Colorado Rockies
2014,2014-04-12,380695,2014-04-12 17:05:00+00:00,R,N,1,147,111,New York Yankees,Boston Red Sox
2014,2014-04-12,380707,2014-04-12 17:10:00+00:00,R,N,1,113,139,Cincinnati Reds,Tampa Bay Rays
2014,2014-04-12,380701,2014-04-12 18:10:00+00:00,R,N,1,142,118,Minnesota Twins,Kansas City Royals
2014,2014-04-12,380697,2014-04-12 18:10:00+00:00,R,N,1,145,114,Chicago White Sox,Cleveland Indians
2014,2014-04-12,380696,2014-04-12 18:15:00+00:00,R,N,1,138,112,St. Louis Cardinals,Chicago Cubs
2014,2014-04-12,380698,2014-04-12 20:05:00+00:00,R,N,1,137,115,San Francisco Giants,Colorado Rockies
2014,2014-04-12,380708,2014-04-12 23:05:00+00:00,R,N,1,110,141,Baltimore Orioles,Toronto Blue Jays
2014,2014-04-12,380703,2014-04-12 23:05:00+00:00,R,N,1,143,146,Philadelphia Phillies,Miami Marlins
2014,2014-04-12,380709,2014-04-12 23:10:00+00:00,R,N,1,144,120,Atlanta Braves,Washington Nationals
2014,2014-04-12,380706,2014-04-12 23:10:00+00:00,R,N,1,158,134,Milwaukee Brewers,Pittsburgh Pirates
2014,2014-04-12,380700,2014-04-13 00:05:00+00:00,R,N,1,140,117,Texas Rangers,Houston Astros
2014,2014-04-12,380702,2014-04-13 00:10:00+00:00,R,N,1,109,119,Arizona Diamondbacks,Los Angeles Dodgers
2014,2014-04-12,380699,2014-04-13 00:40:00+00:00,R,N,1,135,116,San Diego Padres,Detroit Tigers
2014,2014-04-12,380704,2014-04-13 01:05:00+00:00,R,N,1,108,121,Los Angeles Angels,New York Mets
2014,2014-04-12,380705,2014-04-13 01:10:00+00:00,R,N,1,136,133,Seattle Mariners,Oakland Athletics
2014,2014-04-13,380722,2014-04-13 17:10:00+00:00,R,N,1,113,139,Cincinnati Reds,Tampa Bay Rays
2014,2014-04-13,380723,2014-04-13 17:35:00+00:00,R,N,1,110,141,Baltimore Orioles,Toronto Blue Jays
2014,2014-04-13,380724,2014-04-13 17:35:00+00:00,R,N,1,144,120,Atlanta Braves,Washington Nationals
2014,2014-04-13,380718,2014-04-13 17:35:00+00:00,R,N,1,143,146,Philadelphia Phillies,Miami Marlins
2014,2014-04-13,380716,2014-04-13 18:10:00+00:00,R,N,1,142,118,Minnesota Twins,Kansas City Royals
2014,2014-04-13,380712,2014-04-13 18:10:00+00:00,R,N,1,145,114,Chicago White Sox,Cleveland Indians
2014,2014-04-13,380721,2014-04-13 18:10:00+00:00,R,N,1,158,134,Milwaukee Brewers,Pittsburgh Pirates
2014,2014-04-13,380711,2014-04-13 18:15:00+00:00,R,N,1,138,112,St. Louis Cardinals,Chicago Cubs
2014,2014-04-13,380715,2014-04-13 19:05:00+00:00,R,N,1,140,117,Texas Rangers,Houston Astros
2014,2014-04-13,380719,2014-04-13 19:35:00+00:00,R,N,1,108,121,Los Angeles Angels,New York Mets
2014,2014-04-13,380713,2014-04-13 20:05:00+00:00,R,N,1,137,115,San Francisco Giants,Colorado Rockies
2014,2014-04-13,380717,2014-04-13 20:10:00+00:00,R,N,1,109,119,Arizona Diamondbacks,Los Angeles Dodgers
2014,2014-04-13,380714,2014-04-13 20:10:00+00:00,R,N,1,135,116,San Diego Padres,Detroit Tigers
2014,2014-04-13,380720,2014-04-13 20:10:00+00:00,R,N,1,136,133,Seattle Mariners,Oakland Athletics
2014,2014-04-13,380710,2014-04-14 00:05:00+00:00,R,N,1,147,111,New York Yankees,Boston Red Sox
2014,2014-04-14,380732,2014-04-14 23:05:00+00:00,R,N,1,110,139,Baltimore Orioles,Tampa Bay Rays
2014,2014-04-14,380725,2014-04-14 23:05:00+00:00,R,N,1,143,144,Philadelphia Phillies,Atlanta Braves
2014,2014-04-14,380729,2014-04-14 23:10:00+00:00,R,N,1,113,134,Cincinnati Reds,Pittsburgh Pirates
2014,2014-04-14,380733,2014-04-14 23:10:00+00:00,R,N,1,146,120,Miami Marlins,Washington Nationals
2014,2014-04-14,380730,2014-04-15 00:05:00+00:00,R,N,1,140,136,Texas Rangers,Seattle Mariners
2014,2014-04-14,380731,2014-04-15 00:10:00+00:00,R,N,1,158,138,Milwaukee Brewers,St. Louis Cardinals
2014,2014-04-14,380727,2014-04-15 01:40:00+00:00,R,N,1,109,121,Arizona Diamondbacks,New York Mets
2014,2014-04-14,380728,2014-04-15 02:05:00+00:00,R,N,1,108,133,Los Angeles Angels,Oakland Athletics
2014,2014-04-14,380726,2014-04-15 02:10:00+00:00,R,N,1,135,115,San Diego Padres,Colorado Rockies
2014,2014-04-14,380729,2014-04-15 21:30:00+00:00,R,N,1,113,134,Cincinnati Reds,Pittsburgh Pirates
2014,2014-04-15,380743,2014-04-15 23:10:00+00:00,R,N,1,113,134,Cincinnati Reds,Pittsburgh Pirates
2014,2014-04-15,380748,2014-04-15 23:10:00+00:00,R,N,1,146,120,Miami Marlins,Washington Nationals
2014,2014-04-15,380744,2014-04-16 00:05:00+00:00,R,N,1,140,136,Texas Rangers,Seattle Mariners
2014,2014-04-15,380739,2014-04-16 00:10:00+00:00,R,N,1,117,118,Houston Astros,Kansas City Royals
2014,2014-04-15,380747,2014-04-16 00:10:00+00:00,R,N,1,142,141,Minnesota Twins,Toronto Blue Jays
2014,2014-04-15,380735,2014-04-16 00:10:00+00:00,R,N,1,145,111,Chicago White Sox,Boston Red Sox
2014,2014-04-15,380745,2014-04-16 00:10:00+00:00,R,N,1,158,138,Milwaukee Brewers,St. Louis Cardinals
2014,2014-04-15,380741,2014-04-16 01:40:00+00:00,R,N,1,109,121,Arizona Diamondbacks,New York Mets
2014,2014-04-15,380742,2014-04-16 02:05:00+00:00,R,N,1,108,133,Los Angeles Angels,Oakland Athletics
2014,2014-04-15,380738,2014-04-16 02:10:00+00:00,R,N,1,135,115,San Diego Padres,Colorado Rockies
2014,2014-04-15,380740,2014-04-16 02:15:00+00:00,R,N,1,137,119,San Francisco Giants,Los Angeles Dodgers
2014,2014-06-27,380746,2014-04-15 17:05:00+00:00,R,S,1,110,139,Baltimore Orioles,Tampa Bay Rays
2014,2014-06-28,380734,2014-04-15 23:05:00+00:00,R,N,1,143,144,Philadelphia Phillies,Atlanta Braves
2014,2014-04-16,380736,2014-04-15 23:05:00+00:00,R,N,1,147,112,New York Yankees,Chicago Cubs
2014,2014-07-19,380737,2014-04-15 23:08:00+00:00,R,N,1,116,114,Detroit Tigers,Cleveland Indians
2014,2014-04-16,380758,2014-04-16 16:35:00+00:00,R,N,1,113,134,Cincinnati Reds,Pittsburgh Pirates
2014,2014-04-16,380761,2014-04-16 16:35:00+00:00,R,N,1,110,139,Baltimore Orioles,Tampa Bay Rays
2014,2014-04-16,380736,2014-04-16 17:05:00+00:00,R,S,1,147,112,New York Yankees,Chicago Cubs
2014,2014-04-16,380751,2014-04-16 23:05:00+00:00,R,S,2,147,112,New York Yankees,Chicago Cubs
2014,2014-04-16,380760,2014-04-16 17:10:00+00:00,R,N,1,158,138,Milwaukee Brewers,St. Louis Cardinals
2014,2014-04-16,380756,2014-04-16 19:40:00+00:00,R,N,1,109,121,Arizona Diamondbacks,New York Mets
2014,2014-04-16,380749,2014-04-16 23:05:00+00:00,R,N,1,143,144,Philadelphia Phillies,Atlanta Braves
2014,2014-04-16,380752,2014-04-16 23:08:00+00:00,R,N,1,116,114,Detroit Tigers,Cleveland Indians
2014,2014-04-16,380763,2014-04-16 23:10:00+00:00,R,N,1,146,120,Miami Marlins,Washington Nationals
2014,2014-04-16,380759,2014-04-17 00:05:00+00:00,R,N,1,140,136,Texas Rangers,Seattle Mariners
2014,2014-04-16,380754,2014-04-17 00:10:00+00:00,R,N,1,117,118,Houston Astros,Kansas City Royals
2014,2014-04-16,380750,2014-04-17 00:10:00+00:00,R,N,1,145,111,Chicago White Sox,Boston Red Sox
2014,2014-04-16,380757,2014-04-17 02:05:00+00:00,R,N,1,108,133,Los Angeles Angels,Oakland Athletics
2014,2014-04-16,380753,2014-04-17 02:10:00+00:00,R,N,1,135,115,San Diego Padres,Colorado Rockies
2014,2014-04-16,380755,2014-04-17 02:15:00+00:00,R,N,1,137,119,San Francisco Giants,Los Angeles Dodgers
2014,2014-04-17,380762,2014-04-17 00:10:00+00:00,R,N,1,142,141,Minnesota Twins,Toronto Blue Jays
2014,2014-04-17,380764,2014-04-17 17:05:00+00:00,R,N,1,143,144,Philadelphia Phillies,Atlanta Braves
2014,2014-04-17,380766,2014-04-17 17:08:00+00:00,R,N,1,116,114,Detroit Tigers,Cleveland Indians
2014,2014-04-17,380774,2014-04-17 17:10:00+00:00,R,S,1,142,141,Minnesota Twins,Toronto Blue Jays
2014,2014-04-17,380762,2014-04-17 23:10:00+00:00,R,S,2,142,141,Minnesota Twins,Toronto Blue Jays
2014,2014-04-17,380772,2014-04-17 18:05:00+00:00,R,N,1,140,136,Texas Rangers,Seattle Mariners
2014,2014-04-17,380769,2014-04-17 19:45:00+00:00,R,N,1,137,119,San Francisco Giants,Los Angeles Dodgers
2014,2014-04-17,380767,2014-04-17 22:40:00+00:00,R,N,1,135,115,San Diego Padres,Colorado Rockies
2014,2014-04-17,380773,2014-04-17 23:05:00+00:00,R,N,1,120,138,Washington Nationals,St. Louis Cardinals
2014,2014-04-17,380770,2014-04-17 23:05:00+00:00,R,N,1,134,158,Pittsburgh Pirates,Milwaukee Brewers
2014,2014-04-17,380771,2014-04-17 23:10:00+00:00,R,N,1,139,147,Tampa Bay Rays,New York Yankees
2014,2014-04-17,380768,2014-04-18 00:10:00+00:00,R,N,1,117,118,Houston Astros,Kansas City Royals
2014,2014-04-17,380765,2014-04-18 00:10:00+00:00,R,N,1,145,111,Chicago White Sox,Boston Red Sox
2014,2014-04-18,380780,2014-04-18 18:20:00+00:00,R,N,1,112,113,Chicago Cubs,Cincinnati Reds
2014,2014-04-18,380788,2014-04-18 23:05:00+00:00,R,N,1,120,138,Washington Nationals,St. Louis Cardinals
2014,2014-04-18,380789,2014-04-18 23:05:00+00:00,R,N,1,114,141,Cleveland Indians,Toronto Blue Jays
2014,2014-04-18,380782,2014-04-18 23:05:00+00:00,R,N,1,134,158,Pittsburgh Pirates,Milwaukee Brewers
2014,2014-04-18,380775,2014-04-18 23:08:00+00:00,R,N,1,116,108,Detroit Tigers,Los Angeles Angels
2014,2014-04-18,380778,2014-04-18 23:10:00+00:00,R,N,1,111,110,Boston Red Sox,Baltimore Orioles
2014,2014-04-18,380777,2014-04-18 23:10:00+00:00,R,N,1,121,144,New York Mets,Atlanta Braves
2014,2014-04-18,380786,2014-04-18 23:10:00+00:00,R,N,1,146,136,Miami Marlins,Seattle Mariners
2014,2014-04-18,380784,2014-04-18 23:10:00+00:00,R,N,1,139,147,Tampa Bay Rays,New York Yankees
2014,2014-04-18,380779,2014-04-19 00:05:00+00:00,R,N,1,140,145,Texas Rangers,Chicago White Sox
2014,2014-04-18,380783,2014-04-19 00:10:00+00:00,R,N,1,118,142,Kansas City Royals,Minnesota Twins
2014,2014-04-18,380785,2014-04-19 00:40:00+00:00,R,N,1,115,143,Colorado Rockies,Philadelphia Phillies
2014,2014-04-18,380781,2014-04-19 02:05:00+00:00,R,N,1,133,117,Oakland Athletics,Houston Astros
2014,2014-04-18,380776,2014-04-19 02:10:00+00:00,R,N,1,119,109,Los Angeles Dodgers,Arizona Diamondbacks
2014,2014-04-18,380787,2014-04-19 02:10:00+00:00,R,N,1,135,137,San Diego Padres,San Francisco Giants
2014,2014-04-19,380803,2014-04-19 17:05:00+00:00,R,N,1,120,138,Washington Nationals,St. Louis Cardinals
2014,2014-04-19,380804,2014-04-19 17:05:00+00:00,R,N,1,114,141,Cleveland Indians,Toronto Blue Jays
2014,2014-04-19,380790,2014-04-19 17:08:00+00:00,R,N,1,116,108,Detroit Tigers,Los Angeles Angels
2014,2014-04-19,380793,2014-04-19 17:35:00+00:00,R,N,1,111,110,Boston Red Sox,Baltimore Orioles
2014,2014-04-19,380798,2014-04-19 18:10:00+00:00,R,N,1,118,142,Kansas City Royals,Minnesota Twins
2014,2014-04-19,380795,2014-04-19 18:20:00+00:00,R,N,1,112,113,Chicago Cubs,Cincinnati Reds
2014,2014-04-19,380796,2014-04-19 20:05:00+00:00,R,N,1,133,117,Oakland Athletics,Houston Astros
2014,2014-04-19,380797,2014-04-19 23:05:00+00:00,R,N,1,134,158,Pittsburgh Pirates,Milwaukee Brewers
2014,2014-04-19,380792,2014-04-19 23:10:00+00:00,R,N,1,121,144,New York Mets,Atlanta Braves
2014,2014-04-19,380801,2014-04-19 23:10:00+00:00,R,N,1,146,136,Miami Marlins,Seattle Mariners
2014,2014-04-19,380799,2014-04-19 23:10:00+00:00,R,N,1,139,147,Tampa Bay Rays,New York Yankees
2014,2014-04-19,380794,2014-04-20 00:05:00+00:00,R,N,1,140,145,Texas Rangers,Chicago White Sox
2014,2014-04-19,380791,2014-04-20 00:10:00+00:00,R,N,1,119,109,Los Angeles Dodgers,Arizona Diamondbacks
2014,2014-04-19,380800,2014-04-20 00:10:00+00:00,R,N,1,115,143,Colorado Rockies,Philadelphia Phillies
2014,2014-04-19,380802,2014-04-20 00:40:00+00:00,R,N,1,135,137,San Diego Padres,San Francisco Giants
2014,2014-04-20,380819,2014-04-20 17:05:00+00:00,R,N,1,114,141,Cleveland Indians,Toronto Blue Jays
2014,2014-04-20,380805,2014-04-20 17:08:00+00:00,R,N,1,116,108,Detroit Tigers,Los Angeles Angels
2014,2014-04-20,380807,2014-04-20 17:10:00+00:00,R,N,1,121,144,New York Mets,Atlanta Braves
2014,2014-04-20,380816,2014-04-20 17:10:00+00:00,R,N,1,146,136,Miami Marlins,Seattle Mariners
2014,2014-04-20,380818,2014-04-20 17:35:00+00:00,R,N,1,120,138,Washington Nationals,St. Louis Cardinals
2014,2014-04-20,380812,2014-04-20 17:35:00+00:00,R,N,1,134,158,Pittsburgh Pirates,Milwaukee Brewers
2014,2014-04-20,380814,2014-04-20 17:40:00+00:00,R,N,1,139,147,Tampa Bay Rays,New York Yankees
2014,2014-04-20,380813,2014-04-20 18:10:00+00:00,R,N,1,118,142,Kansas City Royals,Minnesota Twins
2014,2014-04-20,380810,2014-04-20 18:20:00+00:00,R,N,1,112,113,Chicago Cubs,Cincinnati Reds
2014,2014-04-20,380809,2014-04-20 19:05:00+00:00,R,N,1,140,145,Texas Rangers,Chicago White Sox
2014,2014-04-20,380811,2014-04-20 20:05:00+00:00,R,N,1,133,117,Oakland Athletics,Houston Astros
2014,2014-04-20,380806,2014-04-20 20:10:00+00:00,R,N,1,119,109,Los Angeles Dodgers,Arizona Diamondbacks
2014,2014-04-20,380817,2014-04-20 20:10:00+00:00,R,N,1,135,137,San Diego Padres,San Francisco Giants
2014,2014-04-20,380815,2014-04-20 20:10:00+00:00,R,N,1,115,143,Colorado Rockies,Philadelphia Phillies
2014,2014-04-20,380808,2014-04-20 23:05:00+00:00,R,N,1,111,110,Boston Red Sox,Baltimore Orioles
2014,2014-04-21,380822,2014-04-21 15:05:00+00:00,R,N,1,111,110,Boston Red Sox,Baltimore Orioles
2014,2014-04-21,380826,2014-04-21 23:05:00+00:00,R,N,1,114,118,Cleveland Indians,Kansas City Royals
2014,2014-04-21,380820,2014-04-21 23:05:00+00:00,R,N,1,120,108,Washington Nationals,Los Angeles Angels
2014,2014-04-21,380824,2014-04-21 23:05:00+00:00,R,N,1,134,113,Pittsburgh Pirates,Cincinnati Reds
2014,2014-04-21,380823,2014-04-21 23:08:00+00:00,R,N,1,116,145,Detroit Tigers,Chicago White Sox
2014,2014-04-21,380831,2014-04-21 23:10:00+00:00,R,N,1,121,138,New York Mets,St. Louis Cardinals
2014,2014-04-21,380827,2014-04-21 23:10:00+00:00,R,N,1,144,146,Atlanta Braves,Miami Marlins
2014,2014-04-21,380821,2014-04-22 00:05:00+00:00,R,N,1,112,109,Chicago Cubs,Arizona Diamondbacks
2014,2014-04-21,380829,2014-04-22 00:10:00+00:00,R,N,1,158,135,Milwaukee Brewers,San Diego Padres
2014,2014-04-21,380830,2014-04-22 00:40:00+00:00,R,N,1,115,137,Colorado Rockies,San Francisco Giants
2014,2014-04-21,380832,2014-04-22 02:05:00+00:00,R,N,1,133,140,Oakland Athletics,Texas Rangers
2014,2014-04-21,380825,2014-04-22 02:10:00+00:00,R,N,1,136,117,Seattle Mariners,Houston Astros
2014,2014-04-21,380828,2014-04-22 02:10:00+00:00,R,N,1,119,143,Los Angeles Dodgers,Philadelphia Phillies
2014,2014-04-22,380839,2014-04-22 23:05:00+00:00,R,N,1,114,118,Cleveland Indians,Kansas City Royals
2014,2014-04-22,380833,2014-04-22 23:05:00+00:00,R,N,1,120,108,Washington Nationals,Los Angeles Angels
2014,2014-04-22,380837,2014-04-22 23:05:00+00:00,R,N,1,134,113,Pittsburgh Pirates,Cincinnati Reds
2014,2014-04-22,380835,2014-04-22 23:07:00+00:00,R,N,1,141,110,Toronto Blue Jays,Baltimore Orioles
2014,2014-04-22,380836,2014-04-22 23:08:00+00:00,R,N,1,116,145,Detroit Tigers,Chicago White Sox
2014,2014-04-22,380846,2014-04-22 23:10:00+00:00,R,N,1,121,138,New York Mets,St. Louis Cardinals
2014,2014-04-22,380841,2014-04-22 23:10:00+00:00,R,N,1,139,142,Tampa Bay Rays,Minnesota Twins
2014,2014-04-22,380840,2014-04-22 23:10:00+00:00,R,N,1,144,146,Atlanta Braves,Miami Marlins
2014,2014-04-22,380842,2014-04-22 23:10:00+00:00,R,N,1,111,147,Boston Red Sox,New York Yankees
2014,2014-04-22,380834,2014-04-23 00:05:00+00:00,R,N,1,112,109,Chicago Cubs,Arizona Diamondbacks
2014,2014-04-22,380844,2014-04-23 00:10:00+00:00,R,N,1,158,135,Milwaukee Brewers,San Diego Padres
2014,2014-04-22,380845,2014-04-23 00:40:00+00:00,R,N,1,115,137,Colorado Rockies,San Francisco Giants
2014,2014-04-22,380847,2014-04-23 02:05:00+00:00,R,N,1,133,140,Oakland Athletics,Texas Rangers
2014,2014-04-22,380838,2014-04-23 02:10:00+00:00,R,N,1,136,117,Seattle Mariners,Houston Astros
2014,2014-04-22,380843,2014-04-23 02:10:00+00:00,R,N,1,119,143,Los Angeles Dodgers,Philadelphia Phillies
2014,2014-04-23,380855,2014-04-23 16:10:00+00:00,R,N,1,144,146,Atlanta Braves,Miami Marlins
2014,2014-04-23,380849,2014-04-23 18:20:00+00:00,R,N,1,112,109,Chicago Cubs,Arizona Diamondbacks
2014,2014-04-23,380860,2014-04-23 19:10:00+00:00,R,N,1,115,137,Colorado Rockies,San Francisco Giants
2014,2014-04-23,380862,2014-04-23 19:35:00+00:00,R,N,1,133,140,Oakland Athletics,Texas Rangers
2014,2014-04-23,380853,2014-04-23 19:40:00+00:00,R,N,1,136,117,Seattle Mariners,Houston Astros
2014,2014-04-23,380854,2014-04-23 23:05:00+00:00,R,N,1,114,118,Cleveland Indians,Kansas City Royals
2014,2014-04-23,380848,2014-04-23 23:05:00+00:00,R,N,1,120,108,Washington Nationals,Los Angeles Angels
2014,2014-04-23,380852,2014-04-23 23:05:00+00:00,R,N,1,134,113,Pittsburgh Pirates,Cincinnati Reds
2014,2014-04-23,380850,2014-04-23 23:07:00+00:00,R,N,1,141,110,Toronto Blue Jays,Baltimore Orioles
2014,2014-04-23,380851,2014-04-23 23:08:00+00:00,R,N,1,116,145,Detroit Tigers,Chicago White Sox
2014,2014-04-23,380861,2014-04-23 23:10:00+00:00,R,N,1,121,138,New York Mets,St. Louis Cardinals
2014,2014-04-23,380856,2014-04-23 23:10:00+00:00,R,N,1,139,142,Tampa Bay Rays,Minnesota Twins
2014,2014-04-23,380857,2014-04-23 23:10:00+00:00,R,N,1,111,147,Boston Red Sox,New York Yankees
2014,2014-04-23,380859,2014-04-24 00:10:00+00:00,R,N,1,158,135,Milwaukee Brewers,San Diego Padres
2014,2014-04-23,380858,2014-04-24 02:10:00+00:00,R,N,1,119,143,Los Angeles Dodgers,Philadelphia Phillies
2014,2014-04-24,380867,2014-04-24 16:05:00+00:00,R,N,1,114,118,Cleveland Indians,Kansas City Royals
2014,2014-04-24,380866,2014-04-24 16:35:00+00:00,R,N,1,134,113,Pittsburgh Pirates,Cincinnati Reds
2014,2014-04-24,380865,2014-04-24 17:08:00+00:00,R,N,1,116,145,Detroit Tigers,Chicago White Sox
2014,2014-04-24,380873,2014-04-24 17:10:00+00:00,R,N,1,121,138,New York Mets,St. Louis Cardinals
2014,2014-04-24,380868,2014-04-24 17:10:00+00:00,R,N,1,139,142,Tampa Bay Rays,Minnesota Twins
2014,2014-04-24,380863,2014-04-24 18:20:00+00:00,R,N,1,112,109,Chicago Cubs,Arizona Diamondbacks
2014,2014-04-24,380872,2014-04-24 23:05:00+00:00,R,N,1,120,135,Washington Nationals,San Diego Padres
2014,2014-04-24,380864,2014-04-24 23:07:00+00:00,R,N,1,141,110,Toronto Blue Jays,Baltimore Orioles
2014,2014-04-24,380869,2014-04-24 23:10:00+00:00,R,N,1,111,147,Boston Red Sox,New York Yankees
2014,2014-04-24,380870,2014-04-25 00:10:00+00:00,R,N,1,117,133,Houston Astros,Oakland Athletics
2014,2014-04-24,380871,2014-04-25 02:10:00+00:00,R,N,1,119,143,Los Angeles Dodgers,Philadelphia Phillies
2014,2014-04-25,380881,2014-04-25 23:05:00+00:00,R,N,1,110,118,Baltimore Orioles,Kansas City Royals
2014,2014-04-25,380886,2014-04-25 23:05:00+00:00,R,N,1,120,135,Washington Nationals,San Diego Padres
2014,2014-04-25,380874,2014-04-25 23:05:00+00:00,R,N,1,147,108,New York Yankees,Los Angeles Angels
2014,2014-04-25,380875,2014-04-25 23:07:00+00:00,R,N,1,141,111,Toronto Blue Jays,Boston Red Sox
2014,2014-04-25,380882,2014-04-25 23:10:00+00:00,R,N,1,121,146,New York Mets,Miami Marlins
2014,2014-04-25,380877,2014-04-25 23:35:00+00:00,R,N,1,144,113,Atlanta Braves,Cincinnati Reds
2014,2014-04-25,380883,2014-04-26 00:10:00+00:00,R,N,1,117,133,Houston Astros,Oakland Athletics
2014,2014-04-25,380880,2014-04-26 00:10:00+00:00,R,N,1,142,116,Minnesota Twins,Detroit Tigers
2014,2014-04-25,380887,2014-04-26 00:10:00+00:00,R,N,1,145,139,Chicago White Sox,Tampa Bay Rays
2014,2014-04-25,380876,2014-04-26 00:10:00+00:00,R,N,1,158,112,Milwaukee Brewers,Chicago Cubs
2014,2014-04-25,380885,2014-04-26 00:15:00+00:00,R,N,1,138,134,St. Louis Cardinals,Pittsburgh Pirates
2014,2014-04-25,380884,2014-04-26 01:40:00+00:00,R,N,1,109,143,Arizona Diamondbacks,Philadelphia Phillies
2014,2014-04-25,380879,2014-04-26 02:10:00+00:00,R,N,1,119,115,Los Angeles Dodgers,Colorado Rockies
2014,2014-04-25,380888,2014-04-26 02:10:00+00:00,R,N,1,136,140,Seattle Mariners,Texas Rangers
2014,2014-04-25,380878,2014-04-26 02:15:00+00:00,R,N,1,137,114,San Francisco Giants,Cleveland Indians
2014,2014-04-26,380901,2014-04-26 17:05:00+00:00,R,N,1,120,135,Washington Nationals,San Diego Padres
2014,2014-04-26,380889,2014-04-26 17:05:00+00:00,R,N,1,147,108,New York Yankees,Los Angeles Angels
2014,2014-04-26,380890,2014-04-26 17:07:00+00:00,R,N,1,141,111,Toronto Blue Jays,Boston Red Sox
2014,2014-04-26,380895,2014-04-26 18:10:00+00:00,R,N,1,142,116,Minnesota Twins,Detroit Tigers
2014,2014-04-26,380893,2014-04-26 20:05:00+00:00,R,N,1,137,114,San Francisco Giants,Cleveland Indians
2014,2014-04-26,380900,2014-04-26 20:05:00+00:00,R,N,1,138,134,St. Louis Cardinals,Pittsburgh Pirates
2014,2014-04-26,380896,2014-04-26 23:05:00+00:00,R,N,1,110,118,Baltimore Orioles,Kansas City Royals
2014,2014-04-26,380898,2014-04-26 23:10:00+00:00,R,N,1,117,133,Houston Astros,Oakland Athletics
2014,2014-04-26,380892,2014-04-26 23:10:00+00:00,R,N,1,144,113,Atlanta Braves,Cincinnati Reds
2014,2014-04-26,380902,2014-04-26 23:10:00+00:00,R,N,1,145,139,Chicago White Sox,Tampa Bay Rays
2014,2014-04-26,380897,2014-04-26 23:10:00+00:00,R,N,1,121,146,New York Mets,Miami Marlins
2014,2014-04-26,380891,2014-04-26 23:10:00+00:00,R,N,1,158,112,Milwaukee Brewers,Chicago Cubs
2014,2014-04-26,380899,2014-04-27 00:10:00+00:00,R,N,1,109,143,Arizona Diamondbacks,Philadelphia Phillies
2014,2014-04-26,380894,2014-04-27 01:10:00+00:00,R,N,1,119,115,Los Angeles Dodgers,Colorado Rockies
2014,2014-04-26,380903,2014-04-27 01:10:00+00:00,R,N,1,136,140,Seattle Mariners,Texas Rangers
2014,2014-04-27,380905,2014-04-27 17:07:00+00:00,R,N,1,141,111,Toronto Blue Jays,Boston Red Sox
2014,2014-04-27,380912,2014-04-27 17:10:00+00:00,R,N,1,121,146,New York Mets,Miami Marlins
2014,2014-04-27,380911,2014-04-27 17:35:00+00:00,R,N,1,110,118,Baltimore Orioles,Kansas City Royals
2014,2014-04-27,380916,2014-04-27 17:35:00+00:00,R,N,1,120,135,Washington Nationals,San Diego Padres
2014,2014-04-27,380907,2014-04-27 17:35:00+00:00,R,N,1,144,113,Atlanta Braves,Cincinnati Reds
2014,2014-04-27,380913,2014-04-27 18:10:00+00:00,R,N,1,117,133,Houston Astros,Oakland Athletics
2014,2014-04-27,380917,2014-04-27 18:10:00+00:00,R,N,1,145,139,Chicago White Sox,Tampa Bay Rays
2014,2014-04-27,380906,2014-04-27 18:10:00+00:00,R,N,1,158,112,Milwaukee Brewers,Chicago Cubs
2014,2014-04-27,380915,2014-04-27 18:15:00+00:00,R,N,1,138,134,St. Louis Cardinals,Pittsburgh Pirates
2014,2014-04-27,380908,2014-04-27 20:05:00+00:00,R,N,1,137,114,San Francisco Giants,Cleveland Indians
2014,2014-04-27,380909,2014-04-27 20:10:00+00:00,R,N,1,119,115,Los Angeles Dodgers,Colorado Rockies
2014,2014-04-27,380918,2014-04-27 20:10:00+00:00,R,N,1,136,140,Seattle Mariners,Texas Rangers
2014,2014-04-27,380914,2014-04-27 20:10:00+00:00,R,N,1,109,143,Arizona Diamondbacks,Philadelphia Phillies
2014,2014-04-27,380904,2014-04-28 00:05:00+00:00,R,N,1,147,108,New York Yankees,Los Angeles Angels
2014,2014-08-23,380910,2014-04-27 18:10:00+00:00,R,N,1,142,116,Minnesota Twins,Detroit Tigers
2014,2014-04-28,380923,2014-04-29 00:05:00+00:00,R,N,1,140,133,Texas Rangers,Oakland Athletics
2014,2014-04-28,380925,2014-04-29 00:10:00+00:00,R,N,1,145,139,Chicago White Sox,Tampa Bay Rays
2014,2014-04-28,380922,2014-04-29 00:15:00+00:00,R,N,1,138,158,St. Louis Cardinals,Milwaukee Brewers
2014,2014-04-28,380921,2014-04-29 01:40:00+00:00,R,N,1,109,115,Arizona Diamondbacks,Colorado Rockies
2014,2014-04-28,380920,2014-04-29 02:05:00+00:00,R,N,1,108,114,Los Angeles Angels,Cleveland Indians
2014,2014-04-28,380924,2014-04-29 02:15:00+00:00,R,N,1,137,135,San Francisco Giants,San Diego Padres
2014,2014-07-08,380919,2014-04-28 23:10:00+00:00,R,N,1,113,112,Cincinnati Reds,Chicago Cubs
2014,2014-04-29,380933,2014-04-29 23:05:00+00:00,R,N,1,143,121,Philadelphia Phillies,New York Mets
2014,2014-04-29,380937,2014-04-29 23:05:00+00:00,R,N,1,147,136,New York Yankees,Seattle Mariners
2014,2014-04-29,380927,2014-04-29 23:10:00+00:00,R,N,1,113,112,Cincinnati Reds,Chicago Cubs
2014,2014-04-29,380938,2014-04-29 23:10:00+00:00,R,N,1,111,139,Boston Red Sox,Tampa Bay Rays
2014,2014-04-29,380926,2014-04-29 23:10:00+00:00,R,N,1,146,144,Miami Marlins,Atlanta Braves
2014,2014-04-29,380934,2014-04-30 00:05:00+00:00,R,N,1,140,133,Texas Rangers,Oakland Athletics
2014,2014-04-29,380940,2014-04-30 00:10:00+00:00,R,N,1,117,120,Houston Astros,Washington Nationals
2014,2014-04-29,380939,2014-04-30 00:10:00+00:00,R,N,1,118,141,Kansas City Royals,Toronto Blue Jays
2014,2014-04-29,380930,2014-04-30 00:10:00+00:00,R,N,1,145,116,Chicago White Sox,Detroit Tigers
2014,2014-04-29,380932,2014-04-30 00:15:00+00:00,R,N,1,138,158,St. Louis Cardinals,Milwaukee Brewers
2014,2014-04-29,380929,2014-04-30 01:40:00+00:00,R,N,1,109,115,Arizona Diamondbacks,Colorado Rockies
2014,2014-04-29,380928,2014-04-30 02:05:00+00:00,R,N,1,108,114,Los Angeles Angels,Cleveland Indians
2014,2014-04-29,380936,2014-04-30 02:15:00+00:00,R,N,1,137,135,San Francisco Giants,San Diego Padres
2014,2014-05-01,380935,2014-04-29 23:05:00+00:00,R,N,1,110,134,Baltimore Orioles,Pittsburgh Pirates
2014,2014-05-01,380931,2014-04-30 00:10:00+00:00,R,N,1,142,119,Minnesota Twins,Los Angeles Dodgers
2014,2014-04-30,380947,2014-04-30 17:45:00+00:00,R,N,1,138,158,St. Louis Cardinals,Milwaukee Brewers
2014,2014-04-30,380945,2014-04-30 18:10:00+00:00,R,N,1,145,116,Chicago White Sox,Detroit Tigers
2014,2014-04-30,380943,2014-04-30 23:05:00+00:00,R,N,1,108,114,Los Angeles Angels,Cleveland Indians
2014,2014-04-30,380942,2014-04-30 23:10:00+00:00,R,N,1,113,112,Cincinnati Reds,Chicago Cubs
2014,2014-04-30,380941,2014-04-30 23:10:00+00:00,R,N,1,146,144,Miami Marlins,Atlanta Braves
2014,2014-04-30,380949,2014-05-01 00:05:00+00:00,R,N,1,140,133,Texas Rangers,Oakland Athletics
2014,2014-04-30,380955,2014-05-01 00:10:00+00:00,R,N,1,117,120,Houston Astros,Washington Nationals
2014,2014-04-30,380954,2014-05-01 00:10:00+00:00,R,N,1,118,141,Kansas City Royals,Toronto Blue Jays
2014,2014-04-30,380946,2014-05-01 00:10:00+00:00,R,N,1,142,119,Minnesota Twins,Los Angeles Dodgers
2014,2014-04-30,380944,2014-05-01 01:40:00+00:00,R,N,1,109,115,Arizona Diamondbacks,Colorado Rockies
2014,2014-04-30,380951,2014-05-01 02:15:00+00:00,R,N,1,137,135,San Francisco Giants,San Diego Padres
2014,2014-05-01,380950,2014-04-30 23:05:00+00:00,R,N,1,110,134,Baltimore Orioles,Pittsburgh Pirates
2014,2014-06-02,380948,2014-04-30 23:05:00+00:00,R,N,1,143,121,Philadelphia Phillies,New York Mets
2014,2014-06-02,380952,2014-04-30 23:05:00+00:00,R,N,1,147,136,New York Yankees,Seattle Mariners
2014,2014-05-01,380953,2014-04-30 23:10:00+00:00,R,N,1,111,139,Boston Red Sox,Tampa Bay Rays
2014,2014-05-01,380953,2014-05-01 17:05:00+00:00,R,S,1,111,139,Boston Red Sox,Tampa Bay Rays
2014,2014-05-01,380961,2014-05-01 23:10:00+00:00,R,S,2,111,139,Boston Red Sox,Tampa Bay Rays
2014,2014-05-01,380957,2014-05-01 17:10:00+00:00,R,S,1,142,119,Minnesota Twins,Los Angeles Dodgers
2014,2014-05-01,380931,2014-05-01 23:10:00+00:00,R,S,2,142,119,Minnesota Twins,Los Angeles Dodgers
2014,2014-05-01,380935,2014-05-01 20:05:00+00:00,R,Y,1,110,134,Baltimore Orioles,Pittsburgh Pirates
2014,2014-05-01,380950,2014-05-01 20:10:00+00:00,R,Y,2,110,134,Baltimore Orioles,Pittsburgh Pirates
2014,2014-05-01,380960,2014-05-01 23:05:00+00:00,R,N,1,147,136,New York Yankees,Seattle Mariners
2014,2014-05-01,380956,2014-05-01 23:10:00+00:00,R,N,1,146,144,Miami Marlins,Atlanta Braves
2014,2014-05-01,380958,2014-05-01 23:10:00+00:00,R,N,1,113,158,Cincinnati Reds,Milwaukee Brewers
2014,2014-05-01,380962,2014-05-02 00:10:00+00:00,R,N,1,118,141,Kansas City Royals,Toronto Blue Jays
2014,2014-05-01,380959,2014-05-02 00:40:00+00:00,R,N,1,115,121,Colorado Rockies,New York Mets
2014,2014-05-02,380973,2014-05-02 18:20:00+00:00,R,N,1,112,138,Chicago Cubs,St. Louis Cardinals
2014,2014-05-02,380976,2014-05-02 23:05:00+00:00,R,N,1,134,141,Pittsburgh Pirates,Toronto Blue Jays
2014,2014-05-02,380977,2014-05-02 23:05:00+00:00,R,N,1,143,120,Philadelphia Phillies,Washington Nationals
2014,2014-05-02,380965,2014-05-02 23:05:00+00:00,R,N,1,114,145,Cleveland Indians,Chicago White Sox
2014,2014-05-02,380974,2014-05-02 23:05:00+00:00,R,N,1,147,139,New York Yankees,Tampa Bay Rays
2014,2014-05-02,380970,2014-05-02 23:10:00+00:00,R,N,1,111,133,Boston Red Sox,Oakland Athletics
2014,2014-05-02,380967,2014-05-02 23:10:00+00:00,R,N,1,146,119,Miami Marlins,Los Angeles Dodgers
2014,2014-05-02,380968,2014-05-02 23:10:00+00:00,R,N,1,113,158,Cincinnati Reds,Milwaukee Brewers
2014,2014-05-02,380972,2014-05-02 23:35:00+00:00,R,N,1,144,137,Atlanta Braves,San Francisco Giants
2014,2014-05-02,380966,2014-05-03 00:10:00+00:00,R,N,1,118,116,Kansas City Royals,Detroit Tigers
2014,2014-05-02,380971,2014-05-03 00:10:00+00:00,R,N,1,117,136,Houston Astros,Seattle Mariners
2014,2014-05-02,380964,2014-05-03 00:10:00+00:00,R,N,1,142,110,Minnesota Twins,Baltimore Orioles
2014,2014-05-02,380969,2014-05-03 00:40:00+00:00,R,N,1,115,121,Colorado Rockies,New York Mets
2014,2014-05-02,380975,2014-05-03 02:05:00+00:00,R,N,1,108,140,Los Angeles Angels,Texas Rangers
2014,2014-05-02,380963,2014-05-03 02:10:00+00:00,R,N,1,135,109,San Diego Padres,Arizona Diamondbacks
2014,2014-05-03,380988,2014-05-03 17:05:00+00:00,R,N,1,112,138,Chicago Cubs,St. Louis Cardinals
2014,2014-05-03,380989,2014-05-03 17:05:00+00:00,R,N,1,147,139,New York Yankees,Tampa Bay Rays
2014,2014-05-03,380985,2014-05-03 17:35:00+00:00,R,N,1,111,133,Boston Red Sox,Oakland Athletics
2014,2014-05-03,380979,2014-05-03 18:10:00+00:00,R,N,1,142,110,Minnesota Twins,Baltimore Orioles
2014,2014-05-03,380986,2014-05-03 20:10:00+00:00,R,N,1,117,136,Houston Astros,Seattle Mariners
2014,2014-05-03,380980,2014-05-03 22:05:00+00:00,R,N,1,114,145,Cleveland Indians,Chicago White Sox
2014,2014-05-03,380991,2014-05-03 23:05:00+00:00,R,N,1,134,141,Pittsburgh Pirates,Toronto Blue Jays
2014,2014-05-03,380992,2014-05-03 23:05:00+00:00,R,N,1,143,120,Philadelphia Phillies,Washington Nationals
2014,2014-05-03,380981,2014-05-03 23:10:00+00:00,R,N,1,118,116,Kansas City Royals,Detroit Tigers
2014,2014-05-03,380987,2014-05-03 23:10:00+00:00,R,N,1,144,137,Atlanta Braves,San Francisco Giants
2014,2014-05-03,380982,2014-05-03 23:10:00+00:00,R,N,1,146,119,Miami Marlins,Los Angeles Dodgers
2014,2014-05-03,380983,2014-05-03 23:10:00+00:00,R,N,1,113,158,Cincinnati Reds,Milwaukee Brewers
2014,2014-05-03,380984,2014-05-04 00:10:00+00:00,R,N,1,115,121,Colorado Rockies,New York Mets
2014,2014-05-03,380978,2014-05-04 00:40:00+00:00,R,N,1,135,109,San Diego Padres,Arizona Diamondbacks
2014,2014-05-03,380990,2014-05-04 01:05:00+00:00,R,N,1,108,140,Los Angeles Angels,Texas Rangers
2014,2014-05-04,380995,2014-05-04 17:05:00+00:00,R,N,1,114,145,Cleveland Indians,Chicago White Sox
2014,2014-05-04,381004,2014-05-04 17:05:00+00:00,R,N,1,147,139,New York Yankees,Tampa Bay Rays
2014,2014-05-04,380997,2014-05-04 17:10:00+00:00,R,N,1,146,119,Miami Marlins,Los Angeles Dodgers
2014,2014-05-04,381000,2014-05-04 17:35:00+00:00,R,N,1,111,133,Boston Red Sox,Oakland Athletics
2014,2014-05-04,381006,2014-05-04 17:35:00+00:00,R,N,1,134,141,Pittsburgh Pirates,Toronto Blue Jays
2014,2014-05-04,381002,2014-05-04 17:35:00+00:00,R,N,1,144,137,Atlanta Braves,San Francisco Giants
2014,2014-05-04,380996,2014-05-04 18:10:00+00:00,R,N,1,118,116,Kansas City Royals,Detroit Tigers
2014,2014-05-04,381001,2014-05-04 18:10:00+00:00,R,N,1,117,136,Houston Astros,Seattle Mariners
2014,2014-05-04,380994,2014-05-04 18:10:00+00:00,R,N,1,142,110,Minnesota Twins,Baltimore Orioles
2014,2014-05-04,381007,2014-05-04 19:05:00+00:00,R,N,1,143,120,Philadelphia Phillies,Washington Nationals
2014,2014-05-04,381005,2014-05-04 19:35:00+00:00,R,N,1,108,140,Los Angeles Angels,Texas Rangers
2014,2014-05-04,380999,2014-05-04 20:10:00+00:00,R,N,1,115,121,Colorado Rockies,New York Mets
2014,2014-05-04,380993,2014-05-04 20:10:00+00:00,R,N,1,135,109,San Diego Padres,Arizona Diamondbacks
2014,2014-05-04,380998,2014-05-04 20:10:00+00:00,R,N,1,113,158,Cincinnati Reds,Milwaukee Brewers
2014,2014-05-04,381003,2014-05-05 00:05:00+00:00,R,N,1,112,138,Chicago Cubs,St. Louis Cardinals
2014,2014-05-05,381012,2014-05-05 23:05:00+00:00,R,N,1,120,119,Washington Nationals,Los Angeles Dodgers
2014,2014-05-05,381017,2014-05-05 23:05:00+00:00,R,N,1,134,137,Pittsburgh Pirates,San Francisco Giants
2014,2014-05-05,381013,2014-05-05 23:05:00+00:00,R,N,1,114,142,Cleveland Indians,Minnesota Twins
2014,2014-05-05,381020,2014-05-05 23:05:00+00:00,R,N,1,143,141,Philadelphia Phillies,Toronto Blue Jays
2014,2014-05-05,381010,2014-05-05 23:08:00+00:00,R,N,1,116,117,Detroit Tigers,Houston Astros
2014,2014-05-05,381018,2014-05-05 23:10:00+00:00,R,N,1,144,138,Atlanta Braves,St. Louis Cardinals
2014,2014-05-05,381015,2014-05-05 23:10:00+00:00,R,N,1,146,121,Miami Marlins,New York Mets
2014,2014-05-05,381009,2014-05-06 00:05:00+00:00,R,N,1,112,145,Chicago Cubs,Chicago White Sox
2014,2014-05-05,381008,2014-05-06 00:10:00+00:00,R,N,1,158,109,Milwaukee Brewers,Arizona Diamondbacks
2014,2014-05-05,381019,2014-05-06 00:40:00+00:00,R,N,1,115,140,Colorado Rockies,Texas Rangers
2014,2014-05-05,381016,2014-05-06 02:05:00+00:00,R,N,1,133,136,Oakland Athletics,Seattle Mariners
2014,2014-05-05,381014,2014-05-06 02:05:00+00:00,R,N,1,108,147,Los Angeles Angels,New York Yankees
2014,2014-05-05,381011,2014-05-06 02:10:00+00:00,R,N,1,135,118,San Diego Padres,Kansas City Royals
2014,2014-05-06,381027,2014-05-06 23:05:00+00:00,R,N,1,120,119,Washington Nationals,Los Angeles Dodgers
2014,2014-05-06,381032,2014-05-06 23:05:00+00:00,R,N,1,134,137,Pittsburgh Pirates,San Francisco Giants
2014,2014-05-06,381028,2014-05-06 23:05:00+00:00,R,N,1,114,142,Cleveland Indians,Minnesota Twins
2014,2014-05-06,381035,2014-05-06 23:05:00+00:00,R,N,1,143,141,Philadelphia Phillies,Toronto Blue Jays
2014,2014-05-06,381025,2014-05-06 23:08:00+00:00,R,N,1,116,117,Detroit Tigers,Houston Astros
2014,2014-05-06,381024,2014-05-06 23:10:00+00:00,R,N,1,111,113,Boston Red Sox,Cincinnati Reds
2014,2014-05-06,381022,2014-05-06 23:10:00+00:00,R,N,1,139,110,Tampa Bay Rays,Baltimore Orioles
2014,2014-05-06,381033,2014-05-06 23:10:00+00:00,R,N,1,144,138,Atlanta Braves,St. Louis Cardinals
2014,2014-05-06,381030,2014-05-06 23:10:00+00:00,R,N,1,146,121,Miami Marlins,New York Mets
2014,2014-05-06,381023,2014-05-07 00:05:00+00:00,R,N,1,112,145,Chicago Cubs,Chicago White Sox
2014,2014-05-06,381021,2014-05-07 00:10:00+00:00,R,N,1,158,109,Milwaukee Brewers,Arizona Diamondbacks
2014,2014-05-06,381034,2014-05-07 00:40:00+00:00,R,N,1,115,140,Colorado Rockies,Texas Rangers
2014,2014-05-06,381031,2014-05-07 02:05:00+00:00,R,N,1,133,136,Oakland Athletics,Seattle Mariners
2014,2014-05-06,381029,2014-05-07 02:05:00+00:00,R,N,1,108,147,Los Angeles Angels,New York Yankees
2014,2014-05-06,381026,2014-05-07 02:10:00+00:00,R,N,1,135,118,San Diego Padres,Kansas City Royals
2014,2014-05-07,381049,2014-05-07 16:35:00+00:00,R,N,1,134,137,Pittsburgh Pirates,San Francisco Giants
2014,2014-05-07,381046,2014-05-07 16:40:00+00:00,R,N,1,146,121,Miami Marlins,New York Mets
2014,2014-05-07,381043,2014-05-07 17:05:00+00:00,R,N,1,120,119,Washington Nationals,Los Angeles Dodgers
2014,2014-05-07,381036,2014-05-07 17:10:00+00:00,R,N,1,158,109,Milwaukee Brewers,Arizona Diamondbacks
2014,2014-05-07,381048,2014-05-07 19:35:00+00:00,R,Y,1,133,136,Oakland Athletics,Seattle Mariners
2014,2014-05-07,380600,2014-05-07 19:40:00+00:00,R,Y,2,133,136,Oakland Athletics,Seattle Mariners
2014,2014-05-07,381042,2014-05-07 19:40:00+00:00,R,N,1,135,118,San Diego Padres,Kansas City Royals
2014,2014-05-07,381044,2014-05-07 23:05:00+00:00,R,N,1,114,142,Cleveland Indians,Minnesota Twins
2014,2014-05-07,381047,2014-05-07 23:07:00+00:00,R,N,1,141,143,Toronto Blue Jays,Philadelphia Phillies
2014,2014-05-07,381041,2014-05-07 23:08:00+00:00,R,N,1,116,117,Detroit Tigers,Houston Astros
2014,2014-05-07,381039,2014-05-07 23:10:00+00:00,R,N,1,111,113,Boston Red Sox,Cincinnati Reds
2014,2014-05-07,381037,2014-05-07 23:10:00+00:00,R,N,1,139,110,Tampa Bay Rays,Baltimore Orioles
2014,2014-05-07,381050,2014-05-07 23:10:00+00:00,R,N,1,144,138,Atlanta Braves,St. Louis Cardinals
2014,2014-05-07,381040,2014-05-08 00:05:00+00:00,R,N,1,140,115,Texas Rangers,Colorado Rockies
2014,2014-05-07,381038,2014-05-08 00:10:00+00:00,R,N,1,145,112,Chicago White Sox,Chicago Cubs
2014,2014-05-07,381045,2014-05-08 02:05:00+00:00,R,N,1,108,147,Los Angeles Angels,New York Yankees
2014,2014-05-08,381057,2014-05-08 16:05:00+00:00,R,N,1,114,142,Cleveland Indians,Minnesota Twins
2014,2014-05-08,381054,2014-05-08 17:08:00+00:00,R,N,1,116,117,Detroit Tigers,Houston Astros
2014,2014-05-08,381058,2014-05-08 23:07:00+00:00,R,N,1,141,143,Toronto Blue Jays,Philadelphia Phillies
2014,2014-05-08,381051,2014-05-08 23:10:00+00:00,R,N,1,139,110,Tampa Bay Rays,Baltimore Orioles
2014,2014-05-08,381053,2014-05-09 00:05:00+00:00,R,N,1,140,115,Texas Rangers,Colorado Rockies
2014,2014-05-08,381052,2014-05-09 00:10:00+00:00,R,N,1,145,112,Chicago White Sox,Chicago Cubs
2014,2014-05-08,381055,2014-05-09 02:10:00+00:00,R,N,1,136,118,Seattle Mariners,Kansas City Royals
2014,2014-05-08,381059,2014-05-09 02:10:00+00:00,R,N,1,119,137,Los Angeles Dodgers,San Francisco Giants
2014,2014-05-08,381056,2014-05-09 02:10:00+00:00,R,N,1,135,146,San Diego Padres,Miami Marlins
2014,2014-05-09,381066,2014-05-09 23:05:00+00:00,R,N,1,110,117,Baltimore Orioles,Houston Astros
2014,2014-05-09,381073,2014-05-09 23:05:00+00:00,R,N,1,134,138,Pittsburgh Pirates,St. Louis Cardinals
2014,2014-05-09,381060,2014-05-09 23:07:00+00:00,R,N,1,141,108,Toronto Blue Jays,Los Angeles Angels
2014,2014-05-09,381069,2014-05-09 23:08:00+00:00,R,N,1,116,142,Detroit Tigers,Minnesota Twins
2014,2014-05-09,381065,2014-05-09 23:10:00+00:00,R,N,1,113,115,Cincinnati Reds,Colorado Rockies
2014,2014-05-09,381064,2014-05-09 23:10:00+00:00,R,N,1,139,114,Tampa Bay Rays,Cleveland Indians
2014,2014-05-09,381071,2014-05-09 23:10:00+00:00,R,N,1,121,143,New York Mets,Philadelphia Phillies
2014,2014-05-09,381063,2014-05-09 23:35:00+00:00,R,N,1,144,112,Atlanta Braves,Chicago Cubs
2014,2014-05-09,381062,2014-05-10 00:05:00+00:00,R,N,1,140,111,Texas Rangers,Boston Red Sox
2014,2014-05-09,381061,2014-05-10 00:10:00+00:00,R,N,1,145,109,Chicago White Sox,Arizona Diamondbacks
2014,2014-05-09,381070,2014-05-10 00:10:00+00:00,R,N,1,158,147,Milwaukee Brewers,New York Yankees
2014,2014-05-09,381074,2014-05-10 02:05:00+00:00,R,N,1,133,120,Oakland Athletics,Washington Nationals
2014,2014-05-09,381067,2014-05-10 02:10:00+00:00,R,N,1,136,118,Seattle Mariners,Kansas City Royals
2014,2014-05-09,381072,2014-05-10 02:10:00+00:00,R,N,1,119,137,Los Angeles Dodgers,San Francisco Giants
2014,2014-05-09,381068,2014-05-10 02:10:00+00:00,R,N,1,135,146,San Diego Padres,Miami Marlins
2014,2014-05-10,381075,2014-05-10 17:07:00+00:00,R,N,1,141,108,Toronto Blue Jays,Los Angeles Angels
2014,2014-05-10,381084,2014-05-10 17:08:00+00:00,R,N,1,116,142,Detroit Tigers,Minnesota Twins
2014,2014-05-10,381087,2014-05-10 20:10:00+00:00,R,N,1,119,137,Los Angeles Dodgers,San Francisco Giants
2014,2014-05-10,381081,2014-05-10 23:05:00+00:00,R,N,1,110,117,Baltimore Orioles,Houston Astros
2014,2014-05-10,381088,2014-05-10 23:05:00+00:00,R,N,1,134,138,Pittsburgh Pirates,St. Louis Cardinals
2014,2014-05-10,381080,2014-05-10 23:10:00+00:00,R,N,1,113,115,Cincinnati Reds,Colorado Rockies
2014,2014-05-10,381079,2014-05-10 23:10:00+00:00,R,N,1,139,114,Tampa Bay Rays,Cleveland Indians
2014,2014-05-10,381086,2014-05-10 23:10:00+00:00,R,N,1,121,143,New York Mets,Philadelphia Phillies
2014,2014-05-10,381078,2014-05-10 23:10:00+00:00,R,N,1,144,112,Atlanta Braves,Chicago Cubs
2014,2014-05-10,381076,2014-05-10 23:10:00+00:00,R,N,1,145,109,Chicago White Sox,Arizona Diamondbacks
2014,2014-05-10,381085,2014-05-10 23:10:00+00:00,R,N,1,158,147,Milwaukee Brewers,New York Yankees
2014,2014-05-10,381077,2014-05-11 00:05:00+00:00,R,N,1,140,111,Texas Rangers,Boston Red Sox
2014,2014-05-10,381083,2014-05-11 00:40:00+00:00,R,N,1,135,146,San Diego Padres,Miami Marlins
2014,2014-05-10,381089,2014-05-11 01:05:00+00:00,R,N,1,133,120,Oakland Athletics,Washington Nationals
2014,2014-05-10,381082,2014-05-11 01:10:00+00:00,R,N,1,136,118,Seattle Mariners,Kansas City Royals
2014,2014-05-11,381090,2014-05-11 17:07:00+00:00,R,N,1,141,108,Toronto Blue Jays,Los Angeles Angels
2014,2014-05-11,381099,2014-05-11 17:08:00+00:00,R,N,1,116,142,Detroit Tigers,Minnesota Twins
2014,2014-05-11,381095,2014-05-11 17:10:00+00:00,R,N,1,113,115,Cincinnati Reds,Colorado Rockies
2014,2014-05-11,381101,2014-05-11 17:10:00+00:00,R,N,1,121,143,New York Mets,Philadelphia Phillies
2014,2014-05-11,381096,2014-05-11 17:35:00+00:00,R,N,1,110,117,Baltimore Orioles,Houston Astros
2014,2014-05-11,381093,2014-05-11 17:35:00+00:00,R,N,1,144,112,Atlanta Braves,Chicago Cubs
2014,2014-05-11,381094,2014-05-11 17:40:00+00:00,R,N,1,139,114,Tampa Bay Rays,Cleveland Indians
2014,2014-05-11,381091,2014-05-11 18:10:00+00:00,R,N,1,145,109,Chicago White Sox,Arizona Diamondbacks
2014,2014-05-11,381100,2014-05-11 18:10:00+00:00,R,N,1,158,147,Milwaukee Brewers,New York Yankees
2014,2014-05-11,381092,2014-05-11 19:05:00+00:00,R,N,1,140,111,Texas Rangers,Boston Red Sox
2014,2014-05-11,381104,2014-05-11 20:05:00+00:00,R,N,1,133,120,Oakland Athletics,Washington Nationals
2014,2014-05-11,381097,2014-05-11 20:10:00+00:00,R,N,1,136,118,Seattle Mariners,Kansas City Royals
2014,2014-05-11,381102,2014-05-11 20:10:00+00:00,R,N,1,119,137,Los Angeles Dodgers,San Francisco Giants
2014,2014-05-11,381098,2014-05-11 20:10:00+00:00,R,N,1,135,146,San Diego Padres,Miami Marlins
2014,2014-05-11,381103,2014-05-12 00:05:00+00:00,R,N,1,134,138,Pittsburgh Pirates,St. Louis Cardinals
2014,2014-05-12,381109,2014-05-12 23:05:00+00:00,R,N,1,110,116,Baltimore Orioles,Detroit Tigers
2014,2014-05-12,381111,2014-05-12 23:05:00+00:00,R,N,1,147,121,New York Yankees,New York Mets
2014,2014-05-12,381105,2014-05-12 23:07:00+00:00,R,N,1,141,108,Toronto Blue Jays,Los Angeles Angels
2014,2014-05-12,381108,2014-05-13 00:10:00+00:00,R,N,1,138,112,St. Louis Cardinals,Chicago Cubs
2014,2014-05-12,381113,2014-05-13 00:10:00+00:00,R,N,1,117,140,Houston Astros,Texas Rangers
2014,2014-05-12,381114,2014-05-13 01:40:00+00:00,R,N,1,109,120,Arizona Diamondbacks,Washington Nationals
2014,2014-05-12,381107,2014-05-13 02:05:00+00:00,R,N,1,133,145,Oakland Athletics,Chicago White Sox
2014,2014-05-12,381112,2014-05-13 02:10:00+00:00,R,N,1,136,139,Seattle Mariners,Tampa Bay Rays
2014,2014-05-12,381110,2014-05-13 02:10:00+00:00,R,N,1,119,146,Los Angeles Dodgers,Miami Marlins
2014,2014-05-12,381106,2014-05-13 02:15:00+00:00,R,N,1,137,144,San Francisco Giants,Atlanta Braves
2014,2014-05-13,381122,2014-05-13 23:05:00+00:00,R,N,1,110,116,Baltimore Orioles,Detroit Tigers
2014,2014-05-13,381115,2014-05-13 23:05:00+00:00,R,N,1,143,108,Philadelphia Phillies,Los Angeles Angels
2014,2014-05-13,381124,2014-05-13 23:05:00+00:00,R,N,1,147,121,New York Yankees,New York Mets
2014,2014-05-13,381120,2014-05-13 23:07:00+00:00,R,N,1,141,114,Toronto Blue Jays,Cleveland Indians
2014,2014-05-13,381126,2014-05-13 23:10:00+00:00,R,N,1,113,135,Cincinnati Reds,San Diego Padres
2014,2014-05-13,381121,2014-05-14 00:10:00+00:00,R,N,1,118,115,Kansas City Royals,Colorado Rockies
2014,2014-05-13,381128,2014-05-14 00:10:00+00:00,R,N,1,117,140,Houston Astros,Texas Rangers
2014,2014-05-13,381117,2014-05-14 00:10:00+00:00,R,N,1,142,111,Minnesota Twins,Boston Red Sox
2014,2014-05-13,381125,2014-05-14 00:10:00+00:00,R,N,1,158,134,Milwaukee Brewers,Pittsburgh Pirates
2014,2014-05-13,381119,2014-05-14 00:15:00+00:00,R,N,1,138,112,St. Louis Cardinals,Chicago Cubs
2014,2014-05-13,381129,2014-05-14 01:40:00+00:00,R,N,1,109,120,Arizona Diamondbacks,Washington Nationals
2014,2014-05-13,381118,2014-05-14 02:05:00+00:00,R,N,1,133,145,Oakland Athletics,Chicago White Sox
2014,2014-05-13,381127,2014-05-14 02:10:00+00:00,R,N,1,136,139,Seattle Mariners,Tampa Bay Rays
2014,2014-05-13,381123,2014-05-14 02:10:00+00:00,R,N,1,119,146,Los Angeles Dodgers,Miami Marlins
2014,2014-05-13,381116,2014-05-14 02:15:00+00:00,R,N,1,137,144,San Francisco Giants,Atlanta Braves
2014,2014-05-14,381137,2014-05-14 16:35:00+00:00,R,N,1,110,116,Baltimore Orioles,Detroit Tigers
2014,2014-05-14,381130,2014-05-14 17:05:00+00:00,R,N,1,143,108,Philadelphia Phillies,Los Angeles Angels
2014,2014-05-14,381136,2014-05-14 18:10:00+00:00,R,N,1,118,115,Kansas City Royals,Colorado Rockies
2014,2014-05-14,381133,2014-05-14 19:35:00+00:00,R,N,1,133,145,Oakland Athletics,Chicago White Sox
2014,2014-05-14,381144,2014-05-14 19:40:00+00:00,R,N,1,109,120,Arizona Diamondbacks,Washington Nationals
2014,2014-05-14,381142,2014-05-14 19:40:00+00:00,R,N,1,136,139,Seattle Mariners,Tampa Bay Rays
2014,2014-05-14,381131,2014-05-14 19:45:00+00:00,R,N,1,137,144,San Francisco Giants,Atlanta Braves
2014,2014-05-14,381135,2014-05-14 23:07:00+00:00,R,N,1,141,114,Toronto Blue Jays,Cleveland Indians
2014,2014-05-14,381139,2014-05-14 23:10:00+00:00,R,N,1,121,147,New York Mets,New York Yankees
2014,2014-05-14,381143,2014-05-15 00:10:00+00:00,R,N,1,117,140,Houston Astros,Texas Rangers
2014,2014-05-14,381132,2014-05-15 00:10:00+00:00,R,N,1,142,111,Minnesota Twins,Boston Red Sox
2014,2014-05-14,381140,2014-05-15 00:10:00+00:00,R,N,1,158,134,Milwaukee Brewers,Pittsburgh Pirates
2014,2014-05-14,381138,2014-05-15 02:10:00+00:00,R,N,1,119,146,Los Angeles Dodgers,Miami Marlins
2014,2014-05-15,381141,2014-05-14 23:10:00+00:00,R,N,1,113,135,Cincinnati Reds,San Diego Padres
2014,2014-08-30,381134,2014-05-15 00:15:00+00:00,R,N,1,138,112,St. Louis Cardinals,Chicago Cubs
2014,2014-05-15,381152,2014-05-15 16:35:00+00:00,R,S,1,113,135,Cincinnati Reds,San Diego Padres
2014,2014-05-15,381141,2014-05-15 22:10:00+00:00,R,S,2,113,135,Cincinnati Reds,San Diego Padres
2014,2014-05-15,381146,2014-05-15 17:10:00+00:00,R,N,1,142,111,Minnesota Twins,Boston Red Sox
2014,2014-05-15,381151,2014-05-15 17:10:00+00:00,R,N,1,158,134,Milwaukee Brewers,Pittsburgh Pirates
2014,2014-05-15,381147,2014-05-15 17:45:00+00:00,R,N,1,138,112,St. Louis Cardinals,Chicago Cubs
2014,2014-05-15,381148,2014-05-15 23:07:00+00:00,R,N,1,141,114,Toronto Blue Jays,Cleveland Indians
2014,2014-05-15,381150,2014-05-15 23:10:00+00:00,R,N,1,121,147,New York Mets,New York Yankees
2014,2014-05-15,381145,2014-05-16 00:10:00+00:00,R,N,1,118,110,Kansas City Royals,Baltimore Orioles
2014,2014-05-15,381153,2014-05-16 02:05:00+00:00,R,N,1,108,139,Los Angeles Angels,Tampa Bay Rays
2014,2014-05-15,381149,2014-05-16 02:15:00+00:00,R,N,1,137,146,San Francisco Giants,Miami Marlins
2014,2014-05-16,381161,2014-05-16 18:20:00+00:00,R,N,1,112,158,Chicago Cubs,Milwaukee Brewers
2014,2014-05-16,381162,2014-05-16 23:05:00+00:00,R,N,1,120,121,Washington Nationals,New York Mets
2014,2014-05-16,381163,2014-05-16 23:05:00+00:00,R,N,1,114,133,Cleveland Indians,Oakland Athletics
2014,2014-05-16,381157,2014-05-16 23:05:00+00:00,R,N,1,143,113,Philadelphia Phillies,Cincinnati Reds
2014,2014-05-16,381158,2014-05-16 23:10:00+00:00,R,N,1,111,116,Boston Red Sox,Detroit Tigers
2014,2014-05-16,381168,2014-05-17 00:05:00+00:00,R,N,1,140,141,Texas Rangers,Toronto Blue Jays
2014,2014-05-16,381155,2014-05-17 00:10:00+00:00,R,N,1,118,110,Kansas City Royals,Baltimore Orioles
2014,2014-05-16,381166,2014-05-17 00:10:00+00:00,R,N,1,142,136,Minnesota Twins,Seattle Mariners
2014,2014-05-16,381156,2014-05-17 00:10:00+00:00,R,N,1,117,145,Houston Astros,Chicago White Sox
2014,2014-05-16,381154,2014-05-17 00:15:00+00:00,R,N,1,138,144,St. Louis Cardinals,Atlanta Braves
2014,2014-05-16,381165,2014-05-17 00:40:00+00:00,R,N,1,115,135,Colorado Rockies,San Diego Padres
2014,2014-05-16,381159,2014-05-17 01:40:00+00:00,R,N,1,109,119,Arizona Diamondbacks,Los Angeles Dodgers
2014,2014-05-16,381167,2014-05-17 02:05:00+00:00,R,N,1,108,139,Los Angeles Angels,Tampa Bay Rays
2014,2014-05-16,381160,2014-05-17 02:15:00+00:00,R,N,1,137,146,San Francisco Giants,Miami Marlins
2014,2014-05-18,381164,2014-05-16 23:05:00+00:00,R,N,1,147,134,New York Yankees,Pittsburgh Pirates
2014,2014-05-17,381169,2014-05-17 18:15:00+00:00,R,N,1,138,144,St. Louis Cardinals,Atlanta Braves
2014,2014-05-17,381176,2014-05-17 18:20:00+00:00,R,N,1,112,158,Chicago Cubs,Milwaukee Brewers
2014,2014-05-17,381177,2014-05-17 20:05:00+00:00,R,N,1,120,121,Washington Nationals,New York Mets
2014,2014-05-17,381179,2014-05-17 20:05:00+00:00,R,N,1,147,134,New York Yankees,Pittsburgh Pirates
2014,2014-05-17,381171,2014-05-17 20:10:00+00:00,R,N,1,117,145,Houston Astros,Chicago White Sox
2014,2014-05-17,381178,2014-05-17 23:05:00+00:00,R,N,1,114,133,Cleveland Indians,Oakland Athletics
2014,2014-05-17,381172,2014-05-17 23:05:00+00:00,R,N,1,143,113,Philadelphia Phillies,Cincinnati Reds
2014,2014-05-17,381173,2014-05-17 23:10:00+00:00,R,N,1,111,116,Boston Red Sox,Detroit Tigers
2014,2014-05-17,381170,2014-05-17 23:10:00+00:00,R,N,1,118,110,Kansas City Royals,Baltimore Orioles
2014,2014-05-17,381181,2014-05-17 23:10:00+00:00,R,N,1,142,136,Minnesota Twins,Seattle Mariners
2014,2014-05-17,381183,2014-05-18 00:05:00+00:00,R,N,1,140,141,Texas Rangers,Toronto Blue Jays
2014,2014-05-17,381174,2014-05-18 00:10:00+00:00,R,N,1,109,119,Arizona Diamondbacks,Los Angeles Dodgers
2014,2014-05-17,381180,2014-05-18 00:10:00+00:00,R,N,1,115,135,Colorado Rockies,San Diego Padres
2014,2014-05-17,381182,2014-05-18 01:05:00+00:00,R,N,1,108,139,Los Angeles Angels,Tampa Bay Rays
2014,2014-05-17,381175,2014-05-18 01:05:00+00:00,R,N,1,137,146,San Francisco Giants,Miami Marlins
2014,2014-05-18,381193,2014-05-18 17:05:00+00:00,R,N,1,114,133,Cleveland Indians,Oakland Athletics
2014,2014-05-18,381194,2014-05-18 17:05:00+00:00,R,Y,1,147,134,New York Yankees,Pittsburgh Pirates
2014,2014-05-18,381164,2014-05-18 17:10:00+00:00,R,Y,2,147,134,New York Yankees,Pittsburgh Pirates
2014,2014-05-18,381192,2014-05-18 17:35:00+00:00,R,N,1,120,121,Washington Nationals,New York Mets
2014,2014-05-18,381187,2014-05-18 17:35:00+00:00,R,N,1,143,113,Philadelphia Phillies,Cincinnati Reds
2014,2014-05-18,381185,2014-05-18 18:10:00+00:00,R,N,1,118,110,Kansas City Royals,Baltimore Orioles
2014,2014-05-18,381196,2014-05-18 18:10:00+00:00,R,N,1,142,136,Minnesota Twins,Seattle Mariners
2014,2014-05-18,381186,2014-05-18 18:10:00+00:00,R,N,1,117,145,Houston Astros,Chicago White Sox
2014,2014-05-18,381184,2014-05-18 18:15:00+00:00,R,N,1,138,144,St. Louis Cardinals,Atlanta Braves
2014,2014-05-18,381191,2014-05-18 18:20:00+00:00,R,N,1,112,158,Chicago Cubs,Milwaukee Brewers
2014,2014-05-18,381198,2014-05-18 19:05:00+00:00,R,N,1,140,141,Texas Rangers,Toronto Blue Jays
2014,2014-05-18,381197,2014-05-18 19:35:00+00:00,R,N,1,108,139,Los Angeles Angels,Tampa Bay Rays
2014,2014-05-18,381190,2014-05-18 20:05:00+00:00,R,N,1,137,146,San Francisco Giants,Miami Marlins
2014,2014-05-18,381189,2014-05-18 20:10:00+00:00,R,N,1,109,119,Arizona Diamondbacks,Los Angeles Dodgers
2014,2014-05-18,381195,2014-05-18 20:10:00+00:00,R,N,1,115,135,Colorado Rockies,San Diego Padres
2014,2014-05-18,381188,2014-05-19 00:05:00+00:00,R,N,1,111,116,Boston Red Sox,Detroit Tigers
2014,2014-05-19,381201,2014-05-19 23:05:00+00:00,R,N,1,114,116,Cleveland Indians,Detroit Tigers
2014,2014-05-19,381200,2014-05-19 23:05:00+00:00,R,N,1,120,113,Washington Nationals,Cincinnati Reds
2014,2014-05-19,381203,2014-05-19 23:10:00+00:00,R,N,1,144,158,Atlanta Braves,Milwaukee Brewers
2014,2014-05-19,381199,2014-05-20 00:10:00+00:00,R,N,1,118,145,Kansas City Royals,Chicago White Sox
2014,2014-05-19,381202,2014-05-20 02:05:00+00:00,R,N,1,108,117,Los Angeles Angels,Houston Astros
2014,2014-05-20,381208,2014-05-20 23:05:00+00:00,R,N,1,114,116,Cleveland Indians,Detroit Tigers
2014,2014-05-20,381207,2014-05-20 23:05:00+00:00,R,N,1,120,113,Washington Nationals,Cincinnati Reds
2014,2014-05-20,381205,2014-05-20 23:05:00+00:00,R,N,1,134,110,Pittsburgh Pirates,Baltimore Orioles
2014,2014-05-20,381210,2014-05-20 23:10:00+00:00,R,N,1,121,119,New York Mets,Los Angeles Dodgers
2014,2014-05-20,381214,2014-05-20 23:10:00+00:00,R,N,1,139,133,Tampa Bay Rays,Oakland Athletics
2014,2014-05-20,381218,2014-05-20 23:10:00+00:00,R,N,1,111,141,Boston Red Sox,Toronto Blue Jays
2014,2014-05-20,381215,2014-05-20 23:10:00+00:00,R,N,1,146,143,Miami Marlins,Philadelphia Phillies
2014,2014-05-20,381211,2014-05-20 23:10:00+00:00,R,N,1,144,158,Atlanta Braves,Milwaukee Brewers
2014,2014-05-20,381216,2014-05-21 00:05:00+00:00,R,N,1,140,136,Texas Rangers,Seattle Mariners
2014,2014-05-20,381213,2014-05-21 00:05:00+00:00,R,N,1,112,147,Chicago Cubs,New York Yankees
2014,2014-05-20,381206,2014-05-21 00:10:00+00:00,R,N,1,118,145,Kansas City Royals,Chicago White Sox
2014,2014-05-20,381204,2014-05-21 00:15:00+00:00,R,N,1,138,109,St. Louis Cardinals,Arizona Diamondbacks
2014,2014-05-20,381217,2014-05-21 00:40:00+00:00,R,N,1,115,137,Colorado Rockies,San Francisco Giants
2014,2014-05-20,381209,2014-05-21 02:05:00+00:00,R,N,1,108,117,Los Angeles Angels,Houston Astros
2014,2014-05-20,381212,2014-05-21 02:10:00+00:00,R,N,1,135,142,San Diego Padres,Minnesota Twins
2014,2014-05-21,381223,2014-05-21 16:05:00+00:00,R,N,1,114,116,Cleveland Indians,Detroit Tigers
2014,2014-05-21,381231,2014-05-21 18:05:00+00:00,R,N,1,140,136,Texas Rangers,Seattle Mariners
2014,2014-05-21,381228,2014-05-21 18:20:00+00:00,R,N,1,112,147,Chicago Cubs,New York Yankees
2014,2014-05-21,381222,2014-05-21 20:05:00+00:00,R,N,1,120,113,Washington Nationals,Cincinnati Reds
2014,2014-05-21,381220,2014-05-21 23:05:00+00:00,R,N,1,134,110,Pittsburgh Pirates,Baltimore Orioles
2014,2014-05-21,381225,2014-05-21 23:10:00+00:00,R,N,1,121,119,New York Mets,Los Angeles Dodgers
2014,2014-05-21,381229,2014-05-21 23:10:00+00:00,R,N,1,139,133,Tampa Bay Rays,Oakland Athletics
2014,2014-05-21,381233,2014-05-21 23:10:00+00:00,R,N,1,111,141,Boston Red Sox,Toronto Blue Jays
2014,2014-05-21,381230,2014-05-21 23:10:00+00:00,R,N,1,146,143,Miami Marlins,Philadelphia Phillies
2014,2014-05-21,381226,2014-05-21 23:10:00+00:00,R,N,1,144,158,Atlanta Braves,Milwaukee Brewers
2014,2014-05-21,381221,2014-05-22 00:10:00+00:00,R,N,1,118,145,Kansas City Royals,Chicago White Sox
2014,2014-05-21,381219,2014-05-22 00:15:00+00:00,R,N,1,138,109,St. Louis Cardinals,Arizona Diamondbacks
2014,2014-05-21,381232,2014-05-22 00:40:00+00:00,R,N,1,115,137,Colorado Rockies,San Francisco Giants
2014,2014-05-21,381227,2014-05-22 01:10:00+00:00,R,N,1,135,142,San Diego Padres,Minnesota Twins
2014,2014-05-21,381224,2014-05-22 02:05:00+00:00,R,N,1,108,117,Los Angeles Angels,Houston Astros
2014,2014-05-22,381242,2014-05-22 16:40:00+00:00,R,N,1,146,143,Miami Marlins,Philadelphia Phillies
2014,2014-05-22,381244,2014-05-22 17:08:00+00:00,R,N,1,116,140,Detroit Tigers,Texas Rangers
2014,2014-05-22,381243,2014-05-22 19:10:00+00:00,R,N,1,115,137,Colorado Rockies,San Francisco Giants
2014,2014-05-22,381245,2014-05-22 20:05:00+00:00,R,N,1,111,141,Boston Red Sox,Toronto Blue Jays
2014,2014-05-22,381241,2014-05-22 20:10:00+00:00,R,N,1,139,133,Tampa Bay Rays,Oakland Athletics
2014,2014-05-22,381236,2014-05-22 23:05:00+00:00,R,N,1,110,114,Baltimore Orioles,Cleveland Indians
2014,2014-05-22,381246,2014-05-22 23:05:00+00:00,R,N,1,134,120,Pittsburgh Pirates,Washington Nationals
2014,2014-05-22,381238,2014-05-22 23:10:00+00:00,R,N,1,121,119,New York Mets,Los Angeles Dodgers
2014,2014-05-22,381239,2014-05-22 23:10:00+00:00,R,N,1,144,158,Atlanta Braves,Milwaukee Brewers
2014,2014-05-22,381234,2014-05-22 23:15:00+00:00,R,N,1,138,109,St. Louis Cardinals,Arizona Diamondbacks
2014,2014-05-22,381240,2014-05-23 00:10:00+00:00,R,N,1,145,147,Chicago White Sox,New York Yankees
2014,2014-05-22,381235,2014-05-23 02:10:00+00:00,R,N,1,135,112,San Diego Padres,Chicago Cubs
2014,2014-05-22,381237,2014-05-23 02:10:00+00:00,R,N,1,136,117,Seattle Mariners,Houston Astros
2014,2014-05-23,381250,2014-05-23 23:05:00+00:00,R,N,1,110,114,Baltimore Orioles,Cleveland Indians
2014,2014-05-23,381261,2014-05-23 23:05:00+00:00,R,N,1,134,120,Pittsburgh Pirates,Washington Nationals
2014,2014-05-23,381254,2014-05-23 23:05:00+00:00,R,N,1,143,119,Philadelphia Phillies,Los Angeles Dodgers
2014,2014-05-23,381258,2014-05-23 23:07:00+00:00,R,N,1,141,133,Toronto Blue Jays,Oakland Athletics
2014,2014-05-23,381260,2014-05-23 23:08:00+00:00,R,N,1,116,140,Detroit Tigers,Texas Rangers
2014,2014-05-23,381259,2014-05-23 23:10:00+00:00,R,N,1,113,138,Cincinnati Reds,St. Louis Cardinals
2014,2014-05-23,381248,2014-05-23 23:10:00+00:00,R,N,1,139,111,Tampa Bay Rays,Boston Red Sox
2014,2014-05-23,381255,2014-05-23 23:10:00+00:00,R,N,1,146,158,Miami Marlins,Milwaukee Brewers
2014,2014-05-23,381251,2014-05-23 23:35:00+00:00,R,N,1,144,115,Atlanta Braves,Colorado Rockies
2014,2014-05-23,381257,2014-05-24 00:10:00+00:00,R,N,1,145,147,Chicago White Sox,New York Yankees
2014,2014-05-23,381253,2014-05-24 02:05:00+00:00,R,N,1,108,118,Los Angeles Angels,Kansas City Royals
2014,2014-05-23,381249,2014-05-24 02:10:00+00:00,R,N,1,135,112,San Diego Padres,Chicago Cubs
2014,2014-05-23,381252,2014-05-24 02:10:00+00:00,R,N,1,136,117,Seattle Mariners,Houston Astros
2014,2014-05-23,381256,2014-05-24 02:15:00+00:00,R,N,1,137,142,San Francisco Giants,Minnesota Twins
2014,2014-05-25,381247,2014-05-23 23:10:00+00:00,R,N,1,121,109,New York Mets,Arizona Diamondbacks
2014,2014-05-24,381265,2014-05-24 16:35:00+00:00,R,N,1,110,114,Baltimore Orioles,Cleveland Indians
2014,2014-05-24,381273,2014-05-24 17:07:00+00:00,R,N,1,141,133,Toronto Blue Jays,Oakland Athletics
2014,2014-05-24,381272,2014-05-24 18:10:00+00:00,R,N,1,145,147,Chicago White Sox,New York Yankees
2014,2014-05-24,381269,2014-05-24 19:05:00+00:00,R,N,1,143,119,Philadelphia Phillies,Los Angeles Dodgers
2014,2014-05-24,381275,2014-05-24 20:08:00+00:00,R,N,1,116,140,Detroit Tigers,Texas Rangers
2014,2014-05-24,381262,2014-05-24 20:10:00+00:00,R,N,1,121,109,New York Mets,Arizona Diamondbacks
2014,2014-05-24,381263,2014-05-24 20:10:00+00:00,R,N,1,139,111,Tampa Bay Rays,Boston Red Sox
2014,2014-05-24,381266,2014-05-24 20:10:00+00:00,R,N,1,144,115,Atlanta Braves,Colorado Rockies
2014,2014-05-24,381270,2014-05-24 20:10:00+00:00,R,N,1,146,158,Miami Marlins,Milwaukee Brewers
2014,2014-05-24,381268,2014-05-24 23:15:00+00:00,R,N,1,108,118,Los Angeles Angels,Kansas City Royals
2014,2014-05-24,381276,2014-05-24 23:15:00+00:00,R,N,1,134,120,Pittsburgh Pirates,Washington Nationals
2014,2014-05-24,381274,2014-05-24 23:15:00+00:00,R,N,1,113,138,Cincinnati Reds,St. Louis Cardinals
2014,2014-05-24,381271,2014-05-25 02:05:00+00:00,R,N,1,137,142,San Francisco Giants,Minnesota Twins
2014,2014-05-24,381264,2014-05-25 02:10:00+00:00,R,N,1,135,112,San Diego Padres,Chicago Cubs
2014,2014-05-24,381267,2014-05-25 02:10:00+00:00,R,N,1,136,117,Seattle Mariners,Houston Astros
2014,2014-05-25,381288,2014-05-25 17:07:00+00:00,R,N,1,141,133,Toronto Blue Jays,Oakland Athletics
2014,2014-05-25,381290,2014-05-25 17:08:00+00:00,R,N,1,116,140,Detroit Tigers,Texas Rangers
2014,2014-05-25,381277,2014-05-25 17:10:00+00:00,R,Y,1,121,109,New York Mets,Arizona Diamondbacks
2014,2014-05-25,381247,2014-05-25 17:15:00+00:00,R,Y,2,121,109,New York Mets,Arizona Diamondbacks
2014,2014-05-25,381285,2014-05-25 17:10:00+00:00,R,N,1,146,158,Miami Marlins,Milwaukee Brewers
2014,2014-05-25,381280,2014-05-25 17:35:00+00:00,R,N,1,110,114,Baltimore Orioles,Cleveland Indians
2014,2014-05-25,381291,2014-05-25 17:35:00+00:00,R,N,1,134,120,Pittsburgh Pirates,Washington Nationals
2014,2014-05-25,381284,2014-05-25 17:35:00+00:00,R,N,1,143,119,Philadelphia Phillies,Los Angeles Dodgers
2014,2014-05-25,381278,2014-05-25 17:40:00+00:00,R,N,1,139,111,Tampa Bay Rays,Boston Red Sox
2014,2014-05-25,381287,2014-05-25 18:10:00+00:00,R,N,1,145,147,Chicago White Sox,New York Yankees
2014,2014-05-25,381283,2014-05-25 19:35:00+00:00,R,N,1,108,118,Los Angeles Angels,Kansas City Royals
2014,2014-05-25,381286,2014-05-25 20:05:00+00:00,R,N,1,137,142,San Francisco Giants,Minnesota Twins
2014,2014-05-25,381279,2014-05-25 20:10:00+00:00,R,N,1,135,112,San Diego Padres,Chicago Cubs
2014,2014-05-25,381282,2014-05-25 20:10:00+00:00,R,N,1,136,117,Seattle Mariners,Houston Astros
2014,2014-05-25,381281,2014-05-25 21:10:00+00:00,R,N,1,144,115,Atlanta Braves,Colorado Rockies
2014,2014-05-25,381289,2014-05-26 00:05:00+00:00,R,N,1,113,138,Cincinnati Reds,St. Louis Cardinals
2014,2014-05-26,381303,2014-05-26 17:10:00+00:00,R,N,1,121,134,New York Mets,Pittsburgh Pirates
2014,2014-05-26,381294,2014-05-26 17:10:00+00:00,R,N,1,144,111,Atlanta Braves,Boston Red Sox
2014,2014-05-26,381301,2014-05-26 17:35:00+00:00,R,N,1,120,146,Washington Nationals,Miami Marlins
2014,2014-05-26,381306,2014-05-26 18:10:00+00:00,R,N,1,142,140,Minnesota Twins,Texas Rangers
2014,2014-05-26,381297,2014-05-26 18:10:00+00:00,R,N,1,145,114,Chicago White Sox,Cleveland Indians
2014,2014-05-26,381293,2014-05-26 18:10:00+00:00,R,N,1,158,110,Milwaukee Brewers,Baltimore Orioles
2014,2014-05-26,381299,2014-05-26 20:05:00+00:00,R,N,1,133,116,Oakland Athletics,Detroit Tigers
2014,2014-05-26,381295,2014-05-26 20:05:00+00:00,R,N,1,137,112,San Francisco Giants,Chicago Cubs
2014,2014-05-26,381292,2014-05-26 20:10:00+00:00,R,N,1,136,108,Seattle Mariners,Los Angeles Angels
2014,2014-05-26,381302,2014-05-26 20:15:00+00:00,R,N,1,138,147,St. Louis Cardinals,New York Yankees
2014,2014-05-26,381298,2014-05-26 21:05:00+00:00,R,N,1,143,115,Philadelphia Phillies,Colorado Rockies
2014,2014-05-26,381305,2014-05-26 23:07:00+00:00,R,N,1,141,139,Toronto Blue Jays,Tampa Bay Rays
2014,2014-05-26,381300,2014-05-27 00:10:00+00:00,R,N,1,118,117,Kansas City Royals,Houston Astros
2014,2014-05-26,381296,2014-05-27 00:10:00+00:00,R,N,1,119,113,Los Angeles Dodgers,Cincinnati Reds
2014,2014-05-26,381304,2014-05-27 00:10:00+00:00,R,N,1,109,135,Arizona Diamondbacks,San Diego Padres
2014,2014-05-27,381313,2014-05-27 23:05:00+00:00,R,N,1,143,115,Philadelphia Phillies,Colorado Rockies
2014,2014-05-27,381320,2014-05-27 23:07:00+00:00,R,N,1,141,139,Toronto Blue Jays,Tampa Bay Rays
2014,2014-05-27,381318,2014-05-27 23:10:00+00:00,R,N,1,121,134,New York Mets,Pittsburgh Pirates
2014,2014-05-27,381309,2014-05-27 23:10:00+00:00,R,N,1,144,111,Atlanta Braves,Boston Red Sox
2014,2014-05-27,381315,2014-05-28 00:10:00+00:00,R,N,1,118,117,Kansas City Royals,Houston Astros
2014,2014-05-27,381321,2014-05-28 00:10:00+00:00,R,N,1,142,140,Minnesota Twins,Texas Rangers
2014,2014-05-27,381312,2014-05-28 00:10:00+00:00,R,N,1,145,114,Chicago White Sox,Cleveland Indians
2014,2014-05-27,381308,2014-05-28 00:10:00+00:00,R,N,1,158,110,Milwaukee Brewers,Baltimore Orioles
2014,2014-05-27,381317,2014-05-28 00:15:00+00:00,R,N,1,138,147,St. Louis Cardinals,New York Yankees
2014,2014-05-27,381319,2014-05-28 01:40:00+00:00,R,N,1,109,135,Arizona Diamondbacks,San Diego Padres
2014,2014-05-27,381314,2014-05-28 02:05:00+00:00,R,N,1,133,116,Oakland Athletics,Detroit Tigers
2014,2014-05-27,381311,2014-05-28 02:10:00+00:00,R,N,1,119,113,Los Angeles Dodgers,Cincinnati Reds
2014,2014-05-27,381307,2014-05-28 02:10:00+00:00,R,N,1,136,108,Seattle Mariners,Los Angeles Angels
2014,2014-05-27,381310,2014-05-28 02:15:00+00:00,R,N,1,137,112,San Francisco Giants,Chicago Cubs
2014,2014-09-26,381316,2014-05-27 23:05:00+00:00,R,N,1,120,146,Washington Nationals,Miami Marlins
2014,2014-05-28,381333,2014-05-28 17:10:00+00:00,R,N,1,121,134,New York Mets,Pittsburgh Pirates
2014,2014-05-28,381330,2014-05-28 18:10:00+00:00,R,N,1,118,117,Kansas City Royals,Houston Astros
2014,2014-05-28,381325,2014-05-28 19:45:00+00:00,R,N,1,137,112,San Francisco Giants,Chicago Cubs
2014,2014-05-28,381328,2014-05-28 23:05:00+00:00,R,N,1,143,115,Philadelphia Phillies,Colorado Rockies
2014,2014-05-28,381331,2014-05-28 23:05:00+00:00,R,N,1,120,146,Washington Nationals,Miami Marlins
2014,2014-05-28,381335,2014-05-28 23:07:00+00:00,R,N,1,141,139,Toronto Blue Jays,Tampa Bay Rays
2014,2014-05-28,381323,2014-05-28 23:10:00+00:00,R,N,1,111,144,Boston Red Sox,Atlanta Braves
2014,2014-05-28,381336,2014-05-29 00:10:00+00:00,R,N,1,142,140,Minnesota Twins,Texas Rangers
2014,2014-05-28,381327,2014-05-29 00:10:00+00:00,R,N,1,145,114,Chicago White Sox,Cleveland Indians
2014,2014-05-28,381324,2014-05-29 00:10:00+00:00,R,N,1,158,110,Milwaukee Brewers,Baltimore Orioles
2014,2014-05-28,381332,2014-05-29 00:15:00+00:00,R,N,1,138,147,St. Louis Cardinals,New York Yankees
2014,2014-05-28,381334,2014-05-29 01:40:00+00:00,R,N,1,109,135,Arizona Diamondbacks,San Diego Padres
2014,2014-05-28,381329,2014-05-29 02:05:00+00:00,R,N,1,133,116,Oakland Athletics,Detroit Tigers
2014,2014-05-28,381326,2014-05-29 02:10:00+00:00,R,N,1,119,113,Los Angeles Dodgers,Cincinnati Reds
2014,2014-05-28,381322,2014-05-29 02:10:00+00:00,R,N,1,136,108,Seattle Mariners,Los Angeles Angels
2014,2014-05-29,381346,2014-05-29 17:10:00+00:00,R,N,1,142,140,Minnesota Twins,Texas Rangers
2014,2014-05-29,381341,2014-05-29 19:35:00+00:00,R,N,1,133,116,Oakland Athletics,Detroit Tigers
2014,2014-05-29,381343,2014-05-29 23:05:00+00:00,R,N,1,143,121,Philadelphia Phillies,New York Mets
2014,2014-05-29,381342,2014-05-29 23:07:00+00:00,R,N,1,141,118,Toronto Blue Jays,Kansas City Royals
2014,2014-05-29,381338,2014-05-29 23:10:00+00:00,R,N,1,111,144,Boston Red Sox,Atlanta Braves
2014,2014-05-29,381339,2014-05-30 00:10:00+00:00,R,N,1,117,110,Houston Astros,Baltimore Orioles
2014,2014-05-29,381345,2014-05-30 00:15:00+00:00,R,N,1,138,137,St. Louis Cardinals,San Francisco Giants
2014,2014-05-29,381340,2014-05-30 01:40:00+00:00,R,N,1,109,113,Arizona Diamondbacks,Cincinnati Reds
2014,2014-05-29,381344,2014-05-30 02:10:00+00:00,R,N,1,119,134,Los Angeles Dodgers,Pittsburgh Pirates
2014,2014-05-29,381337,2014-05-30 02:10:00+00:00,R,N,1,136,108,Seattle Mariners,Los Angeles Angels
2014,2014-05-30,381352,2014-05-30 23:05:00+00:00,R,N,1,114,115,Cleveland Indians,Colorado Rockies
2014,2014-05-30,381361,2014-05-30 23:05:00+00:00,R,N,1,120,140,Washington Nationals,Texas Rangers
2014,2014-05-30,381356,2014-05-30 23:05:00+00:00,R,N,1,143,121,Philadelphia Phillies,New York Mets
2014,2014-05-30,381355,2014-05-30 23:05:00+00:00,R,N,1,147,142,New York Yankees,Minnesota Twins
2014,2014-05-30,381354,2014-05-30 23:07:00+00:00,R,N,1,141,118,Toronto Blue Jays,Kansas City Royals
2014,2014-05-30,381360,2014-05-30 23:10:00+00:00,R,N,1,111,139,Boston Red Sox,Tampa Bay Rays
2014,2014-05-30,381348,2014-05-30 23:10:00+00:00,R,N,1,146,144,Miami Marlins,Atlanta Braves
2014,2014-05-30,381349,2014-05-31 00:10:00+00:00,R,N,1,117,110,Houston Astros,Baltimore Orioles
2014,2014-05-30,381358,2014-05-31 00:10:00+00:00,R,N,1,145,135,Chicago White Sox,San Diego Padres
2014,2014-05-30,381350,2014-05-31 00:10:00+00:00,R,N,1,158,112,Milwaukee Brewers,Chicago Cubs
2014,2014-05-30,381359,2014-05-31 00:15:00+00:00,R,N,1,138,137,St. Louis Cardinals,San Francisco Giants
2014,2014-05-30,381351,2014-05-31 01:40:00+00:00,R,N,1,109,113,Arizona Diamondbacks,Cincinnati Reds
2014,2014-05-30,381347,2014-05-31 02:05:00+00:00,R,N,1,133,108,Oakland Athletics,Los Angeles Angels
2014,2014-05-30,381357,2014-05-31 02:10:00+00:00,R,N,1,119,134,Los Angeles Dodgers,Pittsburgh Pirates
2014,2014-05-30,381353,2014-05-31 02:10:00+00:00,R,N,1,136,116,Seattle Mariners,Detroit Tigers
2014,2014-05-31,381376,2014-05-31 16:05:00+00:00,R,N,1,120,140,Washington Nationals,Texas Rangers
2014,2014-05-31,381370,2014-05-31 17:05:00+00:00,R,N,1,147,142,New York Yankees,Minnesota Twins
2014,2014-05-31,381369,2014-05-31 17:07:00+00:00,R,N,1,141,118,Toronto Blue Jays,Kansas City Royals
2014,2014-05-31,381373,2014-05-31 18:10:00+00:00,R,N,1,145,135,Chicago White Sox,San Diego Padres
2014,2014-05-31,381374,2014-05-31 18:15:00+00:00,R,N,1,138,137,St. Louis Cardinals,San Francisco Giants
2014,2014-05-31,381367,2014-05-31 19:05:00+00:00,R,N,1,114,115,Cleveland Indians,Colorado Rockies
2014,2014-05-31,381371,2014-05-31 19:05:00+00:00,R,N,1,143,121,Philadelphia Phillies,New York Mets
2014,2014-05-31,381364,2014-05-31 20:10:00+00:00,R,N,1,117,110,Houston Astros,Baltimore Orioles
2014,2014-05-31,381363,2014-05-31 20:10:00+00:00,R,N,1,146,144,Miami Marlins,Atlanta Braves
2014,2014-05-31,381365,2014-05-31 20:10:00+00:00,R,N,1,158,112,Milwaukee Brewers,Chicago Cubs
2014,2014-05-31,381372,2014-05-31 23:15:00+00:00,R,N,1,119,134,Los Angeles Dodgers,Pittsburgh Pirates
2014,2014-05-31,381375,2014-05-31 23:15:00+00:00,R,N,1,111,139,Boston Red Sox,Tampa Bay Rays
2014,2014-05-31,381362,2014-06-01 02:05:00+00:00,R,N,1,133,108,Oakland Athletics,Los Angeles Angels
2014,2014-05-31,381366,2014-06-01 02:10:00+00:00,R,N,1,109,113,Arizona Diamondbacks,Cincinnati Reds
2014,2014-05-31,381368,2014-06-01 02:10:00+00:00,R,N,1,136,116,Seattle Mariners,Detroit Tigers
2014,2014-06-01,381382,2014-06-01 17:05:00+00:00,R,N,1,114,115,Cleveland Indians,Colorado Rockies
2014,2014-06-01,381385,2014-06-01 17:05:00+00:00,R,N,1,147,142,New York Yankees,Minnesota Twins
2014,2014-06-01,381384,2014-06-01 17:07:00+00:00,R,N,1,141,118,Toronto Blue Jays,Kansas City Royals
2014,2014-06-01,381378,2014-06-01 17:10:00+00:00,R,N,1,146,144,Miami Marlins,Atlanta Braves
2014,2014-06-01,381390,2014-06-01 17:35:00+00:00,R,N,1,111,139,Boston Red Sox,Tampa Bay Rays
2014,2014-06-01,381391,2014-06-01 17:35:00+00:00,R,N,1,120,140,Washington Nationals,Texas Rangers
2014,2014-06-01,381386,2014-06-01 17:35:00+00:00,R,N,1,143,121,Philadelphia Phillies,New York Mets
2014,2014-06-01,381379,2014-06-01 18:10:00+00:00,R,N,1,117,110,Houston Astros,Baltimore Orioles
2014,2014-06-01,381388,2014-06-01 18:10:00+00:00,R,N,1,145,135,Chicago White Sox,San Diego Padres
2014,2014-06-01,381380,2014-06-01 18:10:00+00:00,R,N,1,158,112,Milwaukee Brewers,Chicago Cubs
2014,2014-06-01,381389,2014-06-01 18:15:00+00:00,R,N,1,138,137,St. Louis Cardinals,San Francisco Giants
2014,2014-06-01,381377,2014-06-01 20:05:00+00:00,R,N,1,133,108,Oakland Athletics,Los Angeles Angels
2014,2014-06-01,381381,2014-06-01 20:10:00+00:00,R,N,1,109,113,Arizona Diamondbacks,Cincinnati Reds
2014,2014-06-01,381383,2014-06-01 20:10:00+00:00,R,N,1,136,116,Seattle Mariners,Detroit Tigers
2014,2014-06-01,381387,2014-06-02 00:07:00+00:00,R,N,1,119,134,Los Angeles Dodgers,Pittsburgh Pirates
2014,2014-06-02,381392,2014-06-02 23:05:00+00:00,R,N,1,114,111,Cleveland Indians,Boston Red Sox
2014,2014-06-02,380948,2014-06-02 23:05:00+00:00,R,N,1,143,121,Philadelphia Phillies,New York Mets
2014,2014-06-02,380952,2014-06-02 23:05:00+00:00,R,N,1,147,136,New York Yankees,Seattle Mariners
2014,2014-06-02,381397,2014-06-02 23:10:00+00:00,R,N,1,146,139,Miami Marlins,Tampa Bay Rays
2014,2014-06-02,381395,2014-06-02 23:20:00+00:00,R,N,1,158,142,Milwaukee Brewers,Minnesota Twins
2014,2014-06-02,381394,2014-06-03 00:10:00+00:00,R,N,1,138,118,St. Louis Cardinals,Kansas City Royals
2014,2014-06-02,381396,2014-06-03 02:10:00+00:00,R,N,1,135,134,San Diego Padres,Pittsburgh Pirates
2014,2014-06-02,381393,2014-06-03 02:10:00+00:00,R,N,1,119,145,Los Angeles Dodgers,Chicago White Sox
2014,2014-06-03,381401,2014-06-03 23:05:00+00:00,R,N,1,114,111,Cleveland Indians,Boston Red Sox
2014,2014-06-03,381407,2014-06-03 23:05:00+00:00,R,N,1,120,143,Washington Nationals,Philadelphia Phillies
2014,2014-06-03,381406,2014-06-03 23:05:00+00:00,R,N,1,147,133,New York Yankees,Oakland Athletics
2014,2014-06-03,381412,2014-06-03 23:08:00+00:00,R,N,1,116,141,Detroit Tigers,Toronto Blue Jays
2014,2014-06-03,381410,2014-06-03 23:10:00+00:00,R,N,1,113,137,Cincinnati Reds,San Francisco Giants
2014,2014-06-03,381409,2014-06-03 23:10:00+00:00,R,N,1,144,136,Atlanta Braves,Seattle Mariners
2014,2014-06-03,381411,2014-06-03 23:10:00+00:00,R,N,1,146,139,Miami Marlins,Tampa Bay Rays
2014,2014-06-03,381403,2014-06-03 23:15:00+00:00,R,N,1,138,118,St. Louis Cardinals,Kansas City Royals
2014,2014-06-03,381405,2014-06-04 00:05:00+00:00,R,N,1,112,121,Chicago Cubs,New York Mets
2014,2014-06-03,381400,2014-06-04 00:05:00+00:00,R,N,1,140,110,Texas Rangers,Baltimore Orioles
2014,2014-06-03,381398,2014-06-04 00:10:00+00:00,R,N,1,117,108,Houston Astros,Los Angeles Angels
2014,2014-06-03,381404,2014-06-04 00:10:00+00:00,R,N,1,158,142,Milwaukee Brewers,Minnesota Twins
2014,2014-06-03,381399,2014-06-04 00:40:00+00:00,R,N,1,115,109,Colorado Rockies,Arizona Diamondbacks
2014,2014-06-03,381408,2014-06-04 02:10:00+00:00,R,N,1,135,134,San Diego Padres,Pittsburgh Pirates
2014,2014-06-03,381402,2014-06-04 02:10:00+00:00,R,N,1,119,145,Los Angeles Dodgers,Chicago White Sox
2014,2014-06-04,381424,2014-06-04 16:10:00+00:00,R,N,1,144,136,Atlanta Braves,Seattle Mariners
2014,2014-06-04,381423,2014-06-04 22:40:00+00:00,R,N,1,135,134,San Diego Padres,Pittsburgh Pirates
2014,2014-06-04,381416,2014-06-04 23:05:00+00:00,R,N,1,114,111,Cleveland Indians,Boston Red Sox
2014,2014-06-04,381422,2014-06-04 23:05:00+00:00,R,N,1,120,143,Washington Nationals,Philadelphia Phillies
2014,2014-06-04,381421,2014-06-04 23:05:00+00:00,R,N,1,147,133,New York Yankees,Oakland Athletics
2014,2014-06-04,381427,2014-06-04 23:08:00+00:00,R,N,1,116,141,Detroit Tigers,Toronto Blue Jays
2014,2014-06-04,381425,2014-06-04 23:10:00+00:00,R,N,1,113,137,Cincinnati Reds,San Francisco Giants
2014,2014-06-04,381418,2014-06-04 23:10:00+00:00,R,N,1,139,146,Tampa Bay Rays,Miami Marlins
2014,2014-06-04,381420,2014-06-05 00:05:00+00:00,R,N,1,112,121,Chicago Cubs,New York Mets
2014,2014-06-04,381415,2014-06-05 00:05:00+00:00,R,N,1,140,110,Texas Rangers,Baltimore Orioles
2014,2014-06-04,381413,2014-06-05 00:10:00+00:00,R,N,1,117,108,Houston Astros,Los Angeles Angels
2014,2014-06-04,381426,2014-06-05 00:10:00+00:00,R,N,1,118,138,Kansas City Royals,St. Louis Cardinals
2014,2014-06-04,381419,2014-06-05 00:10:00+00:00,R,N,1,142,158,Minnesota Twins,Milwaukee Brewers
2014,2014-06-04,381414,2014-06-05 00:40:00+00:00,R,N,1,115,109,Colorado Rockies,Arizona Diamondbacks
2014,2014-06-04,381417,2014-06-05 02:10:00+00:00,R,N,1,119,145,Los Angeles Dodgers,Chicago White Sox
2014,2014-06-05,381436,2014-06-05 16:35:00+00:00,R,N,1,113,137,Cincinnati Reds,San Francisco Giants
2014,2014-06-05,381434,2014-06-05 17:05:00+00:00,R,N,1,147,133,New York Yankees,Oakland Athletics
2014,2014-06-05,381438,2014-06-05 17:08:00+00:00,R,N,1,116,141,Detroit Tigers,Toronto Blue Jays
2014,2014-06-05,381435,2014-06-05 20:05:00+00:00,R,N,1,120,143,Washington Nationals,Philadelphia Phillies
2014,2014-06-05,381431,2014-06-05 20:10:00+00:00,R,N,1,139,146,Tampa Bay Rays,Miami Marlins
2014,2014-06-05,381433,2014-06-05 23:05:00+00:00,R,N,1,112,121,Chicago Cubs,New York Mets
2014,2014-06-05,381428,2014-06-05 23:10:00+00:00,R,N,1,117,108,Houston Astros,Los Angeles Angels
2014,2014-06-05,381430,2014-06-06 00:05:00+00:00,R,N,1,140,110,Texas Rangers,Baltimore Orioles
2014,2014-06-05,381437,2014-06-06 00:10:00+00:00,R,N,1,118,138,Kansas City Royals,St. Louis Cardinals
2014,2014-06-05,381432,2014-06-06 00:10:00+00:00,R,N,1,142,158,Minnesota Twins,Milwaukee Brewers
2014,2014-06-05,381429,2014-06-06 00:40:00+00:00,R,N,1,115,109,Colorado Rockies,Arizona Diamondbacks
2014,2014-06-06,381445,2014-06-06 20:05:00+00:00,R,N,1,112,146,Chicago Cubs,Miami Marlins
2014,2014-06-06,381449,2014-06-06 23:05:00+00:00,R,N,1,110,133,Baltimore Orioles,Oakland Athletics
2014,2014-06-06,381446,2014-06-06 23:05:00+00:00,R,N,1,134,158,Pittsburgh Pirates,Milwaukee Brewers
2014,2014-06-06,381452,2014-06-06 23:07:00+00:00,R,N,1,141,138,Toronto Blue Jays,St. Louis Cardinals
2014,2014-06-06,381440,2014-06-06 23:08:00+00:00,R,N,1,116,111,Detroit Tigers,Boston Red Sox
2014,2014-06-06,381451,2014-06-06 23:10:00+00:00,R,N,1,139,136,Tampa Bay Rays,Seattle Mariners
2014,2014-06-06,381450,2014-06-06 23:10:00+00:00,R,N,1,113,143,Cincinnati Reds,Philadelphia Phillies
2014,2014-06-06,381442,2014-06-07 00:05:00+00:00,R,N,1,140,114,Texas Rangers,Cleveland Indians
2014,2014-06-06,381443,2014-06-07 00:10:00+00:00,R,N,1,142,117,Minnesota Twins,Houston Astros
2014,2014-06-06,381447,2014-06-07 00:10:00+00:00,R,N,1,118,147,Kansas City Royals,New York Yankees
2014,2014-06-06,381444,2014-06-07 00:40:00+00:00,R,N,1,115,119,Colorado Rockies,Los Angeles Dodgers
2014,2014-06-06,381439,2014-06-07 01:40:00+00:00,R,N,1,109,144,Arizona Diamondbacks,Atlanta Braves
2014,2014-06-06,381441,2014-06-07 02:05:00+00:00,R,N,1,108,145,Los Angeles Angels,Chicago White Sox
2014,2014-06-06,381453,2014-06-07 02:10:00+00:00,R,N,1,135,120,San Diego Padres,Washington Nationals
2014,2014-06-06,381448,2014-06-07 02:15:00+00:00,R,N,1,137,121,San Francisco Giants,New York Mets
2014,2014-06-07,381467,2014-06-07 17:07:00+00:00,R,N,1,141,138,Toronto Blue Jays,St. Louis Cardinals
2014,2014-06-07,381458,2014-06-07 18:10:00+00:00,R,N,1,142,117,Minnesota Twins,Houston Astros
2014,2014-06-07,381457,2014-06-07 20:05:00+00:00,R,N,1,140,114,Texas Rangers,Cleveland Indians
2014,2014-06-07,381460,2014-06-07 20:05:00+00:00,R,N,1,112,146,Chicago Cubs,Miami Marlins
2014,2014-06-07,381461,2014-06-07 20:05:00+00:00,R,N,1,134,158,Pittsburgh Pirates,Milwaukee Brewers
2014,2014-06-07,381459,2014-06-07 20:10:00+00:00,R,N,1,115,119,Colorado Rockies,Los Angeles Dodgers
2014,2014-06-07,381466,2014-06-07 20:10:00+00:00,R,N,1,139,136,Tampa Bay Rays,Seattle Mariners
2014,2014-06-07,381465,2014-06-07 20:10:00+00:00,R,N,1,113,143,Cincinnati Reds,Philadelphia Phillies
2014,2014-06-07,381455,2014-06-07 23:15:00+00:00,R,N,1,116,111,Detroit Tigers,Boston Red Sox
2014,2014-06-07,381464,2014-06-07 23:15:00+00:00,R,N,1,110,133,Baltimore Orioles,Oakland Athletics
2014,2014-06-07,381462,2014-06-07 23:15:00+00:00,R,N,1,118,147,Kansas City Royals,New York Yankees
2014,2014-06-07,381463,2014-06-08 02:05:00+00:00,R,N,1,137,121,San Francisco Giants,New York Mets
2014,2014-06-07,381456,2014-06-08 02:05:00+00:00,R,N,1,108,145,Los Angeles Angels,Chicago White Sox
2014,2014-06-07,381468,2014-06-08 02:10:00+00:00,R,N,1,135,120,San Diego Padres,Washington Nationals
2014,2014-06-07,381454,2014-06-08 02:10:00+00:00,R,N,1,109,144,Arizona Diamondbacks,Atlanta Braves
2014,2014-06-08,381482,2014-06-08 17:07:00+00:00,R,N,1,141,138,Toronto Blue Jays,St. Louis Cardinals
2014,2014-06-08,381480,2014-06-08 17:10:00+00:00,R,N,1,113,143,Cincinnati Reds,Philadelphia Phillies
2014,2014-06-08,381479,2014-06-08 17:35:00+00:00,R,N,1,110,133,Baltimore Orioles,Oakland Athletics
2014,2014-06-08,381476,2014-06-08 17:35:00+00:00,R,N,1,134,158,Pittsburgh Pirates,Milwaukee Brewers
2014,2014-06-08,381481,2014-06-08 17:40:00+00:00,R,N,1,139,136,Tampa Bay Rays,Seattle Mariners
2014,2014-06-08,381473,2014-06-08 18:10:00+00:00,R,N,1,142,117,Minnesota Twins,Houston Astros
2014,2014-06-08,381477,2014-06-08 18:10:00+00:00,R,N,1,118,147,Kansas City Royals,New York Yankees
2014,2014-06-08,381475,2014-06-08 18:20:00+00:00,R,N,1,112,146,Chicago Cubs,Miami Marlins
2014,2014-06-08,381472,2014-06-08 19:05:00+00:00,R,N,1,140,114,Texas Rangers,Cleveland Indians
2014,2014-06-08,381471,2014-06-08 19:35:00+00:00,R,N,1,108,145,Los Angeles Angels,Chicago White Sox
2014,2014-06-08,381478,2014-06-08 20:05:00+00:00,R,N,1,137,121,San Francisco Giants,New York Mets
2014,2014-06-08,381474,2014-06-08 20:10:00+00:00,R,N,1,115,119,Colorado Rockies,Los Angeles Dodgers
2014,2014-06-08,381483,2014-06-08 20:10:00+00:00,R,N,1,135,120,San Diego Padres,Washington Nationals
2014,2014-06-08,381469,2014-06-08 20:10:00+00:00,R,N,1,109,144,Arizona Diamondbacks,Atlanta Braves
2014,2014-06-08,381470,2014-06-09 00:07:00+00:00,R,N,1,116,111,Detroit Tigers,Boston Red Sox
2014,2014-06-09,381494,2014-06-09 17:10:00+00:00,R,N,1,139,136,Tampa Bay Rays,Seattle Mariners
2014,2014-06-09,381485,2014-06-09 23:05:00+00:00,R,N,1,110,111,Baltimore Orioles,Boston Red Sox
2014,2014-06-09,381486,2014-06-09 23:05:00+00:00,R,N,1,134,112,Pittsburgh Pirates,Chicago Cubs
2014,2014-06-09,381491,2014-06-09 23:07:00+00:00,R,N,1,141,142,Toronto Blue Jays,Minnesota Twins
2014,2014-06-09,381490,2014-06-09 23:10:00+00:00,R,N,1,113,119,Cincinnati Reds,Los Angeles Dodgers
2014,2014-06-09,381487,2014-06-10 00:05:00+00:00,R,N,1,140,114,Texas Rangers,Cleveland Indians
2014,2014-06-09,381488,2014-06-10 00:10:00+00:00,R,N,1,145,116,Chicago White Sox,Detroit Tigers
2014,2014-06-09,381484,2014-06-10 00:40:00+00:00,R,N,1,115,144,Colorado Rockies,Atlanta Braves
2014,2014-06-09,381489,2014-06-10 01:40:00+00:00,R,N,1,109,117,Arizona Diamondbacks,Houston Astros
2014,2014-06-09,381493,2014-06-10 02:05:00+00:00,R,N,1,108,133,Los Angeles Angels,Oakland Athletics
2014,2014-06-09,381495,2014-06-10 02:15:00+00:00,R,N,1,137,120,San Francisco Giants,Washington Nationals
2014,2014-08-25,381492,2014-06-10 00:10:00+00:00,R,N,1,118,147,Kansas City Royals,New York Yankees
2014,2014-06-10,381501,2014-06-10 19:40:00+00:00,R,N,1,109,117,Arizona Diamondbacks,Houston Astros
2014,2014-06-10,381497,2014-06-10 23:05:00+00:00,R,N,1,110,111,Baltimore Orioles,Boston Red Sox
2014,2014-06-10,381498,2014-06-10 23:05:00+00:00,R,N,1,134,112,Pittsburgh Pirates,Chicago Cubs
2014,2014-06-10,381508,2014-06-10 23:05:00+00:00,R,N,1,143,135,Philadelphia Phillies,San Diego Padres
2014,2014-06-10,381505,2014-06-10 23:07:00+00:00,R,N,1,141,142,Toronto Blue Jays,Minnesota Twins
2014,2014-06-10,381502,2014-06-10 23:10:00+00:00,R,N,1,113,119,Cincinnati Reds,Los Angeles Dodgers
2014,2014-06-10,381509,2014-06-10 23:10:00+00:00,R,N,1,139,138,Tampa Bay Rays,St. Louis Cardinals
2014,2014-06-10,381504,2014-06-10 23:10:00+00:00,R,N,1,121,158,New York Mets,Milwaukee Brewers
2014,2014-06-10,381503,2014-06-11 00:05:00+00:00,R,N,1,140,146,Texas Rangers,Miami Marlins
2014,2014-06-10,381499,2014-06-11 00:10:00+00:00,R,N,1,118,114,Kansas City Royals,Cleveland Indians
2014,2014-06-10,381496,2014-06-11 00:40:00+00:00,R,N,1,115,144,Colorado Rockies,Atlanta Braves
2014,2014-06-10,381507,2014-06-11 02:05:00+00:00,R,N,1,108,133,Los Angeles Angels,Oakland Athletics
2014,2014-06-10,381506,2014-06-11 02:10:00+00:00,R,N,1,136,147,Seattle Mariners,New York Yankees
2014,2014-06-10,381510,2014-06-11 02:15:00+00:00,R,N,1,137,120,San Francisco Giants,Washington Nationals
2014,2014-08-30,381500,2014-06-11 00:10:00+00:00,R,N,1,145,116,Chicago White Sox,Detroit Tigers
2014,2014-06-11,381520,2014-06-11 16:37:00+00:00,R,N,1,141,142,Toronto Blue Jays,Minnesota Twins
2014,2014-06-11,381515,2014-06-11 18:10:00+00:00,R,N,1,118,114,Kansas City Royals,Cleveland Indians
2014,2014-06-11,381513,2014-06-11 23:05:00+00:00,R,N,1,110,111,Baltimore Orioles,Boston Red Sox
2014,2014-06-11,381514,2014-06-11 23:05:00+00:00,R,N,1,134,112,Pittsburgh Pirates,Chicago Cubs
2014,2014-06-11,381523,2014-06-11 23:05:00+00:00,R,N,1,143,135,Philadelphia Phillies,San Diego Padres
2014,2014-06-11,381517,2014-06-11 23:10:00+00:00,R,N,1,113,119,Cincinnati Reds,Los Angeles Dodgers
2014,2014-06-11,381524,2014-06-11 23:10:00+00:00,R,N,1,139,138,Tampa Bay Rays,St. Louis Cardinals
2014,2014-06-11,381519,2014-06-11 23:10:00+00:00,R,N,1,121,158,New York Mets,Milwaukee Brewers
2014,2014-06-11,381518,2014-06-12 00:05:00+00:00,R,N,1,140,146,Texas Rangers,Miami Marlins
2014,2014-06-11,381511,2014-06-12 00:10:00+00:00,R,N,1,117,109,Houston Astros,Arizona Diamondbacks
2014,2014-06-11,381516,2014-06-12 00:10:00+00:00,R,N,1,145,116,Chicago White Sox,Detroit Tigers
2014,2014-06-11,381512,2014-06-12 00:40:00+00:00,R,N,1,115,144,Colorado Rockies,Atlanta Braves
2014,2014-06-11,381522,2014-06-12 02:05:00+00:00,R,N,1,108,133,Los Angeles Angels,Oakland Athletics
2014,2014-06-11,381521,2014-06-12 02:10:00+00:00,R,N,1,136,147,Seattle Mariners,New York Yankees
2014,2014-06-11,381525,2014-06-12 02:15:00+00:00,R,N,1,137,120,San Francisco Giants,Washington Nationals
2014,2014-06-12,381531,2014-06-12 16:35:00+00:00,R,N,1,113,119,Cincinnati Reds,Los Angeles Dodgers
2014,2014-06-12,381534,2014-06-12 17:05:00+00:00,R,N,1,143,135,Philadelphia Phillies,San Diego Padres
2014,2014-06-12,381527,2014-06-12 19:10:00+00:00,R,N,1,115,144,Colorado Rockies,Atlanta Braves
2014,2014-06-12,381536,2014-06-12 19:45:00+00:00,R,N,1,137,120,San Francisco Giants,Washington Nationals
2014,2014-06-12,381528,2014-06-12 23:05:00+00:00,R,N,1,134,112,Pittsburgh Pirates,Chicago Cubs
2014,2014-06-12,381535,2014-06-12 23:05:00+00:00,R,N,1,110,141,Baltimore Orioles,Toronto Blue Jays
2014,2014-06-12,381529,2014-06-12 23:10:00+00:00,R,N,1,111,114,Boston Red Sox,Cleveland Indians
2014,2014-06-12,381532,2014-06-12 23:10:00+00:00,R,N,1,121,158,New York Mets,Milwaukee Brewers
2014,2014-06-12,381526,2014-06-13 00:10:00+00:00,R,N,1,117,109,Houston Astros,Arizona Diamondbacks
2014,2014-06-12,381530,2014-06-13 00:10:00+00:00,R,N,1,145,116,Chicago White Sox,Detroit Tigers
2014,2014-06-12,381533,2014-06-13 02:10:00+00:00,R,N,1,136,147,Seattle Mariners,New York Yankees
2014,2014-06-13,381550,2014-06-13 23:05:00+00:00,R,N,1,110,141,Baltimore Orioles,Toronto Blue Jays
2014,2014-06-13,381539,2014-06-13 23:05:00+00:00,R,N,1,143,112,Philadelphia Phillies,Chicago Cubs
2014,2014-06-13,381544,2014-06-13 23:08:00+00:00,R,N,1,116,142,Detroit Tigers,Minnesota Twins
2014,2014-06-13,381541,2014-06-13 23:10:00+00:00,R,N,1,111,114,Boston Red Sox,Cleveland Indians
2014,2014-06-13,381547,2014-06-13 23:10:00+00:00,R,N,1,121,135,New York Mets,San Diego Padres
2014,2014-06-13,381546,2014-06-13 23:10:00+00:00,R,N,1,146,134,Miami Marlins,Pittsburgh Pirates
2014,2014-06-13,381537,2014-06-13 23:35:00+00:00,R,N,1,144,108,Atlanta Braves,Los Angeles Angels
2014,2014-06-13,381548,2014-06-14 00:10:00+00:00,R,N,1,117,139,Houston Astros,Tampa Bay Rays
2014,2014-06-13,381543,2014-06-14 00:10:00+00:00,R,N,1,145,118,Chicago White Sox,Kansas City Royals
2014,2014-06-13,381540,2014-06-14 00:10:00+00:00,R,N,1,158,113,Milwaukee Brewers,Cincinnati Reds
2014,2014-06-13,381551,2014-06-14 00:15:00+00:00,R,N,1,138,120,St. Louis Cardinals,Washington Nationals
2014,2014-06-13,381545,2014-06-14 02:05:00+00:00,R,N,1,133,147,Oakland Athletics,New York Yankees
2014,2014-06-13,381538,2014-06-14 02:10:00+00:00,R,N,1,119,109,Los Angeles Dodgers,Arizona Diamondbacks
2014,2014-06-13,381549,2014-06-14 02:10:00+00:00,R,N,1,136,140,Seattle Mariners,Texas Rangers
2014,2014-06-13,381542,2014-06-14 02:15:00+00:00,R,N,1,137,115,San Francisco Giants,Colorado Rockies
2014,2014-06-14,381558,2014-06-14 18:10:00+00:00,R,N,1,145,118,Chicago White Sox,Kansas City Royals
2014,2014-06-14,381554,2014-06-14 19:05:00+00:00,R,N,1,143,112,Philadelphia Phillies,Chicago Cubs
2014,2014-06-14,381556,2014-06-14 20:05:00+00:00,R,N,1,111,114,Boston Red Sox,Cleveland Indians
2014,2014-06-14,381557,2014-06-14 20:05:00+00:00,R,N,1,137,115,San Francisco Giants,Colorado Rockies
2014,2014-06-14,381565,2014-06-14 20:05:00+00:00,R,N,1,110,141,Baltimore Orioles,Toronto Blue Jays
2014,2014-06-14,381559,2014-06-14 20:08:00+00:00,R,N,1,116,142,Detroit Tigers,Minnesota Twins
2014,2014-06-14,381562,2014-06-14 20:10:00+00:00,R,N,1,121,135,New York Mets,San Diego Padres
2014,2014-06-14,381563,2014-06-14 20:10:00+00:00,R,N,1,117,139,Houston Astros,Tampa Bay Rays
2014,2014-06-14,381561,2014-06-14 20:10:00+00:00,R,N,1,146,134,Miami Marlins,Pittsburgh Pirates
2014,2014-06-14,381566,2014-06-14 23:15:00+00:00,R,N,1,138,120,St. Louis Cardinals,Washington Nationals
2014,2014-06-14,381552,2014-06-14 23:15:00+00:00,R,N,1,144,108,Atlanta Braves,Los Angeles Angels
2014,2014-06-14,381555,2014-06-14 23:15:00+00:00,R,N,1,158,113,Milwaukee Brewers,Cincinnati Reds
2014,2014-06-14,381560,2014-06-15 02:05:00+00:00,R,N,1,133,147,Oakland Athletics,New York Yankees
2014,2014-06-14,381553,2014-06-15 02:10:00+00:00,R,N,1,119,109,Los Angeles Dodgers,Arizona Diamondbacks
2014,2014-06-14,381564,2014-06-15 02:10:00+00:00,R,N,1,136,140,Seattle Mariners,Texas Rangers
2014,2014-06-15,381574,2014-06-15 17:08:00+00:00,R,N,1,116,142,Detroit Tigers,Minnesota Twins
2014,2014-06-15,381577,2014-06-15 17:10:00+00:00,R,N,1,121,135,New York Mets,San Diego Padres
2014,2014-06-15,381576,2014-06-15 17:10:00+00:00,R,N,1,146,134,Miami Marlins,Pittsburgh Pirates
2014,2014-06-15,381571,2014-06-15 17:35:00+00:00,R,N,1,111,114,Boston Red Sox,Cleveland Indians
2014,2014-06-15,381580,2014-06-15 17:35:00+00:00,R,N,1,110,141,Baltimore Orioles,Toronto Blue Jays
2014,2014-06-15,381569,2014-06-15 17:35:00+00:00,R,N,1,143,112,Philadelphia Phillies,Chicago Cubs
2014,2014-06-15,381578,2014-06-15 18:10:00+00:00,R,N,1,117,139,Houston Astros,Tampa Bay Rays
2014,2014-06-15,381573,2014-06-15 18:10:00+00:00,R,N,1,145,118,Chicago White Sox,Kansas City Royals
2014,2014-06-15,381570,2014-06-15 18:10:00+00:00,R,N,1,158,113,Milwaukee Brewers,Cincinnati Reds
2014,2014-06-15,381581,2014-06-15 18:15:00+00:00,R,N,1,138,120,St. Louis Cardinals,Washington Nationals
2014,2014-06-15,381572,2014-06-15 20:05:00+00:00,R,N,1,137,115,San Francisco Giants,Colorado Rockies
2014,2014-06-15,381575,2014-06-15 20:05:00+00:00,R,N,1,133,147,Oakland Athletics,New York Yankees
2014,2014-06-15,381568,2014-06-15 20:10:00+00:00,R,N,1,119,109,Los Angeles Dodgers,Arizona Diamondbacks
2014,2014-06-15,381579,2014-06-15 20:10:00+00:00,R,N,1,136,140,Seattle Mariners,Texas Rangers
2014,2014-06-15,381567,2014-06-16 00:00:00+00:00,R,N,1,144,108,Atlanta Braves,Los Angeles Angels
2014,2014-06-16,381582,2014-06-16 23:05:00+00:00,R,N,1,114,108,Cleveland Indians,Los Angeles Angels
2014,2014-06-16,381586,2014-06-16 23:08:00+00:00,R,N,1,116,118,Detroit Tigers,Kansas City Royals
2014,2014-06-16,381583,2014-06-16 23:10:00+00:00,R,N,1,139,110,Tampa Bay Rays,Baltimore Orioles
2014,2014-06-16,381588,2014-06-16 23:10:00+00:00,R,N,1,111,142,Boston Red Sox,Minnesota Twins
2014,2014-06-16,381590,2014-06-16 23:10:00+00:00,R,N,1,144,143,Atlanta Braves,Philadelphia Phillies
2014,2014-06-16,381584,2014-06-16 23:10:00+00:00,R,N,1,146,112,Miami Marlins,Chicago Cubs
2014,2014-06-16,381589,2014-06-17 00:10:00+00:00,R,N,1,138,121,St. Louis Cardinals,New York Mets
2014,2014-06-16,381587,2014-06-17 01:40:00+00:00,R,N,1,109,158,Arizona Diamondbacks,Milwaukee Brewers
2014,2014-06-16,381592,2014-06-17 02:05:00+00:00,R,N,1,133,140,Oakland Athletics,Texas Rangers
2014,2014-06-16,381585,2014-06-17 02:10:00+00:00,R,N,1,119,115,Los Angeles Dodgers,Colorado Rockies
2014,2014-06-16,381591,2014-06-17 02:10:00+00:00,R,N,1,136,135,Seattle Mariners,San Diego Padres
2014,2014-06-17,381604,2014-06-17 19:40:00+00:00,R,N,1,136,135,Seattle Mariners,San Diego Padres
2014,2014-06-17,381593,2014-06-17 23:05:00+00:00,R,N,1,114,108,Cleveland Indians,Los Angeles Angels
2014,2014-06-17,381598,2014-06-17 23:05:00+00:00,R,N,1,120,117,Washington Nationals,Houston Astros
2014,2014-06-17,381596,2014-06-17 23:05:00+00:00,R,N,1,134,113,Pittsburgh Pirates,Cincinnati Reds
2014,2014-06-17,381607,2014-06-17 23:05:00+00:00,R,N,1,147,141,New York Yankees,Toronto Blue Jays
2014,2014-06-17,381599,2014-06-17 23:08:00+00:00,R,N,1,116,118,Detroit Tigers,Kansas City Royals
2014,2014-06-17,381594,2014-06-17 23:10:00+00:00,R,N,1,139,110,Tampa Bay Rays,Baltimore Orioles
2014,2014-06-17,381601,2014-06-17 23:10:00+00:00,R,N,1,111,142,Boston Red Sox,Minnesota Twins
2014,2014-06-17,381603,2014-06-17 23:10:00+00:00,R,N,1,144,143,Atlanta Braves,Philadelphia Phillies
2014,2014-06-17,381595,2014-06-17 23:10:00+00:00,R,N,1,146,112,Miami Marlins,Chicago Cubs
2014,2014-06-17,381605,2014-06-18 00:10:00+00:00,R,N,1,145,137,Chicago White Sox,San Francisco Giants
2014,2014-06-17,381602,2014-06-18 00:15:00+00:00,R,N,1,138,121,St. Louis Cardinals,New York Mets
2014,2014-06-17,381600,2014-06-18 01:40:00+00:00,R,N,1,109,158,Arizona Diamondbacks,Milwaukee Brewers
2014,2014-06-17,381606,2014-06-18 02:05:00+00:00,R,N,1,133,140,Oakland Athletics,Texas Rangers
2014,2014-06-17,381597,2014-06-18 02:10:00+00:00,R,N,1,119,115,Los Angeles Dodgers,Colorado Rockies
2014,2014-06-18,381618,2014-06-18 16:10:00+00:00,R,N,1,144,143,Atlanta Braves,Philadelphia Phillies
2014,2014-06-18,381610,2014-06-18 16:40:00+00:00,R,N,1,146,112,Miami Marlins,Chicago Cubs
2014,2014-06-18,381614,2014-06-18 17:08:00+00:00,R,N,1,116,118,Detroit Tigers,Kansas City Royals
2014,2014-06-18,381609,2014-06-18 17:10:00+00:00,R,N,1,139,110,Tampa Bay Rays,Baltimore Orioles
2014,2014-06-18,381616,2014-06-18 17:35:00+00:00,R,N,1,111,142,Boston Red Sox,Minnesota Twins
2014,2014-06-18,381617,2014-06-18 17:45:00+00:00,R,N,1,138,121,St. Louis Cardinals,New York Mets
2014,2014-06-18,381620,2014-06-18 18:10:00+00:00,R,N,1,145,137,Chicago White Sox,San Francisco Giants
2014,2014-06-18,381621,2014-06-18 19:35:00+00:00,R,N,1,133,140,Oakland Athletics,Texas Rangers
2014,2014-06-18,381613,2014-06-18 23:05:00+00:00,R,N,1,120,117,Washington Nationals,Houston Astros
2014,2014-06-18,381611,2014-06-18 23:05:00+00:00,R,N,1,134,113,Pittsburgh Pirates,Cincinnati Reds
2014,2014-06-18,381622,2014-06-18 23:05:00+00:00,R,N,1,147,141,New York Yankees,Toronto Blue Jays
2014,2014-06-18,381615,2014-06-19 01:40:00+00:00,R,N,1,109,158,Arizona Diamondbacks,Milwaukee Brewers
2014,2014-06-18,381612,2014-06-19 02:10:00+00:00,R,N,1,119,115,Los Angeles Dodgers,Colorado Rockies
2014,2014-06-18,381619,2014-06-19 02:10:00+00:00,R,N,1,135,136,San Diego Padres,Seattle Mariners
2014,2014-09-08,381608,2014-06-18 23:10:00+00:00,R,N,1,114,108,Cleveland Indians,Los Angeles Angels
2014,2014-06-19,381623,2014-06-19 16:05:00+00:00,R,N,1,114,108,Cleveland Indians,Los Angeles Angels
2014,2014-06-19,381627,2014-06-19 16:35:00+00:00,R,N,1,134,113,Pittsburgh Pirates,Cincinnati Reds
2014,2014-06-19,380581,2014-06-19 17:08:00+00:00,R,N,1,116,118,Detroit Tigers,Kansas City Royals
2014,2014-06-19,381629,2014-06-19 19:40:00+00:00,R,N,1,109,158,Arizona Diamondbacks,Milwaukee Brewers
2014,2014-06-19,381632,2014-06-19 22:40:00+00:00,R,N,1,135,136,San Diego Padres,Seattle Mariners
2014,2014-06-19,381624,2014-06-19 23:05:00+00:00,R,N,1,120,144,Washington Nationals,Atlanta Braves
2014,2014-06-19,381633,2014-06-19 23:05:00+00:00,R,N,1,147,141,New York Yankees,Toronto Blue Jays
2014,2014-06-19,381628,2014-06-19 23:10:00+00:00,R,N,1,139,117,Tampa Bay Rays,Houston Astros
2014,2014-06-19,381630,2014-06-19 23:10:00+00:00,R,N,1,146,121,Miami Marlins,New York Mets
2014,2014-06-19,381626,2014-06-20 00:10:00+00:00,R,N,1,142,145,Minnesota Twins,Chicago White Sox
2014,2014-06-19,381631,2014-06-20 00:15:00+00:00,R,N,1,138,143,St. Louis Cardinals,Philadelphia Phillies
2014,2014-06-19,381625,2014-06-20 02:05:00+00:00,R,N,1,133,111,Oakland Athletics,Boston Red Sox
2014,2014-06-20,381644,2014-06-20 20:05:00+00:00,R,N,1,112,134,Chicago Cubs,Pittsburgh Pirates
2014,2014-06-20,381638,2014-06-20 23:05:00+00:00,R,N,1,114,116,Cleveland Indians,Detroit Tigers
2014,2014-06-20,381634,2014-06-20 23:05:00+00:00,R,N,1,120,144,Washington Nationals,Atlanta Braves
2014,2014-06-20,381635,2014-06-20 23:05:00+00:00,R,N,1,147,110,New York Yankees,Baltimore Orioles
2014,2014-06-20,381639,2014-06-20 23:10:00+00:00,R,N,1,139,117,Tampa Bay Rays,Houston Astros
2014,2014-06-20,381648,2014-06-20 23:10:00+00:00,R,N,1,113,141,Cincinnati Reds,Toronto Blue Jays
2014,2014-06-20,381642,2014-06-20 23:10:00+00:00,R,N,1,146,121,Miami Marlins,New York Mets
2014,2014-06-20,381645,2014-06-21 00:10:00+00:00,R,N,1,118,136,Kansas City Royals,Seattle Mariners
2014,2014-06-20,381637,2014-06-21 00:10:00+00:00,R,N,1,142,145,Minnesota Twins,Chicago White Sox
2014,2014-06-20,381643,2014-06-21 00:15:00+00:00,R,N,1,138,143,St. Louis Cardinals,Philadelphia Phillies
2014,2014-06-20,381641,2014-06-21 00:40:00+00:00,R,N,1,115,158,Colorado Rockies,Milwaukee Brewers
2014,2014-06-20,381646,2014-06-21 01:40:00+00:00,R,N,1,109,137,Arizona Diamondbacks,San Francisco Giants
2014,2014-06-20,381636,2014-06-21 02:05:00+00:00,R,N,1,133,111,Oakland Athletics,Boston Red Sox
2014,2014-06-20,381647,2014-06-21 02:05:00+00:00,R,N,1,108,140,Los Angeles Angels,Texas Rangers
2014,2014-06-20,381640,2014-06-21 02:10:00+00:00,R,N,1,135,119,San Diego Padres,Los Angeles Dodgers
2014,2014-06-21,381650,2014-06-21 17:05:00+00:00,R,N,1,147,110,New York Yankees,Baltimore Orioles
2014,2014-06-21,381660,2014-06-21 18:10:00+00:00,R,N,1,118,136,Kansas City Royals,Seattle Mariners
2014,2014-06-21,381652,2014-06-21 18:10:00+00:00,R,N,1,142,145,Minnesota Twins,Chicago White Sox
2014,2014-06-21,381651,2014-06-21 20:05:00+00:00,R,N,1,133,111,Oakland Athletics,Boston Red Sox
2014,2014-06-21,381654,2014-06-21 20:10:00+00:00,R,N,1,139,117,Tampa Bay Rays,Houston Astros
2014,2014-06-21,381663,2014-06-21 20:10:00+00:00,R,N,1,113,141,Cincinnati Reds,Toronto Blue Jays
2014,2014-06-21,381658,2014-06-21 20:10:00+00:00,R,N,1,138,143,St. Louis Cardinals,Philadelphia Phillies
2014,2014-06-21,381657,2014-06-21 20:10:00+00:00,R,N,1,146,121,Miami Marlins,New York Mets
2014,2014-06-21,381656,2014-06-21 20:10:00+00:00,R,N,1,115,158,Colorado Rockies,Milwaukee Brewers
2014,2014-06-21,381653,2014-06-21 23:15:00+00:00,R,N,1,114,116,Cleveland Indians,Detroit Tigers
2014,2014-06-21,381659,2014-06-21 23:15:00+00:00,R,N,1,112,134,Chicago Cubs,Pittsburgh Pirates
2014,2014-06-21,381649,2014-06-21 23:15:00+00:00,R,N,1,120,144,Washington Nationals,Atlanta Braves
2014,2014-06-21,381662,2014-06-22 02:05:00+00:00,R,N,1,108,140,Los Angeles Angels,Texas Rangers
2014,2014-06-21,381655,2014-06-22 02:10:00+00:00,R,N,1,135,119,San Diego Padres,Los Angeles Dodgers
2014,2014-06-21,381661,2014-06-22 02:10:00+00:00,R,N,1,109,137,Arizona Diamondbacks,San Francisco Giants
2014,2014-06-22,381668,2014-06-22 17:05:00+00:00,R,N,1,114,116,Cleveland Indians,Detroit Tigers
2014,2014-06-22,381678,2014-06-22 17:10:00+00:00,R,N,1,113,141,Cincinnati Reds,Toronto Blue Jays
2014,2014-06-22,381672,2014-06-22 17:10:00+00:00,R,N,1,146,121,Miami Marlins,New York Mets
2014,2014-06-22,381664,2014-06-22 17:35:00+00:00,R,N,1,120,144,Washington Nationals,Atlanta Braves
2014,2014-06-22,381669,2014-06-22 17:40:00+00:00,R,N,1,139,117,Tampa Bay Rays,Houston Astros
2014,2014-06-22,381665,2014-06-22 18:05:00+00:00,R,N,1,147,110,New York Yankees,Baltimore Orioles
2014,2014-06-22,381675,2014-06-22 18:10:00+00:00,R,N,1,118,136,Kansas City Royals,Seattle Mariners
2014,2014-06-22,381667,2014-06-22 18:10:00+00:00,R,N,1,142,145,Minnesota Twins,Chicago White Sox
2014,2014-06-22,381673,2014-06-22 18:15:00+00:00,R,N,1,138,143,St. Louis Cardinals,Philadelphia Phillies
2014,2014-06-22,381674,2014-06-22 18:20:00+00:00,R,N,1,112,134,Chicago Cubs,Pittsburgh Pirates
2014,2014-06-22,381666,2014-06-22 20:05:00+00:00,R,N,1,133,111,Oakland Athletics,Boston Red Sox
2014,2014-06-22,381670,2014-06-22 20:10:00+00:00,R,N,1,135,119,San Diego Padres,Los Angeles Dodgers
2014,2014-06-22,381676,2014-06-22 20:10:00+00:00,R,N,1,109,137,Arizona Diamondbacks,San Francisco Giants
2014,2014-06-22,381671,2014-06-22 20:10:00+00:00,R,N,1,115,158,Colorado Rockies,Milwaukee Brewers
2014,2014-06-22,381677,2014-06-23 00:07:00+00:00,R,N,1,108,140,Los Angeles Angels,Texas Rangers
2014,2014-06-23,381680,2014-06-23 23:05:00+00:00,R,N,1,110,145,Baltimore Orioles,Chicago White Sox
2014,2014-06-23,381684,2014-06-23 23:05:00+00:00,R,N,1,143,146,Philadelphia Phillies,Miami Marlins
2014,2014-06-23,381686,2014-06-23 23:07:00+00:00,R,N,1,141,147,Toronto Blue Jays,New York Yankees
2014,2014-06-23,381687,2014-06-23 23:10:00+00:00,R,N,1,139,134,Tampa Bay Rays,Pittsburgh Pirates
2014,2014-06-23,381681,2014-06-24 00:05:00+00:00,R,N,1,112,113,Chicago Cubs,Cincinnati Reds
2014,2014-06-23,381683,2014-06-24 00:10:00+00:00,R,N,1,118,119,Kansas City Royals,Los Angeles Dodgers
2014,2014-06-23,381690,2014-06-24 00:10:00+00:00,R,N,1,158,120,Milwaukee Brewers,Washington Nationals
2014,2014-06-23,381689,2014-06-24 00:40:00+00:00,R,N,1,115,138,Colorado Rockies,St. Louis Cardinals
2014,2014-06-23,381679,2014-06-24 02:10:00+00:00,R,N,1,136,111,Seattle Mariners,Boston Red Sox
2014,2014-06-23,381688,2014-06-24 02:15:00+00:00,R,N,1,137,135,San Francisco Giants,San Diego Padres
2014,2014-06-24,381693,2014-06-24 23:05:00+00:00,R,N,1,110,145,Baltimore Orioles,Chicago White Sox
2014,2014-06-24,381698,2014-06-24 23:05:00+00:00,R,N,1,143,146,Philadelphia Phillies,Miami Marlins
2014,2014-06-24,381700,2014-06-24 23:07:00+00:00,R,N,1,141,147,Toronto Blue Jays,New York Yankees
2014,2014-06-24,381701,2014-06-24 23:10:00+00:00,R,N,1,121,133,New York Mets,Oakland Athletics
2014,2014-06-24,381702,2014-06-24 23:10:00+00:00,R,N,1,139,134,Tampa Bay Rays,Pittsburgh Pirates
2014,2014-06-24,381694,2014-06-25 00:05:00+00:00,R,N,1,112,113,Chicago Cubs,Cincinnati Reds
2014,2014-06-24,381696,2014-06-25 00:05:00+00:00,R,N,1,140,116,Texas Rangers,Detroit Tigers
2014,2014-06-24,381697,2014-06-25 00:10:00+00:00,R,N,1,118,119,Kansas City Royals,Los Angeles Dodgers
2014,2014-06-24,381691,2014-06-25 00:10:00+00:00,R,N,1,117,144,Houston Astros,Atlanta Braves
2014,2014-06-24,381705,2014-06-25 00:10:00+00:00,R,N,1,158,120,Milwaukee Brewers,Washington Nationals
2014,2014-06-24,381704,2014-06-25 00:40:00+00:00,R,N,1,115,138,Colorado Rockies,St. Louis Cardinals
2014,2014-06-24,381695,2014-06-25 01:40:00+00:00,R,N,1,109,114,Arizona Diamondbacks,Cleveland Indians
2014,2014-06-24,381699,2014-06-25 02:05:00+00:00,R,N,1,108,142,Los Angeles Angels,Minnesota Twins
2014,2014-06-24,381692,2014-06-25 02:10:00+00:00,R,N,1,136,111,Seattle Mariners,Boston Red Sox
2014,2014-06-24,381703,2014-06-25 02:15:00+00:00,R,N,1,137,135,San Francisco Giants,San Diego Padres
2014,2014-06-25,381717,2014-06-25 16:10:00+00:00,R,N,1,139,134,Tampa Bay Rays,Pittsburgh Pirates
2014,2014-06-25,381720,2014-06-25 18:10:00+00:00,R,N,1,158,120,Milwaukee Brewers,Washington Nationals
2014,2014-06-25,381719,2014-06-25 19:10:00+00:00,R,N,1,115,138,Colorado Rockies,St. Louis Cardinals
2014,2014-06-25,381718,2014-06-25 19:45:00+00:00,R,N,1,137,135,San Francisco Giants,San Diego Padres
2014,2014-06-25,381709,2014-06-25 23:05:00+00:00,R,N,1,112,113,Chicago Cubs,Cincinnati Reds
2014,2014-06-25,381708,2014-06-25 23:05:00+00:00,R,N,1,110,145,Baltimore Orioles,Chicago White Sox
2014,2014-06-25,381713,2014-06-25 23:05:00+00:00,R,N,1,143,146,Philadelphia Phillies,Miami Marlins
2014,2014-06-25,381715,2014-06-25 23:07:00+00:00,R,N,1,141,147,Toronto Blue Jays,New York Yankees
2014,2014-06-25,381716,2014-06-25 23:10:00+00:00,R,N,1,121,133,New York Mets,Oakland Athletics
2014,2014-06-25,381711,2014-06-26 00:05:00+00:00,R,N,1,140,116,Texas Rangers,Detroit Tigers
2014,2014-06-25,381712,2014-06-26 00:10:00+00:00,R,N,1,118,119,Kansas City Royals,Los Angeles Dodgers
2014,2014-06-25,381706,2014-06-26 00:10:00+00:00,R,N,1,117,144,Houston Astros,Atlanta Braves
2014,2014-06-25,381710,2014-06-26 01:40:00+00:00,R,N,1,109,114,Arizona Diamondbacks,Cleveland Indians
2014,2014-06-25,381714,2014-06-26 02:05:00+00:00,R,N,1,108,142,Los Angeles Angels,Minnesota Twins
2014,2014-06-25,381707,2014-06-26 02:10:00+00:00,R,N,1,136,111,Seattle Mariners,Boston Red Sox
2014,2014-06-26,381721,2014-06-26 18:10:00+00:00,R,N,1,117,144,Houston Astros,Atlanta Braves
2014,2014-06-26,381685,2014-06-26 19:35:00+00:00,R,N,1,108,142,Los Angeles Angels,Minnesota Twins
2014,2014-06-26,381727,2014-06-26 23:05:00+00:00,R,N,1,134,121,Pittsburgh Pirates,New York Mets
2014,2014-06-26,381726,2014-06-26 23:05:00+00:00,R,N,1,143,146,Philadelphia Phillies,Miami Marlins
2014,2014-06-26,381722,2014-06-26 23:07:00+00:00,R,N,1,141,145,Toronto Blue Jays,Chicago White Sox
2014,2014-06-26,381729,2014-06-27 00:05:00+00:00,R,N,1,112,120,Chicago Cubs,Washington Nationals
2014,2014-06-26,381725,2014-06-27 00:05:00+00:00,R,N,1,140,116,Texas Rangers,Detroit Tigers
2014,2014-06-26,381724,2014-06-27 00:10:00+00:00,R,N,1,158,115,Milwaukee Brewers,Colorado Rockies
2014,2014-06-26,381728,2014-06-27 02:10:00+00:00,R,N,1,119,138,Los Angeles Dodgers,St. Louis Cardinals
2014,2014-06-26,381723,2014-06-27 02:15:00+00:00,R,N,1,137,113,San Francisco Giants,Cincinnati Reds
2014,2014-06-27,380746,2014-06-27 17:05:00+00:00,R,S,1,110,139,Baltimore Orioles,Tampa Bay Rays
2014,2014-06-27,381743,2014-06-27 23:05:00+00:00,R,S,2,110,139,Baltimore Orioles,Tampa Bay Rays
2014,2014-06-27,381744,2014-06-27 20:05:00+00:00,R,N,1,112,120,Chicago Cubs,Washington Nationals
2014,2014-06-27,381740,2014-06-27 23:05:00+00:00,R,N,1,134,121,Pittsburgh Pirates,New York Mets
2014,2014-06-27,381732,2014-06-27 23:05:00+00:00,R,N,1,143,144,Philadelphia Phillies,Atlanta Braves
2014,2014-06-27,381733,2014-06-27 23:05:00+00:00,R,N,1,147,111,New York Yankees,Boston Red Sox
2014,2014-06-27,381734,2014-06-27 23:07:00+00:00,R,N,1,141,145,Toronto Blue Jays,Chicago White Sox
2014,2014-06-27,381741,2014-06-27 23:10:00+00:00,R,N,1,146,133,Miami Marlins,Oakland Athletics
2014,2014-06-27,381739,2014-06-28 00:05:00+00:00,R,N,1,140,142,Texas Rangers,Minnesota Twins
2014,2014-06-27,381738,2014-06-28 00:10:00+00:00,R,N,1,117,116,Houston Astros,Detroit Tigers
2014,2014-06-27,381730,2014-06-28 00:10:00+00:00,R,N,1,118,108,Kansas City Royals,Los Angeles Angels
2014,2014-06-27,381737,2014-06-28 00:10:00+00:00,R,N,1,158,115,Milwaukee Brewers,Colorado Rockies
2014,2014-06-27,381731,2014-06-28 02:10:00+00:00,R,N,1,135,109,San Diego Padres,Arizona Diamondbacks
2014,2014-06-27,381736,2014-06-28 02:10:00+00:00,R,N,1,136,114,Seattle Mariners,Cleveland Indians
2014,2014-06-27,381742,2014-06-28 02:10:00+00:00,R,N,1,119,138,Los Angeles Dodgers,St. Louis Cardinals
2014,2014-06-27,381735,2014-06-28 02:15:00+00:00,R,N,1,137,113,San Francisco Giants,Cincinnati Reds
2014,2014-06-28,381759,2014-06-28 17:05:00+00:00,R,S,1,112,120,Chicago Cubs,Washington Nationals
2014,2014-06-28,381774,2014-06-28 23:15:00+00:00,R,S,2,112,120,Chicago Cubs,Washington Nationals
2014,2014-06-28,381749,2014-06-28 17:07:00+00:00,R,N,1,141,145,Toronto Blue Jays,Chicago White Sox
2014,2014-06-28,381747,2014-06-28 18:05:00+00:00,R,S,1,143,144,Philadelphia Phillies,Atlanta Braves
2014,2014-06-28,380734,2014-06-28 23:15:00+00:00,R,S,2,143,144,Philadelphia Phillies,Atlanta Braves
2014,2014-06-28,381745,2014-06-28 18:10:00+00:00,R,N,1,118,108,Kansas City Royals,Los Angeles Angels
2014,2014-06-28,381755,2014-06-28 20:05:00+00:00,R,N,1,134,121,Pittsburgh Pirates,New York Mets
2014,2014-06-28,381758,2014-06-28 20:05:00+00:00,R,N,1,110,139,Baltimore Orioles,Tampa Bay Rays
2014,2014-06-28,381754,2014-06-28 20:05:00+00:00,R,N,1,140,142,Texas Rangers,Minnesota Twins
2014,2014-06-28,381753,2014-06-28 20:10:00+00:00,R,N,1,117,116,Houston Astros,Detroit Tigers
2014,2014-06-28,381756,2014-06-28 20:10:00+00:00,R,N,1,146,133,Miami Marlins,Oakland Athletics
2014,2014-06-28,381752,2014-06-28 20:10:00+00:00,R,N,1,158,115,Milwaukee Brewers,Colorado Rockies
2014,2014-06-28,381757,2014-06-28 23:15:00+00:00,R,N,1,119,138,Los Angeles Dodgers,St. Louis Cardinals
2014,2014-06-28,381748,2014-06-28 23:15:00+00:00,R,N,1,147,111,New York Yankees,Boston Red Sox
2014,2014-06-28,381750,2014-06-29 02:05:00+00:00,R,N,1,137,113,San Francisco Giants,Cincinnati Reds
2014,2014-06-28,381746,2014-06-29 02:10:00+00:00,R,N,1,135,109,San Diego Padres,Arizona Diamondbacks
2014,2014-06-28,381751,2014-06-29 02:10:00+00:00,R,N,1,136,114,Seattle Mariners,Cleveland Indians
2014,2014-06-29,381764,2014-06-29 17:07:00+00:00,R,N,1,141,145,Toronto Blue Jays,Chicago White Sox
2014,2014-06-29,381771,2014-06-29 17:10:00+00:00,R,N,1,146,133,Miami Marlins,Oakland Athletics
2014,2014-06-29,381770,2014-06-29 17:35:00+00:00,R,N,1,134,121,Pittsburgh Pirates,New York Mets
2014,2014-06-29,381773,2014-06-29 17:35:00+00:00,R,N,1,110,139,Baltimore Orioles,Tampa Bay Rays
2014,2014-06-29,381762,2014-06-29 17:35:00+00:00,R,N,1,143,144,Philadelphia Phillies,Atlanta Braves
2014,2014-06-29,381768,2014-06-29 18:10:00+00:00,R,N,1,117,116,Houston Astros,Detroit Tigers
2014,2014-06-29,381760,2014-06-29 18:10:00+00:00,R,N,1,118,108,Kansas City Royals,Los Angeles Angels
2014,2014-06-29,381767,2014-06-29 18:10:00+00:00,R,N,1,158,115,Milwaukee Brewers,Colorado Rockies
2014,2014-06-29,381769,2014-06-29 19:05:00+00:00,R,N,1,140,142,Texas Rangers,Minnesota Twins
2014,2014-06-29,381765,2014-06-29 20:05:00+00:00,R,N,1,137,113,San Francisco Giants,Cincinnati Reds
2014,2014-06-29,381761,2014-06-29 20:10:00+00:00,R,N,1,135,109,San Diego Padres,Arizona Diamondbacks
2014,2014-06-29,381766,2014-06-29 20:10:00+00:00,R,N,1,136,114,Seattle Mariners,Cleveland Indians
2014,2014-06-29,381772,2014-06-29 20:10:00+00:00,R,N,1,119,138,Los Angeles Dodgers,St. Louis Cardinals
2014,2014-06-29,381763,2014-06-30 00:05:00+00:00,R,N,1,147,111,New York Yankees,Boston Red Sox
2014,2014-06-30,381779,2014-06-30 23:05:00+00:00,R,N,1,120,115,Washington Nationals,Colorado Rockies
2014,2014-06-30,381785,2014-06-30 23:05:00+00:00,R,N,1,110,140,Baltimore Orioles,Texas Rangers
2014,2014-06-30,381784,2014-06-30 23:05:00+00:00,R,N,1,147,139,New York Yankees,Tampa Bay Rays
2014,2014-06-30,381782,2014-06-30 23:08:00+00:00,R,N,1,116,133,Detroit Tigers,Oakland Athletics
2014,2014-06-30,381776,2014-06-30 23:10:00+00:00,R,N,1,111,112,Boston Red Sox,Chicago Cubs
2014,2014-06-30,381781,2014-06-30 23:10:00+00:00,R,N,1,144,121,Atlanta Braves,New York Mets
2014,2014-06-30,381783,2014-07-01 00:10:00+00:00,R,N,1,117,136,Houston Astros,Seattle Mariners
2014,2014-06-30,381780,2014-07-01 00:10:00+00:00,R,N,1,142,118,Minnesota Twins,Kansas City Royals
2014,2014-06-30,381778,2014-07-01 02:10:00+00:00,R,N,1,119,114,Los Angeles Dodgers,Cleveland Indians
2014,2014-06-30,381777,2014-07-01 02:10:00+00:00,R,N,1,135,113,San Diego Padres,Cincinnati Reds
2014,2014-07-01,381775,2014-07-01 00:10:00+00:00,R,N,1,145,108,Chicago White Sox,Los Angeles Angels
2014,2014-07-01,381793,2014-07-01 17:07:00+00:00,R,N,1,141,158,Toronto Blue Jays,Milwaukee Brewers
2014,2014-07-01,381786,2014-07-01 21:10:00+00:00,R,Y,1,145,108,Chicago White Sox,Los Angeles Angels
2014,2014-07-01,381775,2014-07-01 21:15:00+00:00,R,Y,2,145,108,Chicago White Sox,Los Angeles Angels
2014,2014-07-01,381791,2014-07-01 23:05:00+00:00,R,N,1,120,115,Washington Nationals,Colorado Rockies
2014,2014-07-01,381787,2014-07-01 23:05:00+00:00,R,N,1,134,109,Pittsburgh Pirates,Arizona Diamondbacks
2014,2014-07-01,381800,2014-07-01 23:05:00+00:00,R,N,1,110,140,Baltimore Orioles,Texas Rangers
2014,2014-07-01,381799,2014-07-01 23:05:00+00:00,R,N,1,147,139,New York Yankees,Tampa Bay Rays
2014,2014-07-01,381795,2014-07-01 23:08:00+00:00,R,N,1,116,133,Detroit Tigers,Oakland Athletics
2014,2014-07-01,381788,2014-07-01 23:10:00+00:00,R,N,1,111,112,Boston Red Sox,Chicago Cubs
2014,2014-07-01,381794,2014-07-01 23:10:00+00:00,R,N,1,144,121,Atlanta Braves,New York Mets
2014,2014-07-01,381796,2014-07-01 23:10:00+00:00,R,N,1,146,143,Miami Marlins,Philadelphia Phillies
2014,2014-07-01,381797,2014-07-02 00:10:00+00:00,R,N,1,117,136,Houston Astros,Seattle Mariners
2014,2014-07-01,381792,2014-07-02 00:10:00+00:00,R,N,1,142,118,Minnesota Twins,Kansas City Royals
2014,2014-07-01,381790,2014-07-02 02:10:00+00:00,R,N,1,119,114,Los Angeles Dodgers,Cleveland Indians
2014,2014-07-01,381789,2014-07-02 02:10:00+00:00,R,N,1,135,113,San Diego Padres,Cincinnati Reds
2014,2014-07-01,381798,2014-07-02 02:15:00+00:00,R,N,1,137,138,San Francisco Giants,St. Louis Cardinals
2014,2014-07-02,381808,2014-07-02 16:37:00+00:00,R,N,1,141,158,Toronto Blue Jays,Milwaukee Brewers
2014,2014-07-02,381814,2014-07-02 17:05:00+00:00,R,N,1,147,139,New York Yankees,Tampa Bay Rays
2014,2014-07-02,381810,2014-07-02 17:08:00+00:00,R,N,1,116,133,Detroit Tigers,Oakland Athletics
2014,2014-07-02,381807,2014-07-02 17:10:00+00:00,R,N,1,142,118,Minnesota Twins,Kansas City Royals
2014,2014-07-02,381812,2014-07-02 18:10:00+00:00,R,N,1,117,136,Houston Astros,Seattle Mariners
2014,2014-07-02,381805,2014-07-02 19:10:00+00:00,R,N,1,119,114,Los Angeles Dodgers,Cleveland Indians
2014,2014-07-02,381804,2014-07-02 19:40:00+00:00,R,N,1,135,113,San Diego Padres,Cincinnati Reds
2014,2014-07-02,381806,2014-07-02 22:05:00+00:00,R,N,1,120,115,Washington Nationals,Colorado Rockies
2014,2014-07-02,381802,2014-07-02 23:05:00+00:00,R,N,1,134,109,Pittsburgh Pirates,Arizona Diamondbacks
2014,2014-07-02,381815,2014-07-02 23:05:00+00:00,R,N,1,110,140,Baltimore Orioles,Texas Rangers
2014,2014-07-02,381803,2014-07-02 23:10:00+00:00,R,N,1,111,112,Boston Red Sox,Chicago Cubs
2014,2014-07-02,381809,2014-07-02 23:10:00+00:00,R,N,1,144,121,Atlanta Braves,New York Mets
2014,2014-07-02,381811,2014-07-02 23:10:00+00:00,R,N,1,146,143,Miami Marlins,Philadelphia Phillies
2014,2014-07-02,381801,2014-07-03 00:10:00+00:00,R,N,1,145,108,Chicago White Sox,Los Angeles Angels
2014,2014-07-02,381813,2014-07-03 02:15:00+00:00,R,N,1,137,138,San Francisco Giants,St. Louis Cardinals
2014,2014-07-03,381821,2014-07-03 19:45:00+00:00,R,N,1,137,138,San Francisco Giants,St. Louis Cardinals
2014,2014-07-03,381820,2014-07-03 22:10:00+00:00,R,N,1,146,143,Miami Marlins,Philadelphia Phillies
2014,2014-07-03,381816,2014-07-03 23:05:00+00:00,R,N,1,134,109,Pittsburgh Pirates,Arizona Diamondbacks
2014,2014-07-03,381823,2014-07-03 23:05:00+00:00,R,N,1,110,140,Baltimore Orioles,Texas Rangers
2014,2014-07-03,381822,2014-07-03 23:08:00+00:00,R,N,1,116,139,Detroit Tigers,Tampa Bay Rays
2014,2014-07-03,381818,2014-07-04 00:10:00+00:00,R,N,1,115,119,Colorado Rockies,Los Angeles Dodgers
2014,2014-07-03,381819,2014-07-04 00:10:00+00:00,R,N,1,142,147,Minnesota Twins,New York Yankees
2014,2014-07-03,381824,2014-07-04 01:05:00+00:00,R,N,1,133,141,Oakland Athletics,Toronto Blue Jays
2014,2014-07-03,381817,2014-07-04 02:05:00+00:00,R,N,1,108,117,Los Angeles Angels,Houston Astros
2014,2014-07-04,381827,2014-07-04 15:05:00+00:00,R,N,1,120,112,Washington Nationals,Chicago Cubs
2014,2014-07-04,381833,2014-07-04 19:10:00+00:00,R,N,1,142,147,Minnesota Twins,New York Yankees
2014,2014-07-04,381839,2014-07-04 20:05:00+00:00,R,N,1,133,141,Oakland Athletics,Toronto Blue Jays
2014,2014-07-04,381834,2014-07-04 21:05:00+00:00,R,N,1,134,143,Pittsburgh Pirates,Philadelphia Phillies
2014,2014-07-04,381836,2014-07-04 22:40:00+00:00,R,N,1,135,137,San Diego Padres,San Francisco Giants
2014,2014-07-04,381829,2014-07-04 23:05:00+00:00,R,N,1,114,118,Cleveland Indians,Kansas City Royals
2014,2014-07-04,381837,2014-07-04 23:08:00+00:00,R,N,1,116,139,Detroit Tigers,Tampa Bay Rays
2014,2014-07-04,381838,2014-07-04 23:10:00+00:00,R,N,1,121,140,New York Mets,Texas Rangers
2014,2014-07-04,381835,2014-07-04 23:10:00+00:00,R,N,1,145,136,Chicago White Sox,Seattle Mariners
2014,2014-07-04,381832,2014-07-04 23:10:00+00:00,R,N,1,113,158,Cincinnati Reds,Milwaukee Brewers
2014,2014-07-04,381831,2014-07-04 23:15:00+00:00,R,N,1,138,146,St. Louis Cardinals,Miami Marlins
2014,2014-07-04,381825,2014-07-04 23:35:00+00:00,R,N,1,144,109,Atlanta Braves,Arizona Diamondbacks
2014,2014-07-04,381830,2014-07-05 00:10:00+00:00,R,N,1,115,119,Colorado Rockies,Los Angeles Dodgers
2014,2014-07-04,381828,2014-07-05 01:05:00+00:00,R,N,1,108,117,Los Angeles Angels,Houston Astros
2014,2014-07-05,381826,2014-07-04 17:35:00+00:00,R,N,1,111,110,Boston Red Sox,Baltimore Orioles
2014,2014-07-05,381826,2014-07-05 17:05:00+00:00,R,S,1,111,110,Boston Red Sox,Baltimore Orioles
2014,2014-07-05,381841,2014-07-05 23:15:00+00:00,R,S,2,111,110,Boston Red Sox,Baltimore Orioles
2014,2014-07-05,381850,2014-07-05 18:10:00+00:00,R,N,1,145,136,Chicago White Sox,Seattle Mariners
2014,2014-07-05,381848,2014-07-05 18:10:00+00:00,R,N,1,142,147,Minnesota Twins,New York Yankees
2014,2014-07-05,381846,2014-07-05 18:15:00+00:00,R,N,1,138,146,St. Louis Cardinals,Miami Marlins
2014,2014-07-05,381842,2014-07-05 20:05:00+00:00,R,N,1,120,112,Washington Nationals,Chicago Cubs
2014,2014-07-05,381849,2014-07-05 20:05:00+00:00,R,N,1,134,143,Pittsburgh Pirates,Philadelphia Phillies
2014,2014-07-05,381852,2014-07-05 20:08:00+00:00,R,N,1,116,139,Detroit Tigers,Tampa Bay Rays
2014,2014-07-05,381845,2014-07-05 20:10:00+00:00,R,N,1,115,119,Colorado Rockies,Los Angeles Dodgers
2014,2014-07-05,381840,2014-07-05 20:10:00+00:00,R,N,1,144,109,Atlanta Braves,Arizona Diamondbacks
2014,2014-07-05,381847,2014-07-05 20:10:00+00:00,R,N,1,113,158,Cincinnati Reds,Milwaukee Brewers
2014,2014-07-05,381844,2014-07-05 23:05:00+00:00,R,N,1,114,118,Cleveland Indians,Kansas City Royals
2014,2014-07-05,381851,2014-07-05 23:15:00+00:00,R,N,1,135,137,San Diego Padres,San Francisco Giants
2014,2014-07-05,381853,2014-07-05 23:15:00+00:00,R,N,1,121,140,New York Mets,Texas Rangers
2014,2014-07-05,381843,2014-07-06 02:05:00+00:00,R,N,1,108,117,Los Angeles Angels,Houston Astros
2014,2014-07-05,381854,2014-07-06 02:05:00+00:00,R,N,1,133,141,Oakland Athletics,Toronto Blue Jays
2014,2014-07-06,381859,2014-07-06 17:05:00+00:00,R,N,1,114,118,Cleveland Indians,Kansas City Royals
2014,2014-07-06,381868,2014-07-06 17:10:00+00:00,R,N,1,121,140,New York Mets,Texas Rangers
2014,2014-07-06,381862,2014-07-06 17:10:00+00:00,R,N,1,113,158,Cincinnati Reds,Milwaukee Brewers
2014,2014-07-06,381856,2014-07-06 17:35:00+00:00,R,N,1,111,110,Boston Red Sox,Baltimore Orioles
2014,2014-07-06,381857,2014-07-06 17:35:00+00:00,R,N,1,120,112,Washington Nationals,Chicago Cubs
2014,2014-07-06,381864,2014-07-06 17:35:00+00:00,R,N,1,134,143,Pittsburgh Pirates,Philadelphia Phillies
2014,2014-07-06,381855,2014-07-06 17:35:00+00:00,R,N,1,144,109,Atlanta Braves,Arizona Diamondbacks
2014,2014-07-06,381865,2014-07-06 18:10:00+00:00,R,N,1,145,136,Chicago White Sox,Seattle Mariners
2014,2014-07-06,381863,2014-07-06 18:10:00+00:00,R,N,1,142,147,Minnesota Twins,New York Yankees
2014,2014-07-06,381861,2014-07-06 18:15:00+00:00,R,N,1,138,146,St. Louis Cardinals,Miami Marlins
2014,2014-07-06,381858,2014-07-06 19:35:00+00:00,R,N,1,108,117,Los Angeles Angels,Houston Astros
2014,2014-07-06,381869,2014-07-06 20:05:00+00:00,R,N,1,133,141,Oakland Athletics,Toronto Blue Jays
2014,2014-07-06,381860,2014-07-06 20:10:00+00:00,R,N,1,115,119,Colorado Rockies,Los Angeles Dodgers
2014,2014-07-06,381866,2014-07-06 20:10:00+00:00,R,N,1,135,137,San Diego Padres,San Francisco Giants
2014,2014-07-06,381867,2014-07-07 00:00:00+00:00,R,N,1,116,139,Detroit Tigers,Tampa Bay Rays
2014,2014-07-07,381871,2014-07-07 23:05:00+00:00,R,N,1,120,110,Washington Nationals,Baltimore Orioles
2014,2014-07-07,381873,2014-07-07 23:10:00+00:00,R,N,1,113,112,Cincinnati Reds,Chicago Cubs
2014,2014-07-07,381875,2014-07-07 23:10:00+00:00,R,N,1,139,118,Tampa Bay Rays,Kansas City Royals
2014,2014-07-07,381870,2014-07-07 23:10:00+00:00,R,N,1,121,144,New York Mets,Atlanta Braves
2014,2014-07-07,381872,2014-07-07 23:10:00+00:00,R,N,1,111,145,Boston Red Sox,Chicago White Sox
2014,2014-07-07,381878,2014-07-07 23:10:00+00:00,R,N,1,114,147,Cleveland Indians,New York Yankees
2014,2014-07-07,381874,2014-07-08 00:05:00+00:00,R,N,1,140,117,Texas Rangers,Houston Astros
2014,2014-07-07,381879,2014-07-08 00:10:00+00:00,R,N,1,158,143,Milwaukee Brewers,Philadelphia Phillies
2014,2014-07-07,381880,2014-07-08 00:15:00+00:00,R,N,1,138,134,St. Louis Cardinals,Pittsburgh Pirates
2014,2014-07-07,381881,2014-07-08 00:40:00+00:00,R,N,1,115,135,Colorado Rockies,San Diego Padres
2014,2014-07-07,381876,2014-07-08 01:40:00+00:00,R,N,1,109,146,Arizona Diamondbacks,Miami Marlins
2014,2014-07-07,381882,2014-07-08 02:05:00+00:00,R,N,1,133,137,Oakland Athletics,San Francisco Giants
2014,2014-07-07,381883,2014-07-08 02:05:00+00:00,R,N,1,108,141,Los Angeles Angels,Toronto Blue Jays
2014,2014-07-07,381877,2014-07-08 02:10:00+00:00,R,N,1,136,142,Seattle Mariners,Minnesota Twins
2014,2014-07-08,380919,2014-07-08 17:10:00+00:00,R,S,1,113,112,Cincinnati Reds,Chicago Cubs
2014,2014-07-08,381887,2014-07-08 23:10:00+00:00,R,S,2,113,112,Cincinnati Reds,Chicago Cubs
2014,2014-07-08,381893,2014-07-08 23:05:00+00:00,R,N,1,114,147,Cleveland Indians,New York Yankees
2014,2014-07-08,381890,2014-07-08 23:08:00+00:00,R,N,1,116,119,Detroit Tigers,Los Angeles Dodgers
2014,2014-07-08,381889,2014-07-08 23:10:00+00:00,R,N,1,139,118,Tampa Bay Rays,Kansas City Royals
2014,2014-07-08,381884,2014-07-08 23:10:00+00:00,R,N,1,121,144,New York Mets,Atlanta Braves
2014,2014-07-08,381886,2014-07-08 23:10:00+00:00,R,N,1,111,145,Boston Red Sox,Chicago White Sox
2014,2014-07-08,381888,2014-07-09 00:05:00+00:00,R,N,1,140,117,Texas Rangers,Houston Astros
2014,2014-07-08,381894,2014-07-09 00:10:00+00:00,R,N,1,158,143,Milwaukee Brewers,Philadelphia Phillies
2014,2014-07-08,381895,2014-07-09 00:15:00+00:00,R,N,1,138,134,St. Louis Cardinals,Pittsburgh Pirates
2014,2014-07-08,381896,2014-07-09 00:40:00+00:00,R,N,1,115,135,Colorado Rockies,San Diego Padres
2014,2014-07-08,381891,2014-07-09 01:40:00+00:00,R,N,1,109,146,Arizona Diamondbacks,Miami Marlins
2014,2014-07-08,381897,2014-07-09 02:05:00+00:00,R,N,1,133,137,Oakland Athletics,San Francisco Giants
2014,2014-07-08,381898,2014-07-09 02:05:00+00:00,R,N,1,108,141,Los Angeles Angels,Toronto Blue Jays
2014,2014-07-08,381892,2014-07-09 02:10:00+00:00,R,N,1,136,142,Seattle Mariners,Minnesota Twins
2014,2014-08-04,381885,2014-07-08 23:05:00+00:00,R,N,1,120,110,Washington Nationals,Baltimore Orioles
2014,2014-07-09,381904,2014-07-09 17:08:00+00:00,R,N,1,116,119,Detroit Tigers,Los Angeles Dodgers
2014,2014-07-09,381911,2014-07-09 19:10:00+00:00,R,N,1,115,135,Colorado Rockies,San Diego Padres
2014,2014-07-09,381912,2014-07-09 19:35:00+00:00,R,N,1,108,141,Los Angeles Angels,Toronto Blue Jays
2014,2014-07-09,381905,2014-07-09 19:40:00+00:00,R,N,1,109,146,Arizona Diamondbacks,Miami Marlins
2014,2014-07-09,381913,2014-07-09 23:05:00+00:00,R,N,1,110,120,Baltimore Orioles,Washington Nationals
2014,2014-07-09,381907,2014-07-09 23:05:00+00:00,R,N,1,114,147,Cleveland Indians,New York Yankees
2014,2014-07-09,381901,2014-07-09 23:10:00+00:00,R,N,1,113,112,Cincinnati Reds,Chicago Cubs
2014,2014-07-09,381903,2014-07-09 23:10:00+00:00,R,N,1,139,118,Tampa Bay Rays,Kansas City Royals
2014,2014-07-09,381899,2014-07-09 23:10:00+00:00,R,N,1,121,144,New York Mets,Atlanta Braves
2014,2014-07-09,381900,2014-07-09 23:10:00+00:00,R,N,1,111,145,Boston Red Sox,Chicago White Sox
2014,2014-07-09,381902,2014-07-10 00:05:00+00:00,R,N,1,140,117,Texas Rangers,Houston Astros
2014,2014-07-09,381909,2014-07-10 00:10:00+00:00,R,N,1,158,143,Milwaukee Brewers,Philadelphia Phillies
2014,2014-07-09,381910,2014-07-10 00:15:00+00:00,R,N,1,138,134,St. Louis Cardinals,Pittsburgh Pirates
2014,2014-07-09,381906,2014-07-10 02:10:00+00:00,R,N,1,136,142,Seattle Mariners,Minnesota Twins
2014,2014-07-09,381908,2014-07-10 02:15:00+00:00,R,N,1,137,133,San Francisco Giants,Oakland Athletics
2014,2014-07-10,381917,2014-07-10 16:35:00+00:00,R,N,1,113,112,Cincinnati Reds,Chicago Cubs
2014,2014-07-10,381922,2014-07-10 18:10:00+00:00,R,N,1,158,143,Milwaukee Brewers,Philadelphia Phillies
2014,2014-07-10,381921,2014-07-10 19:45:00+00:00,R,N,1,137,133,San Francisco Giants,Oakland Athletics
2014,2014-07-10,381916,2014-07-10 20:05:00+00:00,R,N,1,111,145,Boston Red Sox,Chicago White Sox
2014,2014-07-10,381925,2014-07-10 23:05:00+00:00,R,N,1,110,120,Baltimore Orioles,Washington Nationals
2014,2014-07-10,381920,2014-07-10 23:05:00+00:00,R,N,1,114,147,Cleveland Indians,New York Yankees
2014,2014-07-10,381915,2014-07-10 23:10:00+00:00,R,N,1,121,144,New York Mets,Atlanta Braves
2014,2014-07-10,381923,2014-07-10 23:15:00+00:00,R,N,1,138,134,St. Louis Cardinals,Pittsburgh Pirates
2014,2014-07-10,381914,2014-07-11 00:05:00+00:00,R,N,1,140,108,Texas Rangers,Los Angeles Angels
2014,2014-07-10,381918,2014-07-11 00:10:00+00:00,R,N,1,118,116,Kansas City Royals,Detroit Tigers
2014,2014-07-10,381924,2014-07-11 02:10:00+00:00,R,N,1,119,135,Los Angeles Dodgers,San Diego Padres
2014,2014-07-10,381919,2014-07-11 02:10:00+00:00,R,N,1,136,142,Seattle Mariners,Minnesota Twins
2014,2014-07-11,381928,2014-07-11 20:05:00+00:00,R,N,1,112,144,Chicago Cubs,Atlanta Braves
2014,2014-07-11,381940,2014-07-11 23:05:00+00:00,R,N,1,143,120,Philadelphia Phillies,Washington Nationals
2014,2014-07-11,381930,2014-07-11 23:05:00+00:00,R,N,1,114,145,Cleveland Indians,Chicago White Sox
2014,2014-07-11,381934,2014-07-11 23:05:00+00:00,R,N,1,110,147,Baltimore Orioles,New York Yankees
2014,2014-07-11,381936,2014-07-11 23:10:00+00:00,R,N,1,113,134,Cincinnati Reds,Pittsburgh Pirates
2014,2014-07-11,381939,2014-07-11 23:10:00+00:00,R,N,1,139,141,Tampa Bay Rays,Toronto Blue Jays
2014,2014-07-11,381932,2014-07-11 23:10:00+00:00,R,N,1,121,146,New York Mets,Miami Marlins
2014,2014-07-11,381926,2014-07-12 00:05:00+00:00,R,N,1,140,108,Texas Rangers,Los Angeles Angels
2014,2014-07-11,381929,2014-07-12 00:10:00+00:00,R,N,1,117,111,Houston Astros,Boston Red Sox
2014,2014-07-11,381931,2014-07-12 00:10:00+00:00,R,N,1,118,116,Kansas City Royals,Detroit Tigers
2014,2014-07-11,381938,2014-07-12 00:10:00+00:00,R,N,1,158,138,Milwaukee Brewers,St. Louis Cardinals
2014,2014-07-11,381933,2014-07-12 00:40:00+00:00,R,N,1,115,142,Colorado Rockies,Minnesota Twins
2014,2014-07-11,381937,2014-07-12 02:10:00+00:00,R,N,1,119,135,Los Angeles Dodgers,San Diego Padres
2014,2014-07-11,381935,2014-07-12 02:10:00+00:00,R,N,1,136,133,Seattle Mariners,Oakland Athletics
2014,2014-07-11,381927,2014-07-12 02:15:00+00:00,R,N,1,137,109,San Francisco Giants,Arizona Diamondbacks
2014,2014-07-12,381945,2014-07-12 19:05:00+00:00,R,N,1,114,145,Cleveland Indians,Chicago White Sox
2014,2014-07-12,381942,2014-07-12 20:05:00+00:00,R,N,1,137,109,San Francisco Giants,Arizona Diamondbacks
2014,2014-07-12,381943,2014-07-12 20:05:00+00:00,R,N,1,112,144,Chicago Cubs,Atlanta Braves
2014,2014-07-12,381949,2014-07-12 20:05:00+00:00,R,N,1,110,147,Baltimore Orioles,New York Yankees
2014,2014-07-12,381944,2014-07-12 20:10:00+00:00,R,N,1,117,111,Houston Astros,Boston Red Sox
2014,2014-07-12,381954,2014-07-12 20:10:00+00:00,R,N,1,139,141,Tampa Bay Rays,Toronto Blue Jays
2014,2014-07-12,381948,2014-07-12 20:10:00+00:00,R,N,1,115,142,Colorado Rockies,Minnesota Twins
2014,2014-07-12,381947,2014-07-12 20:10:00+00:00,R,N,1,121,146,New York Mets,Miami Marlins
2014,2014-07-12,381953,2014-07-12 20:10:00+00:00,R,N,1,158,138,Milwaukee Brewers,St. Louis Cardinals
2014,2014-07-12,381946,2014-07-12 23:10:00+00:00,R,N,1,118,116,Kansas City Royals,Detroit Tigers
2014,2014-07-12,381951,2014-07-12 23:15:00+00:00,R,N,1,113,134,Cincinnati Reds,Pittsburgh Pirates
2014,2014-07-12,381941,2014-07-12 23:15:00+00:00,R,N,1,140,108,Texas Rangers,Los Angeles Angels
2014,2014-07-12,381955,2014-07-12 23:15:00+00:00,R,N,1,143,120,Philadelphia Phillies,Washington Nationals
2014,2014-07-12,381952,2014-07-13 02:10:00+00:00,R,N,1,119,135,Los Angeles Dodgers,San Diego Padres
2014,2014-07-12,381950,2014-07-13 02:10:00+00:00,R,N,1,136,133,Seattle Mariners,Oakland Athletics
2014,2014-07-13,381960,2014-07-13 17:05:00+00:00,R,N,1,114,145,Cleveland Indians,Chicago White Sox
2014,2014-07-13,381966,2014-07-13 17:10:00+00:00,R,N,1,113,134,Cincinnati Reds,Pittsburgh Pirates
2014,2014-07-13,381962,2014-07-13 17:10:00+00:00,R,N,1,121,146,New York Mets,Miami Marlins
2014,2014-07-13,381970,2014-07-13 17:35:00+00:00,R,N,1,143,120,Philadelphia Phillies,Washington Nationals
2014,2014-07-13,381969,2014-07-13 17:40:00+00:00,R,N,1,139,141,Tampa Bay Rays,Toronto Blue Jays
2014,2014-07-13,381959,2014-07-13 18:10:00+00:00,R,N,1,117,111,Houston Astros,Boston Red Sox
2014,2014-07-13,381961,2014-07-13 18:10:00+00:00,R,N,1,118,116,Kansas City Royals,Detroit Tigers
2014,2014-07-13,381968,2014-07-13 18:10:00+00:00,R,N,1,158,138,Milwaukee Brewers,St. Louis Cardinals
2014,2014-07-13,381958,2014-07-13 18:20:00+00:00,R,N,1,112,144,Chicago Cubs,Atlanta Braves
2014,2014-07-13,381956,2014-07-13 19:05:00+00:00,R,N,1,140,108,Texas Rangers,Los Angeles Angels
2014,2014-07-13,381957,2014-07-13 20:05:00+00:00,R,N,1,137,109,San Francisco Giants,Arizona Diamondbacks
2014,2014-07-13,381967,2014-07-13 20:10:00+00:00,R,N,1,119,135,Los Angeles Dodgers,San Diego Padres
2014,2014-07-13,381965,2014-07-13 20:10:00+00:00,R,N,1,136,133,Seattle Mariners,Oakland Athletics
2014,2014-07-13,381963,2014-07-13 20:10:00+00:00,R,N,1,115,142,Colorado Rockies,Minnesota Twins
2014,2014-07-13,381964,2014-07-14 00:05:00+00:00,R,N,1,110,147,Baltimore Orioles,New York Yankees
2014,2014-07-18,381976,2014-07-18 23:05:00+00:00,R,N,1,134,115,Pittsburgh Pirates,Colorado Rockies
2014,2014-07-18,381974,2014-07-18 23:05:00+00:00,R,N,1,147,113,New York Yankees,Cincinnati Reds
2014,2014-07-18,381980,2014-07-18 23:05:00+00:00,R,N,1,120,158,Washington Nationals,Milwaukee Brewers
2014,2014-07-18,381986,2014-07-18 23:07:00+00:00,R,N,1,141,140,Toronto Blue Jays,Texas Rangers
2014,2014-07-18,381975,2014-07-18 23:08:00+00:00,R,N,1,116,114,Detroit Tigers,Cleveland Indians
2014,2014-07-18,381978,2014-07-18 23:10:00+00:00,R,N,1,111,118,Boston Red Sox,Kansas City Royals
2014,2014-07-18,381984,2014-07-18 23:10:00+00:00,R,N,1,146,137,Miami Marlins,San Francisco Giants
2014,2014-07-18,381982,2014-07-18 23:35:00+00:00,R,N,1,144,143,Atlanta Braves,Philadelphia Phillies
2014,2014-07-18,381985,2014-07-19 00:10:00+00:00,R,N,1,142,139,Minnesota Twins,Tampa Bay Rays
2014,2014-07-18,381977,2014-07-19 00:10:00+00:00,R,N,1,145,117,Chicago White Sox,Houston Astros
2014,2014-07-18,381979,2014-07-19 00:15:00+00:00,R,N,1,138,119,St. Louis Cardinals,Los Angeles Dodgers
2014,2014-07-18,381973,2014-07-19 01:40:00+00:00,R,N,1,109,112,Arizona Diamondbacks,Chicago Cubs
2014,2014-07-18,381972,2014-07-19 02:05:00+00:00,R,N,1,133,110,Oakland Athletics,Baltimore Orioles
2014,2014-07-18,381983,2014-07-19 02:05:00+00:00,R,N,1,108,136,Los Angeles Angels,Seattle Mariners
2014,2014-07-18,381981,2014-07-19 02:10:00+00:00,R,N,1,135,121,San Diego Padres,New York Mets
2014,2014-07-19,381989,2014-07-19 17:05:00+00:00,R,N,1,147,113,New York Yankees,Cincinnati Reds
2014,2014-07-19,382001,2014-07-19 17:07:00+00:00,R,N,1,141,140,Toronto Blue Jays,Texas Rangers
2014,2014-07-19,380737,2014-07-19 17:08:00+00:00,R,S,1,116,114,Detroit Tigers,Cleveland Indians
2014,2014-07-19,381990,2014-07-19 23:08:00+00:00,R,S,2,116,114,Detroit Tigers,Cleveland Indians
2014,2014-07-19,381994,2014-07-19 20:05:00+00:00,R,N,1,138,119,St. Louis Cardinals,Los Angeles Dodgers
2014,2014-07-19,381991,2014-07-19 23:05:00+00:00,R,N,1,134,115,Pittsburgh Pirates,Colorado Rockies
2014,2014-07-19,381995,2014-07-19 23:05:00+00:00,R,N,1,120,158,Washington Nationals,Milwaukee Brewers
2014,2014-07-19,381993,2014-07-19 23:10:00+00:00,R,N,1,111,118,Boston Red Sox,Kansas City Royals
2014,2014-07-19,382000,2014-07-19 23:10:00+00:00,R,N,1,142,139,Minnesota Twins,Tampa Bay Rays
2014,2014-07-19,381997,2014-07-19 23:10:00+00:00,R,N,1,144,143,Atlanta Braves,Philadelphia Phillies
2014,2014-07-19,381992,2014-07-19 23:10:00+00:00,R,N,1,145,117,Chicago White Sox,Houston Astros
2014,2014-07-19,381999,2014-07-19 23:10:00+00:00,R,N,1,146,137,Miami Marlins,San Francisco Giants
2014,2014-07-19,381988,2014-07-20 00:10:00+00:00,R,N,1,109,112,Arizona Diamondbacks,Chicago Cubs
2014,2014-07-19,381996,2014-07-20 00:40:00+00:00,R,N,1,135,121,San Diego Padres,New York Mets
2014,2014-07-19,381987,2014-07-20 01:05:00+00:00,R,N,1,133,110,Oakland Athletics,Baltimore Orioles
2014,2014-07-19,381998,2014-07-20 01:05:00+00:00,R,N,1,108,136,Los Angeles Angels,Seattle Mariners
2014,2014-07-20,382004,2014-07-20 17:05:00+00:00,R,N,1,147,113,New York Yankees,Cincinnati Reds
2014,2014-07-20,382016,2014-07-20 17:07:00+00:00,R,N,1,141,140,Toronto Blue Jays,Texas Rangers
2014,2014-07-20,382005,2014-07-20 17:08:00+00:00,R,N,1,116,114,Detroit Tigers,Cleveland Indians
2014,2014-07-20,382014,2014-07-20 17:10:00+00:00,R,N,1,146,137,Miami Marlins,San Francisco Giants
2014,2014-07-20,382008,2014-07-20 17:35:00+00:00,R,N,1,111,118,Boston Red Sox,Kansas City Royals
2014,2014-07-20,382006,2014-07-20 17:35:00+00:00,R,N,1,134,115,Pittsburgh Pirates,Colorado Rockies
2014,2014-07-20,382012,2014-07-20 17:35:00+00:00,R,N,1,144,143,Atlanta Braves,Philadelphia Phillies
2014,2014-07-20,382010,2014-07-20 17:35:00+00:00,R,N,1,120,158,Washington Nationals,Milwaukee Brewers
2014,2014-07-20,382015,2014-07-20 18:10:00+00:00,R,N,1,142,139,Minnesota Twins,Tampa Bay Rays
2014,2014-07-20,382007,2014-07-20 18:10:00+00:00,R,N,1,145,117,Chicago White Sox,Houston Astros
2014,2014-07-20,382013,2014-07-20 19:35:00+00:00,R,N,1,108,136,Los Angeles Angels,Seattle Mariners
2014,2014-07-20,382002,2014-07-20 20:05:00+00:00,R,N,1,133,110,Oakland Athletics,Baltimore Orioles
2014,2014-07-20,382003,2014-07-20 20:10:00+00:00,R,N,1,109,112,Arizona Diamondbacks,Chicago Cubs
2014,2014-07-20,382011,2014-07-20 20:10:00+00:00,R,N,1,135,121,San Diego Padres,New York Mets
2014,2014-07-20,382009,2014-07-21 00:05:00+00:00,R,N,1,138,119,St. Louis Cardinals,Los Angeles Dodgers
2014,2014-07-21,382023,2014-07-21 23:05:00+00:00,R,N,1,134,119,Pittsburgh Pirates,Los Angeles Dodgers
2014,2014-07-21,382026,2014-07-21 23:05:00+00:00,R,N,1,143,137,Philadelphia Phillies,San Francisco Giants
2014,2014-07-21,382027,2014-07-21 23:05:00+00:00,R,N,1,147,140,New York Yankees,Texas Rangers
2014,2014-07-21,382018,2014-07-21 23:07:00+00:00,R,N,1,141,111,Toronto Blue Jays,Boston Red Sox
2014,2014-07-21,382024,2014-07-21 23:10:00+00:00,R,N,1,144,146,Atlanta Braves,Miami Marlins
2014,2014-07-21,382020,2014-07-22 00:10:00+00:00,R,N,1,142,114,Minnesota Twins,Cleveland Indians
2014,2014-07-21,382022,2014-07-22 00:10:00+00:00,R,N,1,145,118,Chicago White Sox,Kansas City Royals
2014,2014-07-21,382019,2014-07-22 00:10:00+00:00,R,N,1,158,113,Milwaukee Brewers,Cincinnati Reds
2014,2014-07-21,382028,2014-07-22 00:40:00+00:00,R,N,1,115,120,Colorado Rockies,Washington Nationals
2014,2014-07-21,382021,2014-07-22 01:40:00+00:00,R,N,1,109,116,Arizona Diamondbacks,Detroit Tigers
2014,2014-07-21,382017,2014-07-22 02:05:00+00:00,R,N,1,108,110,Los Angeles Angels,Baltimore Orioles
2014,2014-07-21,382025,2014-07-22 02:10:00+00:00,R,N,1,136,121,Seattle Mariners,New York Mets
2014,2014-07-22,382036,2014-07-22 23:05:00+00:00,R,N,1,134,119,Pittsburgh Pirates,Los Angeles Dodgers
2014,2014-07-22,382040,2014-07-22 23:05:00+00:00,R,N,1,143,137,Philadelphia Phillies,San Francisco Giants
2014,2014-07-22,382042,2014-07-22 23:05:00+00:00,R,N,1,147,140,New York Yankees,Texas Rangers
2014,2014-07-22,382030,2014-07-22 23:07:00+00:00,R,N,1,141,111,Toronto Blue Jays,Boston Red Sox
2014,2014-07-22,382037,2014-07-22 23:10:00+00:00,R,N,1,144,146,Atlanta Braves,Miami Marlins
2014,2014-07-22,382039,2014-07-23 00:05:00+00:00,R,N,1,112,135,Chicago Cubs,San Diego Padres
2014,2014-07-22,382032,2014-07-23 00:10:00+00:00,R,N,1,142,114,Minnesota Twins,Cleveland Indians
2014,2014-07-22,382035,2014-07-23 00:10:00+00:00,R,N,1,145,118,Chicago White Sox,Kansas City Royals
2014,2014-07-22,382031,2014-07-23 00:10:00+00:00,R,N,1,158,113,Milwaukee Brewers,Cincinnati Reds
2014,2014-07-22,382041,2014-07-23 00:15:00+00:00,R,N,1,138,139,St. Louis Cardinals,Tampa Bay Rays
2014,2014-07-22,382043,2014-07-23 00:40:00+00:00,R,N,1,115,120,Colorado Rockies,Washington Nationals
2014,2014-07-22,382033,2014-07-23 01:40:00+00:00,R,N,1,109,116,Arizona Diamondbacks,Detroit Tigers
2014,2014-07-22,382029,2014-07-23 02:05:00+00:00,R,N,1,108,110,Los Angeles Angels,Baltimore Orioles
2014,2014-07-22,382034,2014-07-23 02:05:00+00:00,R,N,1,133,117,Oakland Athletics,Houston Astros
2014,2014-07-22,382038,2014-07-23 02:10:00+00:00,R,N,1,136,121,Seattle Mariners,New York Mets
2014,2014-07-23,382047,2014-07-23 17:10:00+00:00,R,N,1,142,114,Minnesota Twins,Cleveland Indians
2014,2014-07-23,382050,2014-07-23 18:10:00+00:00,R,N,1,145,118,Chicago White Sox,Kansas City Royals
2014,2014-07-23,382046,2014-07-23 18:10:00+00:00,R,N,1,158,113,Milwaukee Brewers,Cincinnati Reds
2014,2014-07-23,382058,2014-07-23 19:10:00+00:00,R,N,1,115,120,Colorado Rockies,Washington Nationals
2014,2014-07-23,382048,2014-07-23 19:40:00+00:00,R,N,1,109,116,Arizona Diamondbacks,Detroit Tigers
2014,2014-07-23,382053,2014-07-23 19:40:00+00:00,R,N,1,136,121,Seattle Mariners,New York Mets
2014,2014-07-23,382051,2014-07-23 23:05:00+00:00,R,N,1,134,119,Pittsburgh Pirates,Los Angeles Dodgers
2014,2014-07-23,382055,2014-07-23 23:05:00+00:00,R,N,1,143,137,Philadelphia Phillies,San Francisco Giants
2014,2014-07-23,382057,2014-07-23 23:05:00+00:00,R,N,1,147,140,New York Yankees,Texas Rangers
2014,2014-07-23,382045,2014-07-23 23:07:00+00:00,R,N,1,141,111,Toronto Blue Jays,Boston Red Sox
2014,2014-07-23,382052,2014-07-23 23:10:00+00:00,R,N,1,144,146,Atlanta Braves,Miami Marlins
2014,2014-07-23,382056,2014-07-23 23:15:00+00:00,R,N,1,138,139,St. Louis Cardinals,Tampa Bay Rays
2014,2014-07-23,382054,2014-07-24 00:05:00+00:00,R,N,1,112,135,Chicago Cubs,San Diego Padres
2014,2014-07-23,382044,2014-07-24 02:05:00+00:00,R,N,1,108,110,Los Angeles Angels,Baltimore Orioles
2014,2014-07-23,382049,2014-07-24 02:05:00+00:00,R,N,1,133,117,Oakland Athletics,Houston Astros
2014,2014-07-24,382060,2014-07-24 16:37:00+00:00,R,N,1,141,111,Toronto Blue Jays,Boston Red Sox
2014,2014-07-24,382068,2014-07-24 17:05:00+00:00,R,N,1,143,137,Philadelphia Phillies,San Francisco Giants
2014,2014-07-24,382069,2014-07-24 17:05:00+00:00,R,N,1,147,140,New York Yankees,Texas Rangers
2014,2014-07-24,382064,2014-07-24 19:35:00+00:00,R,N,1,133,117,Oakland Athletics,Houston Astros
2014,2014-07-24,382065,2014-07-24 23:10:00+00:00,R,N,1,144,146,Atlanta Braves,Miami Marlins
2014,2014-07-24,382067,2014-07-25 00:05:00+00:00,R,N,1,112,135,Chicago Cubs,San Diego Padres
2014,2014-07-24,382062,2014-07-25 00:10:00+00:00,R,N,1,118,114,Kansas City Royals,Cleveland Indians
2014,2014-07-24,382061,2014-07-25 00:10:00+00:00,R,N,1,142,145,Minnesota Twins,Chicago White Sox
2014,2014-07-24,382066,2014-07-25 00:10:00+00:00,R,N,1,158,121,Milwaukee Brewers,New York Mets
2014,2014-07-24,382063,2014-07-25 02:05:00+00:00,R,N,1,108,116,Los Angeles Angels,Detroit Tigers
2014,2014-07-24,382059,2014-07-25 02:10:00+00:00,R,N,1,136,110,Seattle Mariners,Baltimore Orioles
2014,2014-07-25,382082,2014-07-25 20:05:00+00:00,R,N,1,112,138,Chicago Cubs,St. Louis Cardinals
2014,2014-07-25,382070,2014-07-25 23:05:00+00:00,R,N,1,143,109,Philadelphia Phillies,Arizona Diamondbacks
2014,2014-07-25,382083,2014-07-25 23:05:00+00:00,R,N,1,147,141,New York Yankees,Toronto Blue Jays
2014,2014-07-25,382084,2014-07-25 23:10:00+00:00,R,N,1,113,120,Cincinnati Reds,Washington Nationals
2014,2014-07-25,382072,2014-07-25 23:10:00+00:00,R,N,1,139,111,Tampa Bay Rays,Boston Red Sox
2014,2014-07-25,382081,2014-07-25 23:35:00+00:00,R,N,1,144,135,Atlanta Braves,San Diego Padres
2014,2014-07-25,382079,2014-07-26 00:05:00+00:00,R,N,1,140,133,Texas Rangers,Oakland Athletics
2014,2014-07-25,382074,2014-07-26 00:10:00+00:00,R,N,1,118,114,Kansas City Royals,Cleveland Indians
2014,2014-07-25,382073,2014-07-26 00:10:00+00:00,R,N,1,142,145,Minnesota Twins,Chicago White Sox
2014,2014-07-25,382077,2014-07-26 00:10:00+00:00,R,N,1,117,146,Houston Astros,Miami Marlins
2014,2014-07-25,382078,2014-07-26 00:10:00+00:00,R,N,1,158,121,Milwaukee Brewers,New York Mets
2014,2014-07-25,382080,2014-07-26 00:40:00+00:00,R,N,1,115,134,Colorado Rockies,Pittsburgh Pirates
2014,2014-07-25,382075,2014-07-26 02:05:00+00:00,R,N,1,108,116,Los Angeles Angels,Detroit Tigers
2014,2014-07-25,382071,2014-07-26 02:10:00+00:00,R,N,1,136,110,Seattle Mariners,Baltimore Orioles
2014,2014-07-25,382076,2014-07-26 02:15:00+00:00,R,N,1,137,119,San Francisco Giants,Los Angeles Dodgers
2014,2014-07-26,382098,2014-07-26 17:05:00+00:00,R,N,1,147,141,New York Yankees,Toronto Blue Jays
2014,2014-07-26,382099,2014-07-26 20:05:00+00:00,R,N,1,113,120,Cincinnati Reds,Washington Nationals
2014,2014-07-26,382097,2014-07-26 20:05:00+00:00,R,N,1,112,138,Chicago Cubs,St. Louis Cardinals
2014,2014-07-26,382086,2014-07-26 20:10:00+00:00,R,N,1,136,110,Seattle Mariners,Baltimore Orioles
2014,2014-07-26,382085,2014-07-26 23:05:00+00:00,R,N,1,143,109,Philadelphia Phillies,Arizona Diamondbacks
2014,2014-07-26,382089,2014-07-26 23:10:00+00:00,R,N,1,118,114,Kansas City Royals,Cleveland Indians
2014,2014-07-26,382087,2014-07-26 23:10:00+00:00,R,N,1,139,111,Tampa Bay Rays,Boston Red Sox
2014,2014-07-26,382096,2014-07-26 23:10:00+00:00,R,N,1,144,135,Atlanta Braves,San Diego Padres
2014,2014-07-26,382088,2014-07-26 23:10:00+00:00,R,N,1,142,145,Minnesota Twins,Chicago White Sox
2014,2014-07-26,382092,2014-07-26 23:10:00+00:00,R,N,1,117,146,Houston Astros,Miami Marlins
2014,2014-07-26,382093,2014-07-26 23:10:00+00:00,R,N,1,158,121,Milwaukee Brewers,New York Mets
2014,2014-07-26,382094,2014-07-27 00:05:00+00:00,R,N,1,140,133,Texas Rangers,Oakland Athletics
2014,2014-07-26,382095,2014-07-27 00:10:00+00:00,R,N,1,115,134,Colorado Rockies,Pittsburgh Pirates
2014,2014-07-26,382090,2014-07-27 01:05:00+00:00,R,N,1,108,116,Los Angeles Angels,Detroit Tigers
2014,2014-07-26,382091,2014-07-27 01:05:00+00:00,R,N,1,137,119,San Francisco Giants,Los Angeles Dodgers
2014,2014-07-27,382113,2014-07-27 17:05:00+00:00,R,N,1,147,141,New York Yankees,Toronto Blue Jays
2014,2014-07-27,382114,2014-07-27 17:10:00+00:00,R,N,1,113,120,Cincinnati Reds,Washington Nationals
2014,2014-07-27,382100,2014-07-27 17:35:00+00:00,R,N,1,143,109,Philadelphia Phillies,Arizona Diamondbacks
2014,2014-07-27,382102,2014-07-27 17:40:00+00:00,R,N,1,139,111,Tampa Bay Rays,Boston Red Sox
2014,2014-07-27,382104,2014-07-27 18:10:00+00:00,R,N,1,118,114,Kansas City Royals,Cleveland Indians
2014,2014-07-27,382103,2014-07-27 18:10:00+00:00,R,N,1,142,145,Minnesota Twins,Chicago White Sox
2014,2014-07-27,382107,2014-07-27 18:10:00+00:00,R,N,1,117,146,Houston Astros,Miami Marlins
2014,2014-07-27,382108,2014-07-27 18:10:00+00:00,R,N,1,158,121,Milwaukee Brewers,New York Mets
2014,2014-07-27,382112,2014-07-27 18:20:00+00:00,R,N,1,112,138,Chicago Cubs,St. Louis Cardinals
2014,2014-07-27,382105,2014-07-27 19:35:00+00:00,R,N,1,108,116,Los Angeles Angels,Detroit Tigers
2014,2014-07-27,382110,2014-07-27 20:10:00+00:00,R,N,1,115,134,Colorado Rockies,Pittsburgh Pirates
2014,2014-07-27,382101,2014-07-27 20:10:00+00:00,R,N,1,136,110,Seattle Mariners,Baltimore Orioles
2014,2014-07-27,382111,2014-07-27 21:05:00+00:00,R,N,1,144,135,Atlanta Braves,San Diego Padres
2014,2014-07-27,382109,2014-07-27 23:05:00+00:00,R,N,1,140,133,Texas Rangers,Oakland Athletics
2014,2014-07-27,382106,2014-07-28 00:07:00+00:00,R,N,1,137,119,San Francisco Giants,Los Angeles Dodgers
2014,2014-07-28,382122,2014-07-28 16:10:00+00:00,R,N,1,144,135,Atlanta Braves,San Diego Padres
2014,2014-07-28,382115,2014-07-28 23:10:00+00:00,R,N,1,113,109,Cincinnati Reds,Arizona Diamondbacks
2014,2014-07-28,382123,2014-07-28 23:10:00+00:00,R,N,1,111,141,Boston Red Sox,Toronto Blue Jays
2014,2014-07-28,382120,2014-07-28 23:10:00+00:00,R,N,1,121,143,New York Mets,Philadelphia Phillies
2014,2014-07-28,382124,2014-07-28 23:10:00+00:00,R,N,1,146,120,Miami Marlins,Washington Nationals
2014,2014-07-28,382117,2014-07-28 23:10:00+00:00,R,N,1,139,158,Tampa Bay Rays,Milwaukee Brewers
2014,2014-07-28,382116,2014-07-29 00:05:00+00:00,R,N,1,112,115,Chicago Cubs,Colorado Rockies
2014,2014-07-28,382118,2014-07-29 00:05:00+00:00,R,N,1,140,147,Texas Rangers,New York Yankees
2014,2014-07-28,382119,2014-07-29 00:10:00+00:00,R,N,1,117,133,Houston Astros,Oakland Athletics
2014,2014-07-28,382121,2014-07-29 02:15:00+00:00,R,N,1,137,134,San Francisco Giants,Pittsburgh Pirates
2014,2014-07-29,382125,2014-07-29 23:05:00+00:00,R,N,1,110,108,Baltimore Orioles,Los Angeles Angels
2014,2014-07-29,382136,2014-07-29 23:05:00+00:00,R,N,1,114,136,Cleveland Indians,Seattle Mariners
2014,2014-07-29,382128,2014-07-29 23:08:00+00:00,R,N,1,116,145,Detroit Tigers,Chicago White Sox
2014,2014-07-29,382126,2014-07-29 23:10:00+00:00,R,N,1,113,109,Cincinnati Reds,Arizona Diamondbacks
2014,2014-07-29,382138,2014-07-29 23:10:00+00:00,R,N,1,111,141,Boston Red Sox,Toronto Blue Jays
2014,2014-07-29,382134,2014-07-29 23:10:00+00:00,R,N,1,121,143,New York Mets,Philadelphia Phillies
2014,2014-07-29,382139,2014-07-29 23:10:00+00:00,R,N,1,146,120,Miami Marlins,Washington Nationals
2014,2014-07-29,382130,2014-07-29 23:10:00+00:00,R,N,1,139,158,Tampa Bay Rays,Milwaukee Brewers
2014,2014-07-29,382129,2014-07-30 00:05:00+00:00,R,N,1,112,115,Chicago Cubs,Colorado Rockies
2014,2014-07-29,382132,2014-07-30 00:05:00+00:00,R,N,1,140,147,Texas Rangers,New York Yankees
2014,2014-07-29,382133,2014-07-30 00:10:00+00:00,R,N,1,117,133,Houston Astros,Oakland Athletics
2014,2014-07-29,382131,2014-07-30 00:10:00+00:00,R,N,1,118,142,Kansas City Royals,Minnesota Twins
2014,2014-07-29,382137,2014-07-30 02:10:00+00:00,R,N,1,135,138,San Diego Padres,St. Louis Cardinals
2014,2014-07-29,382127,2014-07-30 02:10:00+00:00,R,N,1,119,144,Los Angeles Dodgers,Atlanta Braves
2014,2014-07-29,382135,2014-07-30 02:15:00+00:00,R,N,1,137,134,San Francisco Giants,Pittsburgh Pirates
2014,2014-07-30,382149,2014-07-30 16:10:00+00:00,R,N,1,121,143,New York Mets,Philadelphia Phillies
2014,2014-07-30,382145,2014-07-30 16:10:00+00:00,R,N,1,139,158,Tampa Bay Rays,Milwaukee Brewers
2014,2014-07-30,382141,2014-07-30 16:35:00+00:00,R,N,1,113,109,Cincinnati Reds,Arizona Diamondbacks
2014,2014-07-30,382154,2014-07-30 16:40:00+00:00,R,N,1,146,120,Miami Marlins,Washington Nationals
2014,2014-07-30,382148,2014-07-30 18:10:00+00:00,R,N,1,117,133,Houston Astros,Oakland Athletics
2014,2014-07-30,382150,2014-07-30 19:45:00+00:00,R,N,1,137,134,San Francisco Giants,Pittsburgh Pirates
2014,2014-07-30,382140,2014-07-30 23:05:00+00:00,R,N,1,110,108,Baltimore Orioles,Los Angeles Angels
2014,2014-07-30,382151,2014-07-30 23:05:00+00:00,R,N,1,114,136,Cleveland Indians,Seattle Mariners
2014,2014-07-30,382143,2014-07-30 23:08:00+00:00,R,N,1,116,145,Detroit Tigers,Chicago White Sox
2014,2014-07-30,382153,2014-07-30 23:10:00+00:00,R,N,1,111,141,Boston Red Sox,Toronto Blue Jays
2014,2014-07-30,382144,2014-07-31 00:05:00+00:00,R,N,1,112,115,Chicago Cubs,Colorado Rockies
2014,2014-07-30,382147,2014-07-31 00:05:00+00:00,R,N,1,140,147,Texas Rangers,New York Yankees
2014,2014-07-30,382146,2014-07-31 00:10:00+00:00,R,N,1,118,142,Kansas City Royals,Minnesota Twins
2014,2014-07-30,382152,2014-07-31 02:10:00+00:00,R,N,1,135,138,San Diego Padres,St. Louis Cardinals
2014,2014-07-30,382142,2014-07-31 02:10:00+00:00,R,N,1,119,144,Los Angeles Dodgers,Atlanta Braves
2014,2014-07-31,382157,2014-07-31 17:08:00+00:00,R,N,1,116,145,Detroit Tigers,Chicago White Sox
2014,2014-07-31,382159,2014-07-31 18:20:00+00:00,R,N,1,112,115,Chicago Cubs,Colorado Rockies
2014,2014-07-31,382164,2014-07-31 19:40:00+00:00,R,N,1,135,138,San Diego Padres,St. Louis Cardinals
2014,2014-07-31,382155,2014-07-31 23:05:00+00:00,R,N,1,110,108,Baltimore Orioles,Los Angeles Angels
2014,2014-07-31,382163,2014-07-31 23:05:00+00:00,R,N,1,114,136,Cleveland Indians,Seattle Mariners
2014,2014-07-31,382161,2014-07-31 23:05:00+00:00,R,N,1,120,143,Washington Nationals,Philadelphia Phillies
2014,2014-07-31,382158,2014-07-31 23:10:00+00:00,R,N,1,146,113,Miami Marlins,Cincinnati Reds
2014,2014-07-31,382165,2014-08-01 00:10:00+00:00,R,N,1,117,141,Houston Astros,Toronto Blue Jays
2014,2014-07-31,382160,2014-08-01 00:10:00+00:00,R,N,1,118,142,Kansas City Royals,Minnesota Twins
2014,2014-07-31,382162,2014-08-01 01:40:00+00:00,R,N,1,109,134,Arizona Diamondbacks,Pittsburgh Pirates
2014,2014-07-31,382156,2014-08-01 02:10:00+00:00,R,N,1,119,144,Los Angeles Dodgers,Atlanta Braves
2014,2014-08-01,382177,2014-08-01 23:05:00+00:00,R,N,1,110,136,Baltimore Orioles,Seattle Mariners
2014,2014-08-01,382179,2014-08-01 23:05:00+00:00,R,N,1,114,140,Cleveland Indians,Texas Rangers
2014,2014-08-01,382175,2014-08-01 23:05:00+00:00,R,N,1,120,143,Washington Nationals,Philadelphia Phillies
2014,2014-08-01,382170,2014-08-01 23:08:00+00:00,R,N,1,116,115,Detroit Tigers,Colorado Rockies
2014,2014-08-01,382178,2014-08-01 23:10:00+00:00,R,N,1,121,137,New York Mets,San Francisco Giants
2014,2014-08-01,382166,2014-08-01 23:10:00+00:00,R,N,1,139,108,Tampa Bay Rays,Los Angeles Angels
2014,2014-08-01,382169,2014-08-01 23:10:00+00:00,R,N,1,146,113,Miami Marlins,Cincinnati Reds
2014,2014-08-01,382174,2014-08-01 23:10:00+00:00,R,N,1,111,147,Boston Red Sox,New York Yankees
2014,2014-08-01,382180,2014-08-02 00:10:00+00:00,R,N,1,117,141,Houston Astros,Toronto Blue Jays
2014,2014-08-01,382173,2014-08-02 00:10:00+00:00,R,N,1,145,142,Chicago White Sox,Minnesota Twins
2014,2014-08-01,382172,2014-08-02 00:15:00+00:00,R,N,1,138,158,St. Louis Cardinals,Milwaukee Brewers
2014,2014-08-01,382171,2014-08-02 01:35:00+00:00,R,N,1,133,118,Oakland Athletics,Kansas City Royals
2014,2014-08-01,382176,2014-08-02 01:40:00+00:00,R,N,1,109,134,Arizona Diamondbacks,Pittsburgh Pirates
2014,2014-08-01,382168,2014-08-02 02:10:00+00:00,R,N,1,119,112,Los Angeles Dodgers,Chicago Cubs
2014,2014-08-01,382167,2014-08-02 02:10:00+00:00,R,N,1,135,144,San Diego Padres,Atlanta Braves
2014,2014-08-02,382186,2014-08-02 20:05:00+00:00,R,N,1,133,118,Oakland Athletics,Kansas City Royals
2014,2014-08-02,382189,2014-08-02 20:05:00+00:00,R,N,1,111,147,Boston Red Sox,New York Yankees
2014,2014-08-02,382192,2014-08-02 23:05:00+00:00,R,N,1,110,136,Baltimore Orioles,Seattle Mariners
2014,2014-08-02,382194,2014-08-02 23:05:00+00:00,R,N,1,114,140,Cleveland Indians,Texas Rangers
2014,2014-08-02,382190,2014-08-02 23:05:00+00:00,R,N,1,120,143,Washington Nationals,Philadelphia Phillies
2014,2014-08-02,382185,2014-08-02 23:08:00+00:00,R,N,1,116,115,Detroit Tigers,Colorado Rockies
2014,2014-08-02,382193,2014-08-02 23:10:00+00:00,R,N,1,121,137,New York Mets,San Francisco Giants
2014,2014-08-02,382181,2014-08-02 23:10:00+00:00,R,N,1,139,108,Tampa Bay Rays,Los Angeles Angels
2014,2014-08-02,382195,2014-08-02 23:10:00+00:00,R,N,1,117,141,Houston Astros,Toronto Blue Jays
2014,2014-08-02,382188,2014-08-02 23:10:00+00:00,R,N,1,145,142,Chicago White Sox,Minnesota Twins
2014,2014-08-02,382184,2014-08-02 23:10:00+00:00,R,N,1,146,113,Miami Marlins,Cincinnati Reds
2014,2014-08-02,382187,2014-08-02 23:15:00+00:00,R,N,1,138,158,St. Louis Cardinals,Milwaukee Brewers
2014,2014-08-02,382191,2014-08-03 00:10:00+00:00,R,N,1,109,134,Arizona Diamondbacks,Pittsburgh Pirates
2014,2014-08-02,382182,2014-08-03 00:40:00+00:00,R,N,1,135,144,San Diego Padres,Atlanta Braves
2014,2014-08-02,382183,2014-08-03 01:10:00+00:00,R,N,1,119,112,Los Angeles Dodgers,Chicago Cubs
2014,2014-08-03,382209,2014-08-03 17:05:00+00:00,R,N,1,114,140,Cleveland Indians,Texas Rangers
2014,2014-08-03,382200,2014-08-03 17:08:00+00:00,R,N,1,116,115,Detroit Tigers,Colorado Rockies
2014,2014-08-03,382208,2014-08-03 17:10:00+00:00,R,N,1,121,137,New York Mets,San Francisco Giants
2014,2014-08-03,382199,2014-08-03 17:10:00+00:00,R,N,1,146,113,Miami Marlins,Cincinnati Reds
2014,2014-08-03,382207,2014-08-03 17:35:00+00:00,R,N,1,110,136,Baltimore Orioles,Seattle Mariners
2014,2014-08-03,382205,2014-08-03 17:35:00+00:00,R,N,1,120,143,Washington Nationals,Philadelphia Phillies
2014,2014-08-03,382196,2014-08-03 17:40:00+00:00,R,N,1,139,108,Tampa Bay Rays,Los Angeles Angels
2014,2014-08-03,382210,2014-08-03 18:10:00+00:00,R,N,1,117,141,Houston Astros,Toronto Blue Jays
2014,2014-08-03,382203,2014-08-03 18:10:00+00:00,R,N,1,145,142,Chicago White Sox,Minnesota Twins
2014,2014-08-03,382202,2014-08-03 18:15:00+00:00,R,N,1,138,158,St. Louis Cardinals,Milwaukee Brewers
2014,2014-08-03,382201,2014-08-03 20:05:00+00:00,R,N,1,133,118,Oakland Athletics,Kansas City Royals
2014,2014-08-03,382198,2014-08-03 20:10:00+00:00,R,N,1,119,112,Los Angeles Dodgers,Chicago Cubs
2014,2014-08-03,382206,2014-08-03 20:10:00+00:00,R,N,1,109,134,Arizona Diamondbacks,Pittsburgh Pirates
2014,2014-08-03,382197,2014-08-03 20:10:00+00:00,R,N,1,135,144,San Diego Padres,Atlanta Braves
2014,2014-08-03,382204,2014-08-04 00:00:00+00:00,R,N,1,111,147,Boston Red Sox,New York Yankees
2014,2014-08-04,382214,2014-08-04 16:10:00+00:00,R,N,1,121,137,New York Mets,San Francisco Giants
2014,2014-08-04,382212,2014-08-04 23:05:00+00:00,R,N,1,114,113,Cleveland Indians,Cincinnati Reds
2014,2014-08-04,381885,2014-08-04 23:05:00+00:00,R,N,1,120,110,Washington Nationals,Baltimore Orioles
2014,2014-08-04,382213,2014-08-04 23:05:00+00:00,R,N,1,147,116,New York Yankees,Detroit Tigers
2014,2014-08-04,382216,2014-08-05 00:10:00+00:00,R,N,1,145,140,Chicago White Sox,Texas Rangers
2014,2014-08-04,382215,2014-08-05 02:05:00+00:00,R,N,1,133,139,Oakland Athletics,Tampa Bay Rays
2014,2014-08-04,382211,2014-08-05 02:10:00+00:00,R,N,1,119,108,Los Angeles Dodgers,Los Angeles Angels
2014,2014-08-05,382222,2014-08-05 23:05:00+00:00,R,N,1,114,113,Cleveland Indians,Cincinnati Reds
2014,2014-08-05,382227,2014-08-05 23:05:00+00:00,R,N,1,120,121,Washington Nationals,New York Mets
2014,2014-08-05,382224,2014-08-05 23:05:00+00:00,R,N,1,143,117,Philadelphia Phillies,Houston Astros
2014,2014-08-05,382226,2014-08-05 23:05:00+00:00,R,N,1,134,146,Pittsburgh Pirates,Miami Marlins
2014,2014-08-05,382223,2014-08-05 23:05:00+00:00,R,N,1,147,116,New York Yankees,Detroit Tigers
2014,2014-08-05,382219,2014-08-05 23:07:00+00:00,R,N,1,141,110,Toronto Blue Jays,Baltimore Orioles
2014,2014-08-05,382228,2014-08-06 00:10:00+00:00,R,N,1,142,135,Minnesota Twins,San Diego Padres
2014,2014-08-05,382231,2014-08-06 00:10:00+00:00,R,N,1,145,140,Chicago White Sox,Texas Rangers
2014,2014-08-05,382229,2014-08-06 00:10:00+00:00,R,N,1,158,137,Milwaukee Brewers,San Francisco Giants
2014,2014-08-05,382220,2014-08-06 00:15:00+00:00,R,N,1,138,111,St. Louis Cardinals,Boston Red Sox
2014,2014-08-05,382221,2014-08-06 00:40:00+00:00,R,N,1,115,112,Colorado Rockies,Chicago Cubs
2014,2014-08-05,382225,2014-08-06 01:40:00+00:00,R,N,1,109,118,Arizona Diamondbacks,Kansas City Royals
2014,2014-08-05,382230,2014-08-06 02:05:00+00:00,R,N,1,133,139,Oakland Athletics,Tampa Bay Rays
2014,2014-08-05,382217,2014-08-06 02:10:00+00:00,R,N,1,119,108,Los Angeles Dodgers,Los Angeles Angels
2014,2014-08-05,382218,2014-08-06 02:10:00+00:00,R,N,1,136,144,Seattle Mariners,Atlanta Braves
2014,2014-08-06,382243,2014-08-06 17:10:00+00:00,R,N,1,142,135,Minnesota Twins,San Diego Padres
2014,2014-08-06,382246,2014-08-06 18:10:00+00:00,R,N,1,145,140,Chicago White Sox,Texas Rangers
2014,2014-08-06,382245,2014-08-06 19:35:00+00:00,R,N,1,133,139,Oakland Athletics,Tampa Bay Rays
2014,2014-08-06,382232,2014-08-06 19:40:00+00:00,R,N,1,136,144,Seattle Mariners,Atlanta Braves
2014,2014-08-06,382242,2014-08-06 23:05:00+00:00,R,N,1,120,121,Washington Nationals,New York Mets
2014,2014-08-06,382238,2014-08-06 23:05:00+00:00,R,N,1,143,117,Philadelphia Phillies,Houston Astros
2014,2014-08-06,382241,2014-08-06 23:05:00+00:00,R,N,1,134,146,Pittsburgh Pirates,Miami Marlins
2014,2014-08-06,382237,2014-08-06 23:05:00+00:00,R,N,1,147,116,New York Yankees,Detroit Tigers
2014,2014-08-06,382233,2014-08-06 23:07:00+00:00,R,N,1,141,110,Toronto Blue Jays,Baltimore Orioles
2014,2014-08-06,382236,2014-08-06 23:10:00+00:00,R,N,1,113,114,Cincinnati Reds,Cleveland Indians
2014,2014-08-06,382244,2014-08-07 00:10:00+00:00,R,N,1,158,137,Milwaukee Brewers,San Francisco Giants
2014,2014-08-06,382234,2014-08-07 00:15:00+00:00,R,N,1,138,111,St. Louis Cardinals,Boston Red Sox
2014,2014-08-06,382235,2014-08-07 00:40:00+00:00,R,N,1,115,112,Colorado Rockies,Chicago Cubs
2014,2014-08-06,382239,2014-08-07 01:40:00+00:00,R,N,1,109,118,Arizona Diamondbacks,Kansas City Royals
2014,2014-08-06,382240,2014-08-07 02:05:00+00:00,R,N,1,108,119,Los Angeles Angels,Los Angeles Dodgers
2014,2014-08-07,382258,2014-08-07 16:35:00+00:00,R,N,1,120,121,Washington Nationals,New York Mets
2014,2014-08-07,382252,2014-08-07 17:05:00+00:00,R,N,1,147,116,New York Yankees,Detroit Tigers
2014,2014-08-07,382259,2014-08-07 18:10:00+00:00,R,N,1,158,137,Milwaukee Brewers,San Francisco Giants
2014,2014-08-07,382250,2014-08-07 19:10:00+00:00,R,N,1,115,112,Colorado Rockies,Chicago Cubs
2014,2014-08-07,382253,2014-08-07 23:05:00+00:00,R,N,1,143,117,Philadelphia Phillies,Houston Astros
2014,2014-08-07,382256,2014-08-07 23:05:00+00:00,R,N,1,134,146,Pittsburgh Pirates,Miami Marlins
2014,2014-08-07,382247,2014-08-07 23:07:00+00:00,R,N,1,141,110,Toronto Blue Jays,Baltimore Orioles
2014,2014-08-07,382251,2014-08-07 23:10:00+00:00,R,N,1,113,114,Cincinnati Reds,Cleveland Indians
2014,2014-08-07,382248,2014-08-07 23:15:00+00:00,R,N,1,138,111,St. Louis Cardinals,Boston Red Sox
2014,2014-08-07,382254,2014-08-08 01:40:00+00:00,R,N,1,109,118,Arizona Diamondbacks,Kansas City Royals
2014,2014-08-07,382255,2014-08-08 02:05:00+00:00,R,N,1,108,119,Los Angeles Angels,Los Angeles Dodgers
2014,2014-08-07,382257,2014-08-08 02:05:00+00:00,R,N,1,133,142,Oakland Athletics,Minnesota Twins
2014,2014-08-07,382249,2014-08-08 02:10:00+00:00,R,N,1,136,145,Seattle Mariners,Chicago White Sox
2014,2014-08-08,382272,2014-08-08 20:05:00+00:00,R,N,1,112,139,Chicago Cubs,Tampa Bay Rays
2014,2014-08-08,382269,2014-08-08 23:05:00+00:00,R,N,1,134,135,Pittsburgh Pirates,San Diego Padres
2014,2014-08-08,382271,2014-08-08 23:05:00+00:00,R,N,1,110,138,Baltimore Orioles,St. Louis Cardinals
2014,2014-08-08,382268,2014-08-08 23:05:00+00:00,R,N,1,143,121,Philadelphia Phillies,New York Mets
2014,2014-08-08,382262,2014-08-08 23:05:00+00:00,R,N,1,147,114,New York Yankees,Cleveland Indians
2014,2014-08-08,382264,2014-08-08 23:07:00+00:00,R,N,1,141,116,Toronto Blue Jays,Detroit Tigers
2014,2014-08-08,382266,2014-08-08 23:10:00+00:00,R,N,1,113,146,Cincinnati Reds,Miami Marlins
2014,2014-08-08,382274,2014-08-08 23:35:00+00:00,R,N,1,144,120,Atlanta Braves,Washington Nationals
2014,2014-08-08,382270,2014-08-09 00:10:00+00:00,R,N,1,118,137,Kansas City Royals,San Francisco Giants
2014,2014-08-08,382273,2014-08-09 00:10:00+00:00,R,N,1,117,140,Houston Astros,Texas Rangers
2014,2014-08-08,382265,2014-08-09 00:10:00+00:00,R,N,1,158,119,Milwaukee Brewers,Los Angeles Dodgers
2014,2014-08-08,382263,2014-08-09 01:40:00+00:00,R,N,1,109,115,Arizona Diamondbacks,Colorado Rockies
2014,2014-08-08,382260,2014-08-09 02:05:00+00:00,R,N,1,108,111,Los Angeles Angels,Boston Red Sox
2014,2014-08-08,382267,2014-08-09 02:05:00+00:00,R,N,1,133,142,Oakland Athletics,Minnesota Twins
2014,2014-08-08,382261,2014-08-09 02:10:00+00:00,R,N,1,136,145,Seattle Mariners,Chicago White Sox
2014,2014-08-09,382277,2014-08-09 17:05:00+00:00,R,N,1,147,114,New York Yankees,Cleveland Indians
2014,2014-08-09,382279,2014-08-09 17:07:00+00:00,R,N,1,141,116,Toronto Blue Jays,Detroit Tigers
2014,2014-08-09,382286,2014-08-09 20:05:00+00:00,R,N,1,110,138,Baltimore Orioles,St. Louis Cardinals
2014,2014-08-09,382287,2014-08-09 20:05:00+00:00,R,N,1,112,139,Chicago Cubs,Tampa Bay Rays
2014,2014-08-09,382284,2014-08-09 23:05:00+00:00,R,N,1,134,135,Pittsburgh Pirates,San Diego Padres
2014,2014-08-09,382283,2014-08-09 23:05:00+00:00,R,N,1,143,121,Philadelphia Phillies,New York Mets
2014,2014-08-09,382285,2014-08-09 23:10:00+00:00,R,N,1,118,137,Kansas City Royals,San Francisco Giants
2014,2014-08-09,382288,2014-08-09 23:10:00+00:00,R,N,1,117,140,Houston Astros,Texas Rangers
2014,2014-08-09,382289,2014-08-09 23:10:00+00:00,R,N,1,144,120,Atlanta Braves,Washington Nationals
2014,2014-08-09,382281,2014-08-09 23:10:00+00:00,R,N,1,113,146,Cincinnati Reds,Miami Marlins
2014,2014-08-09,382280,2014-08-09 23:10:00+00:00,R,N,1,158,119,Milwaukee Brewers,Los Angeles Dodgers
2014,2014-08-09,382278,2014-08-10 00:10:00+00:00,R,N,1,109,115,Arizona Diamondbacks,Colorado Rockies
2014,2014-08-09,382275,2014-08-10 01:05:00+00:00,R,N,1,108,111,Los Angeles Angels,Boston Red Sox
2014,2014-08-09,382282,2014-08-10 01:05:00+00:00,R,N,1,133,142,Oakland Athletics,Minnesota Twins
2014,2014-08-09,382276,2014-08-10 01:10:00+00:00,R,N,1,136,145,Seattle Mariners,Chicago White Sox
2014,2014-08-10,382292,2014-08-10 17:05:00+00:00,R,N,1,147,114,New York Yankees,Cleveland Indians
2014,2014-08-10,382294,2014-08-10 17:07:00+00:00,R,N,1,141,116,Toronto Blue Jays,Detroit Tigers
2014,2014-08-10,382296,2014-08-10 17:10:00+00:00,R,N,1,113,146,Cincinnati Reds,Miami Marlins
2014,2014-08-10,382299,2014-08-10 17:35:00+00:00,R,N,1,134,135,Pittsburgh Pirates,San Diego Padres
2014,2014-08-10,382301,2014-08-10 17:35:00+00:00,R,N,1,110,138,Baltimore Orioles,St. Louis Cardinals
2014,2014-08-10,382298,2014-08-10 17:35:00+00:00,R,N,1,143,121,Philadelphia Phillies,New York Mets
2014,2014-08-10,382300,2014-08-10 18:10:00+00:00,R,N,1,118,137,Kansas City Royals,San Francisco Giants
2014,2014-08-10,382303,2014-08-10 18:10:00+00:00,R,N,1,117,140,Houston Astros,Texas Rangers
2014,2014-08-10,382295,2014-08-10 18:10:00+00:00,R,N,1,158,119,Milwaukee Brewers,Los Angeles Dodgers
2014,2014-08-10,382302,2014-08-10 18:20:00+00:00,R,N,1,112,139,Chicago Cubs,Tampa Bay Rays
2014,2014-08-10,382290,2014-08-10 19:35:00+00:00,R,N,1,108,111,Los Angeles Angels,Boston Red Sox
2014,2014-08-10,382297,2014-08-10 20:05:00+00:00,R,N,1,133,142,Oakland Athletics,Minnesota Twins
2014,2014-08-10,382293,2014-08-10 20:10:00+00:00,R,N,1,109,115,Arizona Diamondbacks,Colorado Rockies
2014,2014-08-10,382291,2014-08-10 20:10:00+00:00,R,N,1,136,145,Seattle Mariners,Chicago White Sox
2014,2014-08-10,382304,2014-08-11 00:05:00+00:00,R,N,1,144,120,Atlanta Braves,Washington Nationals
2014,2014-08-11,382311,2014-08-11 17:05:00+00:00,R,N,1,143,121,Philadelphia Phillies,New York Mets
2014,2014-08-11,382306,2014-08-11 23:05:00+00:00,R,N,1,134,116,Pittsburgh Pirates,Detroit Tigers
2014,2014-08-11,382310,2014-08-11 23:05:00+00:00,R,N,1,110,147,Baltimore Orioles,New York Yankees
2014,2014-08-11,382307,2014-08-11 23:10:00+00:00,R,N,1,144,119,Atlanta Braves,Los Angeles Dodgers
2014,2014-08-11,382313,2014-08-11 23:10:00+00:00,R,N,1,146,138,Miami Marlins,St. Louis Cardinals
2014,2014-08-11,382314,2014-08-12 00:05:00+00:00,R,N,1,140,139,Texas Rangers,Tampa Bay Rays
2014,2014-08-11,382308,2014-08-12 00:05:00+00:00,R,N,1,112,158,Chicago Cubs,Milwaukee Brewers
2014,2014-08-11,382312,2014-08-12 00:10:00+00:00,R,N,1,118,133,Kansas City Royals,Oakland Athletics
2014,2014-08-11,382309,2014-08-12 00:10:00+00:00,R,N,1,117,142,Houston Astros,Minnesota Twins
2014,2014-08-11,382305,2014-08-12 02:10:00+00:00,R,N,1,135,115,San Diego Padres,Colorado Rockies
2014,2014-08-11,382315,2014-08-12 02:10:00+00:00,R,N,1,136,141,Seattle Mariners,Toronto Blue Jays
2014,2014-08-12,382320,2014-08-12 23:05:00+00:00,R,N,1,134,116,Pittsburgh Pirates,Detroit Tigers
2014,2014-08-12,382317,2014-08-12 23:10:00+00:00,R,N,1,113,111,Cincinnati Reds,Boston Red Sox
2014,2014-08-12,382330,2014-08-12 23:10:00+00:00,R,N,1,121,120,New York Mets,Washington Nationals
2014,2014-08-12,382321,2014-08-12 23:10:00+00:00,R,N,1,144,119,Atlanta Braves,Los Angeles Dodgers
2014,2014-08-12,382327,2014-08-12 23:10:00+00:00,R,N,1,146,138,Miami Marlins,St. Louis Cardinals
2014,2014-08-12,382328,2014-08-13 00:05:00+00:00,R,N,1,140,139,Texas Rangers,Tampa Bay Rays
2014,2014-08-12,382322,2014-08-13 00:05:00+00:00,R,N,1,112,158,Chicago Cubs,Milwaukee Brewers
2014,2014-08-12,382325,2014-08-13 00:10:00+00:00,R,N,1,118,133,Kansas City Royals,Oakland Athletics
2014,2014-08-12,382323,2014-08-13 00:10:00+00:00,R,N,1,117,142,Houston Astros,Minnesota Twins
2014,2014-08-12,382326,2014-08-13 02:05:00+00:00,R,N,1,108,143,Los Angeles Angels,Philadelphia Phillies
2014,2014-08-12,382319,2014-08-13 02:10:00+00:00,R,N,1,135,115,San Diego Padres,Colorado Rockies
2014,2014-08-12,382329,2014-08-13 02:10:00+00:00,R,N,1,136,141,Seattle Mariners,Toronto Blue Jays
2014,2014-08-12,382318,2014-08-13 02:15:00+00:00,R,N,1,137,145,San Francisco Giants,Chicago White Sox
2014,2014-08-13,382316,2014-08-12 23:05:00+00:00,R,N,1,114,109,Cleveland Indians,Arizona Diamondbacks
2014,2014-09-12,382324,2014-08-12 23:05:00+00:00,R,N,1,110,147,Baltimore Orioles,New York Yankees
2014,2014-08-13,382332,2014-08-13 16:35:00+00:00,R,N,1,113,111,Cincinnati Reds,Boston Red Sox
2014,2014-08-13,382337,2014-08-13 18:10:00+00:00,R,N,1,117,142,Houston Astros,Minnesota Twins
2014,2014-08-13,382333,2014-08-13 19:45:00+00:00,R,N,1,137,145,San Francisco Giants,Chicago White Sox
2014,2014-08-13,382331,2014-08-13 20:05:00+00:00,R,Y,1,114,109,Cleveland Indians,Arizona Diamondbacks
2014,2014-08-13,382316,2014-08-13 20:10:00+00:00,R,Y,2,114,109,Cleveland Indians,Arizona Diamondbacks
2014,2014-08-13,382334,2014-08-13 22:40:00+00:00,R,N,1,135,115,San Diego Padres,Colorado Rockies
2014,2014-08-13,382338,2014-08-13 23:05:00+00:00,R,N,1,110,147,Baltimore Orioles,New York Yankees
2014,2014-08-13,382341,2014-08-13 23:08:00+00:00,R,N,1,116,134,Detroit Tigers,Pittsburgh Pirates
2014,2014-08-13,382345,2014-08-13 23:10:00+00:00,R,N,1,121,120,New York Mets,Washington Nationals
2014,2014-08-13,382335,2014-08-13 23:10:00+00:00,R,N,1,144,119,Atlanta Braves,Los Angeles Dodgers
2014,2014-08-13,382342,2014-08-13 23:10:00+00:00,R,N,1,146,138,Miami Marlins,St. Louis Cardinals
2014,2014-08-13,382343,2014-08-14 00:05:00+00:00,R,N,1,140,139,Texas Rangers,Tampa Bay Rays
2014,2014-08-13,382336,2014-08-14 00:05:00+00:00,R,N,1,112,158,Chicago Cubs,Milwaukee Brewers
2014,2014-08-13,382339,2014-08-14 00:10:00+00:00,R,N,1,118,133,Kansas City Royals,Oakland Athletics
2014,2014-08-13,382340,2014-08-14 02:05:00+00:00,R,N,1,108,143,Los Angeles Angels,Philadelphia Phillies
2014,2014-08-13,382344,2014-08-14 02:10:00+00:00,R,N,1,136,141,Seattle Mariners,Toronto Blue Jays
2014,2014-08-14,382349,2014-08-14 16:10:00+00:00,R,N,1,144,119,Atlanta Braves,Los Angeles Dodgers
2014,2014-08-14,382352,2014-08-14 17:08:00+00:00,R,N,1,116,134,Detroit Tigers,Pittsburgh Pirates
2014,2014-08-14,382351,2014-08-14 18:10:00+00:00,R,N,1,118,133,Kansas City Royals,Oakland Athletics
2014,2014-08-14,382350,2014-08-14 18:20:00+00:00,R,N,1,112,158,Chicago Cubs,Milwaukee Brewers
2014,2014-08-14,382348,2014-08-14 23:10:00+00:00,R,N,1,111,117,Boston Red Sox,Houston Astros
2014,2014-08-14,382355,2014-08-14 23:10:00+00:00,R,N,1,121,120,New York Mets,Washington Nationals
2014,2014-08-14,382346,2014-08-14 23:10:00+00:00,R,N,1,146,109,Miami Marlins,Arizona Diamondbacks
2014,2014-08-14,382354,2014-08-15 00:05:00+00:00,R,N,1,140,139,Texas Rangers,Tampa Bay Rays
2014,2014-08-14,382353,2014-08-15 00:15:00+00:00,R,N,1,138,135,St. Louis Cardinals,San Diego Padres
2014,2014-08-14,382347,2014-08-15 00:40:00+00:00,R,N,1,115,113,Colorado Rockies,Cincinnati Reds
2014,2014-08-15,382358,2014-08-15 23:05:00+00:00,R,N,1,114,110,Cleveland Indians,Baltimore Orioles
2014,2014-08-15,382367,2014-08-15 23:05:00+00:00,R,N,1,120,134,Washington Nationals,Pittsburgh Pirates
2014,2014-08-15,382369,2014-08-15 23:08:00+00:00,R,N,1,116,136,Detroit Tigers,Seattle Mariners
2014,2014-08-15,382361,2014-08-15 23:10:00+00:00,R,N,1,111,117,Boston Red Sox,Houston Astros
2014,2014-08-15,382359,2014-08-15 23:10:00+00:00,R,N,1,121,112,New York Mets,Chicago Cubs
2014,2014-08-15,382357,2014-08-15 23:10:00+00:00,R,N,1,146,109,Miami Marlins,Arizona Diamondbacks
2014,2014-08-15,382364,2014-08-15 23:10:00+00:00,R,N,1,139,147,Tampa Bay Rays,New York Yankees
2014,2014-08-15,382365,2014-08-15 23:35:00+00:00,R,N,1,144,133,Atlanta Braves,Oakland Athletics
2014,2014-08-15,382356,2014-08-16 00:05:00+00:00,R,N,1,140,108,Texas Rangers,Los Angeles Angels
2014,2014-08-15,382362,2014-08-16 00:10:00+00:00,R,N,1,142,118,Minnesota Twins,Kansas City Royals
2014,2014-08-15,382370,2014-08-16 00:10:00+00:00,R,N,1,145,141,Chicago White Sox,Toronto Blue Jays
2014,2014-08-15,382368,2014-08-16 00:15:00+00:00,R,N,1,138,135,St. Louis Cardinals,San Diego Padres
2014,2014-08-15,382360,2014-08-16 00:40:00+00:00,R,N,1,115,113,Colorado Rockies,Cincinnati Reds
2014,2014-08-15,382363,2014-08-16 02:10:00+00:00,R,N,1,119,158,Los Angeles Dodgers,Milwaukee Brewers
2014,2014-08-15,382366,2014-08-16 02:15:00+00:00,R,N,1,137,143,San Francisco Giants,Philadelphia Phillies
2014,2014-08-16,382381,2014-08-16 20:05:00+00:00,R,N,1,137,143,San Francisco Giants,Philadelphia Phillies
2014,2014-08-16,382379,2014-08-16 20:10:00+00:00,R,N,1,139,147,Tampa Bay Rays,New York Yankees
2014,2014-08-16,382373,2014-08-16 23:05:00+00:00,R,N,1,114,110,Cleveland Indians,Baltimore Orioles
2014,2014-08-16,382382,2014-08-16 23:05:00+00:00,R,N,1,120,134,Washington Nationals,Pittsburgh Pirates
2014,2014-08-16,382384,2014-08-16 23:08:00+00:00,R,N,1,116,136,Detroit Tigers,Seattle Mariners
2014,2014-08-16,382376,2014-08-16 23:10:00+00:00,R,N,1,111,117,Boston Red Sox,Houston Astros
2014,2014-08-16,382374,2014-08-16 23:10:00+00:00,R,N,1,121,112,New York Mets,Chicago Cubs
2014,2014-08-16,382377,2014-08-16 23:10:00+00:00,R,N,1,142,118,Minnesota Twins,Kansas City Royals
2014,2014-08-16,382380,2014-08-16 23:10:00+00:00,R,N,1,144,133,Atlanta Braves,Oakland Athletics
2014,2014-08-16,382385,2014-08-16 23:10:00+00:00,R,N,1,145,141,Chicago White Sox,Toronto Blue Jays
2014,2014-08-16,382372,2014-08-16 23:10:00+00:00,R,N,1,146,109,Miami Marlins,Arizona Diamondbacks
2014,2014-08-16,382383,2014-08-16 23:15:00+00:00,R,N,1,138,135,St. Louis Cardinals,San Diego Padres
2014,2014-08-16,382371,2014-08-17 00:05:00+00:00,R,N,1,140,108,Texas Rangers,Los Angeles Angels
2014,2014-08-16,382378,2014-08-17 01:10:00+00:00,R,N,1,119,158,Los Angeles Dodgers,Milwaukee Brewers
2014,2014-08-17,382375,2014-08-17 00:10:00+00:00,R,N,1,115,113,Colorado Rockies,Cincinnati Reds
2014,2014-08-17,382388,2014-08-17 17:05:00+00:00,R,N,1,114,110,Cleveland Indians,Baltimore Orioles
2014,2014-08-17,382399,2014-08-17 17:08:00+00:00,R,N,1,116,136,Detroit Tigers,Seattle Mariners
2014,2014-08-17,382389,2014-08-17 17:10:00+00:00,R,N,1,121,112,New York Mets,Chicago Cubs
2014,2014-08-17,382387,2014-08-17 17:10:00+00:00,R,N,1,146,109,Miami Marlins,Arizona Diamondbacks
2014,2014-08-17,382391,2014-08-17 17:35:00+00:00,R,N,1,111,117,Boston Red Sox,Houston Astros
2014,2014-08-17,382394,2014-08-17 17:40:00+00:00,R,N,1,139,147,Tampa Bay Rays,New York Yankees
2014,2014-08-17,382392,2014-08-17 18:10:00+00:00,R,N,1,142,118,Minnesota Twins,Kansas City Royals
2014,2014-08-17,382400,2014-08-17 18:10:00+00:00,R,N,1,145,141,Chicago White Sox,Toronto Blue Jays
2014,2014-08-17,382398,2014-08-17 18:15:00+00:00,R,N,1,138,135,St. Louis Cardinals,San Diego Padres
2014,2014-08-17,382386,2014-08-17 19:05:00+00:00,R,N,1,140,108,Texas Rangers,Los Angeles Angels
2014,2014-08-17,382396,2014-08-17 20:05:00+00:00,R,N,1,137,143,San Francisco Giants,Philadelphia Phillies
2014,2014-08-17,382390,2014-08-17 20:10:00+00:00,R,S,1,115,113,Colorado Rockies,Cincinnati Reds
2014,2014-08-17,382375,2014-08-18 01:10:00+00:00,R,S,2,115,113,Colorado Rockies,Cincinnati Reds
2014,2014-08-17,382393,2014-08-17 20:10:00+00:00,R,N,1,119,158,Los Angeles Dodgers,Milwaukee Brewers
2014,2014-08-17,382397,2014-08-17 21:05:00+00:00,R,N,1,120,134,Washington Nationals,Pittsburgh Pirates
2014,2014-08-17,382395,2014-08-18 00:05:00+00:00,R,N,1,144,133,Atlanta Braves,Oakland Athletics
2014,2014-08-18,382405,2014-08-18 16:10:00+00:00,R,N,1,121,112,New York Mets,Chicago Cubs
2014,2014-08-18,382402,2014-08-18 23:05:00+00:00,R,N,1,120,109,Washington Nationals,Arizona Diamondbacks
2014,2014-08-18,382408,2014-08-18 23:05:00+00:00,R,N,1,143,136,Philadelphia Phillies,Seattle Mariners
2014,2014-08-18,382403,2014-08-18 23:05:00+00:00,R,N,1,134,144,Pittsburgh Pirates,Atlanta Braves
2014,2014-08-18,382401,2014-08-18 23:10:00+00:00,R,N,1,111,108,Boston Red Sox,Los Angeles Angels
2014,2014-08-18,382407,2014-08-19 00:10:00+00:00,R,N,1,142,118,Minnesota Twins,Kansas City Royals
2014,2014-08-18,382404,2014-08-19 00:10:00+00:00,R,N,1,145,110,Chicago White Sox,Baltimore Orioles
2014,2014-08-18,382406,2014-08-19 00:15:00+00:00,R,N,1,138,113,St. Louis Cardinals,Cincinnati Reds
2014,2014-08-19,382410,2014-08-19 23:05:00+00:00,R,N,1,120,109,Washington Nationals,Arizona Diamondbacks
2014,2014-08-19,382420,2014-08-19 23:05:00+00:00,R,N,1,143,136,Philadelphia Phillies,Seattle Mariners
2014,2014-08-19,382411,2014-08-19 23:05:00+00:00,R,N,1,134,144,Pittsburgh Pirates,Atlanta Braves
2014,2014-08-19,382416,2014-08-19 23:05:00+00:00,R,N,1,147,117,New York Yankees,Houston Astros
2014,2014-08-19,382409,2014-08-19 23:10:00+00:00,R,N,1,111,108,Boston Red Sox,Los Angeles Angels
2014,2014-08-19,382415,2014-08-19 23:10:00+00:00,R,N,1,139,116,Tampa Bay Rays,Detroit Tigers
2014,2014-08-19,382422,2014-08-19 23:10:00+00:00,R,N,1,146,140,Miami Marlins,Texas Rangers
2014,2014-08-19,382421,2014-08-20 00:05:00+00:00,R,N,1,112,137,Chicago Cubs,San Francisco Giants
2014,2014-08-19,382414,2014-08-20 00:10:00+00:00,R,N,1,142,114,Minnesota Twins,Cleveland Indians
2014,2014-08-19,382412,2014-08-20 00:10:00+00:00,R,N,1,145,110,Chicago White Sox,Baltimore Orioles
2014,2014-08-19,382423,2014-08-20 00:10:00+00:00,R,N,1,158,141,Milwaukee Brewers,Toronto Blue Jays
2014,2014-08-19,382413,2014-08-20 00:15:00+00:00,R,N,1,138,113,St. Louis Cardinals,Cincinnati Reds
2014,2014-08-19,382417,2014-08-20 00:40:00+00:00,R,N,1,115,118,Colorado Rockies,Kansas City Royals
2014,2014-08-19,382418,2014-08-20 02:05:00+00:00,R,N,1,133,121,Oakland Athletics,New York Mets
2014,2014-08-19,382419,2014-08-20 02:10:00+00:00,R,N,1,119,135,Los Angeles Dodgers,San Diego Padres
2014,2014-08-20,382437,2014-08-20 16:40:00+00:00,R,N,1,146,140,Miami Marlins,Texas Rangers
2014,2014-08-20,382435,2014-08-20 17:05:00+00:00,R,N,1,143,136,Philadelphia Phillies,Seattle Mariners
2014,2014-08-20,382438,2014-08-20 18:10:00+00:00,R,N,1,158,141,Milwaukee Brewers,Toronto Blue Jays
2014,2014-08-20,382433,2014-08-20 19:35:00+00:00,R,N,1,133,121,Oakland Athletics,New York Mets
2014,2014-08-20,382425,2014-08-20 23:05:00+00:00,R,N,1,120,109,Washington Nationals,Arizona Diamondbacks
2014,2014-08-20,382426,2014-08-20 23:05:00+00:00,R,N,1,134,144,Pittsburgh Pirates,Atlanta Braves
2014,2014-08-20,382431,2014-08-20 23:05:00+00:00,R,N,1,147,117,New York Yankees,Houston Astros
2014,2014-08-20,382424,2014-08-20 23:10:00+00:00,R,N,1,111,108,Boston Red Sox,Los Angeles Angels
2014,2014-08-20,382430,2014-08-20 23:10:00+00:00,R,N,1,139,116,Tampa Bay Rays,Detroit Tigers
2014,2014-08-20,382428,2014-08-20 23:15:00+00:00,R,N,1,138,113,St. Louis Cardinals,Cincinnati Reds
2014,2014-08-20,382436,2014-08-21 00:05:00+00:00,R,N,1,112,137,Chicago Cubs,San Francisco Giants
2014,2014-08-20,382429,2014-08-21 00:10:00+00:00,R,N,1,142,114,Minnesota Twins,Cleveland Indians
2014,2014-08-20,382427,2014-08-21 00:10:00+00:00,R,N,1,145,110,Chicago White Sox,Baltimore Orioles
2014,2014-08-20,382432,2014-08-21 00:40:00+00:00,R,N,1,115,118,Colorado Rockies,Kansas City Royals
2014,2014-08-20,382434,2014-08-21 02:10:00+00:00,R,N,1,119,135,Los Angeles Dodgers,San Diego Padres
2014,2014-08-21,382444,2014-08-21 17:05:00+00:00,R,N,1,147,117,New York Yankees,Houston Astros
2014,2014-08-21,382443,2014-08-21 17:10:00+00:00,R,N,1,139,116,Tampa Bay Rays,Detroit Tigers
2014,2014-08-21,382442,2014-08-21 17:10:00+00:00,R,N,1,142,114,Minnesota Twins,Cleveland Indians
2014,2014-08-21,382440,2014-08-21 20:05:00+00:00,R,N,1,120,109,Washington Nationals,Arizona Diamondbacks
2014,2014-08-19,382421,2014-08-21 21:05:00+00:00,R,N,1,112,137,Chicago Cubs,San Francisco Giants
2014,2014-08-21,382439,2014-08-21 23:10:00+00:00,R,N,1,111,108,Boston Red Sox,Los Angeles Angels
2014,2014-08-21,382441,2014-08-21 23:10:00+00:00,R,N,1,113,144,Cincinnati Reds,Atlanta Braves
2014,2014-08-21,382446,2014-08-22 00:05:00+00:00,R,N,1,112,137,Chicago Cubs,San Francisco Giants
2014,2014-08-21,382445,2014-08-22 02:10:00+00:00,R,N,1,119,135,Los Angeles Dodgers,San Diego Padres
2014,2014-08-22,382449,2014-08-22 18:20:00+00:00,R,N,1,112,110,Chicago Cubs,Baltimore Orioles
2014,2014-08-22,382452,2014-08-22 23:05:00+00:00,R,N,1,114,117,Cleveland Indians,Houston Astros
2014,2014-08-22,382459,2014-08-22 23:05:00+00:00,R,N,1,120,137,Washington Nationals,San Francisco Giants
2014,2014-08-22,382460,2014-08-22 23:05:00+00:00,R,N,1,143,138,Philadelphia Phillies,St. Louis Cardinals
2014,2014-08-22,382450,2014-08-22 23:05:00+00:00,R,N,1,147,145,New York Yankees,Chicago White Sox
2014,2014-08-22,382461,2014-08-22 23:07:00+00:00,R,N,1,141,139,Toronto Blue Jays,Tampa Bay Rays
2014,2014-08-22,382458,2014-08-22 23:10:00+00:00,R,N,1,111,136,Boston Red Sox,Seattle Mariners
2014,2014-08-22,382448,2014-08-22 23:10:00+00:00,R,N,1,113,144,Cincinnati Reds,Atlanta Braves
2014,2014-08-22,382453,2014-08-23 00:05:00+00:00,R,N,1,140,118,Texas Rangers,Kansas City Royals
2014,2014-08-22,382451,2014-08-23 00:10:00+00:00,R,N,1,142,116,Minnesota Twins,Detroit Tigers
2014,2014-08-22,382456,2014-08-23 00:10:00+00:00,R,N,1,158,134,Milwaukee Brewers,Pittsburgh Pirates
2014,2014-08-22,382454,2014-08-23 00:40:00+00:00,R,N,1,115,146,Colorado Rockies,Miami Marlins
2014,2014-08-22,382457,2014-08-23 01:40:00+00:00,R,N,1,109,135,Arizona Diamondbacks,San Diego Padres
2014,2014-08-22,382447,2014-08-23 02:05:00+00:00,R,N,1,133,108,Oakland Athletics,Los Angeles Angels
2014,2014-08-22,382455,2014-08-23 02:10:00+00:00,R,N,1,119,121,Los Angeles Dodgers,New York Mets
2014,2014-08-23,382465,2014-08-23 17:05:00+00:00,R,N,1,147,145,New York Yankees,Chicago White Sox
2014,2014-08-23,382476,2014-08-23 17:07:00+00:00,R,N,1,141,139,Toronto Blue Jays,Tampa Bay Rays
2014,2014-08-23,380910,2014-08-23 17:10:00+00:00,R,S,1,142,116,Minnesota Twins,Detroit Tigers
2014,2014-08-23,382466,2014-08-24 00:10:00+00:00,R,S,2,142,116,Minnesota Twins,Detroit Tigers
2014,2014-08-23,382473,2014-08-23 17:35:00+00:00,R,N,1,111,136,Boston Red Sox,Seattle Mariners
2014,2014-08-23,382464,2014-08-23 18:20:00+00:00,R,N,1,112,110,Chicago Cubs,Baltimore Orioles
2014,2014-08-23,382474,2014-08-23 20:05:00+00:00,R,N,1,120,137,Washington Nationals,San Francisco Giants
2014,2014-08-23,382467,2014-08-23 23:05:00+00:00,R,N,1,114,117,Cleveland Indians,Houston Astros
2014,2014-08-23,382475,2014-08-23 23:05:00+00:00,R,N,1,143,138,Philadelphia Phillies,St. Louis Cardinals
2014,2014-08-23,382463,2014-08-23 23:10:00+00:00,R,N,1,113,144,Cincinnati Reds,Atlanta Braves
2014,2014-08-23,382471,2014-08-23 23:10:00+00:00,R,N,1,158,134,Milwaukee Brewers,Pittsburgh Pirates
2014,2014-08-23,382468,2014-08-24 00:05:00+00:00,R,N,1,140,118,Texas Rangers,Kansas City Royals
2014,2014-08-23,382472,2014-08-24 00:10:00+00:00,R,N,1,109,135,Arizona Diamondbacks,San Diego Padres
2014,2014-08-23,382469,2014-08-24 00:10:00+00:00,R,N,1,115,146,Colorado Rockies,Miami Marlins
2014,2014-08-23,382462,2014-08-24 01:05:00+00:00,R,N,1,133,108,Oakland Athletics,Los Angeles Angels
2014,2014-08-23,382470,2014-08-24 01:10:00+00:00,R,N,1,119,121,Los Angeles Dodgers,New York Mets
2014,2014-08-24,382482,2014-08-24 17:05:00+00:00,R,N,1,114,117,Cleveland Indians,Houston Astros
2014,2014-08-24,382480,2014-08-24 17:05:00+00:00,R,N,1,147,145,New York Yankees,Chicago White Sox
2014,2014-08-24,382491,2014-08-24 17:07:00+00:00,R,N,1,141,139,Toronto Blue Jays,Tampa Bay Rays
2014,2014-08-24,382478,2014-08-24 17:10:00+00:00,R,N,1,113,144,Cincinnati Reds,Atlanta Braves
2014,2014-08-24,382488,2014-08-24 17:35:00+00:00,R,N,1,111,136,Boston Red Sox,Seattle Mariners
2014,2014-08-24,382489,2014-08-24 17:35:00+00:00,R,N,1,120,137,Washington Nationals,San Francisco Giants
2014,2014-08-24,382490,2014-08-24 17:35:00+00:00,R,N,1,143,138,Philadelphia Phillies,St. Louis Cardinals
2014,2014-08-24,382481,2014-08-24 18:10:00+00:00,R,N,1,142,116,Minnesota Twins,Detroit Tigers
2014,2014-08-24,382486,2014-08-24 18:10:00+00:00,R,N,1,158,134,Milwaukee Brewers,Pittsburgh Pirates
2014,2014-08-24,382479,2014-08-24 18:20:00+00:00,R,N,1,112,110,Chicago Cubs,Baltimore Orioles
2014,2014-08-24,382483,2014-08-24 19:05:00+00:00,R,N,1,140,118,Texas Rangers,Kansas City Royals
2014,2014-08-24,382485,2014-08-24 20:10:00+00:00,R,N,1,119,121,Los Angeles Dodgers,New York Mets
2014,2014-08-24,382487,2014-08-24 20:10:00+00:00,R,N,1,109,135,Arizona Diamondbacks,San Diego Padres
2014,2014-08-24,382484,2014-08-24 20:10:00+00:00,R,N,1,115,146,Colorado Rockies,Miami Marlins
2014,2014-08-24,382477,2014-08-25 00:05:00+00:00,R,N,1,133,108,Oakland Athletics,Los Angeles Angels
2014,2014-08-25,382497,2014-08-25 23:05:00+00:00,R,N,1,134,138,Pittsburgh Pirates,St. Louis Cardinals
2014,2014-08-25,382498,2014-08-25 23:05:00+00:00,R,N,1,110,139,Baltimore Orioles,Tampa Bay Rays
2014,2014-08-25,382500,2014-08-25 23:05:00+00:00,R,N,1,143,120,Philadelphia Phillies,Washington Nationals
2014,2014-08-25,382492,2014-08-25 23:07:00+00:00,R,N,1,141,111,Toronto Blue Jays,Boston Red Sox
2014,2014-08-25,381492,2014-08-25 23:10:00+00:00,R,N,1,118,147,Kansas City Royals,New York Yankees
2014,2014-08-25,382496,2014-08-26 00:10:00+00:00,R,N,1,117,133,Houston Astros,Oakland Athletics
2014,2014-08-25,382494,2014-08-26 02:05:00+00:00,R,N,1,108,146,Los Angeles Angels,Miami Marlins
2014,2014-08-25,382499,2014-08-26 02:10:00+00:00,R,N,1,136,140,Seattle Mariners,Texas Rangers
2014,2014-08-25,382495,2014-08-26 02:10:00+00:00,R,N,1,135,158,San Diego Padres,Milwaukee Brewers
2014,2014-08-25,382493,2014-08-26 02:15:00+00:00,R,N,1,137,115,San Francisco Giants,Colorado Rockies
2014,2014-08-26,382512,2014-08-26 23:05:00+00:00,R,N,1,134,138,Pittsburgh Pirates,St. Louis Cardinals
2014,2014-08-26,382513,2014-08-26 23:05:00+00:00,R,N,1,110,139,Baltimore Orioles,Tampa Bay Rays
2014,2014-08-26,382515,2014-08-26 23:05:00+00:00,R,N,1,143,120,Philadelphia Phillies,Washington Nationals
2014,2014-08-26,382502,2014-08-26 23:07:00+00:00,R,N,1,141,111,Toronto Blue Jays,Boston Red Sox
2014,2014-08-26,382510,2014-08-26 23:08:00+00:00,R,N,1,116,147,Detroit Tigers,New York Yankees
2014,2014-08-26,382503,2014-08-26 23:10:00+00:00,R,N,1,113,112,Cincinnati Reds,Chicago Cubs
2014,2014-08-26,382501,2014-08-26 23:10:00+00:00,R,N,1,121,144,New York Mets,Atlanta Braves
2014,2014-08-26,382511,2014-08-27 00:10:00+00:00,R,N,1,117,133,Houston Astros,Oakland Athletics
2014,2014-08-26,382509,2014-08-27 00:10:00+00:00,R,N,1,118,142,Kansas City Royals,Minnesota Twins
2014,2014-08-26,382504,2014-08-27 00:10:00+00:00,R,N,1,145,114,Chicago White Sox,Cleveland Indians
2014,2014-08-26,382506,2014-08-27 01:40:00+00:00,R,N,1,109,119,Arizona Diamondbacks,Los Angeles Dodgers
2014,2014-08-26,382507,2014-08-27 02:05:00+00:00,R,N,1,108,146,Los Angeles Angels,Miami Marlins
2014,2014-08-26,382514,2014-08-27 02:10:00+00:00,R,N,1,136,140,Seattle Mariners,Texas Rangers
2014,2014-08-26,382508,2014-08-27 02:10:00+00:00,R,N,1,135,158,San Diego Padres,Milwaukee Brewers
2014,2014-08-26,382505,2014-08-27 02:15:00+00:00,R,N,1,137,115,San Francisco Giants,Colorado Rockies
2014,2014-08-27,382527,2014-08-27 16:35:00+00:00,R,N,1,134,138,Pittsburgh Pirates,St. Louis Cardinals
2014,2014-08-27,382529,2014-08-27 19:40:00+00:00,R,N,1,136,140,Seattle Mariners,Texas Rangers
2014,2014-08-27,382528,2014-08-27 23:05:00+00:00,R,N,1,110,139,Baltimore Orioles,Tampa Bay Rays
2014,2014-08-27,382530,2014-08-27 23:05:00+00:00,R,N,1,143,120,Philadelphia Phillies,Washington Nationals
2014,2014-08-27,382517,2014-08-27 23:07:00+00:00,R,N,1,141,111,Toronto Blue Jays,Boston Red Sox
2014,2014-08-27,382525,2014-08-27 23:08:00+00:00,R,N,1,116,147,Detroit Tigers,New York Yankees
2014,2014-08-27,382518,2014-08-27 23:10:00+00:00,R,N,1,113,112,Cincinnati Reds,Chicago Cubs
2014,2014-08-27,382516,2014-08-27 23:10:00+00:00,R,N,1,121,144,New York Mets,Atlanta Braves
2014,2014-08-27,382526,2014-08-28 00:10:00+00:00,R,N,1,117,133,Houston Astros,Oakland Athletics
2014,2014-08-27,382524,2014-08-28 00:10:00+00:00,R,N,1,118,142,Kansas City Royals,Minnesota Twins
2014,2014-08-27,382519,2014-08-28 00:10:00+00:00,R,N,1,145,114,Chicago White Sox,Cleveland Indians
2014,2014-08-27,382523,2014-08-28 01:10:00+00:00,R,N,1,135,158,San Diego Padres,Milwaukee Brewers
2014,2014-08-27,382521,2014-08-28 01:40:00+00:00,R,N,1,109,119,Arizona Diamondbacks,Los Angeles Dodgers
2014,2014-08-27,382522,2014-08-28 02:05:00+00:00,R,N,1,108,146,Los Angeles Angels,Miami Marlins
2014,2014-08-27,382520,2014-08-28 02:15:00+00:00,R,N,1,137,115,San Francisco Giants,Colorado Rockies
2014,2014-08-28,382532,2014-08-28 16:35:00+00:00,R,N,1,113,112,Cincinnati Reds,Chicago Cubs
2014,2014-08-28,382536,2014-08-28 17:08:00+00:00,R,N,1,116,147,Detroit Tigers,New York Yankees
2014,2014-08-28,382534,2014-08-28 19:45:00+00:00,R,N,1,137,115,San Francisco Giants,Colorado Rockies
2014,2014-08-28,382538,2014-08-28 23:05:00+00:00,R,N,1,110,139,Baltimore Orioles,Tampa Bay Rays
2014,2014-08-28,382531,2014-08-28 23:10:00+00:00,R,N,1,121,144,New York Mets,Atlanta Braves
2014,2014-08-28,382539,2014-08-29 00:10:00+00:00,R,N,1,117,140,Houston Astros,Texas Rangers
2014,2014-08-28,382535,2014-08-29 00:10:00+00:00,R,N,1,118,142,Kansas City Royals,Minnesota Twins
2014,2014-08-28,382533,2014-08-29 00:10:00+00:00,R,N,1,145,114,Chicago White Sox,Cleveland Indians
2014,2014-08-28,382537,2014-08-29 02:05:00+00:00,R,N,1,108,133,Los Angeles Angels,Oakland Athletics
2014,2014-08-29,382542,2014-08-29 23:05:00+00:00,R,N,1,134,113,Pittsburgh Pirates,Cincinnati Reds
2014,2014-08-29,382549,2014-08-29 23:05:00+00:00,R,N,1,110,142,Baltimore Orioles,Minnesota Twins
2014,2014-08-29,382550,2014-08-29 23:07:00+00:00,R,N,1,141,147,Toronto Blue Jays,New York Yankees
2014,2014-08-29,382540,2014-08-29 23:10:00+00:00,R,N,1,139,111,Tampa Bay Rays,Boston Red Sox
2014,2014-08-29,382552,2014-08-29 23:10:00+00:00,R,N,1,121,143,New York Mets,Philadelphia Phillies
2014,2014-08-29,382547,2014-08-29 23:35:00+00:00,R,N,1,144,146,Atlanta Braves,Miami Marlins
2014,2014-08-29,382543,2014-08-30 00:10:00+00:00,R,N,1,118,114,Kansas City Royals,Cleveland Indians
2014,2014-08-29,382553,2014-08-30 00:10:00+00:00,R,N,1,117,140,Houston Astros,Texas Rangers
2014,2014-08-29,382545,2014-08-30 00:10:00+00:00,R,N,1,145,116,Chicago White Sox,Detroit Tigers
2014,2014-08-29,382541,2014-08-30 00:15:00+00:00,R,N,1,138,112,St. Louis Cardinals,Chicago Cubs
2014,2014-08-29,382544,2014-08-30 01:40:00+00:00,R,N,1,109,115,Arizona Diamondbacks,Colorado Rockies
2014,2014-08-29,382551,2014-08-30 02:05:00+00:00,R,N,1,108,133,Los Angeles Angels,Oakland Athletics
2014,2014-08-29,382546,2014-08-30 02:10:00+00:00,R,N,1,135,119,San Diego Padres,Los Angeles Dodgers
2014,2014-08-29,382554,2014-08-30 02:10:00+00:00,R,N,1,136,120,Seattle Mariners,Washington Nationals
2014,2014-08-29,382548,2014-08-30 02:15:00+00:00,R,N,1,137,158,San Francisco Giants,Milwaukee Brewers
2014,2014-08-30,382565,2014-08-30 17:07:00+00:00,R,N,1,141,147,Toronto Blue Jays,New York Yankees
2014,2014-08-30,381500,2014-08-30 17:10:00+00:00,R,S,1,145,116,Chicago White Sox,Detroit Tigers
2014,2014-08-30,382560,2014-08-30 23:10:00+00:00,R,S,2,145,116,Chicago White Sox,Detroit Tigers
2014,2014-08-30,381134,2014-08-30 18:15:00+00:00,R,S,1,138,112,St. Louis Cardinals,Chicago Cubs
2014,2014-08-30,382556,2014-08-31 00:15:00+00:00,R,S,2,138,112,St. Louis Cardinals,Chicago Cubs
2014,2014-08-30,382557,2014-08-30 20:05:00+00:00,R,N,1,134,113,Pittsburgh Pirates,Cincinnati Reds
2014,2014-08-30,382564,2014-08-30 23:05:00+00:00,R,N,1,110,142,Baltimore Orioles,Minnesota Twins
2014,2014-08-30,382558,2014-08-30 23:10:00+00:00,R,N,1,118,114,Kansas City Royals,Cleveland Indians
2014,2014-08-30,382555,2014-08-30 23:10:00+00:00,R,N,1,139,111,Tampa Bay Rays,Boston Red Sox
2014,2014-08-30,382568,2014-08-30 23:10:00+00:00,R,N,1,117,140,Houston Astros,Texas Rangers
2014,2014-08-30,382567,2014-08-30 23:10:00+00:00,R,N,1,121,143,New York Mets,Philadelphia Phillies
2014,2014-08-30,382562,2014-08-30 23:10:00+00:00,R,N,1,144,146,Atlanta Braves,Miami Marlins
2014,2014-08-30,382559,2014-08-31 00:10:00+00:00,R,N,1,109,115,Arizona Diamondbacks,Colorado Rockies
2014,2014-08-30,382561,2014-08-31 00:40:00+00:00,R,N,1,135,119,San Diego Padres,Los Angeles Dodgers
2014,2014-08-30,382566,2014-08-31 01:05:00+00:00,R,N,1,108,133,Los Angeles Angels,Oakland Athletics
2014,2014-08-30,382563,2014-08-31 01:05:00+00:00,R,N,1,137,158,San Francisco Giants,Milwaukee Brewers
2014,2014-08-30,382569,2014-08-31 01:10:00+00:00,R,N,1,136,120,Seattle Mariners,Washington Nationals
2014,2014-08-31,382580,2014-08-31 17:07:00+00:00,R,N,1,141,147,Toronto Blue Jays,New York Yankees
2014,2014-08-31,382582,2014-08-31 17:10:00+00:00,R,N,1,121,143,New York Mets,Philadelphia Phillies
2014,2014-08-31,382572,2014-08-31 17:35:00+00:00,R,N,1,134,113,Pittsburgh Pirates,Cincinnati Reds
2014,2014-08-31,382579,2014-08-31 17:35:00+00:00,R,N,1,110,142,Baltimore Orioles,Minnesota Twins
2014,2014-08-31,382570,2014-08-31 17:40:00+00:00,R,N,1,139,111,Tampa Bay Rays,Boston Red Sox
2014,2014-08-31,382583,2014-08-31 18:10:00+00:00,R,N,1,117,140,Houston Astros,Texas Rangers
2014,2014-08-31,382575,2014-08-31 18:10:00+00:00,R,N,1,145,116,Chicago White Sox,Detroit Tigers
2014,2014-08-31,382571,2014-08-31 18:15:00+00:00,R,N,1,138,112,St. Louis Cardinals,Chicago Cubs
2014,2014-08-31,382581,2014-08-31 19:35:00+00:00,R,N,1,108,133,Los Angeles Angels,Oakland Athletics
2014,2014-08-31,382578,2014-08-31 20:05:00+00:00,R,N,1,137,158,San Francisco Giants,Milwaukee Brewers
2014,2014-08-31,382574,2014-08-31 20:10:00+00:00,R,N,1,109,115,Arizona Diamondbacks,Colorado Rockies
2014,2014-08-31,382576,2014-08-31 20:10:00+00:00,R,N,1,135,119,San Diego Padres,Los Angeles Dodgers
2014,2014-08-31,382584,2014-08-31 20:10:00+00:00,R,N,1,136,120,Seattle Mariners,Washington Nationals
2014,2014-08-31,382577,2014-08-31 21:10:00+00:00,R,N,1,144,146,Atlanta Braves,Miami Marlins
2014,2014-08-31,382573,2014-09-01 00:07:00+00:00,R,N,1,118,114,Kansas City Royals,Cleveland Indians
2014,2014-09-01,382586,2014-09-01 17:10:00+00:00,R,N,1,139,111,Tampa Bay Rays,Boston Red Sox
2014,2014-09-01,382591,2014-09-01 17:10:00+00:00,R,N,1,144,143,Atlanta Braves,Philadelphia Phillies
2014,2014-09-01,382590,2014-09-01 17:10:00+00:00,R,N,1,146,121,Miami Marlins,New York Mets
2014,2014-09-01,382589,2014-09-01 17:35:00+00:00,R,N,1,110,142,Baltimore Orioles,Minnesota Twins
2014,2014-09-01,382592,2014-09-01 18:15:00+00:00,R,N,1,138,134,St. Louis Cardinals,Pittsburgh Pirates
2014,2014-09-01,382588,2014-09-01 18:20:00+00:00,R,N,1,112,158,Chicago Cubs,Milwaukee Brewers
2014,2014-09-01,382587,2014-09-01 20:05:00+00:00,R,N,1,114,116,Cleveland Indians,Detroit Tigers
2014,2014-09-01,382593,2014-09-01 20:05:00+00:00,R,N,1,133,136,Oakland Athletics,Seattle Mariners
2014,2014-09-01,382585,2014-09-01 20:10:00+00:00,R,N,1,135,109,San Diego Padres,Arizona Diamondbacks
2014,2014-05-22,381243,2014-09-01 20:10:00+00:00,R,N,1,115,137,Colorado Rockies,San Francisco Giants
2014,2014-09-01,382594,2014-09-01 20:10:00+00:00,R,N,1,115,137,Colorado Rockies,San Francisco Giants
2014,2014-09-01,382596,2014-09-02 00:10:00+00:00,R,N,1,119,120,Los Angeles Dodgers,Washington Nationals
2014,2014-09-01,382595,2014-09-02 00:10:00+00:00,R,N,1,118,140,Kansas City Royals,Texas Rangers
2014,2014-09-02,382601,2014-09-02 23:05:00+00:00,R,N,1,110,113,Baltimore Orioles,Cincinnati Reds
2014,2014-09-02,382602,2014-09-02 23:05:00+00:00,R,N,1,114,116,Cleveland Indians,Detroit Tigers
2014,2014-09-02,382599,2014-09-02 23:05:00+00:00,R,N,1,147,111,New York Yankees,Boston Red Sox
2014,2014-09-02,382610,2014-09-02 23:10:00+00:00,R,N,1,139,141,Tampa Bay Rays,Toronto Blue Jays
2014,2014-09-02,382605,2014-09-02 23:10:00+00:00,R,N,1,144,143,Atlanta Braves,Philadelphia Phillies
2014,2014-09-02,382604,2014-09-02 23:10:00+00:00,R,N,1,146,121,Miami Marlins,New York Mets
2014,2014-09-02,382603,2014-09-03 00:05:00+00:00,R,N,1,112,158,Chicago Cubs,Milwaukee Brewers
2014,2014-09-02,382597,2014-09-03 00:10:00+00:00,R,N,1,117,108,Houston Astros,Los Angeles Angels
2014,2014-09-02,382609,2014-09-03 00:10:00+00:00,R,N,1,118,140,Kansas City Royals,Texas Rangers
2014,2014-09-02,382600,2014-09-03 00:10:00+00:00,R,N,1,142,145,Minnesota Twins,Chicago White Sox
2014,2014-09-02,382606,2014-09-03 00:15:00+00:00,R,N,1,138,134,St. Louis Cardinals,Pittsburgh Pirates
2014,2014-09-02,382608,2014-09-03 00:40:00+00:00,R,N,1,115,137,Colorado Rockies,San Francisco Giants
2014,2014-09-02,382607,2014-09-03 02:05:00+00:00,R,N,1,133,136,Oakland Athletics,Seattle Mariners
2014,2014-09-02,382611,2014-09-03 02:10:00+00:00,R,N,1,119,120,Los Angeles Dodgers,Washington Nationals
2014,2014-09-02,382598,2014-09-03 02:10:00+00:00,R,N,1,135,109,San Diego Padres,Arizona Diamondbacks
2014,2014-09-03,382620,2014-09-03 16:10:00+00:00,R,N,1,144,143,Atlanta Braves,Philadelphia Phillies
2014,2014-09-03,382621,2014-09-03 17:45:00+00:00,R,N,1,138,134,St. Louis Cardinals,Pittsburgh Pirates
2014,2014-09-03,382626,2014-09-03 19:10:00+00:00,R,N,1,119,120,Los Angeles Dodgers,Washington Nationals
2014,2014-09-03,382623,2014-09-03 19:10:00+00:00,R,N,1,115,137,Colorado Rockies,San Francisco Giants
2014,2014-09-03,382622,2014-09-03 19:35:00+00:00,R,N,1,133,136,Oakland Athletics,Seattle Mariners
2014,2014-09-03,382616,2014-09-03 23:05:00+00:00,R,N,1,110,113,Baltimore Orioles,Cincinnati Reds
2014,2014-09-03,382617,2014-09-03 23:05:00+00:00,R,N,1,114,116,Cleveland Indians,Detroit Tigers
2014,2014-09-03,382614,2014-09-03 23:05:00+00:00,R,N,1,147,111,New York Yankees,Boston Red Sox
2014,2014-09-03,382625,2014-09-03 23:10:00+00:00,R,N,1,139,141,Tampa Bay Rays,Toronto Blue Jays
2014,2014-09-03,382619,2014-09-03 23:10:00+00:00,R,N,1,146,121,Miami Marlins,New York Mets
2014,2014-09-03,382618,2014-09-04 00:05:00+00:00,R,N,1,112,158,Chicago Cubs,Milwaukee Brewers
2014,2014-09-03,382612,2014-09-04 00:10:00+00:00,R,N,1,117,108,Houston Astros,Los Angeles Angels
2014,2014-09-03,382624,2014-09-04 00:10:00+00:00,R,N,1,118,140,Kansas City Royals,Texas Rangers
2014,2014-09-03,382615,2014-09-04 00:10:00+00:00,R,N,1,142,145,Minnesota Twins,Chicago White Sox
2014,2014-09-03,382613,2014-09-04 02:05:00+00:00,R,N,1,135,109,San Diego Padres,Arizona Diamondbacks
2014,2014-09-04,382630,2014-09-04 23:05:00+00:00,R,N,1,110,113,Baltimore Orioles,Cincinnati Reds
2014,2014-09-04,381682,2014-09-04 23:05:00+00:00,R,N,1,114,116,Cleveland Indians,Detroit Tigers
2014,2014-09-04,382629,2014-09-04 23:05:00+00:00,R,N,1,147,111,New York Yankees,Boston Red Sox
2014,2014-09-04,382633,2014-09-04 23:10:00+00:00,R,N,1,139,141,Tampa Bay Rays,Toronto Blue Jays
2014,2014-09-04,382631,2014-09-05 00:05:00+00:00,R,N,1,140,136,Texas Rangers,Seattle Mariners
2014,2014-09-04,382627,2014-09-05 00:10:00+00:00,R,N,1,142,108,Minnesota Twins,Los Angeles Angels
2014,2014-09-04,382632,2014-09-05 00:10:00+00:00,R,N,1,158,138,Milwaukee Brewers,St. Louis Cardinals
2014,2014-09-04,382628,2014-09-05 01:10:00+00:00,R,N,1,135,109,San Diego Padres,Arizona Diamondbacks
2014,2014-09-05,382643,2014-09-05 18:20:00+00:00,R,N,1,112,134,Chicago Cubs,Pittsburgh Pirates
2014,2014-09-05,382642,2014-09-05 23:05:00+00:00,R,N,1,120,143,Washington Nationals,Philadelphia Phillies
2014,2014-09-05,382638,2014-09-05 23:05:00+00:00,R,N,1,114,145,Cleveland Indians,Chicago White Sox
2014,2014-09-05,382640,2014-09-05 23:05:00+00:00,R,N,1,147,118,New York Yankees,Kansas City Royals
2014,2014-09-05,382646,2014-09-05 23:08:00+00:00,R,N,1,116,137,Detroit Tigers,San Francisco Giants
2014,2014-09-05,382641,2014-09-05 23:10:00+00:00,R,N,1,113,121,Cincinnati Reds,New York Mets
2014,2014-09-05,382637,2014-09-05 23:10:00+00:00,R,N,1,139,110,Tampa Bay Rays,Baltimore Orioles
2014,2014-09-05,382648,2014-09-05 23:10:00+00:00,R,N,1,111,141,Boston Red Sox,Toronto Blue Jays
2014,2014-09-05,382636,2014-09-05 23:10:00+00:00,R,N,1,146,144,Miami Marlins,Atlanta Braves
2014,2014-09-05,382645,2014-09-06 00:05:00+00:00,R,N,1,140,136,Texas Rangers,Seattle Mariners
2014,2014-09-05,382634,2014-09-06 00:10:00+00:00,R,N,1,142,108,Minnesota Twins,Los Angeles Angels
2014,2014-09-05,382647,2014-09-06 00:10:00+00:00,R,N,1,158,138,Milwaukee Brewers,St. Louis Cardinals
2014,2014-09-05,382644,2014-09-06 00:40:00+00:00,R,N,1,115,135,Colorado Rockies,San Diego Padres
2014,2014-09-05,382639,2014-09-06 02:05:00+00:00,R,N,1,133,117,Oakland Athletics,Houston Astros
2014,2014-09-05,382635,2014-09-06 02:10:00+00:00,R,N,1,119,109,Los Angeles Dodgers,Arizona Diamondbacks
2014,2014-09-06,382652,2014-09-06 17:05:00+00:00,R,N,1,139,110,Tampa Bay Rays,Baltimore Orioles
2014,2014-09-06,382661,2014-09-06 17:08:00+00:00,R,N,1,116,137,Detroit Tigers,San Francisco Giants
2014,2014-09-05,382643,2014-09-06 19:00:00+00:00,R,N,1,112,134,Chicago Cubs,Pittsburgh Pirates
2014,2014-09-06,382654,2014-09-06 20:05:00+00:00,R,N,1,133,117,Oakland Athletics,Houston Astros
2014,2014-09-06,382658,2014-09-06 20:05:00+00:00,R,N,1,112,134,Chicago Cubs,Pittsburgh Pirates
2014,2014-09-06,382657,2014-09-06 20:05:00+00:00,R,N,1,120,143,Washington Nationals,Philadelphia Phillies
2014,2014-09-06,382655,2014-09-06 20:05:00+00:00,R,N,1,147,118,New York Yankees,Kansas City Royals
2014,2014-09-06,382656,2014-09-06 20:10:00+00:00,R,N,1,113,121,Cincinnati Reds,New York Mets
2014,2014-09-06,382653,2014-09-06 23:05:00+00:00,R,N,1,114,145,Cleveland Indians,Chicago White Sox
2014,2014-09-06,382663,2014-09-06 23:10:00+00:00,R,N,1,111,141,Boston Red Sox,Toronto Blue Jays
2014,2014-09-06,382649,2014-09-06 23:10:00+00:00,R,N,1,142,108,Minnesota Twins,Los Angeles Angels
2014,2014-09-06,382651,2014-09-06 23:10:00+00:00,R,N,1,146,144,Miami Marlins,Atlanta Braves
2014,2014-09-06,382662,2014-09-06 23:10:00+00:00,R,N,1,158,138,Milwaukee Brewers,St. Louis Cardinals
2014,2014-09-06,382660,2014-09-07 00:05:00+00:00,R,N,1,140,136,Texas Rangers,Seattle Mariners
2014,2014-09-06,382659,2014-09-07 00:10:00+00:00,R,N,1,115,135,Colorado Rockies,San Diego Padres
2014,2014-09-06,382650,2014-09-07 01:10:00+00:00,R,N,1,119,109,Los Angeles Dodgers,Arizona Diamondbacks
2014,2014-09-07,382668,2014-09-07 17:05:00+00:00,R,N,1,114,145,Cleveland Indians,Chicago White Sox
2014,2014-09-07,382670,2014-09-07 17:05:00+00:00,R,N,1,147,118,New York Yankees,Kansas City Royals
2014,2014-09-07,382671,2014-09-07 17:10:00+00:00,R,N,1,113,121,Cincinnati Reds,New York Mets
2014,2014-09-07,382666,2014-09-07 17:10:00+00:00,R,N,1,146,144,Miami Marlins,Atlanta Braves
2014,2014-09-07,382678,2014-09-07 17:35:00+00:00,R,N,1,111,141,Boston Red Sox,Toronto Blue Jays
2014,2014-09-07,382672,2014-09-07 17:35:00+00:00,R,N,1,120,143,Washington Nationals,Philadelphia Phillies
2014,2014-09-07,382667,2014-09-07 17:40:00+00:00,R,N,1,139,110,Tampa Bay Rays,Baltimore Orioles
2014,2014-09-07,382664,2014-09-07 18:10:00+00:00,R,N,1,142,108,Minnesota Twins,Los Angeles Angels
2014,2014-09-07,382677,2014-09-07 18:10:00+00:00,R,N,1,158,138,Milwaukee Brewers,St. Louis Cardinals
2014,2014-09-07,382673,2014-09-07 18:20:00+00:00,R,N,1,112,134,Chicago Cubs,Pittsburgh Pirates
2014,2014-09-07,382675,2014-09-07 19:05:00+00:00,R,N,1,140,136,Texas Rangers,Seattle Mariners
2014,2014-09-07,382669,2014-09-07 20:05:00+00:00,R,N,1,133,117,Oakland Athletics,Houston Astros
2014,2014-09-07,382665,2014-09-07 20:10:00+00:00,R,N,1,119,109,Los Angeles Dodgers,Arizona Diamondbacks
2014,2014-09-07,382674,2014-09-07 20:10:00+00:00,R,N,1,115,135,Colorado Rockies,San Diego Padres
2014,2014-09-07,382676,2014-09-08 00:00:00+00:00,R,N,1,116,137,Detroit Tigers,San Francisco Giants
2014,2014-09-08,381608,2014-09-08 17:05:00+00:00,R,N,1,114,108,Cleveland Indians,Los Angeles Angels
2014,2014-09-08,382684,2014-09-08 20:08:00+00:00,R,N,1,116,118,Detroit Tigers,Kansas City Royals
2014,2014-09-08,382687,2014-09-08 23:05:00+00:00,R,N,1,143,134,Philadelphia Phillies,Pittsburgh Pirates
2014,2014-09-08,382679,2014-09-08 23:05:00+00:00,R,N,1,120,144,Washington Nationals,Atlanta Braves
2014,2014-09-08,382681,2014-09-08 23:07:00+00:00,R,N,1,141,112,Toronto Blue Jays,Chicago Cubs
2014,2014-09-08,382680,2014-09-08 23:10:00+00:00,R,N,1,111,110,Boston Red Sox,Baltimore Orioles
2014,2014-09-08,382682,2014-09-08 23:10:00+00:00,R,N,1,121,115,New York Mets,Colorado Rockies
2014,2014-09-08,382689,2014-09-08 23:10:00+00:00,R,N,1,113,138,Cincinnati Reds,St. Louis Cardinals
2014,2014-09-08,382686,2014-09-09 00:10:00+00:00,R,N,1,145,133,Chicago White Sox,Oakland Athletics
2014,2014-09-08,382685,2014-09-09 00:10:00+00:00,R,N,1,158,146,Milwaukee Brewers,Miami Marlins
2014,2014-09-08,382688,2014-09-09 02:10:00+00:00,R,N,1,119,135,Los Angeles Dodgers,San Diego Padres
2014,2014-09-08,382683,2014-09-09 02:10:00+00:00,R,N,1,136,117,Seattle Mariners,Houston Astros
2014,2014-09-09,382699,2014-09-09 23:05:00+00:00,R,N,1,114,142,Cleveland Indians,Minnesota Twins
2014,2014-09-09,382701,2014-09-09 23:05:00+00:00,R,N,1,143,134,Philadelphia Phillies,Pittsburgh Pirates
2014,2014-09-09,382692,2014-09-09 23:05:00+00:00,R,N,1,120,144,Washington Nationals,Atlanta Braves
2014,2014-09-09,382704,2014-09-09 23:05:00+00:00,R,N,1,147,139,New York Yankees,Tampa Bay Rays
2014,2014-09-09,382694,2014-09-09 23:07:00+00:00,R,N,1,141,112,Toronto Blue Jays,Chicago Cubs
2014,2014-09-09,382697,2014-09-09 23:08:00+00:00,R,N,1,116,118,Detroit Tigers,Kansas City Royals
2014,2014-09-09,382693,2014-09-09 23:10:00+00:00,R,N,1,111,110,Boston Red Sox,Baltimore Orioles
2014,2014-09-09,382695,2014-09-09 23:10:00+00:00,R,N,1,121,115,New York Mets,Colorado Rockies
2014,2014-09-09,382703,2014-09-09 23:10:00+00:00,R,N,1,113,138,Cincinnati Reds,St. Louis Cardinals
2014,2014-09-09,382690,2014-09-10 00:05:00+00:00,R,N,1,140,108,Texas Rangers,Los Angeles Angels
2014,2014-09-09,382700,2014-09-10 00:10:00+00:00,R,N,1,145,133,Chicago White Sox,Oakland Athletics
2014,2014-09-09,382698,2014-09-10 00:10:00+00:00,R,N,1,158,146,Milwaukee Brewers,Miami Marlins
2014,2014-09-09,382702,2014-09-10 02:10:00+00:00,R,N,1,119,135,Los Angeles Dodgers,San Diego Padres
2014,2014-09-09,382696,2014-09-10 02:10:00+00:00,R,N,1,136,117,Seattle Mariners,Houston Astros
2014,2014-09-09,382691,2014-09-10 02:15:00+00:00,R,N,1,137,109,San Francisco Giants,Arizona Diamondbacks
2014,2014-09-10,382708,2014-09-10 17:35:00+00:00,R,N,1,111,110,Boston Red Sox,Baltimore Orioles
2014,2014-09-10,382707,2014-09-10 20:05:00+00:00,R,N,1,120,144,Washington Nationals,Atlanta Braves
2014,2014-09-10,382716,2014-09-10 23:05:00+00:00,R,N,1,143,134,Philadelphia Phillies,Pittsburgh Pirates
2014,2014-09-10,382719,2014-09-10 23:05:00+00:00,R,N,1,147,139,New York Yankees,Tampa Bay Rays
2014,2014-09-10,382709,2014-09-10 23:07:00+00:00,R,N,1,141,112,Toronto Blue Jays,Chicago Cubs
2014,2014-09-10,382712,2014-09-10 23:08:00+00:00,R,N,1,116,118,Detroit Tigers,Kansas City Royals
2014,2014-09-10,382710,2014-09-10 23:10:00+00:00,R,N,1,121,115,New York Mets,Colorado Rockies
2014,2014-09-10,382718,2014-09-10 23:10:00+00:00,R,N,1,113,138,Cincinnati Reds,St. Louis Cardinals
2014,2014-09-10,382705,2014-09-11 00:05:00+00:00,R,N,1,140,108,Texas Rangers,Los Angeles Angels
2014,2014-09-10,382715,2014-09-11 00:10:00+00:00,R,N,1,145,133,Chicago White Sox,Oakland Athletics
2014,2014-09-10,382713,2014-09-11 00:10:00+00:00,R,N,1,158,146,Milwaukee Brewers,Miami Marlins
2014,2014-09-10,382717,2014-09-11 02:10:00+00:00,R,N,1,119,135,Los Angeles Dodgers,San Diego Padres
2014,2014-09-10,382711,2014-09-11 02:10:00+00:00,R,N,1,136,117,Seattle Mariners,Houston Astros
2014,2014-09-10,382706,2014-09-11 02:15:00+00:00,R,N,1,137,109,San Francisco Giants,Arizona Diamondbacks
2014,2014-09-11,382714,2014-09-10 23:05:00+00:00,R,N,1,114,142,Cleveland Indians,Minnesota Twins
2014,2014-09-11,382724,2014-09-11 16:05:00+00:00,R,Y,1,114,142,Cleveland Indians,Minnesota Twins
2014,2014-09-11,382714,2014-09-11 16:10:00+00:00,R,Y,2,114,142,Cleveland Indians,Minnesota Twins
2014,2014-09-11,382727,2014-09-11 16:35:00+00:00,R,N,1,113,138,Cincinnati Reds,St. Louis Cardinals
2014,2014-09-11,382725,2014-09-11 18:10:00+00:00,R,N,1,145,133,Chicago White Sox,Oakland Athletics
2014,2014-09-11,382721,2014-09-11 19:45:00+00:00,R,N,1,137,109,San Francisco Giants,Arizona Diamondbacks
2014,2014-09-11,382726,2014-09-11 23:05:00+00:00,R,N,1,143,134,Philadelphia Phillies,Pittsburgh Pirates
2014,2014-09-11,382728,2014-09-11 23:05:00+00:00,R,N,1,147,139,New York Yankees,Tampa Bay Rays
2014,2014-09-11,382729,2014-09-11 23:10:00+00:00,R,N,1,121,120,New York Mets,Washington Nationals
2014,2014-09-11,382720,2014-09-12 00:05:00+00:00,R,N,1,140,108,Texas Rangers,Los Angeles Angels
2014,2014-09-11,382722,2014-09-12 00:10:00+00:00,R,N,1,118,111,Kansas City Royals,Boston Red Sox
2014,2014-09-11,382723,2014-09-12 00:10:00+00:00,R,N,1,158,146,Milwaukee Brewers,Miami Marlins
2014,2014-09-12,382324,2014-09-12 17:05:00+00:00,R,S,1,110,147,Baltimore Orioles,New York Yankees
2014,2014-09-12,382740,2014-09-12 23:05:00+00:00,R,S,2,110,147,Baltimore Orioles,New York Yankees
2014,2014-09-12,382732,2014-09-12 23:05:00+00:00,R,N,1,134,112,Pittsburgh Pirates,Chicago Cubs
2014,2014-09-12,382738,2014-09-12 23:05:00+00:00,R,N,1,143,146,Philadelphia Phillies,Miami Marlins
2014,2014-09-12,382743,2014-09-12 23:07:00+00:00,R,N,1,141,139,Toronto Blue Jays,Tampa Bay Rays
2014,2014-09-12,382734,2014-09-12 23:08:00+00:00,R,N,1,116,114,Detroit Tigers,Cleveland Indians
2014,2014-09-12,382744,2014-09-12 23:10:00+00:00,R,N,1,121,120,New York Mets,Washington Nationals
2014,2014-09-12,382730,2014-09-13 00:05:00+00:00,R,N,1,140,144,Texas Rangers,Atlanta Braves
2014,2014-09-12,382731,2014-09-13 00:10:00+00:00,R,N,1,118,111,Kansas City Royals,Boston Red Sox
2014,2014-09-12,382733,2014-09-13 00:10:00+00:00,R,N,1,158,113,Milwaukee Brewers,Cincinnati Reds
2014,2014-09-12,382735,2014-09-13 00:15:00+00:00,R,N,1,138,115,St. Louis Cardinals,Colorado Rockies
2014,2014-09-12,382742,2014-09-13 01:40:00+00:00,R,N,1,109,135,Arizona Diamondbacks,San Diego Padres
2014,2014-09-12,382736,2014-09-13 02:05:00+00:00,R,N,1,108,117,Los Angeles Angels,Houston Astros
2014,2014-09-12,382741,2014-09-13 02:10:00+00:00,R,N,1,136,133,Seattle Mariners,Oakland Athletics
2014,2014-09-12,382737,2014-09-13 02:15:00+00:00,R,N,1,137,119,San Francisco Giants,Los Angeles Dodgers
2014,2014-09-13,382739,2014-09-13 00:10:00+00:00,R,N,1,145,142,Chicago White Sox,Minnesota Twins
2014,2014-09-13,382745,2014-09-13 17:05:00+00:00,R,N,1,140,144,Texas Rangers,Atlanta Braves
2014,2014-09-13,382755,2014-09-13 17:05:00+00:00,R,N,1,110,147,Baltimore Orioles,New York Yankees
2014,2014-09-13,382758,2014-09-13 17:07:00+00:00,R,N,1,141,139,Toronto Blue Jays,Tampa Bay Rays
2014,2014-09-13,382754,2014-09-13 20:10:00+00:00,R,Y,1,145,142,Chicago White Sox,Minnesota Twins
2014,2014-09-13,382739,2014-09-13 20:15:00+00:00,R,Y,2,145,142,Chicago White Sox,Minnesota Twins
2014,2014-09-13,382747,2014-09-13 23:05:00+00:00,R,N,1,134,112,Pittsburgh Pirates,Chicago Cubs
2014,2014-09-13,382753,2014-09-13 23:05:00+00:00,R,N,1,143,146,Philadelphia Phillies,Miami Marlins
2014,2014-09-13,382749,2014-09-13 23:08:00+00:00,R,N,1,116,114,Detroit Tigers,Cleveland Indians
2014,2014-09-13,382746,2014-09-13 23:10:00+00:00,R,N,1,118,111,Kansas City Royals,Boston Red Sox
2014,2014-09-13,382759,2014-09-13 23:10:00+00:00,R,N,1,121,120,New York Mets,Washington Nationals
2014,2014-09-13,382748,2014-09-13 23:10:00+00:00,R,N,1,158,113,Milwaukee Brewers,Cincinnati Reds
2014,2014-09-13,382750,2014-09-13 23:15:00+00:00,R,N,1,138,115,St. Louis Cardinals,Colorado Rockies
2014,2014-09-13,382757,2014-09-14 00:10:00+00:00,R,N,1,109,135,Arizona Diamondbacks,San Diego Padres
2014,2014-09-13,382751,2014-09-14 01:05:00+00:00,R,N,1,108,117,Los Angeles Angels,Houston Astros
2014,2014-09-13,382752,2014-09-14 01:05:00+00:00,R,N,1,137,119,San Francisco Giants,Los Angeles Dodgers
2014,2014-09-13,382756,2014-09-14 01:10:00+00:00,R,N,1,136,133,Seattle Mariners,Oakland Athletics
2014,2014-09-14,382773,2014-09-14 17:07:00+00:00,R,N,1,141,139,Toronto Blue Jays,Tampa Bay Rays
2014,2014-09-14,382764,2014-09-14 17:08:00+00:00,R,N,1,116,114,Detroit Tigers,Cleveland Indians
2014,2014-09-14,382774,2014-09-14 17:10:00+00:00,R,N,1,121,120,New York Mets,Washington Nationals
2014,2014-09-14,382762,2014-09-14 17:35:00+00:00,R,N,1,134,112,Pittsburgh Pirates,Chicago Cubs
2014,2014-09-14,382768,2014-09-14 17:35:00+00:00,R,N,1,143,146,Philadelphia Phillies,Miami Marlins
2014,2014-09-14,382761,2014-09-14 18:10:00+00:00,R,N,1,118,111,Kansas City Royals,Boston Red Sox
2014,2014-09-14,382769,2014-09-14 18:10:00+00:00,R,N,1,145,142,Chicago White Sox,Minnesota Twins
2014,2014-09-14,382763,2014-09-14 18:10:00+00:00,R,N,1,158,113,Milwaukee Brewers,Cincinnati Reds
2014,2014-09-14,382765,2014-09-14 18:15:00+00:00,R,N,1,138,115,St. Louis Cardinals,Colorado Rockies
2014,2014-09-14,382760,2014-09-14 19:05:00+00:00,R,N,1,140,144,Texas Rangers,Atlanta Braves
2014,2014-09-14,382766,2014-09-14 19:35:00+00:00,R,N,1,108,117,Los Angeles Angels,Houston Astros
2014,2014-09-14,382767,2014-09-14 20:05:00+00:00,R,N,1,137,119,San Francisco Giants,Los Angeles Dodgers
2014,2014-09-14,382772,2014-09-14 20:10:00+00:00,R,N,1,109,135,Arizona Diamondbacks,San Diego Padres
2014,2014-09-14,382771,2014-09-14 20:10:00+00:00,R,N,1,136,133,Seattle Mariners,Oakland Athletics
2014,2014-09-14,382770,2014-09-15 00:00:00+00:00,R,N,1,110,147,Baltimore Orioles,New York Yankees
2014,2014-09-15,382785,2014-09-15 23:05:00+00:00,R,N,1,110,141,Baltimore Orioles,Toronto Blue Jays
2014,2014-09-15,382786,2014-09-15 23:10:00+00:00,R,N,1,144,120,Atlanta Braves,Washington Nationals
2014,2014-09-15,382780,2014-09-15 23:10:00+00:00,R,N,1,121,146,New York Mets,Miami Marlins
2014,2014-09-15,382781,2014-09-15 23:10:00+00:00,R,N,1,139,147,Tampa Bay Rays,New York Yankees
2014,2014-09-15,382776,2014-09-16 00:05:00+00:00,R,N,1,112,113,Chicago Cubs,Cincinnati Reds
2014,2014-09-15,382777,2014-09-16 00:10:00+00:00,R,N,1,117,114,Houston Astros,Cleveland Indians
2014,2014-09-15,382778,2014-09-16 00:10:00+00:00,R,N,1,142,116,Minnesota Twins,Detroit Tigers
2014,2014-09-15,382775,2014-09-16 00:10:00+00:00,R,N,1,118,145,Kansas City Royals,Chicago White Sox
2014,2014-09-15,382779,2014-09-16 00:40:00+00:00,R,N,1,115,119,Colorado Rockies,Los Angeles Dodgers
2014,2014-09-15,382784,2014-09-16 01:40:00+00:00,R,N,1,109,137,Arizona Diamondbacks,San Francisco Giants
2014,2014-09-15,382783,2014-09-16 02:05:00+00:00,R,N,1,108,136,Los Angeles Angels,Seattle Mariners
2014,2014-09-15,382782,2014-09-16 02:10:00+00:00,R,N,1,135,143,San Diego Padres,Philadelphia Phillies
2014,2014-09-16,382787,2014-09-16 23:05:00+00:00,R,N,1,134,111,Pittsburgh Pirates,Boston Red Sox
2014,2014-09-16,382800,2014-09-16 23:05:00+00:00,R,N,1,110,141,Baltimore Orioles,Toronto Blue Jays
2014,2014-09-16,382801,2014-09-16 23:10:00+00:00,R,N,1,144,120,Atlanta Braves,Washington Nationals
2014,2014-09-16,382793,2014-09-16 23:10:00+00:00,R,N,1,121,146,New York Mets,Miami Marlins
2014,2014-09-16,382795,2014-09-16 23:10:00+00:00,R,N,1,139,147,Tampa Bay Rays,New York Yankees
2014,2014-09-16,382789,2014-09-17 00:05:00+00:00,R,N,1,112,113,Chicago Cubs,Cincinnati Reds
2014,2014-09-16,382790,2014-09-17 00:10:00+00:00,R,N,1,117,114,Houston Astros,Cleveland Indians
2014,2014-09-16,382791,2014-09-17 00:10:00+00:00,R,N,1,142,116,Minnesota Twins,Detroit Tigers
2014,2014-09-16,382788,2014-09-17 00:10:00+00:00,R,N,1,118,145,Kansas City Royals,Chicago White Sox
2014,2014-09-16,382794,2014-09-17 00:15:00+00:00,R,N,1,138,158,St. Louis Cardinals,Milwaukee Brewers
2014,2014-09-16,382792,2014-09-17 00:40:00+00:00,R,N,1,115,119,Colorado Rockies,Los Angeles Dodgers
2014,2014-09-16,382798,2014-09-17 01:40:00+00:00,R,N,1,109,137,Arizona Diamondbacks,San Francisco Giants
2014,2014-09-16,382797,2014-09-17 02:05:00+00:00,R,N,1,108,136,Los Angeles Angels,Seattle Mariners
2014,2014-09-16,382799,2014-09-17 02:05:00+00:00,R,N,1,133,140,Oakland Athletics,Texas Rangers
2014,2014-09-16,382796,2014-09-17 02:10:00+00:00,R,N,1,135,143,San Diego Padres,Philadelphia Phillies
2014,2014-09-17,382807,2014-09-17 19:10:00+00:00,R,N,1,115,119,Colorado Rockies,Los Angeles Dodgers
2014,2014-09-17,382813,2014-09-17 19:40:00+00:00,R,N,1,109,137,Arizona Diamondbacks,San Francisco Giants
2014,2014-09-17,382802,2014-09-17 23:05:00+00:00,R,N,1,134,111,Pittsburgh Pirates,Boston Red Sox
2014,2014-09-17,382815,2014-09-17 23:05:00+00:00,R,N,1,110,141,Baltimore Orioles,Toronto Blue Jays
2014,2014-09-17,382816,2014-09-17 23:10:00+00:00,R,N,1,144,120,Atlanta Braves,Washington Nationals
2014,2014-09-17,382808,2014-09-17 23:10:00+00:00,R,N,1,121,146,New York Mets,Miami Marlins
2014,2014-09-17,382810,2014-09-17 23:10:00+00:00,R,N,1,139,147,Tampa Bay Rays,New York Yankees
2014,2014-09-17,382804,2014-09-18 00:05:00+00:00,R,N,1,112,113,Chicago Cubs,Cincinnati Reds
2014,2014-09-17,382805,2014-09-18 00:10:00+00:00,R,N,1,117,114,Houston Astros,Cleveland Indians
2014,2014-09-17,382806,2014-09-18 00:10:00+00:00,R,N,1,142,116,Minnesota Twins,Detroit Tigers
2014,2014-09-17,382803,2014-09-18 00:10:00+00:00,R,N,1,118,145,Kansas City Royals,Chicago White Sox
2014,2014-09-17,382809,2014-09-18 00:15:00+00:00,R,N,1,138,158,St. Louis Cardinals,Milwaukee Brewers
2014,2014-09-17,382812,2014-09-18 02:05:00+00:00,R,N,1,108,136,Los Angeles Angels,Seattle Mariners
2014,2014-09-17,382814,2014-09-18 02:05:00+00:00,R,N,1,133,140,Oakland Athletics,Texas Rangers
2014,2014-09-17,382811,2014-09-18 02:10:00+00:00,R,N,1,135,143,San Diego Padres,Philadelphia Phillies
2014,2014-09-18,382824,2014-09-18 19:35:00+00:00,R,N,1,133,140,Oakland Athletics,Texas Rangers
2014,2014-09-18,382818,2014-09-18 23:05:00+00:00,R,N,1,134,111,Pittsburgh Pirates,Boston Red Sox
2014,2014-09-18,382825,2014-09-18 23:05:00+00:00,R,N,1,147,141,New York Yankees,Toronto Blue Jays
2014,2014-09-18,382826,2014-09-18 23:10:00+00:00,R,N,1,146,120,Miami Marlins,Washington Nationals
2014,2014-09-18,382820,2014-09-19 00:05:00+00:00,R,N,1,112,119,Chicago Cubs,Los Angeles Dodgers
2014,2014-09-18,382819,2014-09-19 00:10:00+00:00,R,N,1,117,114,Houston Astros,Cleveland Indians
2014,2014-09-18,382821,2014-09-19 00:15:00+00:00,R,N,1,138,158,St. Louis Cardinals,Milwaukee Brewers
2014,2014-09-18,382817,2014-09-19 00:40:00+00:00,R,N,1,115,109,Colorado Rockies,Arizona Diamondbacks
2014,2014-09-18,382822,2014-09-19 01:10:00+00:00,R,N,1,135,143,San Diego Padres,Philadelphia Phillies
2014,2014-09-18,382823,2014-09-19 02:05:00+00:00,R,N,1,108,136,Los Angeles Angels,Seattle Mariners
2014,2014-09-19,382833,2014-09-19 18:20:00+00:00,R,N,1,112,119,Chicago Cubs,Los Angeles Dodgers
2014,2014-09-19,382828,2014-09-19 23:05:00+00:00,R,N,1,110,111,Baltimore Orioles,Boston Red Sox
2014,2014-09-19,382840,2014-09-19 23:05:00+00:00,R,N,1,147,141,New York Yankees,Toronto Blue Jays
2014,2014-09-19,382834,2014-09-19 23:05:00+00:00,R,N,1,134,158,Pittsburgh Pirates,Milwaukee Brewers
2014,2014-09-19,382829,2014-09-19 23:10:00+00:00,R,N,1,139,145,Tampa Bay Rays,Chicago White Sox
2014,2014-09-19,382841,2014-09-19 23:10:00+00:00,R,N,1,146,120,Miami Marlins,Washington Nationals
2014,2014-09-19,382835,2014-09-19 23:35:00+00:00,R,N,1,144,121,Atlanta Braves,New York Mets
2014,2014-09-19,382827,2014-09-20 00:10:00+00:00,R,N,1,115,109,Colorado Rockies,Arizona Diamondbacks
2014,2014-09-19,382832,2014-09-20 00:10:00+00:00,R,N,1,118,116,Kansas City Royals,Detroit Tigers
2014,2014-09-19,382837,2014-09-20 00:10:00+00:00,R,N,1,117,136,Houston Astros,Seattle Mariners
2014,2014-09-19,382831,2014-09-20 00:10:00+00:00,R,N,1,142,114,Minnesota Twins,Cleveland Indians
2014,2014-09-19,382830,2014-09-20 00:15:00+00:00,R,N,1,138,113,St. Louis Cardinals,Cincinnati Reds
2014,2014-09-19,382836,2014-09-20 01:35:00+00:00,R,N,1,133,143,Oakland Athletics,Philadelphia Phillies
2014,2014-09-19,382839,2014-09-20 02:05:00+00:00,R,N,1,108,140,Los Angeles Angels,Texas Rangers
2014,2014-09-19,382838,2014-09-20 02:10:00+00:00,R,N,1,135,137,San Diego Padres,San Francisco Giants
2014,2014-09-20,382847,2014-09-20 17:05:00+00:00,R,N,1,118,116,Kansas City Royals,Detroit Tigers
2014,2014-09-20,382848,2014-09-20 17:05:00+00:00,R,N,1,112,119,Chicago Cubs,Los Angeles Dodgers
2014,2014-09-20,382851,2014-09-20 20:05:00+00:00,R,N,1,133,143,Oakland Athletics,Philadelphia Phillies
2014,2014-09-20,382855,2014-09-20 20:05:00+00:00,R,N,1,147,141,New York Yankees,Toronto Blue Jays
2014,2014-09-20,382842,2014-09-20 20:10:00+00:00,R,N,1,115,109,Colorado Rockies,Arizona Diamondbacks
2014,2014-09-20,382843,2014-09-20 23:05:00+00:00,R,N,1,110,111,Baltimore Orioles,Boston Red Sox
2014,2014-09-20,382849,2014-09-20 23:05:00+00:00,R,N,1,134,158,Pittsburgh Pirates,Milwaukee Brewers
2014,2014-09-20,382852,2014-09-20 23:10:00+00:00,R,N,1,117,136,Houston Astros,Seattle Mariners
2014,2014-09-20,382846,2014-09-20 23:10:00+00:00,R,N,1,142,114,Minnesota Twins,Cleveland Indians
2014,2014-09-20,382850,2014-09-20 23:10:00+00:00,R,N,1,144,121,Atlanta Braves,New York Mets
2014,2014-09-20,382844,2014-09-20 23:10:00+00:00,R,N,1,139,145,Tampa Bay Rays,Chicago White Sox
2014,2014-09-20,382856,2014-09-20 23:10:00+00:00,R,N,1,146,120,Miami Marlins,Washington Nationals
2014,2014-09-20,382845,2014-09-20 23:15:00+00:00,R,N,1,138,113,St. Louis Cardinals,Cincinnati Reds
2014,2014-09-20,382853,2014-09-21 00:40:00+00:00,R,N,1,135,137,San Diego Padres,San Francisco Giants
2014,2014-09-20,382854,2014-09-21 01:05:00+00:00,R,N,1,108,140,Los Angeles Angels,Texas Rangers
2014,2014-09-21,382870,2014-09-21 17:05:00+00:00,R,N,1,147,141,New York Yankees,Toronto Blue Jays
2014,2014-09-21,382871,2014-09-21 17:10:00+00:00,R,N,1,146,120,Miami Marlins,Washington Nationals
2014,2014-09-21,382858,2014-09-21 17:35:00+00:00,R,N,1,110,111,Baltimore Orioles,Boston Red Sox
2014,2014-09-21,382865,2014-09-21 17:35:00+00:00,R,N,1,144,121,Atlanta Braves,New York Mets
2014,2014-09-21,382864,2014-09-21 17:35:00+00:00,R,N,1,134,158,Pittsburgh Pirates,Milwaukee Brewers
2014,2014-09-21,382859,2014-09-21 17:40:00+00:00,R,N,1,139,145,Tampa Bay Rays,Chicago White Sox
2014,2014-09-21,382862,2014-09-21 18:10:00+00:00,R,N,1,118,116,Kansas City Royals,Detroit Tigers
2014,2014-09-21,382867,2014-09-21 18:10:00+00:00,R,N,1,117,136,Houston Astros,Seattle Mariners
2014,2014-09-21,382861,2014-09-21 18:10:00+00:00,R,N,1,142,114,Minnesota Twins,Cleveland Indians
2014,2014-09-21,382863,2014-09-21 18:20:00+00:00,R,N,1,112,119,Chicago Cubs,Los Angeles Dodgers
2014,2014-09-21,382869,2014-09-21 19:35:00+00:00,R,N,1,108,140,Los Angeles Angels,Texas Rangers
2014,2014-09-21,382866,2014-09-21 20:05:00+00:00,R,N,1,133,143,Oakland Athletics,Philadelphia Phillies
2014,2014-09-21,382857,2014-09-21 20:10:00+00:00,R,N,1,115,109,Colorado Rockies,Arizona Diamondbacks
2014,2014-09-21,382868,2014-09-21 20:10:00+00:00,R,N,1,135,137,San Diego Padres,San Francisco Giants
2014,2014-09-21,382860,2014-09-22 00:05:00+00:00,R,N,1,138,113,St. Louis Cardinals,Cincinnati Reds
2014,2014-08-31,382573,2014-09-22 22:05:00+00:00,R,N,1,118,114,Kansas City Royals,Cleveland Indians
2014,2014-09-22,382878,2014-09-22 23:05:00+00:00,R,N,1,114,118,Cleveland Indians,Kansas City Royals
2014,2014-09-22,382874,2014-09-22 23:05:00+00:00,R,N,1,147,110,New York Yankees,Baltimore Orioles
2014,2014-09-22,382880,2014-09-22 23:07:00+00:00,R,N,1,141,136,Toronto Blue Jays,Seattle Mariners
2014,2014-09-22,382875,2014-09-22 23:08:00+00:00,R,N,1,116,145,Detroit Tigers,Chicago White Sox
2014,2014-09-22,382879,2014-09-22 23:10:00+00:00,R,N,1,144,134,Atlanta Braves,Pittsburgh Pirates
2014,2014-09-22,382882,2014-09-23 00:05:00+00:00,R,N,1,112,138,Chicago Cubs,St. Louis Cardinals
2014,2014-09-22,382877,2014-09-23 00:05:00+00:00,R,N,1,140,117,Texas Rangers,Houston Astros
2014,2014-09-22,382873,2014-09-23 00:10:00+00:00,R,N,1,142,109,Minnesota Twins,Arizona Diamondbacks
2014,2014-09-22,382872,2014-09-23 02:05:00+00:00,R,N,1,133,108,Oakland Athletics,Los Angeles Angels
2014,2014-09-22,382876,2014-09-23 02:10:00+00:00,R,N,1,135,115,San Diego Padres,Colorado Rockies
2014,2014-09-22,382881,2014-09-23 02:10:00+00:00,R,N,1,119,137,Los Angeles Dodgers,San Francisco Giants
2014,2014-09-23,382889,2014-09-23 23:05:00+00:00,R,N,1,114,118,Cleveland Indians,Kansas City Royals
2014,2014-09-23,382891,2014-09-23 23:05:00+00:00,R,N,1,120,121,Washington Nationals,New York Mets
2014,2014-09-23,382885,2014-09-23 23:05:00+00:00,R,N,1,147,110,New York Yankees,Baltimore Orioles
2014,2014-09-23,382894,2014-09-23 23:07:00+00:00,R,N,1,141,136,Toronto Blue Jays,Seattle Mariners
2014,2014-09-23,382886,2014-09-23 23:08:00+00:00,R,N,1,116,145,Detroit Tigers,Chicago White Sox
2014,2014-09-23,382897,2014-09-23 23:10:00+00:00,R,N,1,111,139,Boston Red Sox,Tampa Bay Rays
2014,2014-09-23,382893,2014-09-23 23:10:00+00:00,R,N,1,144,134,Atlanta Braves,Pittsburgh Pirates
2014,2014-09-23,382892,2014-09-23 23:10:00+00:00,R,N,1,146,143,Miami Marlins,Philadelphia Phillies
2014,2014-09-23,382890,2014-09-23 23:10:00+00:00,R,N,1,113,158,Cincinnati Reds,Milwaukee Brewers
2014,2014-09-23,382896,2014-09-24 00:05:00+00:00,R,N,1,112,138,Chicago Cubs,St. Louis Cardinals
2014,2014-09-23,382888,2014-09-24 00:05:00+00:00,R,N,1,140,117,Texas Rangers,Houston Astros
2014,2014-09-23,382884,2014-09-24 00:10:00+00:00,R,N,1,142,109,Minnesota Twins,Arizona Diamondbacks
2014,2014-09-23,382883,2014-09-24 02:05:00+00:00,R,N,1,133,108,Oakland Athletics,Los Angeles Angels
2014,2014-09-23,382887,2014-09-24 02:10:00+00:00,R,N,1,135,115,San Diego Padres,Colorado Rockies
2014,2014-09-23,382895,2014-09-24 02:10:00+00:00,R,N,1,119,137,Los Angeles Dodgers,San Francisco Giants
2014,2014-09-24,382900,2014-09-24 17:05:00+00:00,R,N,1,147,110,New York Yankees,Baltimore Orioles
2014,2014-09-24,382901,2014-09-24 17:08:00+00:00,R,N,1,116,145,Detroit Tigers,Chicago White Sox
2014,2014-09-24,382899,2014-09-24 17:10:00+00:00,R,N,1,142,109,Minnesota Twins,Arizona Diamondbacks
2014,2014-09-24,382898,2014-09-24 19:35:00+00:00,R,N,1,133,108,Oakland Athletics,Los Angeles Angels
2014,2014-09-24,382909,2014-09-24 23:07:00+00:00,R,N,1,141,136,Toronto Blue Jays,Seattle Mariners
2014,2014-09-24,382904,2014-09-24 23:10:00+00:00,R,N,1,114,118,Cleveland Indians,Kansas City Royals
2014,2014-09-24,382912,2014-09-24 23:10:00+00:00,R,N,1,111,139,Boston Red Sox,Tampa Bay Rays
2014,2014-09-24,382908,2014-09-24 23:10:00+00:00,R,N,1,144,134,Atlanta Braves,Pittsburgh Pirates
2014,2014-09-24,382907,2014-09-24 23:10:00+00:00,R,N,1,146,143,Miami Marlins,Philadelphia Phillies
2014,2014-09-24,382905,2014-09-24 23:10:00+00:00,R,N,1,113,158,Cincinnati Reds,Milwaukee Brewers
2014,2014-09-24,382911,2014-09-25 00:05:00+00:00,R,N,1,112,138,Chicago Cubs,St. Louis Cardinals
2014,2014-09-24,382903,2014-09-25 00:05:00+00:00,R,N,1,140,117,Texas Rangers,Houston Astros
2014,2014-09-24,382902,2014-09-25 01:10:00+00:00,R,N,1,135,115,San Diego Padres,Colorado Rockies
2014,2014-09-24,382910,2014-09-25 02:10:00+00:00,R,N,1,119,137,Los Angeles Dodgers,San Francisco Giants
2014,2014-09-25,382906,2014-09-24 23:05:00+00:00,R,N,1,120,121,Washington Nationals,New York Mets
2014,2014-09-25,382915,2014-09-25 16:35:00+00:00,R,N,1,113,158,Cincinnati Reds,Milwaukee Brewers
2014,2014-09-25,382906,2014-09-25 17:05:00+00:00,R,S,1,120,121,Washington Nationals,New York Mets
2014,2014-09-25,382917,2014-09-25 23:05:00+00:00,R,S,2,120,121,Washington Nationals,New York Mets
2014,2014-09-25,382922,2014-09-25 20:07:00+00:00,R,N,1,141,136,Toronto Blue Jays,Seattle Mariners
2014,2014-09-25,382919,2014-09-25 20:10:00+00:00,R,N,1,146,143,Miami Marlins,Philadelphia Phillies
2014,2014-09-25,382913,2014-09-25 23:05:00+00:00,R,N,1,147,110,New York Yankees,Baltimore Orioles
2014,2014-09-25,382916,2014-09-25 23:08:00+00:00,R,N,1,116,142,Detroit Tigers,Minnesota Twins
2014,2014-09-25,382923,2014-09-25 23:10:00+00:00,R,N,1,111,139,Boston Red Sox,Tampa Bay Rays
2014,2014-09-25,382920,2014-09-25 23:10:00+00:00,R,N,1,144,134,Atlanta Braves,Pittsburgh Pirates
2014,2014-09-25,382918,2014-09-26 00:05:00+00:00,R,N,1,140,133,Texas Rangers,Oakland Athletics
2014,2014-09-25,382914,2014-09-26 00:10:00+00:00,R,N,1,145,118,Chicago White Sox,Kansas City Royals
2014,2014-09-25,382921,2014-09-26 02:15:00+00:00,R,N,1,137,135,San Francisco Giants,San Diego Padres
2014,2014-09-26,381316,2014-09-26 17:05:00+00:00,R,S,1,120,146,Washington Nationals,Miami Marlins
2014,2014-09-26,382931,2014-09-26 23:05:00+00:00,R,S,2,120,146,Washington Nationals,Miami Marlins
2014,2014-09-26,382938,2014-09-26 23:05:00+00:00,R,N,1,114,139,Cleveland Indians,Tampa Bay Rays
2014,2014-09-26,382925,2014-09-26 23:05:00+00:00,R,N,1,143,144,Philadelphia Phillies,Atlanta Braves
2014,2014-09-26,382926,2014-09-26 23:07:00+00:00,R,N,1,141,110,Toronto Blue Jays,Baltimore Orioles
2014,2014-09-26,382932,2014-09-26 23:08:00+00:00,R,N,1,116,142,Detroit Tigers,Minnesota Twins
2014,2014-09-26,382929,2014-09-26 23:10:00+00:00,R,N,1,121,117,New York Mets,Houston Astros
2014,2014-09-26,382935,2014-09-26 23:10:00+00:00,R,N,1,113,134,Cincinnati Reds,Pittsburgh Pirates
2014,2014-09-26,382933,2014-09-26 23:10:00+00:00,R,N,1,111,147,Boston Red Sox,New York Yankees
2014,2014-09-26,382934,2014-09-27 00:05:00+00:00,R,N,1,140,133,Texas Rangers,Oakland Athletics
2014,2014-09-26,382930,2014-09-27 00:10:00+00:00,R,N,1,145,118,Chicago White Sox,Kansas City Royals
2014,2014-09-26,382927,2014-09-27 00:10:00+00:00,R,N,1,158,112,Milwaukee Brewers,Chicago Cubs
2014,2014-09-26,382937,2014-09-27 01:40:00+00:00,R,N,1,109,138,Arizona Diamondbacks,St. Louis Cardinals
2014,2014-09-26,382928,2014-09-27 02:10:00+00:00,R,N,1,119,115,Los Angeles Dodgers,Colorado Rockies
2014,2014-09-26,382924,2014-09-27 02:10:00+00:00,R,N,1,136,108,Seattle Mariners,Los Angeles Angels
2014,2014-09-26,382936,2014-09-27 02:15:00+00:00,R,N,1,137,135,San Francisco Giants,San Diego Padres
2014,2014-09-27,382950,2014-09-27 17:05:00+00:00,R,N,1,113,134,Cincinnati Reds,Pittsburgh Pirates
2014,2014-09-27,382948,2014-09-27 17:05:00+00:00,R,N,1,111,147,Boston Red Sox,New York Yankees
2014,2014-09-27,382951,2014-09-27 20:05:00+00:00,R,N,1,137,135,San Francisco Giants,San Diego Padres
2014,2014-09-27,382946,2014-09-27 20:05:00+00:00,R,N,1,120,146,Washington Nationals,Miami Marlins
2014,2014-09-27,382941,2014-09-27 20:07:00+00:00,R,N,1,141,110,Toronto Blue Jays,Baltimore Orioles
2014,2014-09-27,382953,2014-09-27 22:05:00+00:00,R,N,1,114,139,Cleveland Indians,Tampa Bay Rays
2014,2014-09-27,382940,2014-09-27 23:05:00+00:00,R,N,1,143,144,Philadelphia Phillies,Atlanta Braves
2014,2014-09-27,382947,2014-09-27 23:08:00+00:00,R,N,1,116,142,Detroit Tigers,Minnesota Twins
2014,2014-09-27,382944,2014-09-27 23:10:00+00:00,R,N,1,121,117,New York Mets,Houston Astros
2014,2014-09-27,382945,2014-09-27 23:10:00+00:00,R,N,1,145,118,Chicago White Sox,Kansas City Royals
2014,2014-09-27,382942,2014-09-27 23:10:00+00:00,R,N,1,158,112,Milwaukee Brewers,Chicago Cubs
2014,2014-09-27,382949,2014-09-28 00:05:00+00:00,R,N,1,140,133,Texas Rangers,Oakland Athletics
2014,2014-09-27,382952,2014-09-28 00:10:00+00:00,R,N,1,109,138,Arizona Diamondbacks,St. Louis Cardinals
2014,2014-09-27,382943,2014-09-28 01:10:00+00:00,R,N,1,119,115,Los Angeles Dodgers,Colorado Rockies
2014,2014-09-27,382939,2014-09-28 01:10:00+00:00,R,N,1,136,108,Seattle Mariners,Los Angeles Angels
2014,2014-09-28,382968,2014-09-28 17:05:00+00:00,R,N,1,114,139,Cleveland Indians,Tampa Bay Rays
2014,2014-09-28,382956,2014-09-28 17:07:00+00:00,R,N,1,141,110,Toronto Blue Jays,Baltimore Orioles
2014,2014-09-28,382962,2014-09-28 17:08:00+00:00,R,N,1,116,142,Detroit Tigers,Minnesota Twins
2014,2014-09-28,382959,2014-09-28 17:10:00+00:00,R,N,1,121,117,New York Mets,Houston Astros
2014,2014-09-28,382965,2014-09-28 17:10:00+00:00,R,N,1,113,134,Cincinnati Reds,Pittsburgh Pirates
2014,2014-09-28,382955,2014-09-28 17:35:00+00:00,R,N,1,143,144,Philadelphia Phillies,Atlanta Braves
2014,2014-09-28,382961,2014-09-28 17:35:00+00:00,R,N,1,120,146,Washington Nationals,Miami Marlins
2014,2014-09-28,382963,2014-09-28 17:35:00+00:00,R,N,1,111,147,Boston Red Sox,New York Yankees
2014,2014-09-28,382960,2014-09-28 18:10:00+00:00,R,N,1,145,118,Chicago White Sox,Kansas City Royals
2014,2014-09-28,382957,2014-09-28 18:10:00+00:00,R,N,1,158,112,Milwaukee Brewers,Chicago Cubs
2014,2014-09-28,382964,2014-09-28 19:05:00+00:00,R,N,1,140,133,Texas Rangers,Oakland Athletics
2014,2014-09-28,382966,2014-09-28 20:05:00+00:00,R,N,1,137,135,San Francisco Giants,San Diego Padres
2014,2014-09-28,382958,2014-09-28 20:10:00+00:00,R,N,1,119,115,Los Angeles Dodgers,Colorado Rockies
2014,2014-09-28,382954,2014-09-28 20:10:00+00:00,R,N,1,136,108,Seattle Mariners,Los Angeles Angels
2014,2014-09-28,382967,2014-09-28 20:10:00+00:00,R,N,1,109,138,Arizona Diamondbacks,St. Louis Cardinals
