season,game_date_et,game_pk,start_utc,game_type,doubleheader,game_number,home_team_id,away_team_id,home_team,away_team
2015,2015-04-05,413661,2015-04-06 00:05:00+00:00,R,N,1,112,138,Chicago Cubs,St. Louis Cardinals
2015,2015-04-06,413663,2015-04-06 17:05:00+00:00,R,N,1,147,141,New York Yankees,Toronto Blue Jays
2015,2015-04-06,413656,2015-04-06 17:08:00+00:00,R,N,1,116,142,Detroit Tigers,Minnesota Twins
2015,2015-04-06,413655,2015-04-06 18:10:00+00:00,R,N,1,158,115,Milwaukee Brewers,Colorado Rockies
2015,2015-04-06,413652,2015-04-06 19:05:00+00:00,R,N,1,143,111,Philadelphia Phillies,Boston Red Sox
2015,2015-04-06,413651,2015-04-06 19:10:00+00:00,R,N,1,139,110,Tampa Bay Rays,Baltimore Orioles
2015,2015-04-06,413657,2015-04-06 20:05:00+00:00,R,N,1,120,121,Washington Nationals,New York Mets
2015,2015-04-06,413658,2015-04-06 20:10:00+00:00,R,N,1,113,134,Cincinnati Reds,Pittsburgh Pirates
2015,2015-04-06,413659,2015-04-06 20:10:00+00:00,R,N,1,119,135,Los Angeles Dodgers,San Diego Padres
2015,2015-04-06,413649,2015-04-06 20:10:00+00:00,R,N,1,136,108,Seattle Mariners,Los Angeles Angels
2015,2015-04-06,413653,2015-04-06 20:10:00+00:00,R,N,1,118,145,Kansas City Royals,Chicago White Sox
2015,2015-04-06,413650,2015-04-06 20:10:00+00:00,R,N,1,146,144,Miami Marlins,Atlanta Braves
2015,2015-04-06,413654,2015-04-06 23:10:00+00:00,R,N,1,117,114,Houston Astros,Cleveland Indians
2015,2015-04-06,413662,2015-04-07 02:05:00+00:00,R,N,1,133,140,Oakland Athletics,Texas Rangers
2015,2015-04-06,413660,2015-04-07 02:10:00+00:00,R,N,1,109,137,Arizona Diamondbacks,San Francisco Giants
2015,2015-04-07,413666,2015-04-07 23:10:00+00:00,R,N,1,139,110,Tampa Bay Rays,Baltimore Orioles
2015,2015-04-07,413665,2015-04-07 23:10:00+00:00,R,N,1,146,144,Miami Marlins,Atlanta Braves
2015,2015-04-07,413667,2015-04-08 00:10:00+00:00,R,N,1,158,115,Milwaukee Brewers,Colorado Rockies
2015,2015-04-07,413669,2015-04-08 01:40:00+00:00,R,N,1,109,137,Arizona Diamondbacks,San Francisco Giants
2015,2015-04-07,413670,2015-04-08 02:05:00+00:00,R,N,1,133,140,Oakland Athletics,Texas Rangers
2015,2015-04-07,413668,2015-04-08 02:10:00+00:00,R,N,1,119,135,Los Angeles Dodgers,San Diego Padres
2015,2015-04-07,413664,2015-04-08 02:10:00+00:00,R,N,1,136,108,Seattle Mariners,Los Angeles Angels
2015,2015-07-07,413683,2015-04-07 17:20:00+00:00,R,S,1,112,138,Chicago Cubs,St. Louis Cardinals
2015,2015-04-08,413678,2015-04-08 17:08:00+00:00,R,N,1,116,142,Detroit Tigers,Minnesota Twins
2015,2015-04-08,413693,2015-04-08 18:20:00+00:00,R,N,1,112,138,Chicago Cubs,St. Louis Cardinals
2015,2015-04-08,413679,2015-04-08 23:05:00+00:00,R,N,1,120,121,Washington Nationals,New York Mets
2015,2015-04-08,413674,2015-04-08 23:05:00+00:00,R,N,1,143,111,Philadelphia Phillies,Boston Red Sox
2015,2015-04-08,413685,2015-04-08 23:05:00+00:00,R,N,1,147,141,New York Yankees,Toronto Blue Jays
2015,2015-04-08,413680,2015-04-08 23:10:00+00:00,R,N,1,113,134,Cincinnati Reds,Pittsburgh Pirates
2015,2015-04-08,413673,2015-04-08 23:10:00+00:00,R,N,1,139,110,Tampa Bay Rays,Baltimore Orioles
2015,2015-04-08,413672,2015-04-08 23:10:00+00:00,R,N,1,146,144,Miami Marlins,Atlanta Braves
2015,2015-04-08,413676,2015-04-09 00:10:00+00:00,R,N,1,117,114,Houston Astros,Cleveland Indians
2015,2015-04-08,413675,2015-04-09 00:10:00+00:00,R,N,1,118,145,Kansas City Royals,Chicago White Sox
2015,2015-04-08,413677,2015-04-09 00:10:00+00:00,R,N,1,158,115,Milwaukee Brewers,Colorado Rockies
2015,2015-04-08,413682,2015-04-09 01:40:00+00:00,R,N,1,109,137,Arizona Diamondbacks,San Francisco Giants
2015,2015-04-08,413684,2015-04-09 02:05:00+00:00,R,N,1,133,140,Oakland Athletics,Texas Rangers
2015,2015-04-08,413681,2015-04-09 02:10:00+00:00,R,N,1,119,135,Los Angeles Dodgers,San Diego Padres
2015,2015-04-08,413671,2015-04-09 02:10:00+00:00,R,N,1,136,108,Seattle Mariners,Los Angeles Angels
2015,2015-04-09,413691,2015-04-09 16:35:00+00:00,R,N,1,113,134,Cincinnati Reds,Pittsburgh Pirates
2015,2015-04-09,413690,2015-04-09 17:05:00+00:00,R,N,1,120,121,Washington Nationals,New York Mets
2015,2015-04-09,413689,2015-04-09 17:08:00+00:00,R,N,1,116,142,Detroit Tigers,Minnesota Twins
2015,2015-04-09,413688,2015-04-09 18:10:00+00:00,R,N,1,117,114,Houston Astros,Cleveland Indians
2015,2015-04-09,413687,2015-04-09 18:10:00+00:00,R,N,1,118,145,Kansas City Royals,Chicago White Sox
2015,2015-04-09,413694,2015-04-09 19:35:00+00:00,R,N,1,133,140,Oakland Athletics,Texas Rangers
2015,2015-04-09,413692,2015-04-09 22:40:00+00:00,R,N,1,135,137,San Diego Padres,San Francisco Giants
2015,2015-04-09,413686,2015-04-09 23:05:00+00:00,R,N,1,143,111,Philadelphia Phillies,Boston Red Sox
2015,2015-04-09,413695,2015-04-09 23:05:00+00:00,R,N,1,147,141,New York Yankees,Toronto Blue Jays
2015,2015-04-10,413709,2015-04-10 19:05:00+00:00,R,N,1,110,141,Baltimore Orioles,Toronto Blue Jays
2015,2015-04-10,413699,2015-04-10 20:05:00+00:00,R,N,1,140,117,Texas Rangers,Houston Astros
2015,2015-04-10,413697,2015-04-10 20:10:00+00:00,R,N,1,115,112,Colorado Rockies,Chicago Cubs
2015,2015-04-10,413698,2015-04-10 20:10:00+00:00,R,N,1,114,116,Cleveland Indians,Detroit Tigers
2015,2015-04-10,413702,2015-04-10 20:10:00+00:00,R,N,1,145,142,Chicago White Sox,Minnesota Twins
2015,2015-04-10,413710,2015-04-10 23:05:00+00:00,R,N,1,143,120,Philadelphia Phillies,Washington Nationals
2015,2015-04-10,413696,2015-04-10 23:05:00+00:00,R,N,1,147,111,New York Yankees,Boston Red Sox
2015,2015-04-10,413707,2015-04-10 23:10:00+00:00,R,N,1,113,138,Cincinnati Reds,St. Louis Cardinals
2015,2015-04-10,413708,2015-04-10 23:10:00+00:00,R,N,1,146,139,Miami Marlins,Tampa Bay Rays
2015,2015-04-10,413703,2015-04-10 23:35:00+00:00,R,N,1,144,121,Atlanta Braves,New York Mets
2015,2015-04-10,413704,2015-04-11 00:10:00+00:00,R,N,1,158,134,Milwaukee Brewers,Pittsburgh Pirates
2015,2015-04-10,413701,2015-04-11 01:40:00+00:00,R,N,1,109,119,Arizona Diamondbacks,Los Angeles Dodgers
2015,2015-04-10,413700,2015-04-11 02:05:00+00:00,R,N,1,108,118,Los Angeles Angels,Kansas City Royals
2015,2015-04-10,413705,2015-04-11 02:05:00+00:00,R,N,1,133,136,Oakland Athletics,Seattle Mariners
2015,2015-04-10,413706,2015-04-11 02:10:00+00:00,R,N,1,135,137,San Diego Padres,San Francisco Giants
2015,2015-04-11,413711,2015-04-11 17:05:00+00:00,R,N,1,147,111,New York Yankees,Boston Red Sox
2015,2015-04-11,413722,2015-04-11 17:10:00+00:00,R,N,1,113,138,Cincinnati Reds,St. Louis Cardinals
2015,2015-04-11,413717,2015-04-11 18:10:00+00:00,R,N,1,145,142,Chicago White Sox,Minnesota Twins
2015,2015-04-11,413720,2015-04-11 20:05:00+00:00,R,N,1,133,136,Oakland Athletics,Seattle Mariners
2015,2015-04-11,413713,2015-04-11 20:10:00+00:00,R,N,1,114,116,Cleveland Indians,Detroit Tigers
2015,2015-04-11,413723,2015-04-11 20:10:00+00:00,R,N,1,146,139,Miami Marlins,Tampa Bay Rays
2015,2015-04-11,413724,2015-04-11 23:05:00+00:00,R,N,1,110,141,Baltimore Orioles,Toronto Blue Jays
2015,2015-04-11,413725,2015-04-11 23:05:00+00:00,R,N,1,143,120,Philadelphia Phillies,Washington Nationals
2015,2015-04-11,413718,2015-04-11 23:10:00+00:00,R,N,1,144,121,Atlanta Braves,New York Mets
2015,2015-04-11,413719,2015-04-11 23:10:00+00:00,R,N,1,158,134,Milwaukee Brewers,Pittsburgh Pirates
2015,2015-04-11,413714,2015-04-12 00:05:00+00:00,R,N,1,140,117,Texas Rangers,Houston Astros
2015,2015-04-11,413712,2015-04-12 00:10:00+00:00,R,N,1,115,112,Colorado Rockies,Chicago Cubs
2015,2015-04-11,413716,2015-04-12 00:10:00+00:00,R,N,1,109,119,Arizona Diamondbacks,Los Angeles Dodgers
2015,2015-04-11,413721,2015-04-12 00:40:00+00:00,R,N,1,135,137,San Diego Padres,San Francisco Giants
2015,2015-04-11,413715,2015-04-12 01:05:00+00:00,R,N,1,108,118,Los Angeles Angels,Kansas City Royals
2015,2015-04-12,413728,2015-04-12 17:10:00+00:00,R,N,1,114,116,Cleveland Indians,Detroit Tigers
2015,2015-04-12,413737,2015-04-12 17:10:00+00:00,R,N,1,113,138,Cincinnati Reds,St. Louis Cardinals
2015,2015-04-12,413738,2015-04-12 17:10:00+00:00,R,N,1,146,139,Miami Marlins,Tampa Bay Rays
2015,2015-04-12,413739,2015-04-12 17:35:00+00:00,R,N,1,110,141,Baltimore Orioles,Toronto Blue Jays
2015,2015-04-12,413740,2015-04-12 17:35:00+00:00,R,N,1,143,120,Philadelphia Phillies,Washington Nationals
2015,2015-04-12,413733,2015-04-12 17:35:00+00:00,R,N,1,144,121,Atlanta Braves,New York Mets
2015,2015-04-12,413732,2015-04-12 18:10:00+00:00,R,N,1,145,142,Chicago White Sox,Minnesota Twins
2015,2015-04-12,413734,2015-04-12 18:10:00+00:00,R,N,1,158,134,Milwaukee Brewers,Pittsburgh Pirates
2015,2015-04-12,413729,2015-04-12 19:05:00+00:00,R,N,1,140,117,Texas Rangers,Houston Astros
2015,2015-04-12,413730,2015-04-12 19:35:00+00:00,R,N,1,108,118,Los Angeles Angels,Kansas City Royals
2015,2015-04-12,413735,2015-04-12 20:05:00+00:00,R,N,1,133,136,Oakland Athletics,Seattle Mariners
2015,2015-04-12,413727,2015-04-12 20:10:00+00:00,R,N,1,115,112,Colorado Rockies,Chicago Cubs
2015,2015-04-12,413731,2015-04-12 20:10:00+00:00,R,N,1,109,119,Arizona Diamondbacks,Los Angeles Dodgers
2015,2015-04-12,413736,2015-04-12 20:10:00+00:00,R,N,1,135,137,San Diego Padres,San Francisco Giants
2015,2015-04-12,413726,2015-04-13 00:05:00+00:00,R,N,1,147,111,New York Yankees,Boston Red Sox
2015,2015-04-13,413751,2015-04-13 17:10:00+00:00,R,N,1,121,143,New York Mets,Philadelphia Phillies
2015,2015-04-13,413745,2015-04-13 17:35:00+00:00,R,N,1,134,116,Pittsburgh Pirates,Detroit Tigers
2015,2015-04-13,413754,2015-04-13 19:05:00+00:00,R,N,1,111,120,Boston Red Sox,Washington Nationals
2015,2015-04-13,413746,2015-04-13 20:10:00+00:00,R,N,1,142,118,Minnesota Twins,Kansas City Royals
2015,2015-04-13,413748,2015-04-13 20:15:00+00:00,R,N,1,138,158,St. Louis Cardinals,Milwaukee Brewers
2015,2015-04-13,413744,2015-04-13 20:35:00+00:00,R,N,1,137,115,San Francisco Giants,Colorado Rockies
2015,2015-04-13,413749,2015-04-13 23:05:00+00:00,R,N,1,110,147,Baltimore Orioles,New York Yankees
2015,2015-04-13,413753,2015-04-13 23:07:00+00:00,R,N,1,141,139,Toronto Blue Jays,Tampa Bay Rays
2015,2015-04-13,413747,2015-04-13 23:10:00+00:00,R,N,1,144,146,Atlanta Braves,Miami Marlins
2015,2015-04-13,413743,2015-04-14 00:05:00+00:00,R,N,1,112,113,Chicago Cubs,Cincinnati Reds
2015,2015-04-13,413741,2015-04-14 00:05:00+00:00,R,N,1,140,108,Texas Rangers,Los Angeles Angels
2015,2015-04-13,413750,2015-04-14 00:10:00+00:00,R,N,1,117,133,Houston Astros,Oakland Athletics
2015,2015-04-13,413742,2015-04-14 02:10:00+00:00,R,N,1,135,109,San Diego Padres,Arizona Diamondbacks
2015,2015-04-13,413752,2015-04-14 02:10:00+00:00,R,N,1,119,136,Los Angeles Dodgers,Seattle Mariners
2015,2015-04-14,413767,2015-04-14 22:10:00+00:00,R,N,1,111,120,Boston Red Sox,Washington Nationals
2015,2015-04-14,413760,2015-04-14 23:05:00+00:00,R,N,1,134,116,Pittsburgh Pirates,Detroit Tigers
2015,2015-04-14,413762,2015-04-14 23:05:00+00:00,R,N,1,110,147,Baltimore Orioles,New York Yankees
2015,2015-04-14,413766,2015-04-14 23:07:00+00:00,R,N,1,141,139,Toronto Blue Jays,Tampa Bay Rays
2015,2015-04-14,413764,2015-04-14 23:10:00+00:00,R,N,1,121,143,New York Mets,Philadelphia Phillies
2015,2015-04-14,413757,2015-04-14 23:10:00+00:00,R,N,1,114,145,Cleveland Indians,Chicago White Sox
2015,2015-04-14,413761,2015-04-14 23:10:00+00:00,R,N,1,144,146,Atlanta Braves,Miami Marlins
2015,2015-04-14,413758,2015-04-15 00:05:00+00:00,R,N,1,112,113,Chicago Cubs,Cincinnati Reds
2015,2015-04-14,413755,2015-04-15 00:05:00+00:00,R,N,1,140,108,Texas Rangers,Los Angeles Angels
2015,2015-04-14,413763,2015-04-15 00:10:00+00:00,R,N,1,117,133,Houston Astros,Oakland Athletics
2015,2015-04-14,413756,2015-04-15 02:10:00+00:00,R,N,1,135,109,San Diego Padres,Arizona Diamondbacks
2015,2015-04-14,413765,2015-04-15 02:10:00+00:00,R,N,1,119,136,Los Angeles Dodgers,Seattle Mariners
2015,2015-04-14,413759,2015-04-15 02:15:00+00:00,R,N,1,137,115,San Francisco Giants,Colorado Rockies
2015,2015-04-15,413770,2015-04-15 16:10:00+00:00,R,N,1,114,145,Cleveland Indians,Chicago White Sox
2015,2015-04-15,413775,2015-04-15 16:10:00+00:00,R,N,1,144,146,Atlanta Braves,Miami Marlins
2015,2015-04-15,413782,2015-04-15 17:35:00+00:00,R,N,1,111,120,Boston Red Sox,Washington Nationals
2015,2015-04-15,413768,2015-04-15 18:05:00+00:00,R,N,1,140,108,Texas Rangers,Los Angeles Angels
2015,2015-04-15,413773,2015-04-15 23:05:00+00:00,R,N,1,134,116,Pittsburgh Pirates,Detroit Tigers
2015,2015-04-15,413777,2015-04-15 23:05:00+00:00,R,N,1,110,147,Baltimore Orioles,New York Yankees
2015,2015-04-15,413781,2015-04-15 23:07:00+00:00,R,N,1,141,139,Toronto Blue Jays,Tampa Bay Rays
2015,2015-04-15,413779,2015-04-15 23:10:00+00:00,R,N,1,121,143,New York Mets,Philadelphia Phillies
2015,2015-04-15,413771,2015-04-16 00:05:00+00:00,R,N,1,112,113,Chicago Cubs,Cincinnati Reds
2015,2015-04-15,413778,2015-04-16 00:10:00+00:00,R,N,1,117,133,Houston Astros,Oakland Athletics
2015,2015-04-15,413774,2015-04-16 00:10:00+00:00,R,N,1,142,118,Minnesota Twins,Kansas City Royals
2015,2015-04-15,413776,2015-04-16 00:15:00+00:00,R,N,1,138,158,St. Louis Cardinals,Milwaukee Brewers
2015,2015-04-15,413769,2015-04-16 01:10:00+00:00,R,N,1,135,109,San Diego Padres,Arizona Diamondbacks
2015,2015-04-15,413780,2015-04-16 02:10:00+00:00,R,N,1,119,136,Los Angeles Dodgers,Seattle Mariners
2015,2015-04-15,413772,2015-04-16 02:15:00+00:00,R,N,1,137,115,San Francisco Giants,Colorado Rockies
2015,2015-04-16,413784,2015-04-16 17:10:00+00:00,R,N,1,142,118,Minnesota Twins,Kansas City Royals
2015,2015-04-16,413786,2015-04-16 17:45:00+00:00,R,N,1,138,158,St. Louis Cardinals,Milwaukee Brewers
2015,2015-04-16,413787,2015-04-16 23:05:00+00:00,R,N,1,120,143,Washington Nationals,Philadelphia Phillies
2015,2015-04-16,413788,2015-04-16 23:07:00+00:00,R,N,1,141,139,Toronto Blue Jays,Tampa Bay Rays
2015,2015-04-16,413785,2015-04-16 23:10:00+00:00,R,N,1,121,146,New York Mets,Miami Marlins
2015,2015-04-16,413783,2015-04-17 02:15:00+00:00,R,N,1,137,109,San Francisco Giants,Arizona Diamondbacks
2015,2015-04-17,413793,2015-04-17 17:08:00+00:00,R,N,1,116,145,Detroit Tigers,Chicago White Sox
2015,2015-04-17,413802,2015-04-17 18:20:00+00:00,R,N,1,112,135,Chicago Cubs,San Diego Padres
2015,2015-04-17,413801,2015-04-17 23:05:00+00:00,R,N,1,120,143,Washington Nationals,Philadelphia Phillies
2015,2015-04-17,413798,2015-04-17 23:05:00+00:00,R,N,1,134,158,Pittsburgh Pirates,Milwaukee Brewers
2015,2015-04-17,413791,2015-04-17 23:07:00+00:00,R,N,1,141,144,Toronto Blue Jays,Atlanta Braves
2015,2015-04-17,413792,2015-04-17 23:10:00+00:00,R,N,1,111,110,Boston Red Sox,Baltimore Orioles
2015,2015-04-17,413797,2015-04-17 23:10:00+00:00,R,N,1,121,146,New York Mets,Miami Marlins
2015,2015-04-17,413799,2015-04-17 23:10:00+00:00,R,N,1,139,147,Tampa Bay Rays,New York Yankees
2015,2015-04-17,413789,2015-04-18 00:10:00+00:00,R,N,1,117,108,Houston Astros,Los Angeles Angels
2015,2015-04-17,413800,2015-04-18 00:10:00+00:00,R,N,1,118,133,Kansas City Royals,Oakland Athletics
2015,2015-04-17,413795,2015-04-18 00:10:00+00:00,R,N,1,142,114,Minnesota Twins,Cleveland Indians
2015,2015-04-17,413794,2015-04-18 00:15:00+00:00,R,N,1,138,113,St. Louis Cardinals,Cincinnati Reds
2015,2015-04-17,413796,2015-04-18 02:10:00+00:00,R,N,1,119,115,Los Angeles Dodgers,Colorado Rockies
2015,2015-04-17,413803,2015-04-18 02:10:00+00:00,R,N,1,136,140,Seattle Mariners,Texas Rangers
2015,2015-04-17,413790,2015-04-18 02:15:00+00:00,R,N,1,137,109,San Francisco Giants,Arizona Diamondbacks
2015,2015-04-18,413816,2015-04-18 17:05:00+00:00,R,N,1,120,143,Washington Nationals,Philadelphia Phillies
2015,2015-04-18,413806,2015-04-18 17:07:00+00:00,R,N,1,141,144,Toronto Blue Jays,Atlanta Braves
2015,2015-04-18,413808,2015-04-18 17:08:00+00:00,R,N,1,116,145,Detroit Tigers,Chicago White Sox
2015,2015-04-18,413810,2015-04-18 18:10:00+00:00,R,N,1,142,114,Minnesota Twins,Cleveland Indians
2015,2015-04-18,413809,2015-04-18 18:15:00+00:00,R,N,1,138,113,St. Louis Cardinals,Cincinnati Reds
2015,2015-04-18,413817,2015-04-18 18:20:00+00:00,R,N,1,112,135,Chicago Cubs,San Diego Padres
2015,2015-04-18,413807,2015-04-18 20:05:00+00:00,R,N,1,111,110,Boston Red Sox,Baltimore Orioles
2015,2015-04-18,413813,2015-04-18 23:05:00+00:00,R,N,1,134,158,Pittsburgh Pirates,Milwaukee Brewers
2015,2015-04-18,413804,2015-04-18 23:10:00+00:00,R,N,1,117,108,Houston Astros,Los Angeles Angels
2015,2015-04-18,413815,2015-04-18 23:10:00+00:00,R,N,1,118,133,Kansas City Royals,Oakland Athletics
2015,2015-04-18,413812,2015-04-18 23:10:00+00:00,R,N,1,121,146,New York Mets,Miami Marlins
2015,2015-04-18,413814,2015-04-18 23:10:00+00:00,R,N,1,139,147,Tampa Bay Rays,New York Yankees
2015,2015-04-18,413805,2015-04-19 01:05:00+00:00,R,N,1,137,109,San Francisco Giants,Arizona Diamondbacks
2015,2015-04-18,413811,2015-04-19 01:10:00+00:00,R,N,1,119,115,Los Angeles Dodgers,Colorado Rockies
2015,2015-04-18,413818,2015-04-19 01:10:00+00:00,R,N,1,136,140,Seattle Mariners,Texas Rangers
2015,2015-04-19,413821,2015-04-19 17:07:00+00:00,R,N,1,141,144,Toronto Blue Jays,Atlanta Braves
2015,2015-04-19,413823,2015-04-19 17:08:00+00:00,R,N,1,116,145,Detroit Tigers,Chicago White Sox
2015,2015-04-19,413827,2015-04-19 17:10:00+00:00,R,N,1,121,146,New York Mets,Miami Marlins
2015,2015-04-19,413829,2015-04-19 17:10:00+00:00,R,N,1,139,147,Tampa Bay Rays,New York Yankees
2015,2015-04-19,413822,2015-04-19 17:35:00+00:00,R,N,1,111,110,Boston Red Sox,Baltimore Orioles
2015,2015-04-19,413831,2015-04-19 17:35:00+00:00,R,N,1,120,143,Washington Nationals,Philadelphia Phillies
2015,2015-04-19,413828,2015-04-19 17:35:00+00:00,R,N,1,134,158,Pittsburgh Pirates,Milwaukee Brewers
2015,2015-04-19,413819,2015-04-19 18:10:00+00:00,R,N,1,117,108,Houston Astros,Los Angeles Angels
2015,2015-04-19,413830,2015-04-19 18:10:00+00:00,R,N,1,118,133,Kansas City Royals,Oakland Athletics
2015,2015-04-19,413825,2015-04-19 18:10:00+00:00,R,N,1,142,114,Minnesota Twins,Cleveland Indians
2015,2015-04-19,413832,2015-04-19 18:20:00+00:00,R,N,1,112,135,Chicago Cubs,San Diego Padres
2015,2015-04-19,413820,2015-04-19 20:05:00+00:00,R,N,1,137,109,San Francisco Giants,Arizona Diamondbacks
2015,2015-04-19,413826,2015-04-19 20:10:00+00:00,R,N,1,119,115,Los Angeles Dodgers,Colorado Rockies
2015,2015-04-19,413833,2015-04-19 20:10:00+00:00,R,N,1,136,140,Seattle Mariners,Texas Rangers
2015,2015-04-19,413824,2015-04-20 00:05:00+00:00,R,N,1,138,113,St. Louis Cardinals,Cincinnati Reds
2015,2015-04-20,413834,2015-04-20 15:05:00+00:00,R,N,1,111,110,Boston Red Sox,Baltimore Orioles
2015,2015-04-20,413835,2015-04-20 23:05:00+00:00,R,N,1,134,112,Pittsburgh Pirates,Chicago Cubs
2015,2015-04-20,413840,2015-04-20 23:08:00+00:00,R,N,1,116,147,Detroit Tigers,New York Yankees
2015,2015-04-20,413836,2015-04-20 23:20:00+00:00,R,N,1,158,113,Milwaukee Brewers,Cincinnati Reds
2015,2015-04-20,413839,2015-04-21 00:10:00+00:00,R,N,1,118,142,Kansas City Royals,Minnesota Twins
2015,2015-04-20,413837,2015-04-21 00:10:00+00:00,R,N,1,145,114,Chicago White Sox,Cleveland Indians
2015,2015-04-20,413842,2015-04-21 00:40:00+00:00,R,N,1,115,135,Colorado Rockies,San Diego Padres
2015,2015-04-20,413841,2015-04-21 02:05:00+00:00,R,N,1,108,133,Los Angeles Angels,Oakland Athletics
2015,2015-04-20,413838,2015-04-21 02:10:00+00:00,R,N,1,136,117,Seattle Mariners,Houston Astros
2015,2015-04-21,413846,2015-04-21 23:05:00+00:00,R,N,1,134,112,Pittsburgh Pirates,Chicago Cubs
2015,2015-04-21,413856,2015-04-21 23:05:00+00:00,R,N,1,120,138,Washington Nationals,St. Louis Cardinals
2015,2015-04-21,413851,2015-04-21 23:05:00+00:00,R,N,1,143,146,Philadelphia Phillies,Miami Marlins
2015,2015-04-21,413844,2015-04-21 23:07:00+00:00,R,N,1,141,110,Toronto Blue Jays,Baltimore Orioles
2015,2015-04-21,413853,2015-04-21 23:08:00+00:00,R,N,1,116,147,Detroit Tigers,New York Yankees
2015,2015-04-21,413845,2015-04-21 23:10:00+00:00,R,N,1,139,111,Tampa Bay Rays,Boston Red Sox
2015,2015-04-21,413843,2015-04-21 23:10:00+00:00,R,N,1,121,144,New York Mets,Atlanta Braves
2015,2015-04-21,413852,2015-04-22 00:10:00+00:00,R,N,1,118,142,Kansas City Royals,Minnesota Twins
2015,2015-04-21,413848,2015-04-22 00:10:00+00:00,R,N,1,145,114,Chicago White Sox,Cleveland Indians
2015,2015-04-21,413847,2015-04-22 00:10:00+00:00,R,N,1,158,113,Milwaukee Brewers,Cincinnati Reds
2015,2015-04-21,413855,2015-04-22 00:40:00+00:00,R,N,1,115,135,Colorado Rockies,San Diego Padres
2015,2015-04-21,413857,2015-04-22 01:40:00+00:00,R,N,1,109,140,Arizona Diamondbacks,Texas Rangers
2015,2015-04-21,413854,2015-04-22 02:05:00+00:00,R,N,1,108,133,Los Angeles Angels,Oakland Athletics
2015,2015-04-21,413849,2015-04-22 02:10:00+00:00,R,N,1,136,117,Seattle Mariners,Houston Astros
2015,2015-04-21,413850,2015-04-22 02:15:00+00:00,R,N,1,137,119,San Francisco Giants,Los Angeles Dodgers
2015,2015-04-22,413863,2015-04-22 18:10:00+00:00,R,N,1,145,114,Chicago White Sox,Cleveland Indians
2015,2015-04-22,413861,2015-04-22 23:05:00+00:00,R,N,1,134,112,Pittsburgh Pirates,Chicago Cubs
2015,2015-04-22,413871,2015-04-22 23:05:00+00:00,R,N,1,120,138,Washington Nationals,St. Louis Cardinals
2015,2015-04-22,413866,2015-04-22 23:05:00+00:00,R,N,1,143,146,Philadelphia Phillies,Miami Marlins
2015,2015-04-22,413859,2015-04-22 23:07:00+00:00,R,N,1,141,110,Toronto Blue Jays,Baltimore Orioles
2015,2015-04-22,413868,2015-04-22 23:08:00+00:00,R,N,1,116,147,Detroit Tigers,New York Yankees
2015,2015-04-22,413860,2015-04-22 23:10:00+00:00,R,N,1,139,111,Tampa Bay Rays,Boston Red Sox
2015,2015-04-22,413858,2015-04-22 23:10:00+00:00,R,N,1,121,144,New York Mets,Atlanta Braves
2015,2015-04-22,413867,2015-04-23 00:10:00+00:00,R,N,1,118,142,Kansas City Royals,Minnesota Twins
2015,2015-04-22,413862,2015-04-23 00:10:00+00:00,R,N,1,158,113,Milwaukee Brewers,Cincinnati Reds
2015,2015-04-22,413870,2015-04-23 00:40:00+00:00,R,N,1,115,135,Colorado Rockies,San Diego Padres
2015,2015-04-22,413872,2015-04-23 01:40:00+00:00,R,N,1,109,140,Arizona Diamondbacks,Texas Rangers
2015,2015-04-22,413869,2015-04-23 02:05:00+00:00,R,N,1,108,133,Los Angeles Angels,Oakland Athletics
2015,2015-04-22,413864,2015-04-23 02:10:00+00:00,R,N,1,136,117,Seattle Mariners,Houston Astros
2015,2015-04-22,413865,2015-04-23 02:15:00+00:00,R,N,1,137,119,San Francisco Giants,Los Angeles Dodgers
2015,2015-04-23,413876,2015-04-23 16:35:00+00:00,R,N,1,134,112,Pittsburgh Pirates,Chicago Cubs
2015,2015-04-23,413880,2015-04-23 17:05:00+00:00,R,N,1,143,146,Philadelphia Phillies,Miami Marlins
2015,2015-04-23,413881,2015-04-23 17:08:00+00:00,R,N,1,116,147,Detroit Tigers,New York Yankees
2015,2015-04-23,413873,2015-04-23 17:10:00+00:00,R,N,1,121,144,New York Mets,Atlanta Braves
2015,2015-04-23,413877,2015-04-23 17:40:00+00:00,R,N,1,158,113,Milwaukee Brewers,Cincinnati Reds
2015,2015-04-23,413883,2015-04-23 19:10:00+00:00,R,N,1,115,135,Colorado Rockies,San Diego Padres
2015,2015-04-23,413879,2015-04-23 19:45:00+00:00,R,N,1,137,119,San Francisco Giants,Los Angeles Dodgers
2015,2015-04-23,413884,2015-04-23 20:05:00+00:00,R,N,1,120,138,Washington Nationals,St. Louis Cardinals
2015,2015-04-23,413882,2015-04-23 23:05:00+00:00,R,N,1,108,133,Los Angeles Angels,Oakland Athletics
2015,2015-04-23,413874,2015-04-23 23:07:00+00:00,R,N,1,141,110,Toronto Blue Jays,Baltimore Orioles
2015,2015-04-23,413875,2015-04-23 23:10:00+00:00,R,N,1,139,111,Tampa Bay Rays,Boston Red Sox
2015,2015-04-23,413878,2015-04-24 00:10:00+00:00,R,N,1,145,118,Chicago White Sox,Kansas City Royals
2015,2015-04-24,413886,2015-04-24 23:05:00+00:00,R,N,1,110,111,Baltimore Orioles,Boston Red Sox
2015,2015-04-24,413885,2015-04-24 23:05:00+00:00,R,N,1,143,144,Philadelphia Phillies,Atlanta Braves
2015,2015-04-24,413893,2015-04-24 23:05:00+00:00,R,N,1,147,121,New York Yankees,New York Mets
2015,2015-04-24,413888,2015-04-24 23:08:00+00:00,R,N,1,116,114,Detroit Tigers,Cleveland Indians
2015,2015-04-24,413887,2015-04-24 23:10:00+00:00,R,N,1,113,112,Cincinnati Reds,Chicago Cubs
2015,2015-04-24,413898,2015-04-24 23:10:00+00:00,R,N,1,139,141,Tampa Bay Rays,Toronto Blue Jays
2015,2015-04-24,413899,2015-04-24 23:10:00+00:00,R,N,1,146,120,Miami Marlins,Washington Nationals
2015,2015-04-24,413890,2015-04-25 00:10:00+00:00,R,N,1,145,118,Chicago White Sox,Kansas City Royals
2015,2015-04-24,413896,2015-04-25 00:10:00+00:00,R,N,1,158,138,Milwaukee Brewers,St. Louis Cardinals
2015,2015-04-24,413895,2015-04-25 00:40:00+00:00,R,N,1,115,137,Colorado Rockies,San Francisco Giants
2015,2015-04-24,413894,2015-04-25 01:40:00+00:00,R,N,1,109,134,Arizona Diamondbacks,Pittsburgh Pirates
2015,2015-04-24,413889,2015-04-25 02:05:00+00:00,R,N,1,133,117,Oakland Athletics,Houston Astros
2015,2015-04-24,413897,2015-04-25 02:05:00+00:00,R,N,1,108,140,Los Angeles Angels,Texas Rangers
2015,2015-04-24,413891,2015-04-25 02:10:00+00:00,R,N,1,135,119,San Diego Padres,Los Angeles Dodgers
2015,2015-04-24,413892,2015-04-25 02:10:00+00:00,R,N,1,136,142,Seattle Mariners,Minnesota Twins
2015,2015-04-25,413903,2015-04-25 17:08:00+00:00,R,N,1,116,114,Detroit Tigers,Cleveland Indians
2015,2015-04-25,413904,2015-04-25 20:05:00+00:00,R,N,1,133,117,Oakland Athletics,Houston Astros
2015,2015-04-25,413908,2015-04-25 20:05:00+00:00,R,N,1,147,121,New York Yankees,New York Mets
2015,2015-04-25,413914,2015-04-25 20:10:00+00:00,R,N,1,146,120,Miami Marlins,Washington Nationals
2015,2015-04-25,413913,2015-04-25 22:10:00+00:00,R,N,1,139,141,Tampa Bay Rays,Toronto Blue Jays
2015,2015-04-25,413901,2015-04-25 23:05:00+00:00,R,N,1,110,111,Baltimore Orioles,Boston Red Sox
2015,2015-04-25,413900,2015-04-25 23:05:00+00:00,R,N,1,143,144,Philadelphia Phillies,Atlanta Braves
2015,2015-04-25,413911,2015-04-25 23:10:00+00:00,R,N,1,158,138,Milwaukee Brewers,St. Louis Cardinals
2015,2015-04-25,413909,2015-04-26 00:10:00+00:00,R,N,1,109,134,Arizona Diamondbacks,Pittsburgh Pirates
2015,2015-04-25,413910,2015-04-26 00:10:00+00:00,R,N,1,115,137,Colorado Rockies,San Francisco Giants
2015,2015-04-25,413906,2015-04-26 00:40:00+00:00,R,N,1,135,119,San Diego Padres,Los Angeles Dodgers
2015,2015-04-25,413912,2015-04-26 01:05:00+00:00,R,N,1,108,140,Los Angeles Angels,Texas Rangers
2015,2015-04-25,413907,2015-04-26 01:10:00+00:00,R,N,1,136,142,Seattle Mariners,Minnesota Twins
2015,2015-07-22,413902,2015-04-25 17:10:00+00:00,R,N,1,113,112,Cincinnati Reds,Chicago Cubs
2015,2015-07-17,413905,2015-04-25 18:10:00+00:00,R,N,1,145,118,Chicago White Sox,Kansas City Royals
2015,2015-04-26,413918,2015-04-26 17:08:00+00:00,R,N,1,116,114,Detroit Tigers,Cleveland Indians
2015,2015-04-26,413917,2015-04-26 17:10:00+00:00,R,N,1,113,112,Cincinnati Reds,Chicago Cubs
2015,2015-04-26,413928,2015-04-26 17:10:00+00:00,R,N,1,139,141,Tampa Bay Rays,Toronto Blue Jays
2015,2015-04-26,413929,2015-04-26 17:10:00+00:00,R,N,1,146,120,Miami Marlins,Washington Nationals
2015,2015-04-26,413916,2015-04-26 17:35:00+00:00,R,N,1,110,111,Baltimore Orioles,Boston Red Sox
2015,2015-04-26,413915,2015-04-26 17:35:00+00:00,R,N,1,143,144,Philadelphia Phillies,Atlanta Braves
2015,2015-04-24,413890,2015-04-26 18:10:00+00:00,R,N,1,145,118,Chicago White Sox,Kansas City Royals
2015,2015-04-26,413920,2015-04-26 18:10:00+00:00,R,N,1,145,118,Chicago White Sox,Kansas City Royals
2015,2015-04-26,413926,2015-04-26 18:10:00+00:00,R,N,1,158,138,Milwaukee Brewers,St. Louis Cardinals
2015,2015-04-26,413927,2015-04-26 19:35:00+00:00,R,N,1,108,140,Los Angeles Angels,Texas Rangers
2015,2015-04-26,413919,2015-04-26 20:05:00+00:00,R,N,1,133,117,Oakland Athletics,Houston Astros
2015,2015-04-26,413924,2015-04-26 20:10:00+00:00,R,N,1,109,134,Arizona Diamondbacks,Pittsburgh Pirates
2015,2015-04-26,413921,2015-04-26 20:10:00+00:00,R,N,1,135,119,San Diego Padres,Los Angeles Dodgers
2015,2015-04-26,413922,2015-04-26 20:10:00+00:00,R,N,1,136,142,Seattle Mariners,Minnesota Twins
2015,2015-04-26,413923,2015-04-27 00:05:00+00:00,R,N,1,147,121,New York Yankees,New York Mets
2015,2015-05-23,413925,2015-04-26 20:10:00+00:00,R,N,1,115,137,Colorado Rockies,San Francisco Giants
2015,2015-04-27,413934,2015-04-27 22:10:00+00:00,R,N,1,114,118,Cleveland Indians,Kansas City Royals
2015,2015-04-27,413942,2015-04-27 22:10:00+00:00,R,N,1,111,141,Boston Red Sox,Toronto Blue Jays
2015,2015-04-27,413941,2015-04-27 23:05:00+00:00,R,N,1,147,139,New York Yankees,Tampa Bay Rays
2015,2015-04-27,413943,2015-04-27 23:10:00+00:00,R,N,1,144,120,Atlanta Braves,Washington Nationals
2015,2015-04-27,413936,2015-04-27 23:10:00+00:00,R,N,1,146,121,Miami Marlins,New York Mets
2015,2015-04-27,413935,2015-04-27 23:10:00+00:00,R,N,1,113,158,Cincinnati Reds,Milwaukee Brewers
2015,2015-04-27,413938,2015-04-28 00:05:00+00:00,R,N,1,112,134,Chicago Cubs,Pittsburgh Pirates
2015,2015-04-27,413939,2015-04-28 00:05:00+00:00,R,N,1,140,136,Texas Rangers,Seattle Mariners
2015,2015-04-27,413932,2015-04-28 00:10:00+00:00,R,N,1,142,116,Minnesota Twins,Detroit Tigers
2015,2015-04-27,413937,2015-04-28 00:15:00+00:00,R,N,1,138,143,St. Louis Cardinals,Philadelphia Phillies
2015,2015-04-27,413931,2015-04-28 01:40:00+00:00,R,N,1,109,115,Arizona Diamondbacks,Colorado Rockies
2015,2015-04-27,413933,2015-04-28 02:10:00+00:00,R,N,1,135,117,San Diego Padres,Houston Astros
2015,2015-04-27,413940,2015-04-28 02:10:00+00:00,R,N,1,119,137,Los Angeles Dodgers,San Francisco Giants
2015,2015-05-28,413930,2015-04-27 23:05:00+00:00,R,N,1,110,145,Baltimore Orioles,Chicago White Sox
2015,2015-04-28,413949,2015-04-28 22:10:00+00:00,R,N,1,114,118,Cleveland Indians,Kansas City Royals
2015,2015-04-28,413957,2015-04-28 22:10:00+00:00,R,N,1,111,141,Boston Red Sox,Toronto Blue Jays
2015,2015-04-28,413956,2015-04-28 23:05:00+00:00,R,N,1,147,139,New York Yankees,Tampa Bay Rays
2015,2015-04-28,413958,2015-04-28 23:10:00+00:00,R,N,1,144,120,Atlanta Braves,Washington Nationals
2015,2015-04-28,413951,2015-04-28 23:10:00+00:00,R,N,1,146,121,Miami Marlins,New York Mets
2015,2015-04-28,413950,2015-04-28 23:10:00+00:00,R,N,1,113,158,Cincinnati Reds,Milwaukee Brewers
2015,2015-04-28,413953,2015-04-29 00:05:00+00:00,R,N,1,112,134,Chicago Cubs,Pittsburgh Pirates
2015,2015-04-28,413954,2015-04-29 00:05:00+00:00,R,N,1,140,136,Texas Rangers,Seattle Mariners
2015,2015-04-28,413947,2015-04-29 00:10:00+00:00,R,N,1,142,116,Minnesota Twins,Detroit Tigers
2015,2015-04-28,413952,2015-04-29 00:15:00+00:00,R,N,1,138,143,St. Louis Cardinals,Philadelphia Phillies
2015,2015-04-28,413946,2015-04-29 01:40:00+00:00,R,N,1,109,115,Arizona Diamondbacks,Colorado Rockies
2015,2015-04-28,413944,2015-04-29 02:05:00+00:00,R,N,1,133,108,Oakland Athletics,Los Angeles Angels
2015,2015-04-28,413948,2015-04-29 02:10:00+00:00,R,N,1,135,117,San Diego Padres,Houston Astros
2015,2015-04-28,413955,2015-04-29 02:10:00+00:00,R,N,1,119,137,Los Angeles Dodgers,San Francisco Giants
2015,2015-05-28,413945,2015-04-28 23:05:00+00:00,R,N,1,110,145,Baltimore Orioles,Chicago White Sox
2015,2015-04-29,413965,2015-04-29 16:35:00+00:00,R,N,1,113,158,Cincinnati Reds,Milwaukee Brewers
2015,2015-04-29,413971,2015-04-29 17:05:00+00:00,R,N,1,147,139,New York Yankees,Tampa Bay Rays
2015,2015-04-29,413962,2015-04-29 17:10:00+00:00,R,N,1,142,116,Minnesota Twins,Detroit Tigers
2015,2015-04-29,413960,2015-04-29 18:05:00+00:00,R,N,1,110,145,Baltimore Orioles,Chicago White Sox
2015,2015-04-29,413963,2015-04-29 19:40:00+00:00,R,N,1,135,117,San Diego Padres,Houston Astros
2015,2015-04-29,413964,2015-04-29 22:10:00+00:00,R,N,1,114,118,Cleveland Indians,Kansas City Royals
2015,2015-04-29,413972,2015-04-29 22:10:00+00:00,R,N,1,111,141,Boston Red Sox,Toronto Blue Jays
2015,2015-04-29,413973,2015-04-29 23:10:00+00:00,R,N,1,144,120,Atlanta Braves,Washington Nationals
2015,2015-04-29,413966,2015-04-29 23:10:00+00:00,R,N,1,146,121,Miami Marlins,New York Mets
2015,2015-04-29,413968,2015-04-30 00:05:00+00:00,R,N,1,112,134,Chicago Cubs,Pittsburgh Pirates
2015,2015-04-29,413969,2015-04-30 00:05:00+00:00,R,N,1,140,136,Texas Rangers,Seattle Mariners
2015,2015-04-29,413967,2015-04-30 00:15:00+00:00,R,N,1,138,143,St. Louis Cardinals,Philadelphia Phillies
2015,2015-04-29,413961,2015-04-30 01:40:00+00:00,R,N,1,109,115,Arizona Diamondbacks,Colorado Rockies
2015,2015-04-29,413959,2015-04-30 02:05:00+00:00,R,N,1,133,108,Oakland Athletics,Los Angeles Angels
2015,2015-04-29,413970,2015-04-30 02:10:00+00:00,R,N,1,119,137,Los Angeles Dodgers,San Francisco Giants
2015,2015-04-30,413978,2015-04-30 17:45:00+00:00,R,N,1,138,143,St. Louis Cardinals,Philadelphia Phillies
2015,2015-04-30,413974,2015-04-30 19:35:00+00:00,R,N,1,133,108,Oakland Athletics,Los Angeles Angels
2015,2015-04-30,413981,2015-04-30 23:10:00+00:00,R,N,1,121,120,New York Mets,Washington Nationals
2015,2015-04-30,413980,2015-04-30 23:10:00+00:00,R,N,1,114,141,Cleveland Indians,Toronto Blue Jays
2015,2015-04-30,413976,2015-04-30 23:10:00+00:00,R,N,1,144,113,Atlanta Braves,Cincinnati Reds
2015,2015-04-30,413977,2015-05-01 00:10:00+00:00,R,N,1,118,116,Kansas City Royals,Detroit Tigers
2015,2015-04-30,413979,2015-05-01 00:10:00+00:00,R,N,1,117,136,Houston Astros,Seattle Mariners
2015,2015-04-30,413975,2015-05-01 00:10:00+00:00,R,N,1,142,145,Minnesota Twins,Chicago White Sox
2015,2015-05-01,413988,2015-05-01 18:20:00+00:00,R,N,1,112,158,Chicago Cubs,Milwaukee Brewers
2015,2015-05-01,413994,2015-05-01 23:05:00+00:00,R,N,1,110,139,Baltimore Orioles,Tampa Bay Rays
2015,2015-05-01,413996,2015-05-01 23:10:00+00:00,R,N,1,121,120,New York Mets,Washington Nationals
2015,2015-05-01,413995,2015-05-01 23:10:00+00:00,R,N,1,114,141,Cleveland Indians,Toronto Blue Jays
2015,2015-05-01,413991,2015-05-01 23:10:00+00:00,R,N,1,146,143,Miami Marlins,Philadelphia Phillies
2015,2015-05-01,413989,2015-05-01 23:10:00+00:00,R,N,1,111,147,Boston Red Sox,New York Yankees
2015,2015-05-01,413985,2015-05-01 23:35:00+00:00,R,N,1,144,113,Atlanta Braves,Cincinnati Reds
2015,2015-05-01,413990,2015-05-02 00:05:00+00:00,R,N,1,140,133,Texas Rangers,Oakland Athletics
2015,2015-05-01,413987,2015-05-02 00:10:00+00:00,R,N,1,118,116,Kansas City Royals,Detroit Tigers
2015,2015-05-01,413993,2015-05-02 00:10:00+00:00,R,N,1,117,136,Houston Astros,Seattle Mariners
2015,2015-05-01,413984,2015-05-02 00:10:00+00:00,R,N,1,142,145,Minnesota Twins,Chicago White Sox
2015,2015-05-01,413992,2015-05-02 00:15:00+00:00,R,N,1,138,134,St. Louis Cardinals,Pittsburgh Pirates
2015,2015-05-01,413983,2015-05-02 02:10:00+00:00,R,N,1,119,109,Los Angeles Dodgers,Arizona Diamondbacks
2015,2015-05-01,413986,2015-05-02 02:10:00+00:00,R,N,1,135,115,San Diego Padres,Colorado Rockies
2015,2015-05-01,413982,2015-05-02 02:15:00+00:00,R,N,1,137,108,San Francisco Giants,Los Angeles Angels
2015,2015-05-02,414004,2015-05-02 17:35:00+00:00,R,N,1,111,147,Boston Red Sox,New York Yankees
2015,2015-05-02,413999,2015-05-02 18:10:00+00:00,R,N,1,142,145,Minnesota Twins,Chicago White Sox
2015,2015-05-02,414007,2015-05-02 18:15:00+00:00,R,N,1,138,134,St. Louis Cardinals,Pittsburgh Pirates
2015,2015-05-02,414003,2015-05-02 18:20:00+00:00,R,N,1,112,158,Chicago Cubs,Milwaukee Brewers
2015,2015-05-02,413997,2015-05-02 20:05:00+00:00,R,N,1,137,108,San Francisco Giants,Los Angeles Angels
2015,2015-05-02,414010,2015-05-02 20:10:00+00:00,R,N,1,114,141,Cleveland Indians,Toronto Blue Jays
2015,2015-05-02,414006,2015-05-02 20:10:00+00:00,R,N,1,146,143,Miami Marlins,Philadelphia Phillies
2015,2015-05-02,414009,2015-05-02 23:05:00+00:00,R,N,1,110,139,Baltimore Orioles,Tampa Bay Rays
2015,2015-05-02,414002,2015-05-02 23:10:00+00:00,R,N,1,118,116,Kansas City Royals,Detroit Tigers
2015,2015-05-02,414011,2015-05-02 23:10:00+00:00,R,N,1,121,120,New York Mets,Washington Nationals
2015,2015-05-02,414008,2015-05-02 23:10:00+00:00,R,N,1,117,136,Houston Astros,Seattle Mariners
2015,2015-05-02,414000,2015-05-02 23:10:00+00:00,R,N,1,144,113,Atlanta Braves,Cincinnati Reds
2015,2015-05-02,414005,2015-05-03 00:05:00+00:00,R,N,1,140,133,Texas Rangers,Oakland Athletics
2015,2015-05-02,414001,2015-05-03 00:40:00+00:00,R,N,1,135,115,San Diego Padres,Colorado Rockies
2015,2015-05-02,413998,2015-05-03 01:10:00+00:00,R,N,1,119,109,Los Angeles Dodgers,Arizona Diamondbacks
2015,2015-05-03,414026,2015-05-03 17:10:00+00:00,R,N,1,121,120,New York Mets,Washington Nationals
2015,2015-05-03,414025,2015-05-03 17:10:00+00:00,R,N,1,114,141,Cleveland Indians,Toronto Blue Jays
2015,2015-05-03,414021,2015-05-03 17:10:00+00:00,R,N,1,146,143,Miami Marlins,Philadelphia Phillies
2015,2015-05-03,414024,2015-05-03 17:35:00+00:00,R,N,1,110,139,Baltimore Orioles,Tampa Bay Rays
2015,2015-05-03,414015,2015-05-03 17:35:00+00:00,R,N,1,144,113,Atlanta Braves,Cincinnati Reds
2015,2015-05-03,414017,2015-05-03 18:10:00+00:00,R,N,1,118,116,Kansas City Royals,Detroit Tigers
2015,2015-05-03,414023,2015-05-03 18:10:00+00:00,R,N,1,117,136,Houston Astros,Seattle Mariners
2015,2015-05-03,414014,2015-05-03 18:10:00+00:00,R,N,1,142,145,Minnesota Twins,Chicago White Sox
2015,2015-05-03,414022,2015-05-03 18:15:00+00:00,R,N,1,138,134,St. Louis Cardinals,Pittsburgh Pirates
2015,2015-05-03,414018,2015-05-03 18:20:00+00:00,R,N,1,112,158,Chicago Cubs,Milwaukee Brewers
2015,2015-05-03,414020,2015-05-03 19:05:00+00:00,R,N,1,140,133,Texas Rangers,Oakland Athletics
2015,2015-05-03,414012,2015-05-03 20:05:00+00:00,R,N,1,137,108,San Francisco Giants,Los Angeles Angels
2015,2015-05-03,414013,2015-05-03 20:10:00+00:00,R,N,1,119,109,Los Angeles Dodgers,Arizona Diamondbacks
2015,2015-05-03,414016,2015-05-03 20:10:00+00:00,R,N,1,135,115,San Diego Padres,Colorado Rockies
2015,2015-05-03,414019,2015-05-04 00:05:00+00:00,R,N,1,111,147,Boston Red Sox,New York Yankees
2015,2015-05-04,414030,2015-05-04 23:05:00+00:00,R,N,1,120,146,Washington Nationals,Miami Marlins
2015,2015-05-04,414031,2015-05-04 23:07:00+00:00,R,N,1,141,147,Toronto Blue Jays,New York Yankees
2015,2015-05-04,414036,2015-05-04 23:10:00+00:00,R,N,1,111,139,Boston Red Sox,Tampa Bay Rays
2015,2015-05-04,414033,2015-05-04 23:10:00+00:00,R,N,1,144,143,Atlanta Braves,Philadelphia Phillies
2015,2015-05-04,414029,2015-05-04 23:20:00+00:00,R,N,1,158,119,Milwaukee Brewers,Los Angeles Dodgers
2015,2015-05-04,414028,2015-05-05 00:10:00+00:00,R,N,1,138,112,St. Louis Cardinals,Chicago Cubs
2015,2015-05-04,414037,2015-05-05 00:10:00+00:00,R,N,1,117,140,Houston Astros,Texas Rangers
2015,2015-05-04,414032,2015-05-05 00:10:00+00:00,R,N,1,142,133,Minnesota Twins,Oakland Athletics
2015,2015-05-04,414035,2015-05-05 02:05:00+00:00,R,N,1,108,136,Los Angeles Angels,Seattle Mariners
2015,2015-05-04,414034,2015-05-05 02:15:00+00:00,R,N,1,137,135,San Francisco Giants,San Diego Padres
2015,2015-09-01,414027,2015-05-05 00:40:00+00:00,R,N,1,115,109,Colorado Rockies,Arizona Diamondbacks
2015,2015-05-05,414041,2015-05-05 23:05:00+00:00,R,N,1,134,113,Pittsburgh Pirates,Cincinnati Reds
2015,2015-05-05,414045,2015-05-05 23:05:00+00:00,R,N,1,120,146,Washington Nationals,Miami Marlins
2015,2015-05-05,414046,2015-05-05 23:07:00+00:00,R,N,1,141,147,Toronto Blue Jays,New York Yankees
2015,2015-05-05,414039,2015-05-05 23:10:00+00:00,R,N,1,121,110,New York Mets,Baltimore Orioles
2015,2015-05-05,414051,2015-05-05 23:10:00+00:00,R,N,1,111,139,Boston Red Sox,Tampa Bay Rays
2015,2015-05-05,414048,2015-05-05 23:10:00+00:00,R,N,1,144,143,Atlanta Braves,Philadelphia Phillies
2015,2015-05-05,414042,2015-05-06 00:10:00+00:00,R,N,1,118,114,Kansas City Royals,Cleveland Indians
2015,2015-05-05,414052,2015-05-06 00:10:00+00:00,R,N,1,117,140,Houston Astros,Texas Rangers
2015,2015-05-05,414047,2015-05-06 00:10:00+00:00,R,N,1,142,133,Minnesota Twins,Oakland Athletics
2015,2015-05-05,414043,2015-05-06 00:10:00+00:00,R,N,1,145,116,Chicago White Sox,Detroit Tigers
2015,2015-05-05,414044,2015-05-06 00:10:00+00:00,R,N,1,158,119,Milwaukee Brewers,Los Angeles Dodgers
2015,2015-05-05,414040,2015-05-06 00:15:00+00:00,R,N,1,138,112,St. Louis Cardinals,Chicago Cubs
2015,2015-05-05,414050,2015-05-06 02:05:00+00:00,R,N,1,108,136,Los Angeles Angels,Seattle Mariners
2015,2015-05-05,414049,2015-05-06 02:15:00+00:00,R,N,1,137,135,San Francisco Giants,San Diego Padres
2015,2015-05-06,414038,2015-05-06 00:40:00+00:00,R,N,1,115,109,Colorado Rockies,Arizona Diamondbacks
2015,2015-05-06,414060,2015-05-06 17:05:00+00:00,R,N,1,120,146,Washington Nationals,Miami Marlins
2015,2015-05-06,414053,2015-05-06 19:10:00+00:00,R,Y,1,115,109,Colorado Rockies,Arizona Diamondbacks
2015,2015-05-06,414038,2015-05-06 19:15:00+00:00,R,Y,2,115,109,Colorado Rockies,Arizona Diamondbacks
2015,2015-05-06,414064,2015-05-06 19:45:00+00:00,R,N,1,137,135,San Francisco Giants,San Diego Padres
2015,2015-05-06,414056,2015-05-06 23:05:00+00:00,R,N,1,134,113,Pittsburgh Pirates,Cincinnati Reds
2015,2015-05-06,414061,2015-05-06 23:07:00+00:00,R,N,1,141,147,Toronto Blue Jays,New York Yankees
2015,2015-05-06,414054,2015-05-06 23:10:00+00:00,R,N,1,121,110,New York Mets,Baltimore Orioles
2015,2015-05-06,414066,2015-05-06 23:10:00+00:00,R,N,1,111,139,Boston Red Sox,Tampa Bay Rays
2015,2015-05-06,414063,2015-05-06 23:10:00+00:00,R,N,1,144,143,Atlanta Braves,Philadelphia Phillies
2015,2015-05-06,414057,2015-05-07 00:10:00+00:00,R,N,1,118,114,Kansas City Royals,Cleveland Indians
2015,2015-05-06,414067,2015-05-07 00:10:00+00:00,R,N,1,117,140,Houston Astros,Texas Rangers
2015,2015-05-06,414062,2015-05-07 00:10:00+00:00,R,N,1,142,133,Minnesota Twins,Oakland Athletics
2015,2015-05-06,414058,2015-05-07 00:10:00+00:00,R,N,1,145,116,Chicago White Sox,Detroit Tigers
2015,2015-05-06,414059,2015-05-07 00:10:00+00:00,R,N,1,158,119,Milwaukee Brewers,Los Angeles Dodgers
2015,2015-05-06,414055,2015-05-07 00:15:00+00:00,R,N,1,138,112,St. Louis Cardinals,Chicago Cubs
2015,2015-05-06,414065,2015-05-07 02:05:00+00:00,R,N,1,108,136,Los Angeles Angels,Seattle Mariners
2015,2015-05-07,414076,2015-05-07 17:10:00+00:00,R,N,1,142,133,Minnesota Twins,Oakland Athletics
2015,2015-05-07,414074,2015-05-07 17:40:00+00:00,R,N,1,158,119,Milwaukee Brewers,Los Angeles Dodgers
2015,2015-05-07,414069,2015-05-07 17:45:00+00:00,R,N,1,138,112,St. Louis Cardinals,Chicago Cubs
2015,2015-05-07,414071,2015-05-07 18:10:00+00:00,R,N,1,118,114,Kansas City Royals,Cleveland Indians
2015,2015-05-07,414072,2015-05-07 18:10:00+00:00,R,N,1,145,116,Chicago White Sox,Detroit Tigers
2015,2015-05-07,414070,2015-05-07 23:05:00+00:00,R,N,1,134,113,Pittsburgh Pirates,Cincinnati Reds
2015,2015-05-07,414068,2015-05-07 23:05:00+00:00,R,N,1,147,110,New York Yankees,Baltimore Orioles
2015,2015-05-07,414078,2015-05-07 23:10:00+00:00,R,N,1,139,140,Tampa Bay Rays,Texas Rangers
2015,2015-05-07,414077,2015-05-08 01:40:00+00:00,R,N,1,109,135,Arizona Diamondbacks,San Diego Padres
2015,2015-05-07,414073,2015-05-08 02:05:00+00:00,R,N,1,108,117,Los Angeles Angels,Houston Astros
2015,2015-05-07,414075,2015-05-08 02:15:00+00:00,R,N,1,137,146,San Francisco Giants,Miami Marlins
2015,2015-05-08,414092,2015-05-08 23:05:00+00:00,R,N,1,134,138,Pittsburgh Pirates,St. Louis Cardinals
2015,2015-05-08,414089,2015-05-08 23:05:00+00:00,R,N,1,143,121,Philadelphia Phillies,New York Mets
2015,2015-05-08,414079,2015-05-08 23:05:00+00:00,R,N,1,120,144,Washington Nationals,Atlanta Braves
2015,2015-05-08,414080,2015-05-08 23:05:00+00:00,R,N,1,147,110,New York Yankees,Baltimore Orioles
2015,2015-05-08,414081,2015-05-08 23:07:00+00:00,R,N,1,141,111,Toronto Blue Jays,Boston Red Sox
2015,2015-05-08,414085,2015-05-08 23:08:00+00:00,R,N,1,116,118,Detroit Tigers,Kansas City Royals
2015,2015-05-08,414093,2015-05-08 23:10:00+00:00,R,N,1,139,140,Tampa Bay Rays,Texas Rangers
2015,2015-05-08,414088,2015-05-08 23:10:00+00:00,R,N,1,114,142,Cleveland Indians,Minnesota Twins
2015,2015-05-08,414082,2015-05-09 00:10:00+00:00,R,N,1,158,112,Milwaukee Brewers,Chicago Cubs
2015,2015-05-08,414086,2015-05-09 00:40:00+00:00,R,N,1,115,119,Colorado Rockies,Los Angeles Dodgers
2015,2015-05-08,414091,2015-05-09 01:40:00+00:00,R,N,1,109,135,Arizona Diamondbacks,San Diego Padres
2015,2015-05-08,414084,2015-05-09 02:05:00+00:00,R,N,1,108,117,Los Angeles Angels,Houston Astros
2015,2015-05-08,414090,2015-05-09 02:10:00+00:00,R,N,1,136,133,Seattle Mariners,Oakland Athletics
2015,2015-05-08,414087,2015-05-09 02:15:00+00:00,R,N,1,137,146,San Francisco Giants,Miami Marlins
2015,2015-05-09,414083,2015-05-09 00:10:00+00:00,R,N,1,145,113,Chicago White Sox,Cincinnati Reds
2015,2015-05-09,414095,2015-05-09 17:05:00+00:00,R,N,1,147,110,New York Yankees,Baltimore Orioles
2015,2015-05-09,414096,2015-05-09 17:07:00+00:00,R,N,1,141,111,Toronto Blue Jays,Boston Red Sox
2015,2015-05-09,414100,2015-05-09 17:08:00+00:00,R,N,1,116,118,Detroit Tigers,Kansas City Royals
2015,2015-05-09,414094,2015-05-09 20:05:00+00:00,R,N,1,120,144,Washington Nationals,Atlanta Braves
2015,2015-05-09,414103,2015-05-09 20:10:00+00:00,R,N,1,114,142,Cleveland Indians,Minnesota Twins
2015,2015-05-09,414098,2015-05-09 20:10:00+00:00,R,Y,1,145,113,Chicago White Sox,Cincinnati Reds
2015,2015-05-09,414083,2015-05-09 20:15:00+00:00,R,Y,2,145,113,Chicago White Sox,Cincinnati Reds
2015,2015-05-09,414108,2015-05-09 22:10:00+00:00,R,N,1,139,140,Tampa Bay Rays,Texas Rangers
2015,2015-05-09,414107,2015-05-09 23:05:00+00:00,R,N,1,134,138,Pittsburgh Pirates,St. Louis Cardinals
2015,2015-05-09,414104,2015-05-09 23:05:00+00:00,R,N,1,143,121,Philadelphia Phillies,New York Mets
2015,2015-05-09,414097,2015-05-09 23:10:00+00:00,R,N,1,158,112,Milwaukee Brewers,Chicago Cubs
2015,2015-05-09,414106,2015-05-10 00:10:00+00:00,R,N,1,109,135,Arizona Diamondbacks,San Diego Padres
2015,2015-05-09,414099,2015-05-10 01:05:00+00:00,R,N,1,108,117,Los Angeles Angels,Houston Astros
2015,2015-05-09,414102,2015-05-10 01:05:00+00:00,R,N,1,137,146,San Francisco Giants,Miami Marlins
2015,2015-05-09,414105,2015-05-10 01:10:00+00:00,R,N,1,136,133,Seattle Mariners,Oakland Athletics
2015,2015-06-02,414101,2015-05-10 00:10:00+00:00,R,N,1,115,119,Colorado Rockies,Los Angeles Dodgers
2015,2015-05-10,414110,2015-05-10 17:05:00+00:00,R,N,1,147,110,New York Yankees,Baltimore Orioles
2015,2015-05-10,414111,2015-05-10 17:07:00+00:00,R,N,1,141,111,Toronto Blue Jays,Boston Red Sox
2015,2015-05-10,414123,2015-05-10 17:10:00+00:00,R,N,1,139,140,Tampa Bay Rays,Texas Rangers
2015,2015-05-10,414118,2015-05-10 17:10:00+00:00,R,N,1,114,142,Cleveland Indians,Minnesota Twins
2015,2015-05-10,414122,2015-05-10 17:35:00+00:00,R,N,1,134,138,Pittsburgh Pirates,St. Louis Cardinals
2015,2015-05-10,414119,2015-05-10 17:35:00+00:00,R,N,1,143,121,Philadelphia Phillies,New York Mets
2015,2015-05-10,414109,2015-05-10 17:35:00+00:00,R,N,1,120,144,Washington Nationals,Atlanta Braves
2015,2015-05-10,414113,2015-05-10 18:10:00+00:00,R,N,1,145,113,Chicago White Sox,Cincinnati Reds
2015,2015-05-10,414112,2015-05-10 18:10:00+00:00,R,N,1,158,112,Milwaukee Brewers,Chicago Cubs
2015,2015-05-10,414114,2015-05-10 19:35:00+00:00,R,N,1,108,117,Los Angeles Angels,Houston Astros
2015,2015-05-10,414117,2015-05-10 20:05:00+00:00,R,N,1,137,146,San Francisco Giants,Miami Marlins
2015,2015-05-10,414116,2015-05-10 20:10:00+00:00,R,N,1,115,119,Colorado Rockies,Los Angeles Dodgers
2015,2015-05-10,414121,2015-05-10 20:10:00+00:00,R,N,1,109,135,Arizona Diamondbacks,San Diego Padres
2015,2015-05-10,414120,2015-05-10 20:10:00+00:00,R,N,1,136,133,Seattle Mariners,Oakland Athletics
2015,2015-05-10,414115,2015-05-11 00:05:00+00:00,R,N,1,116,118,Detroit Tigers,Kansas City Royals
2015,2015-05-11,414132,2015-05-11 23:05:00+00:00,R,N,1,110,141,Baltimore Orioles,Toronto Blue Jays
2015,2015-05-11,414131,2015-05-11 23:05:00+00:00,R,N,1,143,134,Philadelphia Phillies,Pittsburgh Pirates
2015,2015-05-11,414124,2015-05-11 23:10:00+00:00,R,N,1,113,144,Cincinnati Reds,Atlanta Braves
2015,2015-05-11,414129,2015-05-11 23:10:00+00:00,R,N,1,139,147,Tampa Bay Rays,New York Yankees
2015,2015-05-11,414126,2015-05-11 23:20:00+00:00,R,N,1,158,145,Milwaukee Brewers,Chicago White Sox
2015,2015-05-11,414130,2015-05-12 00:05:00+00:00,R,N,1,112,121,Chicago Cubs,New York Mets
2015,2015-05-11,414127,2015-05-12 00:05:00+00:00,R,N,1,140,118,Texas Rangers,Kansas City Royals
2015,2015-05-11,414133,2015-05-12 01:40:00+00:00,R,N,1,109,120,Arizona Diamondbacks,Washington Nationals
2015,2015-05-11,414125,2015-05-12 02:05:00+00:00,R,N,1,133,111,Oakland Athletics,Boston Red Sox
2015,2015-05-11,414128,2015-05-12 02:10:00+00:00,R,N,1,119,146,Los Angeles Dodgers,Miami Marlins
2015,2015-05-12,414146,2015-05-12 22:10:00+00:00,R,N,1,114,138,Cleveland Indians,St. Louis Cardinals
2015,2015-05-12,414147,2015-05-12 23:05:00+00:00,R,N,1,110,141,Baltimore Orioles,Toronto Blue Jays
2015,2015-05-12,414143,2015-05-12 23:05:00+00:00,R,N,1,143,134,Philadelphia Phillies,Pittsburgh Pirates
2015,2015-05-12,414140,2015-05-12 23:08:00+00:00,R,N,1,116,142,Detroit Tigers,Minnesota Twins
2015,2015-05-12,414134,2015-05-12 23:10:00+00:00,R,N,1,113,144,Cincinnati Reds,Atlanta Braves
2015,2015-05-12,414141,2015-05-12 23:10:00+00:00,R,N,1,139,147,Tampa Bay Rays,New York Yankees
2015,2015-05-12,414142,2015-05-13 00:05:00+00:00,R,N,1,112,121,Chicago Cubs,New York Mets
2015,2015-05-12,414138,2015-05-13 00:05:00+00:00,R,N,1,140,118,Texas Rangers,Kansas City Royals
2015,2015-05-12,414145,2015-05-13 00:10:00+00:00,R,N,1,117,137,Houston Astros,San Francisco Giants
2015,2015-05-12,414136,2015-05-13 00:10:00+00:00,R,N,1,158,145,Milwaukee Brewers,Chicago White Sox
2015,2015-05-12,414148,2015-05-13 01:40:00+00:00,R,N,1,109,120,Arizona Diamondbacks,Washington Nationals
2015,2015-05-12,414137,2015-05-13 02:05:00+00:00,R,N,1,108,115,Los Angeles Angels,Colorado Rockies
2015,2015-05-12,414135,2015-05-13 02:05:00+00:00,R,N,1,133,111,Oakland Athletics,Boston Red Sox
2015,2015-05-12,414144,2015-05-13 02:10:00+00:00,R,N,1,136,135,Seattle Mariners,San Diego Padres
2015,2015-05-12,414139,2015-05-13 02:10:00+00:00,R,N,1,119,146,Los Angeles Dodgers,Miami Marlins
2015,2015-05-13,414150,2015-05-13 19:35:00+00:00,R,N,1,133,111,Oakland Athletics,Boston Red Sox
2015,2015-05-13,414163,2015-05-13 19:40:00+00:00,R,N,1,109,120,Arizona Diamondbacks,Washington Nationals
2015,2015-05-13,414161,2015-05-13 22:10:00+00:00,R,N,1,114,138,Cleveland Indians,St. Louis Cardinals
2015,2015-05-13,414162,2015-05-13 23:05:00+00:00,R,N,1,110,141,Baltimore Orioles,Toronto Blue Jays
2015,2015-05-13,414158,2015-05-13 23:05:00+00:00,R,N,1,143,134,Philadelphia Phillies,Pittsburgh Pirates
2015,2015-05-13,414155,2015-05-13 23:08:00+00:00,R,N,1,116,142,Detroit Tigers,Minnesota Twins
2015,2015-05-13,414149,2015-05-13 23:10:00+00:00,R,N,1,113,144,Cincinnati Reds,Atlanta Braves
2015,2015-05-13,414156,2015-05-13 23:10:00+00:00,R,N,1,139,147,Tampa Bay Rays,New York Yankees
2015,2015-05-13,414154,2015-05-13 23:50:00+00:00,R,N,1,119,146,Los Angeles Dodgers,Miami Marlins
2015,2015-05-13,414157,2015-05-14 00:05:00+00:00,R,N,1,112,121,Chicago Cubs,New York Mets
2015,2015-05-13,414153,2015-05-14 00:05:00+00:00,R,N,1,140,118,Texas Rangers,Kansas City Royals
2015,2015-05-13,414160,2015-05-14 00:10:00+00:00,R,N,1,117,137,Houston Astros,San Francisco Giants
2015,2015-05-13,414151,2015-05-14 00:10:00+00:00,R,N,1,158,145,Milwaukee Brewers,Chicago White Sox
2015,2015-05-13,414152,2015-05-14 02:05:00+00:00,R,N,1,108,115,Los Angeles Angels,Colorado Rockies
2015,2015-05-13,414159,2015-05-14 02:10:00+00:00,R,N,1,136,135,Seattle Mariners,San Diego Padres
2015,2015-05-14,414172,2015-05-14 16:10:00+00:00,R,N,1,114,138,Cleveland Indians,St. Louis Cardinals
2015,2015-05-14,414170,2015-05-14 17:05:00+00:00,R,N,1,143,134,Philadelphia Phillies,Pittsburgh Pirates
2015,2015-05-14,414167,2015-05-14 17:08:00+00:00,R,N,1,116,142,Detroit Tigers,Minnesota Twins
2015,2015-05-14,414166,2015-05-14 18:05:00+00:00,R,N,1,140,118,Texas Rangers,Kansas City Royals
2015,2015-05-14,414169,2015-05-14 18:20:00+00:00,R,N,1,112,121,Chicago Cubs,New York Mets
2015,2015-05-14,414171,2015-05-14 23:10:00+00:00,R,N,1,113,137,Cincinnati Reds,San Francisco Giants
2015,2015-05-14,414168,2015-05-14 23:10:00+00:00,R,N,1,139,147,Tampa Bay Rays,New York Yankees
2015,2015-05-14,414173,2015-05-15 00:10:00+00:00,R,N,1,117,141,Houston Astros,Toronto Blue Jays
2015,2015-05-14,414165,2015-05-15 02:10:00+00:00,R,N,1,119,115,Los Angeles Dodgers,Colorado Rockies
2015,2015-05-14,414174,2015-05-15 02:10:00+00:00,R,N,1,135,120,San Diego Padres,Washington Nationals
2015,2015-05-14,414164,2015-05-15 02:10:00+00:00,R,N,1,136,111,Seattle Mariners,Boston Red Sox
2015,2015-05-15,414185,2015-05-15 18:20:00+00:00,R,N,1,112,134,Chicago Cubs,Pittsburgh Pirates
2015,2015-05-15,414175,2015-05-15 23:05:00+00:00,R,N,1,110,108,Baltimore Orioles,Los Angeles Angels
2015,2015-05-15,414176,2015-05-15 23:05:00+00:00,R,N,1,143,109,Philadelphia Phillies,Arizona Diamondbacks
2015,2015-05-15,414186,2015-05-15 23:10:00+00:00,R,N,1,113,137,Cincinnati Reds,San Francisco Giants
2015,2015-05-15,414177,2015-05-15 23:10:00+00:00,R,N,1,146,144,Miami Marlins,Atlanta Braves
2015,2015-05-15,414183,2015-05-15 23:10:00+00:00,R,N,1,121,158,New York Mets,Milwaukee Brewers
2015,2015-05-15,414180,2015-05-16 00:05:00+00:00,R,N,1,140,114,Texas Rangers,Cleveland Indians
2015,2015-05-15,414188,2015-05-16 00:10:00+00:00,R,N,1,117,141,Houston Astros,Toronto Blue Jays
2015,2015-05-15,414187,2015-05-16 00:10:00+00:00,R,N,1,142,139,Minnesota Twins,Tampa Bay Rays
2015,2015-05-15,414184,2015-05-16 00:10:00+00:00,R,N,1,118,147,Kansas City Royals,New York Yankees
2015,2015-05-15,414182,2015-05-16 00:15:00+00:00,R,N,1,138,116,St. Louis Cardinals,Detroit Tigers
2015,2015-05-15,414179,2015-05-16 02:05:00+00:00,R,N,1,133,145,Oakland Athletics,Chicago White Sox
2015,2015-05-15,414181,2015-05-16 02:10:00+00:00,R,N,1,119,115,Los Angeles Dodgers,Colorado Rockies
2015,2015-05-15,414189,2015-05-16 02:10:00+00:00,R,N,1,135,120,San Diego Padres,Washington Nationals
2015,2015-05-15,414178,2015-05-16 02:10:00+00:00,R,N,1,136,111,Seattle Mariners,Boston Red Sox
2015,2015-05-16,414192,2015-05-16 17:00:00+00:00,R,N,1,146,144,Miami Marlins,Atlanta Braves
2015,2015-05-16,414202,2015-05-16 18:10:00+00:00,R,N,1,142,139,Minnesota Twins,Tampa Bay Rays
2015,2015-05-16,414197,2015-05-16 18:15:00+00:00,R,N,1,138,116,St. Louis Cardinals,Detroit Tigers
2015,2015-05-16,414200,2015-05-16 20:05:00+00:00,R,N,1,112,134,Chicago Cubs,Pittsburgh Pirates
2015,2015-05-16,414190,2015-05-16 23:05:00+00:00,R,N,1,110,108,Baltimore Orioles,Los Angeles Angels
2015,2015-05-16,414191,2015-05-16 23:05:00+00:00,R,N,1,143,109,Philadelphia Phillies,Arizona Diamondbacks
2015,2015-05-16,414201,2015-05-16 23:10:00+00:00,R,N,1,113,137,Cincinnati Reds,San Francisco Giants
2015,2015-05-16,414203,2015-05-16 23:10:00+00:00,R,N,1,117,141,Houston Astros,Toronto Blue Jays
2015,2015-05-16,414199,2015-05-16 23:10:00+00:00,R,N,1,118,147,Kansas City Royals,New York Yankees
2015,2015-05-16,414198,2015-05-16 23:10:00+00:00,R,N,1,121,158,New York Mets,Milwaukee Brewers
2015,2015-05-16,414195,2015-05-17 00:05:00+00:00,R,N,1,140,114,Texas Rangers,Cleveland Indians
2015,2015-05-16,414204,2015-05-17 00:40:00+00:00,R,N,1,135,120,San Diego Padres,Washington Nationals
2015,2015-05-16,414194,2015-05-17 01:05:00+00:00,R,N,1,133,145,Oakland Athletics,Chicago White Sox
2015,2015-05-16,414196,2015-05-17 01:10:00+00:00,R,N,1,119,115,Los Angeles Dodgers,Colorado Rockies
2015,2015-05-16,414193,2015-05-17 01:10:00+00:00,R,N,1,136,111,Seattle Mariners,Boston Red Sox
2015,2015-05-17,414216,2015-05-17 17:10:00+00:00,R,N,1,113,137,Cincinnati Reds,San Francisco Giants
2015,2015-05-17,414207,2015-05-17 17:10:00+00:00,R,N,1,146,144,Miami Marlins,Atlanta Braves
2015,2015-05-17,414213,2015-05-17 17:10:00+00:00,R,N,1,121,158,New York Mets,Milwaukee Brewers
2015,2015-05-17,414205,2015-05-17 17:35:00+00:00,R,N,1,110,108,Baltimore Orioles,Los Angeles Angels
2015,2015-05-17,414206,2015-05-17 17:35:00+00:00,R,N,1,143,109,Philadelphia Phillies,Arizona Diamondbacks
2015,2015-05-17,414218,2015-05-17 18:10:00+00:00,R,N,1,117,141,Houston Astros,Toronto Blue Jays
2015,2015-05-17,414217,2015-05-17 18:10:00+00:00,R,N,1,142,139,Minnesota Twins,Tampa Bay Rays
2015,2015-05-17,414214,2015-05-17 18:10:00+00:00,R,N,1,118,147,Kansas City Royals,New York Yankees
2015,2015-05-17,414215,2015-05-17 18:20:00+00:00,R,N,1,112,134,Chicago Cubs,Pittsburgh Pirates
2015,2015-05-17,414210,2015-05-17 19:05:00+00:00,R,N,1,140,114,Texas Rangers,Cleveland Indians
2015,2015-05-17,414209,2015-05-17 20:05:00+00:00,R,N,1,133,145,Oakland Athletics,Chicago White Sox
2015,2015-05-17,414211,2015-05-17 20:10:00+00:00,R,N,1,119,115,Los Angeles Dodgers,Colorado Rockies
2015,2015-05-17,414219,2015-05-17 20:10:00+00:00,R,N,1,135,120,San Diego Padres,Washington Nationals
2015,2015-05-17,414208,2015-05-17 20:10:00+00:00,R,N,1,136,111,Seattle Mariners,Boston Red Sox
2015,2015-05-17,414212,2015-05-18 00:05:00+00:00,R,N,1,138,116,St. Louis Cardinals,Detroit Tigers
2015,2015-05-18,414220,2015-05-18 17:07:00+00:00,R,N,1,141,108,Toronto Blue Jays,Los Angeles Angels
2015,2015-05-18,414223,2015-05-18 23:08:00+00:00,R,N,1,116,158,Detroit Tigers,Milwaukee Brewers
2015,2015-05-18,414226,2015-05-18 23:10:00+00:00,R,N,1,121,138,New York Mets,St. Louis Cardinals
2015,2015-05-18,414221,2015-05-18 23:10:00+00:00,R,N,1,146,109,Miami Marlins,Arizona Diamondbacks
2015,2015-05-18,414224,2015-05-19 00:10:00+00:00,R,N,1,117,133,Houston Astros,Oakland Athletics
2015,2015-05-18,414222,2015-05-19 00:10:00+00:00,R,N,1,145,114,Chicago White Sox,Cleveland Indians
2015,2015-05-18,414225,2015-05-19 00:40:00+00:00,R,N,1,115,143,Colorado Rockies,Philadelphia Phillies
2015,2015-05-19,414238,2015-05-19 23:05:00+00:00,R,N,1,110,136,Baltimore Orioles,Seattle Mariners
2015,2015-05-19,414234,2015-05-19 23:05:00+00:00,R,N,1,134,142,Pittsburgh Pirates,Minnesota Twins
2015,2015-05-19,414235,2015-05-19 23:05:00+00:00,R,N,1,120,147,Washington Nationals,New York Yankees
2015,2015-05-19,414227,2015-05-19 23:07:00+00:00,R,N,1,141,108,Toronto Blue Jays,Los Angeles Angels
2015,2015-05-19,414233,2015-05-19 23:08:00+00:00,R,N,1,116,158,Detroit Tigers,Milwaukee Brewers
2015,2015-05-19,414239,2015-05-19 23:10:00+00:00,R,N,1,121,138,New York Mets,St. Louis Cardinals
2015,2015-05-19,414241,2015-05-19 23:10:00+00:00,R,N,1,111,140,Boston Red Sox,Texas Rangers
2015,2015-05-19,414240,2015-05-19 23:10:00+00:00,R,N,1,144,139,Atlanta Braves,Tampa Bay Rays
2015,2015-05-19,414228,2015-05-19 23:10:00+00:00,R,N,1,146,109,Miami Marlins,Arizona Diamondbacks
2015,2015-05-19,414230,2015-05-20 00:10:00+00:00,R,N,1,118,113,Kansas City Royals,Cincinnati Reds
2015,2015-05-19,414236,2015-05-20 00:10:00+00:00,R,N,1,117,133,Houston Astros,Oakland Athletics
2015,2015-05-19,414231,2015-05-20 00:10:00+00:00,R,N,1,145,114,Chicago White Sox,Cleveland Indians
2015,2015-05-19,414237,2015-05-20 00:40:00+00:00,R,N,1,115,143,Colorado Rockies,Philadelphia Phillies
2015,2015-05-19,414229,2015-05-20 02:10:00+00:00,R,N,1,135,112,San Diego Padres,Chicago Cubs
2015,2015-05-19,414232,2015-05-20 02:15:00+00:00,R,N,1,137,119,San Francisco Giants,Los Angeles Dodgers
2015,2015-05-20,414251,2015-05-20 18:10:00+00:00,R,N,1,117,133,Houston Astros,Oakland Athletics
2015,2015-05-20,414253,2015-05-20 23:05:00+00:00,R,N,1,110,136,Baltimore Orioles,Seattle Mariners
2015,2015-05-20,414249,2015-05-20 23:05:00+00:00,R,N,1,134,142,Pittsburgh Pirates,Minnesota Twins
2015,2015-05-20,414250,2015-05-20 23:05:00+00:00,R,N,1,120,147,Washington Nationals,New York Yankees
2015,2015-05-20,414242,2015-05-20 23:07:00+00:00,R,N,1,141,108,Toronto Blue Jays,Los Angeles Angels
2015,2015-05-20,414248,2015-05-20 23:08:00+00:00,R,N,1,116,158,Detroit Tigers,Milwaukee Brewers
2015,2015-05-20,414254,2015-05-20 23:10:00+00:00,R,N,1,121,138,New York Mets,St. Louis Cardinals
2015,2015-05-20,414256,2015-05-20 23:10:00+00:00,R,N,1,111,140,Boston Red Sox,Texas Rangers
2015,2015-05-20,414255,2015-05-20 23:10:00+00:00,R,N,1,144,139,Atlanta Braves,Tampa Bay Rays
2015,2015-05-20,414243,2015-05-20 23:10:00+00:00,R,N,1,146,109,Miami Marlins,Arizona Diamondbacks
2015,2015-05-20,414245,2015-05-21 00:10:00+00:00,R,N,1,118,113,Kansas City Royals,Cincinnati Reds
2015,2015-05-20,414246,2015-05-21 00:10:00+00:00,R,N,1,145,114,Chicago White Sox,Cleveland Indians
2015,2015-05-20,414252,2015-05-21 00:40:00+00:00,R,N,1,115,143,Colorado Rockies,Philadelphia Phillies
2015,2015-05-20,414244,2015-05-21 02:10:00+00:00,R,N,1,135,112,San Diego Padres,Chicago Cubs
2015,2015-05-20,414247,2015-05-21 02:15:00+00:00,R,N,1,137,119,San Francisco Giants,Los Angeles Dodgers
2015,2015-05-21,414258,2015-05-21 16:10:00+00:00,R,N,1,146,109,Miami Marlins,Arizona Diamondbacks
2015,2015-05-21,414266,2015-05-21 16:35:00+00:00,R,N,1,110,136,Baltimore Orioles,Seattle Mariners
2015,2015-05-21,414261,2015-05-21 17:08:00+00:00,R,N,1,116,117,Detroit Tigers,Houston Astros
2015,2015-05-21,414267,2015-05-21 17:10:00+00:00,R,N,1,121,138,New York Mets,St. Louis Cardinals
2015,2015-05-21,414265,2015-05-21 19:10:00+00:00,R,N,1,115,143,Colorado Rockies,Philadelphia Phillies
2015,2015-05-21,414262,2015-05-21 19:45:00+00:00,R,N,1,137,119,San Francisco Giants,Los Angeles Dodgers
2015,2015-05-21,414257,2015-05-21 23:07:00+00:00,R,N,1,141,108,Toronto Blue Jays,Los Angeles Angels
2015,2015-05-21,414264,2015-05-21 23:10:00+00:00,R,N,1,139,133,Tampa Bay Rays,Oakland Athletics
2015,2015-05-21,414268,2015-05-21 23:10:00+00:00,R,N,1,111,140,Boston Red Sox,Texas Rangers
2015,2015-05-21,414263,2015-05-21 23:10:00+00:00,R,N,1,144,158,Atlanta Braves,Milwaukee Brewers
2015,2015-05-21,414260,2015-05-22 00:10:00+00:00,R,N,1,145,114,Chicago White Sox,Cleveland Indians
2015,2015-05-21,414259,2015-05-22 01:10:00+00:00,R,N,1,135,112,San Diego Padres,Chicago Cubs
2015,2015-05-22,414276,2015-05-22 23:05:00+00:00,R,N,1,134,121,Pittsburgh Pirates,New York Mets
2015,2015-05-22,414278,2015-05-22 23:05:00+00:00,R,N,1,120,143,Washington Nationals,Philadelphia Phillies
2015,2015-05-22,414283,2015-05-22 23:05:00+00:00,R,N,1,147,140,New York Yankees,Texas Rangers
2015,2015-05-22,414280,2015-05-22 23:07:00+00:00,R,N,1,141,136,Toronto Blue Jays,Seattle Mariners
2015,2015-05-22,414273,2015-05-22 23:08:00+00:00,R,N,1,116,117,Detroit Tigers,Houston Astros
2015,2015-05-22,414269,2015-05-22 23:10:00+00:00,R,N,1,111,108,Boston Red Sox,Los Angeles Angels
2015,2015-05-22,414272,2015-05-22 23:10:00+00:00,R,N,1,114,113,Cleveland Indians,Cincinnati Reds
2015,2015-05-22,414277,2015-05-22 23:10:00+00:00,R,N,1,139,133,Tampa Bay Rays,Oakland Athletics
2015,2015-05-22,414270,2015-05-22 23:10:00+00:00,R,N,1,146,110,Miami Marlins,Baltimore Orioles
2015,2015-05-22,414274,2015-05-22 23:35:00+00:00,R,N,1,144,158,Atlanta Braves,Milwaukee Brewers
2015,2015-05-22,414281,2015-05-23 00:10:00+00:00,R,N,1,115,137,Colorado Rockies,San Francisco Giants
2015,2015-05-22,414282,2015-05-23 00:10:00+00:00,R,N,1,118,138,Kansas City Royals,St. Louis Cardinals
2015,2015-05-22,414275,2015-05-23 00:10:00+00:00,R,N,1,145,142,Chicago White Sox,Minnesota Twins
2015,2015-05-22,414271,2015-05-23 01:40:00+00:00,R,N,1,109,112,Arizona Diamondbacks,Chicago Cubs
2015,2015-05-22,414279,2015-05-23 02:10:00+00:00,R,N,1,119,135,Los Angeles Dodgers,San Diego Padres
2015,2015-05-23,414298,2015-05-23 17:05:00+00:00,R,N,1,147,140,New York Yankees,Texas Rangers
2015,2015-05-23,414295,2015-05-23 17:07:00+00:00,R,N,1,141,136,Toronto Blue Jays,Seattle Mariners
2015,2015-05-23,414291,2015-05-23 20:05:00+00:00,R,N,1,134,121,Pittsburgh Pirates,New York Mets
2015,2015-05-23,414293,2015-05-23 20:05:00+00:00,R,N,1,120,143,Washington Nationals,Philadelphia Phillies
2015,2015-05-23,414288,2015-05-23 20:08:00+00:00,R,N,1,116,117,Detroit Tigers,Houston Astros
2015,2015-05-23,414287,2015-05-23 20:10:00+00:00,R,N,1,114,113,Cleveland Indians,Cincinnati Reds
2015,2015-05-23,414296,2015-05-23 20:10:00+00:00,R,S,1,115,137,Colorado Rockies,San Francisco Giants
2015,2015-05-23,413925,2015-05-24 01:10:00+00:00,R,S,2,115,137,Colorado Rockies,San Francisco Giants
2015,2015-05-23,414292,2015-05-23 20:10:00+00:00,R,N,1,139,133,Tampa Bay Rays,Oakland Athletics
2015,2015-05-23,414290,2015-05-23 20:10:00+00:00,R,N,1,145,142,Chicago White Sox,Minnesota Twins
2015,2015-05-23,414289,2015-05-23 20:10:00+00:00,R,N,1,144,158,Atlanta Braves,Milwaukee Brewers
2015,2015-05-23,414284,2015-05-23 23:15:00+00:00,R,N,1,111,108,Boston Red Sox,Los Angeles Angels
2015,2015-05-23,414297,2015-05-23 23:15:00+00:00,R,N,1,118,138,Kansas City Royals,St. Louis Cardinals
2015,2015-05-23,414285,2015-05-23 23:15:00+00:00,R,N,1,146,110,Miami Marlins,Baltimore Orioles
2015,2015-05-23,414286,2015-05-24 02:10:00+00:00,R,N,1,109,112,Arizona Diamondbacks,Chicago Cubs
2015,2015-05-23,414294,2015-05-24 02:10:00+00:00,R,N,1,119,135,Los Angeles Dodgers,San Diego Padres
2015,2015-05-24,414310,2015-05-24 17:07:00+00:00,R,N,1,141,136,Toronto Blue Jays,Seattle Mariners
2015,2015-05-24,414303,2015-05-24 17:08:00+00:00,R,N,1,116,117,Detroit Tigers,Houston Astros
2015,2015-05-24,414302,2015-05-24 17:10:00+00:00,R,N,1,114,113,Cleveland Indians,Cincinnati Reds
2015,2015-05-24,414307,2015-05-24 17:10:00+00:00,R,N,1,139,133,Tampa Bay Rays,Oakland Athletics
2015,2015-05-24,414300,2015-05-24 17:10:00+00:00,R,N,1,146,110,Miami Marlins,Baltimore Orioles
2015,2015-05-24,414299,2015-05-24 17:35:00+00:00,R,N,1,111,108,Boston Red Sox,Los Angeles Angels
2015,2015-05-24,414306,2015-05-24 17:35:00+00:00,R,N,1,134,121,Pittsburgh Pirates,New York Mets
2015,2015-05-24,414308,2015-05-24 17:35:00+00:00,R,N,1,120,143,Washington Nationals,Philadelphia Phillies
2015,2015-05-24,414304,2015-05-24 17:35:00+00:00,R,N,1,144,158,Atlanta Braves,Milwaukee Brewers
2015,2015-05-24,414312,2015-05-24 18:10:00+00:00,R,N,1,118,138,Kansas City Royals,St. Louis Cardinals
2015,2015-05-24,414305,2015-05-24 18:10:00+00:00,R,N,1,145,142,Chicago White Sox,Minnesota Twins
2015,2015-05-24,414301,2015-05-24 20:10:00+00:00,R,N,1,109,112,Arizona Diamondbacks,Chicago Cubs
2015,2015-05-24,414309,2015-05-24 20:10:00+00:00,R,N,1,119,135,Los Angeles Dodgers,San Diego Padres
2015,2015-05-24,414311,2015-05-24 20:10:00+00:00,R,N,1,115,137,Colorado Rockies,San Francisco Giants
2015,2015-05-24,414313,2015-05-25 00:05:00+00:00,R,N,1,147,140,New York Yankees,Texas Rangers
2015,2015-05-25,414321,2015-05-25 17:05:00+00:00,R,N,1,147,118,New York Yankees,Kansas City Royals
2015,2015-05-25,414318,2015-05-25 17:10:00+00:00,R,N,1,113,115,Cincinnati Reds,Colorado Rockies
2015,2015-05-25,414323,2015-05-25 17:10:00+00:00,R,N,1,121,143,New York Mets,Philadelphia Phillies
2015,2015-05-25,414320,2015-05-25 17:35:00+00:00,R,N,1,110,117,Baltimore Orioles,Houston Astros
2015,2015-05-25,414316,2015-05-25 18:10:00+00:00,R,N,1,142,111,Minnesota Twins,Boston Red Sox
2015,2015-05-25,414326,2015-05-25 18:10:00+00:00,R,N,1,158,137,Milwaukee Brewers,San Francisco Giants
2015,2015-05-25,414328,2015-05-25 18:20:00+00:00,R,N,1,112,120,Chicago Cubs,Washington Nationals
2015,2015-05-25,414319,2015-05-25 20:05:00+00:00,R,N,1,133,116,Oakland Athletics,Detroit Tigers
2015,2015-05-25,414327,2015-05-25 20:10:00+00:00,R,N,1,114,140,Cleveland Indians,Texas Rangers
2015,2015-05-25,414314,2015-05-25 20:15:00+00:00,R,N,1,138,109,St. Louis Cardinals,Arizona Diamondbacks
2015,2015-05-25,414322,2015-05-25 23:05:00+00:00,R,N,1,134,146,Pittsburgh Pirates,Miami Marlins
2015,2015-05-25,414317,2015-05-25 23:07:00+00:00,R,N,1,141,145,Toronto Blue Jays,Chicago White Sox
2015,2015-05-25,414325,2015-05-25 23:10:00+00:00,R,N,1,139,136,Tampa Bay Rays,Seattle Mariners
2015,2015-05-25,414315,2015-05-26 00:10:00+00:00,R,N,1,119,144,Los Angeles Dodgers,Atlanta Braves
2015,2015-05-25,414324,2015-05-26 01:05:00+00:00,R,N,1,108,135,Los Angeles Angels,San Diego Padres
2015,2015-05-26,414335,2015-05-26 23:05:00+00:00,R,N,1,110,117,Baltimore Orioles,Houston Astros
2015,2015-05-26,414343,2015-05-26 23:05:00+00:00,R,N,1,112,120,Chicago Cubs,Washington Nationals
2015,2015-05-26,414337,2015-05-26 23:05:00+00:00,R,N,1,134,146,Pittsburgh Pirates,Miami Marlins
2015,2015-05-26,414336,2015-05-26 23:05:00+00:00,R,N,1,147,118,New York Yankees,Kansas City Royals
2015,2015-05-26,414332,2015-05-26 23:07:00+00:00,R,N,1,141,145,Toronto Blue Jays,Chicago White Sox
2015,2015-05-26,414333,2015-05-26 23:10:00+00:00,R,N,1,113,115,Cincinnati Reds,Colorado Rockies
2015,2015-05-26,414340,2015-05-26 23:10:00+00:00,R,N,1,139,136,Tampa Bay Rays,Seattle Mariners
2015,2015-05-26,414342,2015-05-26 23:10:00+00:00,R,N,1,114,140,Cleveland Indians,Texas Rangers
2015,2015-05-26,414338,2015-05-26 23:10:00+00:00,R,N,1,121,143,New York Mets,Philadelphia Phillies
2015,2015-05-26,414331,2015-05-27 00:10:00+00:00,R,N,1,142,111,Minnesota Twins,Boston Red Sox
2015,2015-05-26,414341,2015-05-27 00:10:00+00:00,R,N,1,158,137,Milwaukee Brewers,San Francisco Giants
2015,2015-05-26,414329,2015-05-27 00:15:00+00:00,R,N,1,138,109,St. Louis Cardinals,Arizona Diamondbacks
2015,2015-05-26,414334,2015-05-27 02:05:00+00:00,R,N,1,133,116,Oakland Athletics,Detroit Tigers
2015,2015-05-26,414339,2015-05-27 02:05:00+00:00,R,N,1,108,135,Los Angeles Angels,San Diego Padres
2015,2015-05-26,414330,2015-05-27 02:10:00+00:00,R,N,1,119,144,Los Angeles Dodgers,Atlanta Braves
2015,2015-05-27,414357,2015-05-27 16:10:00+00:00,R,N,1,114,140,Cleveland Indians,Texas Rangers
2015,2015-05-27,414348,2015-05-27 16:35:00+00:00,R,N,1,113,115,Cincinnati Reds,Colorado Rockies
2015,2015-05-27,414352,2015-05-27 16:35:00+00:00,R,N,1,134,146,Pittsburgh Pirates,Miami Marlins
2015,2015-05-27,414347,2015-05-27 16:37:00+00:00,R,N,1,141,145,Toronto Blue Jays,Chicago White Sox
2015,2015-05-27,414351,2015-05-27 17:05:00+00:00,R,N,1,147,118,New York Yankees,Kansas City Royals
2015,2015-05-27,414355,2015-05-27 17:10:00+00:00,R,N,1,139,136,Tampa Bay Rays,Seattle Mariners
2015,2015-05-27,414346,2015-05-27 17:10:00+00:00,R,N,1,142,111,Minnesota Twins,Boston Red Sox
2015,2015-05-27,414353,2015-05-27 17:10:00+00:00,R,N,1,121,143,New York Mets,Philadelphia Phillies
2015,2015-05-27,414356,2015-05-27 17:40:00+00:00,R,N,1,158,137,Milwaukee Brewers,San Francisco Giants
2015,2015-05-27,414349,2015-05-27 19:35:00+00:00,R,N,1,133,116,Oakland Athletics,Detroit Tigers
2015,2015-05-27,414350,2015-05-27 20:35:00+00:00,R,N,1,110,117,Baltimore Orioles,Houston Astros
2015,2015-05-27,414358,2015-05-28 00:05:00+00:00,R,N,1,112,120,Chicago Cubs,Washington Nationals
2015,2015-05-27,414344,2015-05-28 00:15:00+00:00,R,N,1,138,109,St. Louis Cardinals,Arizona Diamondbacks
2015,2015-05-27,414354,2015-05-28 02:05:00+00:00,R,N,1,108,135,Los Angeles Angels,San Diego Padres
2015,2015-05-27,414345,2015-05-28 02:10:00+00:00,R,N,1,119,144,Los Angeles Dodgers,Atlanta Braves
2015,2015-05-28,413930,2015-05-28 17:05:00+00:00,R,Y,1,110,145,Baltimore Orioles,Chicago White Sox
2015,2015-05-28,413945,2015-05-28 17:10:00+00:00,R,Y,2,110,145,Baltimore Orioles,Chicago White Sox
2015,2015-05-28,414360,2015-05-29 00:05:00+00:00,R,N,1,140,111,Texas Rangers,Boston Red Sox
2015,2015-05-28,414362,2015-05-29 02:05:00+00:00,R,N,1,108,116,Los Angeles Angels,Detroit Tigers
2015,2015-05-28,414363,2015-05-29 02:05:00+00:00,R,N,1,133,147,Oakland Athletics,New York Yankees
2015,2015-05-28,414364,2015-05-29 02:10:00+00:00,R,N,1,135,134,San Diego Padres,Pittsburgh Pirates
2015,2015-05-28,414361,2015-05-29 02:10:00+00:00,R,N,1,136,114,Seattle Mariners,Cleveland Indians
2015,2015-05-28,414359,2015-05-29 02:15:00+00:00,R,N,1,137,144,San Francisco Giants,Atlanta Braves
2015,2015-05-29,414372,2015-05-29 20:05:00+00:00,R,N,1,112,118,Chicago Cubs,Kansas City Royals
2015,2015-05-29,414377,2015-05-29 23:05:00+00:00,R,N,1,110,139,Baltimore Orioles,Tampa Bay Rays
2015,2015-05-29,414370,2015-05-29 23:05:00+00:00,R,N,1,143,115,Philadelphia Phillies,Colorado Rockies
2015,2015-05-29,414379,2015-05-29 23:10:00+00:00,R,N,1,113,120,Cincinnati Reds,Washington Nationals
2015,2015-05-29,414374,2015-05-29 23:10:00+00:00,R,N,1,121,146,New York Mets,Miami Marlins
2015,2015-05-29,414367,2015-05-30 00:05:00+00:00,R,N,1,140,111,Texas Rangers,Boston Red Sox
2015,2015-05-29,414378,2015-05-30 00:10:00+00:00,R,N,1,142,141,Minnesota Twins,Toronto Blue Jays
2015,2015-05-29,414368,2015-05-30 00:10:00+00:00,R,N,1,117,145,Houston Astros,Chicago White Sox
2015,2015-05-29,414365,2015-05-30 00:10:00+00:00,R,N,1,158,109,Milwaukee Brewers,Arizona Diamondbacks
2015,2015-05-29,414373,2015-05-30 00:15:00+00:00,R,N,1,138,119,St. Louis Cardinals,Los Angeles Dodgers
2015,2015-05-29,414371,2015-05-30 02:05:00+00:00,R,N,1,108,116,Los Angeles Angels,Detroit Tigers
2015,2015-05-29,414375,2015-05-30 02:05:00+00:00,R,N,1,133,147,Oakland Athletics,New York Yankees
2015,2015-05-29,414376,2015-05-30 02:10:00+00:00,R,N,1,135,134,San Diego Padres,Pittsburgh Pirates
2015,2015-05-29,414369,2015-05-30 02:10:00+00:00,R,N,1,136,114,Seattle Mariners,Cleveland Indians
2015,2015-05-29,414366,2015-05-30 02:15:00+00:00,R,N,1,137,144,San Francisco Giants,Atlanta Braves
2015,2015-05-30,414393,2015-05-30 18:10:00+00:00,R,N,1,142,141,Minnesota Twins,Toronto Blue Jays
2015,2015-05-30,414385,2015-05-30 19:05:00+00:00,R,N,1,143,115,Philadelphia Phillies,Colorado Rockies
2015,2015-05-30,414392,2015-05-30 20:05:00+00:00,R,N,1,110,139,Baltimore Orioles,Tampa Bay Rays
2015,2015-05-30,414394,2015-05-30 20:10:00+00:00,R,N,1,113,120,Cincinnati Reds,Washington Nationals
2015,2015-05-30,414383,2015-05-30 20:10:00+00:00,R,N,1,117,145,Houston Astros,Chicago White Sox
2015,2015-05-30,414389,2015-05-30 20:10:00+00:00,R,N,1,121,146,New York Mets,Miami Marlins
2015,2015-05-30,414380,2015-05-30 20:10:00+00:00,R,N,1,158,109,Milwaukee Brewers,Arizona Diamondbacks
2015,2015-05-30,414388,2015-05-30 23:15:00+00:00,R,N,1,138,119,St. Louis Cardinals,Los Angeles Dodgers
2015,2015-05-30,414382,2015-05-30 23:15:00+00:00,R,N,1,140,111,Texas Rangers,Boston Red Sox
2015,2015-05-30,414386,2015-05-31 02:05:00+00:00,R,N,1,108,116,Los Angeles Angels,Detroit Tigers
2015,2015-05-30,414381,2015-05-31 02:05:00+00:00,R,N,1,137,144,San Francisco Giants,Atlanta Braves
2015,2015-05-30,414390,2015-05-31 02:05:00+00:00,R,N,1,133,147,Oakland Athletics,New York Yankees
2015,2015-05-30,414391,2015-05-31 02:10:00+00:00,R,N,1,135,134,San Diego Padres,Pittsburgh Pirates
2015,2015-05-30,414384,2015-05-31 02:10:00+00:00,R,N,1,136,114,Seattle Mariners,Cleveland Indians
2015,2015-09-28,414387,2015-05-30 23:15:00+00:00,R,N,1,112,118,Chicago Cubs,Kansas City Royals
2015,2015-05-31,414409,2015-05-31 17:10:00+00:00,R,N,1,113,120,Cincinnati Reds,Washington Nationals
2015,2015-05-31,414404,2015-05-31 17:10:00+00:00,R,N,1,121,146,New York Mets,Miami Marlins
2015,2015-05-31,414407,2015-05-31 17:35:00+00:00,R,N,1,110,139,Baltimore Orioles,Tampa Bay Rays
2015,2015-05-31,414400,2015-05-31 17:35:00+00:00,R,N,1,143,115,Philadelphia Phillies,Colorado Rockies
2015,2015-05-31,414408,2015-05-31 18:10:00+00:00,R,N,1,142,141,Minnesota Twins,Toronto Blue Jays
2015,2015-05-31,414398,2015-05-31 18:10:00+00:00,R,N,1,117,145,Houston Astros,Chicago White Sox
2015,2015-05-31,414395,2015-05-31 18:10:00+00:00,R,N,1,158,109,Milwaukee Brewers,Arizona Diamondbacks
2015,2015-05-31,414403,2015-05-31 18:15:00+00:00,R,N,1,138,119,St. Louis Cardinals,Los Angeles Dodgers
2015,2015-05-31,414402,2015-05-31 18:20:00+00:00,R,N,1,112,118,Chicago Cubs,Kansas City Royals
2015,2015-05-31,414397,2015-05-31 19:05:00+00:00,R,N,1,140,111,Texas Rangers,Boston Red Sox
2015,2015-05-31,414396,2015-05-31 20:05:00+00:00,R,N,1,137,144,San Francisco Giants,Atlanta Braves
2015,2015-05-31,414405,2015-05-31 20:05:00+00:00,R,N,1,133,147,Oakland Athletics,New York Yankees
2015,2015-05-31,414399,2015-05-31 20:10:00+00:00,R,N,1,136,114,Seattle Mariners,Cleveland Indians
2015,2015-05-31,414401,2015-06-01 00:05:00+00:00,R,N,1,108,116,Los Angeles Angels,Detroit Tigers
2015,2015-05-31,414406,2015-06-01 01:10:00+00:00,R,N,1,135,134,San Diego Padres,Pittsburgh Pirates
2015,2015-06-01,414412,2015-06-01 23:10:00+00:00,R,N,1,146,112,Miami Marlins,Chicago Cubs
2015,2015-06-01,414411,2015-06-02 00:10:00+00:00,R,N,1,117,110,Houston Astros,Baltimore Orioles
2015,2015-06-01,414414,2015-06-02 00:10:00+00:00,R,N,1,138,158,St. Louis Cardinals,Milwaukee Brewers
2015,2015-06-01,414413,2015-06-02 00:40:00+00:00,R,N,1,115,119,Colorado Rockies,Los Angeles Dodgers
2015,2015-06-01,414410,2015-06-02 01:40:00+00:00,R,N,1,109,144,Arizona Diamondbacks,Atlanta Braves
2015,2015-06-01,414419,2015-06-02 02:05:00+00:00,R,N,1,108,139,Los Angeles Angels,Tampa Bay Rays
2015,2015-06-01,414417,2015-06-02 02:10:00+00:00,R,N,1,135,121,San Diego Padres,New York Mets
2015,2015-06-01,414416,2015-06-02 02:10:00+00:00,R,N,1,136,147,Seattle Mariners,New York Yankees
2015,2015-06-01,414418,2015-06-02 02:15:00+00:00,R,N,1,137,134,San Francisco Giants,Pittsburgh Pirates
2015,2015-06-02,414420,2015-06-01 23:05:00+00:00,R,N,1,120,141,Washington Nationals,Toronto Blue Jays
2015,2015-06-03,414415,2015-06-01 23:10:00+00:00,R,N,1,111,142,Boston Red Sox,Minnesota Twins
2015,2015-06-02,414420,2015-06-02 17:05:00+00:00,R,S,1,120,141,Washington Nationals,Toronto Blue Jays
2015,2015-06-02,414435,2015-06-02 23:05:00+00:00,R,S,2,120,141,Washington Nationals,Toronto Blue Jays
2015,2015-06-02,414101,2015-06-02 19:10:00+00:00,R,S,1,115,119,Colorado Rockies,Los Angeles Dodgers
2015,2015-06-02,414427,2015-06-03 00:40:00+00:00,R,S,2,115,119,Colorado Rockies,Los Angeles Dodgers
2015,2015-06-02,414425,2015-06-02 23:05:00+00:00,R,N,1,143,113,Philadelphia Phillies,Cincinnati Reds
2015,2015-06-02,414432,2015-06-02 23:08:00+00:00,R,N,1,116,133,Detroit Tigers,Oakland Athletics
2015,2015-06-02,414429,2015-06-02 23:10:00+00:00,R,N,1,111,142,Boston Red Sox,Minnesota Twins
2015,2015-06-02,414424,2015-06-02 23:10:00+00:00,R,N,1,146,112,Miami Marlins,Chicago Cubs
2015,2015-06-02,414423,2015-06-03 00:05:00+00:00,R,N,1,140,145,Texas Rangers,Chicago White Sox
2015,2015-06-02,414422,2015-06-03 00:10:00+00:00,R,N,1,117,110,Houston Astros,Baltimore Orioles
2015,2015-06-02,414426,2015-06-03 00:10:00+00:00,R,N,1,118,114,Kansas City Royals,Cleveland Indians
2015,2015-06-02,414428,2015-06-03 00:15:00+00:00,R,N,1,138,158,St. Louis Cardinals,Milwaukee Brewers
2015,2015-06-02,414421,2015-06-03 01:40:00+00:00,R,N,1,109,144,Arizona Diamondbacks,Atlanta Braves
2015,2015-06-02,414434,2015-06-03 02:05:00+00:00,R,N,1,108,139,Los Angeles Angels,Tampa Bay Rays
2015,2015-06-02,414431,2015-06-03 02:10:00+00:00,R,N,1,135,121,San Diego Padres,New York Mets
2015,2015-06-02,414430,2015-06-03 02:10:00+00:00,R,N,1,136,147,Seattle Mariners,New York Yankees
2015,2015-06-02,414433,2015-06-03 02:15:00+00:00,R,N,1,137,134,San Francisco Giants,Pittsburgh Pirates
2015,2015-06-03,414415,2015-06-03 17:35:00+00:00,R,S,1,111,142,Boston Red Sox,Minnesota Twins
2015,2015-06-03,414444,2015-06-03 23:10:00+00:00,R,S,2,111,142,Boston Red Sox,Minnesota Twins
2015,2015-06-03,414443,2015-06-03 17:45:00+00:00,R,N,1,138,158,St. Louis Cardinals,Milwaukee Brewers
2015,2015-06-03,414436,2015-06-03 19:40:00+00:00,R,N,1,109,144,Arizona Diamondbacks,Atlanta Braves
2015,2015-06-03,414445,2015-06-03 19:40:00+00:00,R,N,1,136,147,Seattle Mariners,New York Yankees
2015,2015-06-03,414448,2015-06-03 19:45:00+00:00,R,N,1,137,134,San Francisco Giants,Pittsburgh Pirates
2015,2015-06-03,414450,2015-06-03 23:05:00+00:00,R,N,1,120,141,Washington Nationals,Toronto Blue Jays
2015,2015-06-03,414440,2015-06-03 23:05:00+00:00,R,N,1,143,113,Philadelphia Phillies,Cincinnati Reds
2015,2015-06-03,414447,2015-06-03 23:08:00+00:00,R,N,1,116,133,Detroit Tigers,Oakland Athletics
2015,2015-06-03,414439,2015-06-03 23:10:00+00:00,R,N,1,146,112,Miami Marlins,Chicago Cubs
2015,2015-06-03,414438,2015-06-04 00:05:00+00:00,R,N,1,140,145,Texas Rangers,Chicago White Sox
2015,2015-06-03,414437,2015-06-04 00:10:00+00:00,R,N,1,117,110,Houston Astros,Baltimore Orioles
2015,2015-06-03,414441,2015-06-04 00:10:00+00:00,R,N,1,118,114,Kansas City Royals,Cleveland Indians
2015,2015-06-03,414442,2015-06-04 00:10:00+00:00,R,N,1,115,119,Colorado Rockies,Los Angeles Dodgers
2015,2015-06-03,414446,2015-06-04 01:10:00+00:00,R,N,1,135,121,San Diego Padres,New York Mets
2015,2015-06-03,414449,2015-06-04 02:05:00+00:00,R,N,1,108,139,Los Angeles Angels,Tampa Bay Rays
2015,2015-06-04,414458,2015-06-04 17:08:00+00:00,R,N,1,116,133,Detroit Tigers,Oakland Athletics
2015,2015-06-04,414451,2015-06-04 18:10:00+00:00,R,N,1,117,110,Houston Astros,Baltimore Orioles
2015,2015-06-04,414456,2015-06-04 20:05:00+00:00,R,N,1,111,142,Boston Red Sox,Minnesota Twins
2015,2015-06-04,414453,2015-06-04 23:05:00+00:00,R,N,1,120,112,Washington Nationals,Chicago Cubs
2015,2015-06-04,414454,2015-06-04 23:05:00+00:00,R,N,1,143,113,Philadelphia Phillies,Cincinnati Reds
2015,2015-06-04,414452,2015-06-05 00:05:00+00:00,R,N,1,140,145,Texas Rangers,Chicago White Sox
2015,2015-06-04,414455,2015-06-05 00:10:00+00:00,R,N,1,118,114,Kansas City Royals,Cleveland Indians
2015,2015-06-04,414457,2015-06-05 01:40:00+00:00,R,N,1,109,121,Arizona Diamondbacks,New York Mets
2015,2015-06-04,414459,2015-06-05 02:10:00+00:00,R,N,1,119,138,Los Angeles Dodgers,St. Louis Cardinals
2015,2015-06-04,414460,2015-06-05 02:10:00+00:00,R,N,1,136,139,Seattle Mariners,Tampa Bay Rays
2015,2015-06-05,414463,2015-06-05 23:05:00+00:00,R,N,1,120,112,Washington Nationals,Chicago Cubs
2015,2015-06-05,414472,2015-06-05 23:05:00+00:00,R,N,1,143,137,Philadelphia Phillies,San Francisco Giants
2015,2015-06-05,414461,2015-06-05 23:05:00+00:00,R,N,1,147,108,New York Yankees,Los Angeles Angels
2015,2015-06-05,414465,2015-06-05 23:07:00+00:00,R,N,1,141,117,Toronto Blue Jays,Houston Astros
2015,2015-06-05,414462,2015-06-05 23:10:00+00:00,R,N,1,114,110,Cleveland Indians,Baltimore Orioles
2015,2015-06-05,414469,2015-06-05 23:10:00+00:00,R,N,1,111,133,Boston Red Sox,Oakland Athletics
2015,2015-06-05,414471,2015-06-05 23:10:00+00:00,R,N,1,113,135,Cincinnati Reds,San Diego Padres
2015,2015-06-05,414470,2015-06-05 23:35:00+00:00,R,N,1,144,134,Atlanta Braves,Pittsburgh Pirates
2015,2015-06-05,414475,2015-06-06 00:10:00+00:00,R,N,1,118,140,Kansas City Royals,Texas Rangers
2015,2015-06-05,414464,2015-06-06 00:10:00+00:00,R,N,1,145,116,Chicago White Sox,Detroit Tigers
2015,2015-06-05,414467,2015-06-06 00:10:00+00:00,R,N,1,142,158,Minnesota Twins,Milwaukee Brewers
2015,2015-06-05,414466,2015-06-06 00:40:00+00:00,R,N,1,115,146,Colorado Rockies,Miami Marlins
2015,2015-06-05,414468,2015-06-06 01:40:00+00:00,R,N,1,109,121,Arizona Diamondbacks,New York Mets
2015,2015-06-05,414473,2015-06-06 02:10:00+00:00,R,N,1,119,138,Los Angeles Dodgers,St. Louis Cardinals
2015,2015-06-05,414474,2015-06-06 02:10:00+00:00,R,N,1,136,139,Seattle Mariners,Tampa Bay Rays
2015,2015-06-06,414478,2015-06-06 16:05:00+00:00,R,N,1,120,112,Washington Nationals,Chicago Cubs
2015,2015-06-06,414480,2015-06-06 17:07:00+00:00,R,N,1,141,117,Toronto Blue Jays,Houston Astros
2015,2015-06-06,414490,2015-06-06 18:10:00+00:00,R,N,1,118,140,Kansas City Royals,Texas Rangers
2015,2015-06-06,414482,2015-06-06 18:10:00+00:00,R,N,1,142,158,Minnesota Twins,Milwaukee Brewers
2015,2015-06-06,414487,2015-06-06 19:05:00+00:00,R,N,1,143,137,Philadelphia Phillies,San Francisco Giants
2015,2015-06-06,414484,2015-06-06 20:05:00+00:00,R,N,1,111,133,Boston Red Sox,Oakland Athletics
2015,2015-06-06,414477,2015-06-06 20:10:00+00:00,R,N,1,114,110,Cleveland Indians,Baltimore Orioles
2015,2015-06-06,414486,2015-06-06 20:10:00+00:00,R,N,1,113,135,Cincinnati Reds,San Diego Padres
2015,2015-06-06,414481,2015-06-06 20:10:00+00:00,R,N,1,115,146,Colorado Rockies,Miami Marlins
2015,2015-06-06,414485,2015-06-06 23:10:00+00:00,R,N,1,144,134,Atlanta Braves,Pittsburgh Pirates
2015,2015-06-06,414479,2015-06-06 23:15:00+00:00,R,N,1,145,116,Chicago White Sox,Detroit Tigers
2015,2015-06-06,414476,2015-06-06 23:15:00+00:00,R,N,1,147,108,New York Yankees,Los Angeles Angels
2015,2015-06-06,414483,2015-06-07 02:10:00+00:00,R,N,1,109,121,Arizona Diamondbacks,New York Mets
2015,2015-06-06,414488,2015-06-07 02:10:00+00:00,R,N,1,119,138,Los Angeles Dodgers,St. Louis Cardinals
2015,2015-06-06,414489,2015-06-07 02:10:00+00:00,R,N,1,136,139,Seattle Mariners,Tampa Bay Rays
2015,2015-06-07,414491,2015-06-07 17:05:00+00:00,R,N,1,147,108,New York Yankees,Los Angeles Angels
2015,2015-06-07,414495,2015-06-07 17:07:00+00:00,R,N,1,141,117,Toronto Blue Jays,Houston Astros
2015,2015-06-07,414492,2015-06-07 17:10:00+00:00,R,N,1,114,110,Cleveland Indians,Baltimore Orioles
2015,2015-06-07,414501,2015-06-07 17:10:00+00:00,R,N,1,113,135,Cincinnati Reds,San Diego Padres
2015,2015-06-07,414499,2015-06-07 17:35:00+00:00,R,N,1,111,133,Boston Red Sox,Oakland Athletics
2015,2015-06-07,414502,2015-06-07 17:35:00+00:00,R,N,1,143,137,Philadelphia Phillies,San Francisco Giants
2015,2015-06-07,414500,2015-06-07 17:35:00+00:00,R,N,1,144,134,Atlanta Braves,Pittsburgh Pirates
2015,2015-06-07,414505,2015-06-07 18:10:00+00:00,R,N,1,118,140,Kansas City Royals,Texas Rangers
2015,2015-06-07,414494,2015-06-07 18:10:00+00:00,R,N,1,145,116,Chicago White Sox,Detroit Tigers
2015,2015-06-07,414497,2015-06-07 18:10:00+00:00,R,N,1,142,158,Minnesota Twins,Milwaukee Brewers
2015,2015-06-07,414493,2015-06-07 20:05:00+00:00,R,N,1,120,112,Washington Nationals,Chicago Cubs
2015,2015-06-07,414498,2015-06-07 20:10:00+00:00,R,N,1,109,121,Arizona Diamondbacks,New York Mets
2015,2015-06-07,414504,2015-06-07 20:10:00+00:00,R,N,1,136,139,Seattle Mariners,Tampa Bay Rays
2015,2015-06-07,414496,2015-06-07 20:10:00+00:00,R,N,1,115,146,Colorado Rockies,Miami Marlins
2015,2015-06-07,414503,2015-06-08 00:08:00+00:00,R,N,1,119,138,Los Angeles Dodgers,St. Louis Cardinals
2015,2015-06-08,414510,2015-06-08 23:05:00+00:00,R,N,1,134,158,Pittsburgh Pirates,Milwaukee Brewers
2015,2015-06-08,414509,2015-06-08 23:07:00+00:00,R,N,1,141,146,Toronto Blue Jays,Miami Marlins
2015,2015-06-08,414511,2015-06-08 23:10:00+00:00,R,N,1,113,143,Cincinnati Reds,Philadelphia Phillies
2015,2015-06-08,414512,2015-06-08 23:10:00+00:00,R,N,1,144,135,Atlanta Braves,San Diego Padres
2015,2015-06-08,414508,2015-06-09 00:10:00+00:00,R,N,1,142,118,Minnesota Twins,Kansas City Royals
2015,2015-06-08,414507,2015-06-09 00:10:00+00:00,R,N,1,145,117,Chicago White Sox,Houston Astros
2015,2015-06-08,414513,2015-06-09 00:40:00+00:00,R,N,1,115,138,Colorado Rockies,St. Louis Cardinals
2015,2015-06-08,414506,2015-06-09 02:10:00+00:00,R,N,1,119,109,Los Angeles Dodgers,Arizona Diamondbacks
2015,2015-06-09,414516,2015-06-09 23:05:00+00:00,R,N,1,110,111,Baltimore Orioles,Boston Red Sox
2015,2015-06-09,414528,2015-06-09 23:05:00+00:00,R,N,1,147,120,New York Yankees,Washington Nationals
2015,2015-06-09,414521,2015-06-09 23:05:00+00:00,R,N,1,134,158,Pittsburgh Pirates,Milwaukee Brewers
2015,2015-06-09,414520,2015-06-09 23:07:00+00:00,R,N,1,141,146,Toronto Blue Jays,Miami Marlins
2015,2015-06-09,414517,2015-06-09 23:08:00+00:00,R,N,1,116,112,Detroit Tigers,Chicago Cubs
2015,2015-06-09,414524,2015-06-09 23:10:00+00:00,R,N,1,114,136,Cleveland Indians,Seattle Mariners
2015,2015-06-09,414525,2015-06-09 23:10:00+00:00,R,N,1,121,137,New York Mets,San Francisco Giants
2015,2015-06-09,414514,2015-06-09 23:10:00+00:00,R,N,1,139,108,Tampa Bay Rays,Los Angeles Angels
2015,2015-06-09,414522,2015-06-09 23:10:00+00:00,R,N,1,113,143,Cincinnati Reds,Philadelphia Phillies
2015,2015-06-09,414523,2015-06-09 23:10:00+00:00,R,N,1,144,135,Atlanta Braves,San Diego Padres
2015,2015-06-09,414519,2015-06-10 00:10:00+00:00,R,N,1,142,118,Minnesota Twins,Kansas City Royals
2015,2015-06-09,414518,2015-06-10 00:10:00+00:00,R,N,1,145,117,Chicago White Sox,Houston Astros
2015,2015-06-09,414526,2015-06-10 00:40:00+00:00,R,N,1,115,138,Colorado Rockies,St. Louis Cardinals
2015,2015-06-09,414527,2015-06-10 02:05:00+00:00,R,N,1,133,140,Oakland Athletics,Texas Rangers
2015,2015-06-09,414515,2015-06-10 02:10:00+00:00,R,N,1,119,109,Los Angeles Dodgers,Arizona Diamondbacks
2015,2015-06-10,414537,2015-06-10 16:35:00+00:00,R,N,1,113,143,Cincinnati Reds,Philadelphia Phillies
2015,2015-06-10,414535,2015-06-10 16:37:00+00:00,R,N,1,141,146,Toronto Blue Jays,Miami Marlins
2015,2015-06-10,414543,2015-06-10 17:05:00+00:00,R,N,1,147,120,New York Yankees,Washington Nationals
2015,2015-06-10,414541,2015-06-10 19:10:00+00:00,R,N,1,115,138,Colorado Rockies,St. Louis Cardinals
2015,2015-06-10,414531,2015-06-10 23:05:00+00:00,R,N,1,110,111,Baltimore Orioles,Boston Red Sox
2015,2015-06-10,414536,2015-06-10 23:05:00+00:00,R,N,1,134,158,Pittsburgh Pirates,Milwaukee Brewers
2015,2015-06-10,414532,2015-06-10 23:08:00+00:00,R,N,1,116,112,Detroit Tigers,Chicago Cubs
2015,2015-06-10,414539,2015-06-10 23:10:00+00:00,R,N,1,114,136,Cleveland Indians,Seattle Mariners
2015,2015-06-10,414540,2015-06-10 23:10:00+00:00,R,N,1,121,137,New York Mets,San Francisco Giants
2015,2015-06-10,414529,2015-06-10 23:10:00+00:00,R,N,1,139,108,Tampa Bay Rays,Los Angeles Angels
2015,2015-06-10,414538,2015-06-10 23:10:00+00:00,R,N,1,144,135,Atlanta Braves,San Diego Padres
2015,2015-06-10,414534,2015-06-11 00:10:00+00:00,R,N,1,142,118,Minnesota Twins,Kansas City Royals
2015,2015-06-10,414533,2015-06-11 00:10:00+00:00,R,N,1,145,117,Chicago White Sox,Houston Astros
2015,2015-06-10,414542,2015-06-11 02:05:00+00:00,R,N,1,133,140,Oakland Athletics,Texas Rangers
2015,2015-06-10,414530,2015-06-11 02:10:00+00:00,R,N,1,119,109,Los Angeles Dodgers,Arizona Diamondbacks
2015,2015-06-11,414549,2015-06-11 16:10:00+00:00,R,N,1,114,136,Cleveland Indians,Seattle Mariners
2015,2015-06-11,414548,2015-06-11 16:10:00+00:00,R,N,1,144,135,Atlanta Braves,San Diego Padres
2015,2015-06-11,414551,2015-06-11 19:35:00+00:00,R,N,1,133,140,Oakland Athletics,Texas Rangers
2015,2015-06-11,414545,2015-06-11 23:05:00+00:00,R,N,1,110,111,Baltimore Orioles,Boston Red Sox
2015,2015-06-11,414550,2015-06-11 23:10:00+00:00,R,N,1,121,137,New York Mets,San Francisco Giants
2015,2015-06-11,414544,2015-06-11 23:10:00+00:00,R,N,1,139,108,Tampa Bay Rays,Los Angeles Angels
2015,2015-06-11,414547,2015-06-11 23:10:00+00:00,R,N,1,146,115,Miami Marlins,Colorado Rockies
2015,2015-06-11,414546,2015-06-12 00:05:00+00:00,R,N,1,112,113,Chicago Cubs,Cincinnati Reds
2015,2015-06-11,414552,2015-06-12 00:10:00+00:00,R,N,1,158,120,Milwaukee Brewers,Washington Nationals
2015,2015-06-12,414556,2015-06-12 20:05:00+00:00,R,N,1,112,113,Chicago Cubs,Cincinnati Reds
2015,2015-06-12,414564,2015-06-12 23:05:00+00:00,R,N,1,134,143,Pittsburgh Pirates,Philadelphia Phillies
2015,2015-06-12,414562,2015-06-12 23:05:00+00:00,R,N,1,110,147,Baltimore Orioles,New York Yankees
2015,2015-06-12,414557,2015-06-12 23:08:00+00:00,R,N,1,116,114,Detroit Tigers,Cleveland Indians
2015,2015-06-12,414566,2015-06-12 23:10:00+00:00,R,N,1,111,141,Boston Red Sox,Toronto Blue Jays
2015,2015-06-12,414554,2015-06-12 23:10:00+00:00,R,N,1,121,144,New York Mets,Atlanta Braves
2015,2015-06-12,414555,2015-06-12 23:10:00+00:00,R,N,1,139,145,Tampa Bay Rays,Chicago White Sox
2015,2015-06-12,414558,2015-06-12 23:10:00+00:00,R,N,1,146,115,Miami Marlins,Colorado Rockies
2015,2015-06-12,414561,2015-06-13 00:05:00+00:00,R,N,1,140,142,Texas Rangers,Minnesota Twins
2015,2015-06-12,414565,2015-06-13 00:10:00+00:00,R,N,1,117,136,Houston Astros,Seattle Mariners
2015,2015-06-12,414567,2015-06-13 00:10:00+00:00,R,N,1,158,120,Milwaukee Brewers,Washington Nationals
2015,2015-06-12,414559,2015-06-13 00:15:00+00:00,R,N,1,138,118,St. Louis Cardinals,Kansas City Royals
2015,2015-06-12,414563,2015-06-13 02:05:00+00:00,R,N,1,108,133,Los Angeles Angels,Oakland Athletics
2015,2015-06-12,414560,2015-06-13 02:10:00+00:00,R,N,1,135,119,San Diego Padres,Los Angeles Dodgers
2015,2015-06-12,414553,2015-06-13 02:15:00+00:00,R,N,1,137,109,San Francisco Giants,Arizona Diamondbacks
2015,2015-06-13,414581,2015-06-13 17:35:00+00:00,R,N,1,111,141,Boston Red Sox,Toronto Blue Jays
2015,2015-06-13,414576,2015-06-13 20:05:00+00:00,R,N,1,140,142,Texas Rangers,Minnesota Twins
2015,2015-06-13,414579,2015-06-13 20:05:00+00:00,R,N,1,134,143,Pittsburgh Pirates,Philadelphia Phillies
2015,2015-06-13,414572,2015-06-13 20:08:00+00:00,R,N,1,116,114,Detroit Tigers,Cleveland Indians
2015,2015-06-13,414580,2015-06-13 20:10:00+00:00,R,N,1,117,136,Houston Astros,Seattle Mariners
2015,2015-06-13,414574,2015-06-13 20:10:00+00:00,R,N,1,138,118,St. Louis Cardinals,Kansas City Royals
2015,2015-06-13,414569,2015-06-13 20:10:00+00:00,R,N,1,121,144,New York Mets,Atlanta Braves
2015,2015-06-13,414570,2015-06-13 20:10:00+00:00,R,N,1,139,145,Tampa Bay Rays,Chicago White Sox
2015,2015-06-13,414573,2015-06-13 20:10:00+00:00,R,N,1,146,115,Miami Marlins,Colorado Rockies
2015,2015-06-13,414582,2015-06-13 20:10:00+00:00,R,N,1,158,120,Milwaukee Brewers,Washington Nationals
2015,2015-06-13,414571,2015-06-13 23:15:00+00:00,R,N,1,112,113,Chicago Cubs,Cincinnati Reds
2015,2015-06-13,414568,2015-06-13 23:15:00+00:00,R,N,1,137,109,San Francisco Giants,Arizona Diamondbacks
2015,2015-06-13,414577,2015-06-13 23:15:00+00:00,R,N,1,110,147,Baltimore Orioles,New York Yankees
2015,2015-06-13,414578,2015-06-14 02:05:00+00:00,R,N,1,108,133,Los Angeles Angels,Oakland Athletics
2015,2015-06-13,414575,2015-06-14 02:10:00+00:00,R,N,1,135,119,San Diego Padres,Los Angeles Dodgers
2015,2015-06-14,414587,2015-06-14 17:08:00+00:00,R,N,1,116,114,Detroit Tigers,Cleveland Indians
2015,2015-06-14,414584,2015-06-14 17:10:00+00:00,R,N,1,121,144,New York Mets,Atlanta Braves
2015,2015-06-14,414585,2015-06-14 17:10:00+00:00,R,N,1,139,145,Tampa Bay Rays,Chicago White Sox
2015,2015-06-14,414588,2015-06-14 17:10:00+00:00,R,N,1,146,115,Miami Marlins,Colorado Rockies
2015,2015-06-14,414596,2015-06-14 17:35:00+00:00,R,N,1,111,141,Boston Red Sox,Toronto Blue Jays
2015,2015-06-14,414594,2015-06-14 17:35:00+00:00,R,N,1,134,143,Pittsburgh Pirates,Philadelphia Phillies
2015,2015-06-14,414592,2015-06-14 17:35:00+00:00,R,N,1,110,147,Baltimore Orioles,New York Yankees
2015,2015-06-14,414595,2015-06-14 18:10:00+00:00,R,N,1,117,136,Houston Astros,Seattle Mariners
2015,2015-06-14,414597,2015-06-14 18:10:00+00:00,R,N,1,158,120,Milwaukee Brewers,Washington Nationals
2015,2015-06-14,414591,2015-06-14 19:05:00+00:00,R,N,1,140,142,Texas Rangers,Minnesota Twins
2015,2015-06-14,414593,2015-06-14 19:35:00+00:00,R,N,1,108,133,Los Angeles Angels,Oakland Athletics
2015,2015-06-14,414583,2015-06-14 20:05:00+00:00,R,N,1,137,109,San Francisco Giants,Arizona Diamondbacks
2015,2015-06-14,414590,2015-06-14 20:10:00+00:00,R,N,1,135,119,San Diego Padres,Los Angeles Dodgers
2015,2015-06-14,414586,2015-06-15 00:08:00+00:00,R,N,1,112,113,Chicago Cubs,Cincinnati Reds
2015,2015-07-23,414589,2015-06-14 18:15:00+00:00,R,N,1,138,118,St. Louis Cardinals,Kansas City Royals
2015,2015-06-15,414609,2015-06-15 23:05:00+00:00,R,N,1,110,143,Baltimore Orioles,Philadelphia Phillies
2015,2015-06-15,414600,2015-06-15 23:05:00+00:00,R,N,1,134,145,Pittsburgh Pirates,Chicago White Sox
2015,2015-06-15,414601,2015-06-15 23:08:00+00:00,R,N,1,116,113,Detroit Tigers,Cincinnati Reds
2015,2015-06-15,414612,2015-06-15 23:10:00+00:00,R,N,1,139,120,Tampa Bay Rays,Washington Nationals
2015,2015-06-15,414611,2015-06-15 23:10:00+00:00,R,N,1,121,141,New York Mets,Toronto Blue Jays
2015,2015-06-15,414599,2015-06-15 23:10:00+00:00,R,N,1,111,144,Boston Red Sox,Atlanta Braves
2015,2015-06-15,414607,2015-06-15 23:10:00+00:00,R,N,1,146,147,Miami Marlins,New York Yankees
2015,2015-06-15,414605,2015-06-16 00:05:00+00:00,R,N,1,140,119,Texas Rangers,Los Angeles Dodgers
2015,2015-06-15,414603,2015-06-16 00:10:00+00:00,R,N,1,117,115,Houston Astros,Colorado Rockies
2015,2015-06-15,414604,2015-06-16 00:10:00+00:00,R,N,1,158,118,Milwaukee Brewers,Kansas City Royals
2015,2015-06-15,414606,2015-06-16 00:15:00+00:00,R,N,1,138,142,St. Louis Cardinals,Minnesota Twins
2015,2015-06-15,414598,2015-06-16 02:05:00+00:00,R,N,1,108,109,Los Angeles Angels,Arizona Diamondbacks
2015,2015-06-15,414608,2015-06-16 02:10:00+00:00,R,N,1,135,133,San Diego Padres,Oakland Athletics
2015,2015-06-15,414610,2015-06-16 02:15:00+00:00,R,N,1,137,136,San Francisco Giants,Seattle Mariners
2015,2015-08-24,414602,2015-06-16 00:05:00+00:00,R,N,1,112,114,Chicago Cubs,Cleveland Indians
2015,2015-06-16,414621,2015-06-16 17:45:00+00:00,R,N,1,138,142,St. Louis Cardinals,Minnesota Twins
2015,2015-06-16,414618,2015-06-16 18:10:00+00:00,R,N,1,117,115,Houston Astros,Colorado Rockies
2015,2015-06-16,414623,2015-06-16 19:40:00+00:00,R,N,1,135,133,San Diego Padres,Oakland Athletics
2015,2015-06-16,414625,2015-06-16 19:45:00+00:00,R,N,1,137,136,San Francisco Giants,Seattle Mariners
2015,2015-06-16,414614,2015-06-16 20:05:00+00:00,R,N,1,111,144,Boston Red Sox,Atlanta Braves
2015,2015-06-16,414624,2015-06-16 23:05:00+00:00,R,N,1,110,143,Baltimore Orioles,Philadelphia Phillies
2015,2015-06-16,414615,2015-06-16 23:05:00+00:00,R,N,1,134,145,Pittsburgh Pirates,Chicago White Sox
2015,2015-06-16,414616,2015-06-16 23:08:00+00:00,R,N,1,116,113,Detroit Tigers,Cincinnati Reds
2015,2015-06-16,414627,2015-06-16 23:10:00+00:00,R,N,1,139,120,Tampa Bay Rays,Washington Nationals
2015,2015-06-16,414626,2015-06-16 23:10:00+00:00,R,N,1,121,141,New York Mets,Toronto Blue Jays
2015,2015-06-16,414622,2015-06-16 23:10:00+00:00,R,N,1,146,147,Miami Marlins,New York Yankees
2015,2015-06-16,414617,2015-06-17 00:05:00+00:00,R,N,1,112,114,Chicago Cubs,Cleveland Indians
2015,2015-06-16,414620,2015-06-17 00:05:00+00:00,R,N,1,140,119,Texas Rangers,Los Angeles Dodgers
2015,2015-06-16,414619,2015-06-17 00:10:00+00:00,R,N,1,158,118,Milwaukee Brewers,Kansas City Royals
2015,2015-06-16,414613,2015-06-17 02:05:00+00:00,R,N,1,108,109,Los Angeles Angels,Arizona Diamondbacks
2015,2015-06-17,414641,2015-06-17 23:05:00+00:00,R,N,1,120,139,Washington Nationals,Tampa Bay Rays
2015,2015-06-17,414629,2015-06-17 23:05:00+00:00,R,N,1,143,110,Philadelphia Phillies,Baltimore Orioles
2015,2015-06-17,414634,2015-06-17 23:05:00+00:00,R,N,1,147,146,New York Yankees,Miami Marlins
2015,2015-06-17,414636,2015-06-17 23:07:00+00:00,R,N,1,141,121,Toronto Blue Jays,New York Mets
2015,2015-06-17,414631,2015-06-17 23:10:00+00:00,R,N,1,114,112,Cleveland Indians,Chicago Cubs
2015,2015-06-17,414632,2015-06-17 23:10:00+00:00,R,N,1,113,116,Cincinnati Reds,Detroit Tigers
2015,2015-06-17,414630,2015-06-17 23:10:00+00:00,R,N,1,144,111,Atlanta Braves,Boston Red Sox
2015,2015-06-17,414640,2015-06-18 00:10:00+00:00,R,N,1,142,138,Minnesota Twins,St. Louis Cardinals
2015,2015-06-17,414637,2015-06-18 00:10:00+00:00,R,N,1,145,134,Chicago White Sox,Pittsburgh Pirates
2015,2015-06-17,414635,2015-06-18 00:10:00+00:00,R,N,1,118,158,Kansas City Royals,Milwaukee Brewers
2015,2015-06-17,414633,2015-06-18 00:40:00+00:00,R,N,1,115,117,Colorado Rockies,Houston Astros
2015,2015-06-17,414628,2015-06-18 01:40:00+00:00,R,N,1,109,108,Arizona Diamondbacks,Los Angeles Angels
2015,2015-06-17,414638,2015-06-18 02:05:00+00:00,R,N,1,133,135,Oakland Athletics,San Diego Padres
2015,2015-06-17,414639,2015-06-18 02:10:00+00:00,R,N,1,136,137,Seattle Mariners,San Francisco Giants
2015,2015-06-17,414642,2015-06-18 02:10:00+00:00,R,N,1,119,140,Los Angeles Dodgers,Texas Rangers
2015,2015-06-18,414644,2015-06-18 17:05:00+00:00,R,N,1,143,110,Philadelphia Phillies,Baltimore Orioles
2015,2015-06-18,414655,2015-06-18 17:10:00+00:00,R,N,1,142,138,Minnesota Twins,St. Louis Cardinals
2015,2015-06-18,414648,2015-06-18 19:10:00+00:00,R,N,1,115,117,Colorado Rockies,Houston Astros
2015,2015-06-18,414653,2015-06-18 19:35:00+00:00,R,N,1,133,135,Oakland Athletics,San Diego Padres
2015,2015-06-18,414643,2015-06-18 19:40:00+00:00,R,N,1,109,108,Arizona Diamondbacks,Los Angeles Angels
2015,2015-06-18,414656,2015-06-18 23:05:00+00:00,R,N,1,120,139,Washington Nationals,Tampa Bay Rays
2015,2015-06-18,414649,2015-06-18 23:05:00+00:00,R,N,1,147,146,New York Yankees,Miami Marlins
2015,2015-06-18,414651,2015-06-18 23:07:00+00:00,R,N,1,141,121,Toronto Blue Jays,New York Mets
2015,2015-06-18,414646,2015-06-18 23:10:00+00:00,R,N,1,114,112,Cleveland Indians,Chicago Cubs
2015,2015-06-18,414645,2015-06-18 23:10:00+00:00,R,N,1,144,111,Atlanta Braves,Boston Red Sox
2015,2015-06-18,414652,2015-06-19 00:10:00+00:00,R,N,1,145,134,Chicago White Sox,Pittsburgh Pirates
2015,2015-06-18,414650,2015-06-19 00:10:00+00:00,R,N,1,118,158,Kansas City Royals,Milwaukee Brewers
2015,2015-06-18,414654,2015-06-19 02:10:00+00:00,R,N,1,136,137,Seattle Mariners,San Francisco Giants
2015,2015-06-18,414657,2015-06-19 02:10:00+00:00,R,N,1,119,140,Los Angeles Dodgers,Texas Rangers
2015,2015-08-24,414647,2015-06-18 23:10:00+00:00,R,N,1,113,116,Cincinnati Reds,Detroit Tigers
2015,2015-06-19,414667,2015-06-19 23:05:00+00:00,R,N,1,120,134,Washington Nationals,Pittsburgh Pirates
2015,2015-06-19,414670,2015-06-19 23:05:00+00:00,R,N,1,143,138,Philadelphia Phillies,St. Louis Cardinals
2015,2015-06-19,414662,2015-06-19 23:05:00+00:00,R,N,1,147,116,New York Yankees,Detroit Tigers
2015,2015-06-19,414659,2015-06-19 23:07:00+00:00,R,N,1,141,110,Toronto Blue Jays,Baltimore Orioles
2015,2015-06-19,414671,2015-06-19 23:10:00+00:00,R,N,1,114,139,Cleveland Indians,Tampa Bay Rays
2015,2015-06-19,414664,2015-06-19 23:10:00+00:00,R,N,1,113,146,Cincinnati Reds,Miami Marlins
2015,2015-06-19,414666,2015-06-19 23:35:00+00:00,R,N,1,144,121,Atlanta Braves,New York Mets
2015,2015-06-19,414660,2015-06-20 00:10:00+00:00,R,N,1,118,111,Kansas City Royals,Boston Red Sox
2015,2015-06-19,414661,2015-06-20 00:10:00+00:00,R,N,1,142,112,Minnesota Twins,Chicago Cubs
2015,2015-06-19,414672,2015-06-20 00:10:00+00:00,R,N,1,145,140,Chicago White Sox,Texas Rangers
2015,2015-06-19,414665,2015-06-20 00:40:00+00:00,R,N,1,115,158,Colorado Rockies,Milwaukee Brewers
2015,2015-06-19,414658,2015-06-20 01:35:00+00:00,R,N,1,133,108,Oakland Athletics,Los Angeles Angels
2015,2015-06-19,414668,2015-06-20 01:40:00+00:00,R,N,1,109,135,Arizona Diamondbacks,San Diego Padres
2015,2015-06-19,414663,2015-06-20 02:10:00+00:00,R,N,1,136,117,Seattle Mariners,Houston Astros
2015,2015-06-19,414669,2015-06-20 02:10:00+00:00,R,N,1,119,137,Los Angeles Dodgers,San Francisco Giants
2015,2015-06-20,414674,2015-06-20 17:07:00+00:00,R,N,1,141,110,Toronto Blue Jays,Baltimore Orioles
2015,2015-06-20,414676,2015-06-20 18:10:00+00:00,R,N,1,142,112,Minnesota Twins,Chicago Cubs
2015,2015-06-20,414687,2015-06-20 18:10:00+00:00,R,N,1,145,140,Chicago White Sox,Texas Rangers
2015,2015-06-20,414673,2015-06-20 20:05:00+00:00,R,N,1,133,108,Oakland Athletics,Los Angeles Angels
2015,2015-06-20,414682,2015-06-20 20:05:00+00:00,R,N,1,120,134,Washington Nationals,Pittsburgh Pirates
2015,2015-06-20,414680,2015-06-20 20:10:00+00:00,R,N,1,115,158,Colorado Rockies,Milwaukee Brewers
2015,2015-06-20,414685,2015-06-20 23:05:00+00:00,R,N,1,143,138,Philadelphia Phillies,St. Louis Cardinals
2015,2015-06-20,414675,2015-06-20 23:10:00+00:00,R,N,1,118,111,Kansas City Royals,Boston Red Sox
2015,2015-06-20,414686,2015-06-20 23:10:00+00:00,R,N,1,114,139,Cleveland Indians,Tampa Bay Rays
2015,2015-06-20,414681,2015-06-20 23:10:00+00:00,R,N,1,144,121,Atlanta Braves,New York Mets
2015,2015-06-20,414679,2015-06-20 23:10:00+00:00,R,N,1,113,146,Cincinnati Reds,Miami Marlins
2015,2015-06-20,414684,2015-06-20 23:15:00+00:00,R,N,1,119,137,Los Angeles Dodgers,San Francisco Giants
2015,2015-06-20,414677,2015-06-20 23:15:00+00:00,R,N,1,147,116,New York Yankees,Detroit Tigers
2015,2015-06-20,414683,2015-06-21 02:10:00+00:00,R,N,1,109,135,Arizona Diamondbacks,San Diego Padres
2015,2015-06-20,414678,2015-06-21 02:10:00+00:00,R,N,1,136,117,Seattle Mariners,Houston Astros
2015,2015-06-21,414692,2015-06-21 17:05:00+00:00,R,N,1,147,116,New York Yankees,Detroit Tigers
2015,2015-06-21,414689,2015-06-21 17:07:00+00:00,R,N,1,141,110,Toronto Blue Jays,Baltimore Orioles
2015,2015-06-21,414701,2015-06-21 17:10:00+00:00,R,N,1,114,139,Cleveland Indians,Tampa Bay Rays
2015,2015-06-21,414694,2015-06-21 17:10:00+00:00,R,N,1,113,146,Cincinnati Reds,Miami Marlins
2015,2015-06-21,414697,2015-06-21 17:35:00+00:00,R,N,1,120,134,Washington Nationals,Pittsburgh Pirates
2015,2015-06-21,414700,2015-06-21 17:35:00+00:00,R,N,1,143,138,Philadelphia Phillies,St. Louis Cardinals
2015,2015-06-21,414690,2015-06-21 18:10:00+00:00,R,N,1,118,111,Kansas City Royals,Boston Red Sox
2015,2015-06-21,414691,2015-06-21 18:10:00+00:00,R,N,1,142,112,Minnesota Twins,Chicago Cubs
2015,2015-06-21,414702,2015-06-21 18:10:00+00:00,R,N,1,145,140,Chicago White Sox,Texas Rangers
2015,2015-06-21,414688,2015-06-21 20:05:00+00:00,R,N,1,133,108,Oakland Athletics,Los Angeles Angels
2015,2015-06-21,414698,2015-06-21 20:10:00+00:00,R,N,1,109,135,Arizona Diamondbacks,San Diego Padres
2015,2015-06-21,414693,2015-06-21 20:10:00+00:00,R,N,1,136,117,Seattle Mariners,Houston Astros
2015,2015-06-21,414695,2015-06-21 20:10:00+00:00,R,N,1,115,158,Colorado Rockies,Milwaukee Brewers
2015,2015-06-21,414696,2015-06-21 21:05:00+00:00,R,N,1,144,121,Atlanta Braves,New York Mets
2015,2015-06-21,414699,2015-06-22 00:08:00+00:00,R,N,1,119,137,Los Angeles Dodgers,San Francisco Giants
2015,2015-06-22,414708,2015-06-22 23:05:00+00:00,R,N,1,147,143,New York Yankees,Philadelphia Phillies
2015,2015-06-22,414704,2015-06-22 23:10:00+00:00,R,N,1,114,116,Cleveland Indians,Detroit Tigers
2015,2015-06-22,414709,2015-06-22 23:10:00+00:00,R,N,1,139,141,Tampa Bay Rays,Toronto Blue Jays
2015,2015-06-22,414707,2015-06-23 00:05:00+00:00,R,N,1,112,119,Chicago Cubs,Los Angeles Dodgers
2015,2015-06-22,414703,2015-06-23 00:10:00+00:00,R,N,1,142,145,Minnesota Twins,Chicago White Sox
2015,2015-06-22,414705,2015-06-23 02:05:00+00:00,R,N,1,108,117,Los Angeles Angels,Houston Astros
2015,2015-06-22,414706,2015-06-23 02:10:00+00:00,R,N,1,136,118,Seattle Mariners,Kansas City Royals
2015,2015-06-23,414714,2015-06-23 23:05:00+00:00,R,N,1,134,113,Pittsburgh Pirates,Cincinnati Reds
2015,2015-06-23,414711,2015-06-23 23:05:00+00:00,R,N,1,120,144,Washington Nationals,Atlanta Braves
2015,2015-06-23,414721,2015-06-23 23:05:00+00:00,R,N,1,147,143,New York Yankees,Philadelphia Phillies
2015,2015-06-23,414712,2015-06-23 23:10:00+00:00,R,N,1,111,110,Boston Red Sox,Baltimore Orioles
2015,2015-06-23,414715,2015-06-23 23:10:00+00:00,R,N,1,114,116,Cleveland Indians,Detroit Tigers
2015,2015-06-23,414724,2015-06-23 23:10:00+00:00,R,N,1,139,141,Tampa Bay Rays,Toronto Blue Jays
2015,2015-06-23,414723,2015-06-23 23:10:00+00:00,R,N,1,146,138,Miami Marlins,St. Louis Cardinals
2015,2015-06-23,414718,2015-06-24 00:05:00+00:00,R,N,1,112,119,Chicago Cubs,Los Angeles Dodgers
2015,2015-06-23,414720,2015-06-24 00:05:00+00:00,R,N,1,140,133,Texas Rangers,Oakland Athletics
2015,2015-06-23,414713,2015-06-24 00:10:00+00:00,R,N,1,142,145,Minnesota Twins,Chicago White Sox
2015,2015-06-23,414719,2015-06-24 00:10:00+00:00,R,N,1,158,121,Milwaukee Brewers,New York Mets
2015,2015-06-23,414710,2015-06-24 00:40:00+00:00,R,N,1,115,109,Colorado Rockies,Arizona Diamondbacks
2015,2015-06-23,414716,2015-06-24 02:05:00+00:00,R,N,1,108,117,Los Angeles Angels,Houston Astros
2015,2015-06-23,414717,2015-06-24 02:10:00+00:00,R,N,1,136,118,Seattle Mariners,Kansas City Royals
2015,2015-06-23,414722,2015-06-24 02:15:00+00:00,R,N,1,137,135,San Francisco Giants,San Diego Padres
2015,2015-06-24,414730,2015-06-24 16:10:00+00:00,R,N,1,114,116,Cleveland Indians,Detroit Tigers
2015,2015-06-24,414739,2015-06-24 16:10:00+00:00,R,N,1,139,141,Tampa Bay Rays,Toronto Blue Jays
2015,2015-06-24,414736,2015-06-24 17:05:00+00:00,R,N,1,147,143,New York Yankees,Philadelphia Phillies
2015,2015-06-24,414728,2015-06-24 17:10:00+00:00,R,N,1,142,145,Minnesota Twins,Chicago White Sox
2015,2015-06-24,414731,2015-06-24 19:35:00+00:00,R,N,1,108,117,Los Angeles Angels,Houston Astros
2015,2015-06-24,414729,2015-06-24 23:05:00+00:00,R,N,1,134,113,Pittsburgh Pirates,Cincinnati Reds
2015,2015-06-24,414726,2015-06-24 23:05:00+00:00,R,N,1,120,144,Washington Nationals,Atlanta Braves
2015,2015-06-24,414727,2015-06-24 23:10:00+00:00,R,N,1,111,110,Boston Red Sox,Baltimore Orioles
2015,2015-06-24,414738,2015-06-24 23:10:00+00:00,R,N,1,146,138,Miami Marlins,St. Louis Cardinals
2015,2015-06-24,414733,2015-06-25 00:05:00+00:00,R,N,1,112,119,Chicago Cubs,Los Angeles Dodgers
2015,2015-06-24,414735,2015-06-25 00:05:00+00:00,R,N,1,140,133,Texas Rangers,Oakland Athletics
2015,2015-06-24,414734,2015-06-25 00:10:00+00:00,R,N,1,158,121,Milwaukee Brewers,New York Mets
2015,2015-06-24,414725,2015-06-25 00:40:00+00:00,R,N,1,115,109,Colorado Rockies,Arizona Diamondbacks
2015,2015-06-24,414732,2015-06-25 02:10:00+00:00,R,N,1,136,118,Seattle Mariners,Kansas City Royals
2015,2015-06-24,414737,2015-06-25 02:15:00+00:00,R,N,1,137,135,San Francisco Giants,San Diego Padres
2015,2015-06-25,414743,2015-06-25 17:08:00+00:00,R,N,1,116,145,Detroit Tigers,Chicago White Sox
2015,2015-06-25,414742,2015-06-25 17:35:00+00:00,R,N,1,111,110,Boston Red Sox,Baltimore Orioles
2015,2015-06-25,414748,2015-06-25 18:05:00+00:00,R,N,1,140,133,Texas Rangers,Oakland Athletics
2015,2015-06-25,414747,2015-06-25 18:10:00+00:00,R,N,1,158,121,Milwaukee Brewers,New York Mets
2015,2015-06-25,414745,2015-06-25 18:20:00+00:00,R,N,1,112,119,Chicago Cubs,Los Angeles Dodgers
2015,2015-06-25,414740,2015-06-25 19:10:00+00:00,R,N,1,115,109,Colorado Rockies,Arizona Diamondbacks
2015,2015-06-25,414749,2015-06-25 19:45:00+00:00,R,N,1,137,135,San Francisco Giants,San Diego Padres
2015,2015-06-25,414741,2015-06-25 20:05:00+00:00,R,N,1,120,144,Washington Nationals,Atlanta Braves
2015,2015-06-25,414744,2015-06-25 23:05:00+00:00,R,N,1,134,113,Pittsburgh Pirates,Cincinnati Reds
2015,2015-06-25,414750,2015-06-25 23:10:00+00:00,R,N,1,146,138,Miami Marlins,St. Louis Cardinals
2015,2015-06-25,414746,2015-06-26 00:10:00+00:00,R,N,1,117,147,Houston Astros,New York Yankees
2015,2015-06-26,414757,2015-06-26 23:05:00+00:00,R,N,1,110,114,Baltimore Orioles,Cleveland Indians
2015,2015-06-26,414765,2015-06-26 23:05:00+00:00,R,N,1,143,120,Philadelphia Phillies,Washington Nationals
2015,2015-06-26,414752,2015-06-26 23:05:00+00:00,R,N,1,134,144,Pittsburgh Pirates,Atlanta Braves
2015,2015-06-26,414764,2015-06-26 23:07:00+00:00,R,N,1,141,140,Toronto Blue Jays,Texas Rangers
2015,2015-06-26,414754,2015-06-26 23:08:00+00:00,R,N,1,116,145,Detroit Tigers,Chicago White Sox
2015,2015-06-26,414756,2015-06-26 23:10:00+00:00,R,N,1,121,113,New York Mets,Cincinnati Reds
2015,2015-06-26,414753,2015-06-26 23:10:00+00:00,R,N,1,139,111,Tampa Bay Rays,Boston Red Sox
2015,2015-06-26,414760,2015-06-26 23:10:00+00:00,R,N,1,146,119,Miami Marlins,Los Angeles Dodgers
2015,2015-06-26,414762,2015-06-27 00:10:00+00:00,R,N,1,117,147,Houston Astros,New York Yankees
2015,2015-06-26,414761,2015-06-27 00:10:00+00:00,R,N,1,158,142,Milwaukee Brewers,Minnesota Twins
2015,2015-06-26,414755,2015-06-27 00:15:00+00:00,R,N,1,138,112,St. Louis Cardinals,Chicago Cubs
2015,2015-06-26,414759,2015-06-27 02:05:00+00:00,R,N,1,133,118,Oakland Athletics,Kansas City Royals
2015,2015-06-26,414763,2015-06-27 02:05:00+00:00,R,N,1,108,136,Los Angeles Angels,Seattle Mariners
2015,2015-06-26,414751,2015-06-27 02:10:00+00:00,R,N,1,135,109,San Diego Padres,Arizona Diamondbacks
2015,2015-06-26,414758,2015-06-27 02:15:00+00:00,R,N,1,137,115,San Francisco Giants,Colorado Rockies
2015,2015-06-27,414779,2015-06-27 17:07:00+00:00,R,N,1,141,140,Toronto Blue Jays,Texas Rangers
2015,2015-06-27,414776,2015-06-27 18:10:00+00:00,R,N,1,158,142,Milwaukee Brewers,Minnesota Twins
2015,2015-06-27,414774,2015-06-27 20:05:00+00:00,R,N,1,133,118,Oakland Athletics,Kansas City Royals
2015,2015-06-27,414773,2015-06-27 20:05:00+00:00,R,N,1,137,115,San Francisco Giants,Colorado Rockies
2015,2015-06-27,414767,2015-06-27 20:05:00+00:00,R,N,1,134,144,Pittsburgh Pirates,Atlanta Braves
2015,2015-06-27,414771,2015-06-27 20:10:00+00:00,R,N,1,121,113,New York Mets,Cincinnati Reds
2015,2015-06-27,414768,2015-06-27 20:10:00+00:00,R,N,1,139,111,Tampa Bay Rays,Boston Red Sox
2015,2015-06-27,414775,2015-06-27 20:10:00+00:00,R,N,1,146,119,Miami Marlins,Los Angeles Dodgers
2015,2015-06-27,414777,2015-06-27 20:10:00+00:00,R,N,1,117,147,Houston Astros,New York Yankees
2015,2015-06-27,414778,2015-06-27 23:15:00+00:00,R,N,1,108,136,Los Angeles Angels,Seattle Mariners
2015,2015-06-27,414770,2015-06-27 23:15:00+00:00,R,N,1,138,112,St. Louis Cardinals,Chicago Cubs
2015,2015-06-27,414766,2015-06-28 02:10:00+00:00,R,N,1,135,109,San Diego Padres,Arizona Diamondbacks
2015,2015-06-28,414780,2015-06-27 19:05:00+00:00,R,N,1,143,120,Philadelphia Phillies,Washington Nationals
2015,2015-09-21,414769,2015-06-27 20:08:00+00:00,R,N,1,116,145,Detroit Tigers,Chicago White Sox
2015,2015-06-28,414772,2015-06-27 23:15:00+00:00,R,N,1,110,114,Baltimore Orioles,Cleveland Indians
2015,2015-06-28,414795,2015-06-28 17:05:00+00:00,R,Y,1,143,120,Philadelphia Phillies,Washington Nationals
2015,2015-06-28,414780,2015-06-28 17:10:00+00:00,R,Y,2,143,120,Philadelphia Phillies,Washington Nationals
2015,2015-06-28,414794,2015-06-28 17:07:00+00:00,R,N,1,141,140,Toronto Blue Jays,Texas Rangers
2015,2015-06-28,414784,2015-06-28 17:08:00+00:00,R,N,1,116,145,Detroit Tigers,Chicago White Sox
2015,2015-06-27,414771,2015-06-28 17:10:00+00:00,R,N,1,121,113,New York Mets,Cincinnati Reds
2015,2015-06-28,414786,2015-06-28 17:10:00+00:00,R,N,1,121,113,New York Mets,Cincinnati Reds
2015,2015-06-28,414783,2015-06-28 17:10:00+00:00,R,N,1,139,111,Tampa Bay Rays,Boston Red Sox
2015,2015-06-28,414790,2015-06-28 17:10:00+00:00,R,N,1,146,119,Miami Marlins,Los Angeles Dodgers
2015,2015-06-28,414787,2015-06-28 17:35:00+00:00,R,S,1,110,114,Baltimore Orioles,Cleveland Indians
2015,2015-06-28,414772,2015-06-28 23:05:00+00:00,R,S,2,110,114,Baltimore Orioles,Cleveland Indians
2015,2015-06-28,414782,2015-06-28 17:35:00+00:00,R,N,1,134,144,Pittsburgh Pirates,Atlanta Braves
2015,2015-06-28,414792,2015-06-28 18:10:00+00:00,R,N,1,117,147,Houston Astros,New York Yankees
2015,2015-06-28,414791,2015-06-28 18:10:00+00:00,R,N,1,158,142,Milwaukee Brewers,Minnesota Twins
2015,2015-06-28,414793,2015-06-28 19:35:00+00:00,R,N,1,108,136,Los Angeles Angels,Seattle Mariners
2015,2015-06-28,414789,2015-06-28 20:05:00+00:00,R,N,1,133,118,Oakland Athletics,Kansas City Royals
2015,2015-06-28,414788,2015-06-28 20:05:00+00:00,R,N,1,137,115,San Francisco Giants,Colorado Rockies
2015,2015-06-28,414781,2015-06-28 20:10:00+00:00,R,N,1,135,109,San Diego Padres,Arizona Diamondbacks
2015,2015-06-28,414785,2015-06-29 00:05:00+00:00,R,N,1,138,112,St. Louis Cardinals,Chicago Cubs
2015,2015-06-29,414804,2015-06-29 23:05:00+00:00,R,N,1,110,140,Baltimore Orioles,Texas Rangers
2015,2015-06-29,414801,2015-06-29 23:05:00+00:00,R,N,1,143,158,Philadelphia Phillies,Milwaukee Brewers
2015,2015-06-29,414796,2015-06-29 23:07:00+00:00,R,N,1,141,111,Toronto Blue Jays,Boston Red Sox
2015,2015-06-29,414797,2015-06-29 23:10:00+00:00,R,N,1,139,114,Tampa Bay Rays,Cleveland Indians
2015,2015-06-29,414802,2015-06-29 23:10:00+00:00,R,N,1,113,142,Cincinnati Reds,Minnesota Twins
2015,2015-06-29,414799,2015-06-30 00:10:00+00:00,R,N,1,117,118,Houston Astros,Kansas City Royals
2015,2015-06-29,414800,2015-06-30 01:40:00+00:00,R,N,1,109,119,Arizona Diamondbacks,Los Angeles Dodgers
2015,2015-06-29,414798,2015-06-30 02:05:00+00:00,R,N,1,133,115,Oakland Athletics,Colorado Rockies
2015,2015-06-29,414803,2015-06-30 02:05:00+00:00,R,N,1,108,147,Los Angeles Angels,New York Yankees
2015,2015-06-30,414818,2015-06-30 23:05:00+00:00,R,N,1,110,140,Baltimore Orioles,Texas Rangers
2015,2015-06-30,414812,2015-06-30 23:05:00+00:00,R,N,1,143,158,Philadelphia Phillies,Milwaukee Brewers
2015,2015-06-30,414805,2015-06-30 23:07:00+00:00,R,N,1,141,111,Toronto Blue Jays,Boston Red Sox
2015,2015-06-30,414815,2015-06-30 23:08:00+00:00,R,N,1,116,134,Detroit Tigers,Pittsburgh Pirates
2015,2015-06-30,414807,2015-06-30 23:10:00+00:00,R,N,1,121,112,New York Mets,Chicago Cubs
2015,2015-06-30,414808,2015-06-30 23:10:00+00:00,R,N,1,139,114,Tampa Bay Rays,Cleveland Indians
2015,2015-06-30,414813,2015-06-30 23:10:00+00:00,R,N,1,113,142,Cincinnati Reds,Minnesota Twins
2015,2015-06-30,414819,2015-06-30 23:10:00+00:00,R,N,1,144,120,Atlanta Braves,Washington Nationals
2015,2015-06-30,414817,2015-06-30 23:10:00+00:00,R,N,1,146,137,Miami Marlins,San Francisco Giants
2015,2015-06-30,414810,2015-07-01 00:10:00+00:00,R,N,1,117,118,Houston Astros,Kansas City Royals
2015,2015-06-30,414806,2015-07-01 00:15:00+00:00,R,N,1,138,145,St. Louis Cardinals,Chicago White Sox
2015,2015-06-30,414811,2015-07-01 01:40:00+00:00,R,N,1,109,119,Arizona Diamondbacks,Los Angeles Dodgers
2015,2015-06-30,414809,2015-07-01 02:05:00+00:00,R,N,1,133,115,Oakland Athletics,Colorado Rockies
2015,2015-06-30,414814,2015-07-01 02:05:00+00:00,R,N,1,108,147,Los Angeles Angels,New York Yankees
2015,2015-06-30,414816,2015-07-01 02:10:00+00:00,R,N,1,135,136,San Diego Padres,Seattle Mariners
2015,2015-07-01,414828,2015-07-01 16:35:00+00:00,R,N,1,113,142,Cincinnati Reds,Minnesota Twins
2015,2015-07-01,414820,2015-07-01 17:07:00+00:00,R,N,1,141,111,Toronto Blue Jays,Boston Red Sox
2015,2015-07-01,414824,2015-07-01 19:35:00+00:00,R,N,1,133,115,Oakland Athletics,Colorado Rockies
2015,2015-07-01,414831,2015-07-01 19:40:00+00:00,R,N,1,135,136,San Diego Padres,Seattle Mariners
2015,2015-07-01,414833,2015-07-01 23:05:00+00:00,R,N,1,110,140,Baltimore Orioles,Texas Rangers
2015,2015-07-01,414829,2015-07-01 23:05:00+00:00,R,N,1,108,147,Los Angeles Angels,New York Yankees
2015,2015-07-01,414827,2015-07-01 23:05:00+00:00,R,N,1,143,158,Philadelphia Phillies,Milwaukee Brewers
2015,2015-07-01,414830,2015-07-01 23:08:00+00:00,R,N,1,116,134,Detroit Tigers,Pittsburgh Pirates
2015,2015-07-01,414822,2015-07-01 23:10:00+00:00,R,N,1,121,112,New York Mets,Chicago Cubs
2015,2015-07-01,414823,2015-07-01 23:10:00+00:00,R,N,1,139,114,Tampa Bay Rays,Cleveland Indians
2015,2015-07-01,414834,2015-07-01 23:10:00+00:00,R,N,1,144,120,Atlanta Braves,Washington Nationals
2015,2015-07-01,414832,2015-07-01 23:10:00+00:00,R,N,1,146,137,Miami Marlins,San Francisco Giants
2015,2015-07-01,414825,2015-07-02 00:10:00+00:00,R,N,1,117,118,Houston Astros,Kansas City Royals
2015,2015-07-01,414821,2015-07-02 00:15:00+00:00,R,N,1,138,145,St. Louis Cardinals,Chicago White Sox
2015,2015-07-01,414826,2015-07-02 01:40:00+00:00,R,N,1,109,119,Arizona Diamondbacks,Los Angeles Dodgers
2015,2015-07-02,414837,2015-07-02 16:10:00+00:00,R,N,1,139,114,Tampa Bay Rays,Cleveland Indians
2015,2015-07-02,414844,2015-07-02 16:10:00+00:00,R,N,1,146,137,Miami Marlins,San Francisco Giants
2015,2015-07-02,414841,2015-07-02 17:08:00+00:00,R,N,1,116,134,Detroit Tigers,Pittsburgh Pirates
2015,2015-07-02,414836,2015-07-02 17:10:00+00:00,R,N,1,121,112,New York Mets,Chicago Cubs
2015,2015-07-02,414839,2015-07-02 22:35:00+00:00,R,N,1,143,158,Philadelphia Phillies,Milwaukee Brewers
2015,2015-07-02,414845,2015-07-02 23:05:00+00:00,R,N,1,110,140,Baltimore Orioles,Texas Rangers
2015,2015-07-02,414835,2015-07-02 23:07:00+00:00,R,N,1,141,111,Toronto Blue Jays,Boston Red Sox
2015,2015-07-02,414846,2015-07-02 23:10:00+00:00,R,N,1,144,120,Atlanta Braves,Washington Nationals
2015,2015-07-02,414842,2015-07-02 23:15:00+00:00,R,N,1,138,135,St. Louis Cardinals,San Diego Padres
2015,2015-07-02,414840,2015-07-03 00:10:00+00:00,R,N,1,118,142,Kansas City Royals,Minnesota Twins
2015,2015-07-02,414838,2015-07-03 01:40:00+00:00,R,N,1,109,115,Arizona Diamondbacks,Colorado Rockies
2015,2015-07-02,414843,2015-07-03 02:05:00+00:00,R,N,1,133,136,Oakland Athletics,Seattle Mariners
2015,2015-07-03,414852,2015-07-03 18:20:00+00:00,R,N,1,112,146,Chicago Cubs,Miami Marlins
2015,2015-07-03,414859,2015-07-03 22:05:00+00:00,R,N,1,120,137,Washington Nationals,San Francisco Giants
2015,2015-07-03,414849,2015-07-03 23:05:00+00:00,R,N,1,134,114,Pittsburgh Pirates,Cleveland Indians
2015,2015-07-03,414860,2015-07-03 23:05:00+00:00,R,N,1,147,139,New York Yankees,Tampa Bay Rays
2015,2015-07-03,414861,2015-07-03 23:08:00+00:00,R,N,1,116,141,Detroit Tigers,Toronto Blue Jays
2015,2015-07-03,414851,2015-07-03 23:10:00+00:00,R,N,1,111,117,Boston Red Sox,Houston Astros
2015,2015-07-03,414853,2015-07-03 23:10:00+00:00,R,N,1,113,158,Cincinnati Reds,Milwaukee Brewers
2015,2015-07-03,414856,2015-07-03 23:35:00+00:00,R,N,1,144,143,Atlanta Braves,Philadelphia Phillies
2015,2015-07-03,414847,2015-07-04 00:05:00+00:00,R,N,1,140,108,Texas Rangers,Los Angeles Angels
2015,2015-07-03,414854,2015-07-04 00:10:00+00:00,R,N,1,118,142,Kansas City Royals,Minnesota Twins
2015,2015-07-03,414848,2015-07-04 00:10:00+00:00,R,N,1,145,110,Chicago White Sox,Baltimore Orioles
2015,2015-07-03,414857,2015-07-04 00:15:00+00:00,R,N,1,138,135,St. Louis Cardinals,San Diego Padres
2015,2015-07-03,414858,2015-07-04 01:05:00+00:00,R,N,1,133,136,Oakland Athletics,Seattle Mariners
2015,2015-07-03,414850,2015-07-04 01:40:00+00:00,R,N,1,109,115,Arizona Diamondbacks,Colorado Rockies
2015,2015-07-03,414855,2015-07-04 02:10:00+00:00,R,N,1,119,121,Los Angeles Dodgers,New York Mets
2015,2015-07-04,414874,2015-07-04 15:05:00+00:00,R,N,1,120,137,Washington Nationals,San Francisco Giants
2015,2015-07-04,414875,2015-07-04 17:05:00+00:00,R,N,1,147,139,New York Yankees,Tampa Bay Rays
2015,2015-07-04,414876,2015-07-04 17:08:00+00:00,R,N,1,116,141,Detroit Tigers,Toronto Blue Jays
2015,2015-07-04,414866,2015-07-04 17:35:00+00:00,R,N,1,111,117,Boston Red Sox,Houston Astros
2015,2015-07-04,414863,2015-07-04 18:10:00+00:00,R,N,1,145,110,Chicago White Sox,Baltimore Orioles
2015,2015-07-04,414872,2015-07-04 18:15:00+00:00,R,N,1,138,135,St. Louis Cardinals,San Diego Padres
2015,2015-07-04,414864,2015-07-04 20:05:00+00:00,R,N,1,134,114,Pittsburgh Pirates,Cleveland Indians
2015,2015-07-04,414873,2015-07-04 20:05:00+00:00,R,N,1,133,136,Oakland Athletics,Seattle Mariners
2015,2015-07-04,414870,2015-07-04 23:15:00+00:00,R,N,1,119,121,Los Angeles Dodgers,New York Mets
2015,2015-07-04,414869,2015-07-04 23:15:00+00:00,R,N,1,118,142,Kansas City Royals,Minnesota Twins
2015,2015-07-04,414871,2015-07-04 23:15:00+00:00,R,N,1,144,143,Atlanta Braves,Philadelphia Phillies
2015,2015-07-04,414867,2015-07-04 23:15:00+00:00,R,N,1,112,146,Chicago Cubs,Miami Marlins
2015,2015-07-04,414868,2015-07-04 23:15:00+00:00,R,N,1,113,158,Cincinnati Reds,Milwaukee Brewers
2015,2015-07-04,414862,2015-07-05 01:05:00+00:00,R,N,1,140,108,Texas Rangers,Los Angeles Angels
2015,2015-07-04,414865,2015-07-05 02:10:00+00:00,R,N,1,109,115,Arizona Diamondbacks,Colorado Rockies
2015,2015-07-05,414890,2015-07-05 17:05:00+00:00,R,N,1,147,139,New York Yankees,Tampa Bay Rays
2015,2015-07-05,414891,2015-07-05 17:08:00+00:00,R,N,1,116,141,Detroit Tigers,Toronto Blue Jays
2015,2015-07-05,414883,2015-07-05 17:10:00+00:00,R,N,1,113,158,Cincinnati Reds,Milwaukee Brewers
2015,2015-07-05,414881,2015-07-05 17:35:00+00:00,R,N,1,111,117,Boston Red Sox,Houston Astros
2015,2015-07-05,414879,2015-07-05 17:35:00+00:00,R,N,1,134,114,Pittsburgh Pirates,Cleveland Indians
2015,2015-07-05,414886,2015-07-05 17:35:00+00:00,R,N,1,144,143,Atlanta Braves,Philadelphia Phillies
2015,2015-07-05,414884,2015-07-05 18:10:00+00:00,R,N,1,118,142,Kansas City Royals,Minnesota Twins
2015,2015-07-05,414878,2015-07-05 18:10:00+00:00,R,N,1,145,110,Chicago White Sox,Baltimore Orioles
2015,2015-07-05,414887,2015-07-05 18:15:00+00:00,R,N,1,138,135,St. Louis Cardinals,San Diego Padres
2015,2015-07-05,414882,2015-07-05 18:20:00+00:00,R,N,1,112,146,Chicago Cubs,Miami Marlins
2015,2015-07-05,414888,2015-07-05 20:05:00+00:00,R,N,1,133,136,Oakland Athletics,Seattle Mariners
2015,2015-07-05,414880,2015-07-05 20:10:00+00:00,R,N,1,109,115,Arizona Diamondbacks,Colorado Rockies
2015,2015-07-05,414885,2015-07-05 20:10:00+00:00,R,N,1,119,121,Los Angeles Dodgers,New York Mets
2015,2015-07-05,414877,2015-07-05 23:05:00+00:00,R,N,1,140,108,Texas Rangers,Los Angeles Angels
2015,2015-07-05,414889,2015-07-06 00:08:00+00:00,R,N,1,120,137,Washington Nationals,San Francisco Giants
2015,2015-07-06,414894,2015-07-06 23:05:00+00:00,R,N,1,120,113,Washington Nationals,Cincinnati Reds
2015,2015-07-06,414899,2015-07-06 23:05:00+00:00,R,N,1,134,135,Pittsburgh Pirates,San Diego Padres
2015,2015-07-06,414896,2015-07-06 23:10:00+00:00,R,N,1,114,117,Cleveland Indians,Houston Astros
2015,2015-07-06,414900,2015-07-07 00:05:00+00:00,R,N,1,112,138,Chicago Cubs,St. Louis Cardinals
2015,2015-07-06,414893,2015-07-07 00:10:00+00:00,R,N,1,142,110,Minnesota Twins,Baltimore Orioles
2015,2015-07-06,414902,2015-07-07 00:10:00+00:00,R,N,1,145,141,Chicago White Sox,Toronto Blue Jays
2015,2015-07-06,414892,2015-07-07 00:10:00+00:00,R,N,1,158,144,Milwaukee Brewers,Atlanta Braves
2015,2015-07-06,414895,2015-07-07 02:10:00+00:00,R,N,1,136,116,Seattle Mariners,Detroit Tigers
2015,2015-07-06,414898,2015-07-07 02:10:00+00:00,R,N,1,119,143,Los Angeles Dodgers,Philadelphia Phillies
2015,2015-07-06,414897,2015-07-07 02:15:00+00:00,R,N,1,137,121,San Francisco Giants,New York Mets
2015,2015-07-07,414901,2015-07-07 00:10:00+00:00,R,N,1,118,139,Kansas City Royals,Tampa Bay Rays
2015,2015-07-07,413683,2015-07-07 17:20:00+00:00,R,S,1,112,138,Chicago Cubs,St. Louis Cardinals
2015,2015-07-07,414915,2015-07-08 00:05:00+00:00,R,S,2,112,138,Chicago Cubs,St. Louis Cardinals
2015,2015-07-07,414901,2015-07-07 18:10:00+00:00,R,S,1,118,139,Kansas City Royals,Tampa Bay Rays
2015,2015-07-07,414916,2015-07-08 00:10:00+00:00,R,S,2,118,139,Kansas City Royals,Tampa Bay Rays
2015,2015-07-07,414907,2015-07-07 23:05:00+00:00,R,N,1,120,113,Washington Nationals,Cincinnati Reds
2015,2015-07-07,414914,2015-07-07 23:05:00+00:00,R,N,1,134,135,Pittsburgh Pirates,San Diego Padres
2015,2015-07-07,414912,2015-07-07 23:05:00+00:00,R,N,1,147,133,New York Yankees,Oakland Athletics
2015,2015-07-07,414909,2015-07-07 23:10:00+00:00,R,N,1,114,117,Cleveland Indians,Houston Astros
2015,2015-07-07,414910,2015-07-07 23:10:00+00:00,R,N,1,111,146,Boston Red Sox,Miami Marlins
2015,2015-07-07,414904,2015-07-08 00:05:00+00:00,R,N,1,140,109,Texas Rangers,Arizona Diamondbacks
2015,2015-07-07,414906,2015-07-08 00:10:00+00:00,R,N,1,142,110,Minnesota Twins,Baltimore Orioles
2015,2015-07-07,414917,2015-07-08 00:10:00+00:00,R,N,1,145,141,Chicago White Sox,Toronto Blue Jays
2015,2015-07-07,414905,2015-07-08 00:10:00+00:00,R,N,1,158,144,Milwaukee Brewers,Atlanta Braves
2015,2015-07-07,414903,2015-07-08 00:40:00+00:00,R,N,1,115,108,Colorado Rockies,Los Angeles Angels
2015,2015-07-07,414908,2015-07-08 02:10:00+00:00,R,N,1,136,116,Seattle Mariners,Detroit Tigers
2015,2015-07-07,414913,2015-07-08 02:10:00+00:00,R,N,1,119,143,Los Angeles Dodgers,Philadelphia Phillies
2015,2015-07-07,414911,2015-07-08 02:15:00+00:00,R,N,1,137,121,San Francisco Giants,New York Mets
2015,2015-07-08,414921,2015-07-08 17:10:00+00:00,R,N,1,142,110,Minnesota Twins,Baltimore Orioles
2015,2015-07-08,414920,2015-07-08 18:10:00+00:00,R,N,1,158,144,Milwaukee Brewers,Atlanta Braves
2015,2015-07-08,414923,2015-07-08 19:40:00+00:00,R,N,1,136,116,Seattle Mariners,Detroit Tigers
2015,2015-07-08,414926,2015-07-08 19:45:00+00:00,R,N,1,137,121,San Francisco Giants,New York Mets
2015,2015-07-08,414929,2015-07-08 23:05:00+00:00,R,N,1,134,135,Pittsburgh Pirates,San Diego Padres
2015,2015-07-08,414927,2015-07-08 23:05:00+00:00,R,N,1,147,133,New York Yankees,Oakland Athletics
2015,2015-07-08,414924,2015-07-08 23:10:00+00:00,R,N,1,114,117,Cleveland Indians,Houston Astros
2015,2015-07-08,414925,2015-07-08 23:10:00+00:00,R,N,1,111,146,Boston Red Sox,Miami Marlins
2015,2015-07-08,414930,2015-07-09 00:05:00+00:00,R,N,1,112,138,Chicago Cubs,St. Louis Cardinals
2015,2015-07-08,414919,2015-07-09 00:05:00+00:00,R,N,1,140,109,Texas Rangers,Arizona Diamondbacks
2015,2015-07-08,414931,2015-07-09 00:10:00+00:00,R,N,1,118,139,Kansas City Royals,Tampa Bay Rays
2015,2015-07-08,414932,2015-07-09 00:10:00+00:00,R,N,1,145,141,Chicago White Sox,Toronto Blue Jays
2015,2015-07-08,414918,2015-07-09 00:40:00+00:00,R,N,1,115,108,Colorado Rockies,Los Angeles Angels
2015,2015-07-08,414928,2015-07-09 02:10:00+00:00,R,N,1,119,143,Los Angeles Dodgers,Philadelphia Phillies
2015,2015-09-28,414922,2015-07-08 23:05:00+00:00,R,N,1,120,113,Washington Nationals,Cincinnati Reds
2015,2015-07-09,414938,2015-07-09 17:05:00+00:00,R,N,1,147,133,New York Yankees,Oakland Athletics
2015,2015-07-09,414941,2015-07-09 18:10:00+00:00,R,N,1,118,139,Kansas City Royals,Tampa Bay Rays
2015,2015-07-09,414942,2015-07-09 18:10:00+00:00,R,N,1,145,141,Chicago White Sox,Toronto Blue Jays
2015,2015-07-09,414940,2015-07-09 23:05:00+00:00,R,N,1,134,138,Pittsburgh Pirates,St. Louis Cardinals
2015,2015-07-09,414937,2015-07-09 23:10:00+00:00,R,N,1,114,117,Cleveland Indians,Houston Astros
2015,2015-07-09,414935,2015-07-09 23:10:00+00:00,R,N,1,146,113,Miami Marlins,Cincinnati Reds
2015,2015-07-09,414936,2015-07-10 00:10:00+00:00,R,N,1,142,116,Minnesota Twins,Detroit Tigers
2015,2015-07-09,414934,2015-07-10 00:40:00+00:00,R,N,1,115,144,Colorado Rockies,Atlanta Braves
2015,2015-07-09,414933,2015-07-10 02:10:00+00:00,R,N,1,136,108,Seattle Mariners,Los Angeles Angels
2015,2015-07-09,414939,2015-07-10 02:10:00+00:00,R,N,1,119,143,Los Angeles Dodgers,Philadelphia Phillies
2015,2015-07-10,414946,2015-07-10 20:05:00+00:00,R,N,1,112,145,Chicago Cubs,Chicago White Sox
2015,2015-07-10,414957,2015-07-10 23:05:00+00:00,R,N,1,110,120,Baltimore Orioles,Washington Nationals
2015,2015-07-10,414955,2015-07-10 23:05:00+00:00,R,N,1,134,138,Pittsburgh Pirates,St. Louis Cardinals
2015,2015-07-10,414944,2015-07-10 23:10:00+00:00,R,N,1,121,109,New York Mets,Arizona Diamondbacks
2015,2015-07-10,414952,2015-07-10 23:10:00+00:00,R,N,1,114,133,Cleveland Indians,Oakland Athletics
2015,2015-07-10,414949,2015-07-10 23:10:00+00:00,R,N,1,139,117,Tampa Bay Rays,Houston Astros
2015,2015-07-10,414947,2015-07-10 23:10:00+00:00,R,N,1,146,113,Miami Marlins,Cincinnati Reds
2015,2015-07-10,414951,2015-07-10 23:10:00+00:00,R,N,1,111,147,Boston Red Sox,New York Yankees
2015,2015-07-10,414954,2015-07-11 00:05:00+00:00,R,N,1,140,135,Texas Rangers,San Diego Padres
2015,2015-07-10,414956,2015-07-11 00:10:00+00:00,R,N,1,118,141,Kansas City Royals,Toronto Blue Jays
2015,2015-07-10,414948,2015-07-11 00:10:00+00:00,R,N,1,142,116,Minnesota Twins,Detroit Tigers
2015,2015-07-10,414945,2015-07-11 00:10:00+00:00,R,N,1,115,144,Colorado Rockies,Atlanta Braves
2015,2015-07-10,414943,2015-07-11 02:10:00+00:00,R,N,1,136,108,Seattle Mariners,Los Angeles Angels
2015,2015-07-10,414950,2015-07-11 02:10:00+00:00,R,N,1,119,158,Los Angeles Dodgers,Milwaukee Brewers
2015,2015-07-10,414953,2015-07-11 02:15:00+00:00,R,N,1,137,143,San Francisco Giants,Philadelphia Phillies
2015,2015-07-11,414971,2015-07-11 18:10:00+00:00,R,N,1,118,141,Kansas City Royals,Toronto Blue Jays
2015,2015-07-11,414963,2015-07-11 20:05:00+00:00,R,N,1,142,116,Minnesota Twins,Detroit Tigers
2015,2015-07-11,414961,2015-07-11 20:05:00+00:00,R,N,1,112,145,Chicago Cubs,Chicago White Sox
2015,2015-07-11,414959,2015-07-11 20:10:00+00:00,R,N,1,121,109,New York Mets,Arizona Diamondbacks
2015,2015-07-11,414964,2015-07-11 20:10:00+00:00,R,N,1,139,117,Tampa Bay Rays,Houston Astros
2015,2015-07-11,414960,2015-07-11 20:10:00+00:00,R,N,1,115,144,Colorado Rockies,Atlanta Braves
2015,2015-07-11,414962,2015-07-11 20:10:00+00:00,R,N,1,146,113,Miami Marlins,Cincinnati Reds
2015,2015-07-11,414967,2015-07-11 22:35:00+00:00,R,N,1,114,133,Cleveland Indians,Oakland Athletics
2015,2015-07-11,414972,2015-07-11 23:15:00+00:00,R,N,1,110,120,Baltimore Orioles,Washington Nationals
2015,2015-07-11,414970,2015-07-11 23:15:00+00:00,R,N,1,134,138,Pittsburgh Pirates,St. Louis Cardinals
2015,2015-07-11,414966,2015-07-11 23:15:00+00:00,R,N,1,111,147,Boston Red Sox,New York Yankees
2015,2015-07-11,414969,2015-07-12 01:05:00+00:00,R,N,1,140,135,Texas Rangers,San Diego Padres
2015,2015-07-11,414968,2015-07-12 02:05:00+00:00,R,N,1,137,143,San Francisco Giants,Philadelphia Phillies
2015,2015-07-11,414958,2015-07-12 02:10:00+00:00,R,N,1,136,108,Seattle Mariners,Los Angeles Angels
2015,2015-07-11,414965,2015-07-12 02:10:00+00:00,R,N,1,119,158,Los Angeles Dodgers,Milwaukee Brewers
2015,2015-07-12,414974,2015-07-12 17:10:00+00:00,R,N,1,121,109,New York Mets,Arizona Diamondbacks
2015,2015-07-12,414982,2015-07-12 17:10:00+00:00,R,N,1,114,133,Cleveland Indians,Oakland Athletics
2015,2015-07-12,414979,2015-07-12 17:10:00+00:00,R,N,1,139,117,Tampa Bay Rays,Houston Astros
2015,2015-07-12,414977,2015-07-12 17:10:00+00:00,R,N,1,146,113,Miami Marlins,Cincinnati Reds
2015,2015-07-12,414987,2015-07-12 17:35:00+00:00,R,N,1,110,120,Baltimore Orioles,Washington Nationals
2015,2015-07-12,414981,2015-07-12 17:35:00+00:00,R,N,1,111,147,Boston Red Sox,New York Yankees
2015,2015-07-12,414986,2015-07-12 18:10:00+00:00,R,N,1,118,141,Kansas City Royals,Toronto Blue Jays
2015,2015-07-12,414978,2015-07-12 18:10:00+00:00,R,N,1,142,116,Minnesota Twins,Detroit Tigers
2015,2015-07-12,414976,2015-07-12 18:20:00+00:00,R,N,1,112,145,Chicago Cubs,Chicago White Sox
2015,2015-07-12,414984,2015-07-12 19:05:00+00:00,R,N,1,140,135,Texas Rangers,San Diego Padres
2015,2015-07-12,414983,2015-07-12 20:05:00+00:00,R,N,1,137,143,San Francisco Giants,Philadelphia Phillies
2015,2015-07-12,414973,2015-07-12 20:10:00+00:00,R,N,1,136,108,Seattle Mariners,Los Angeles Angels
2015,2015-07-12,414975,2015-07-12 20:10:00+00:00,R,N,1,115,144,Colorado Rockies,Atlanta Braves
2015,2015-07-12,414980,2015-07-12 20:10:00+00:00,R,N,1,119,158,Los Angeles Dodgers,Milwaukee Brewers
2015,2015-07-12,414985,2015-07-13 00:05:00+00:00,R,N,1,134,138,Pittsburgh Pirates,St. Louis Cardinals
2015,2015-07-17,413905,2015-07-17 18:10:00+00:00,R,S,1,145,118,Chicago White Sox,Kansas City Royals
2015,2015-07-17,414994,2015-07-18 00:10:00+00:00,R,S,2,145,118,Chicago White Sox,Kansas City Royals
2015,2015-07-17,414995,2015-07-17 23:05:00+00:00,R,N,1,120,119,Washington Nationals,Los Angeles Dodgers
2015,2015-07-17,414996,2015-07-17 23:05:00+00:00,R,N,1,143,146,Philadelphia Phillies,Miami Marlins
2015,2015-07-17,415000,2015-07-17 23:05:00+00:00,R,N,1,147,136,New York Yankees,Seattle Mariners
2015,2015-07-17,415002,2015-07-17 23:07:00+00:00,R,N,1,141,139,Toronto Blue Jays,Tampa Bay Rays
2015,2015-07-17,414989,2015-07-17 23:08:00+00:00,R,N,1,116,110,Detroit Tigers,Baltimore Orioles
2015,2015-07-17,414992,2015-07-17 23:10:00+00:00,R,N,1,113,114,Cincinnati Reds,Cleveland Indians
2015,2015-07-17,414991,2015-07-17 23:35:00+00:00,R,N,1,144,112,Atlanta Braves,Chicago Cubs
2015,2015-07-17,415003,2015-07-18 00:10:00+00:00,R,N,1,117,140,Houston Astros,Texas Rangers
2015,2015-07-17,414999,2015-07-18 00:10:00+00:00,R,N,1,158,134,Milwaukee Brewers,Pittsburgh Pirates
2015,2015-07-17,414998,2015-07-18 00:15:00+00:00,R,N,1,138,121,St. Louis Cardinals,New York Mets
2015,2015-07-17,415001,2015-07-18 01:40:00+00:00,R,N,1,109,137,Arizona Diamondbacks,San Francisco Giants
2015,2015-07-17,414990,2015-07-18 02:05:00+00:00,R,N,1,108,111,Los Angeles Angels,Boston Red Sox
2015,2015-07-17,414997,2015-07-18 02:05:00+00:00,R,N,1,133,142,Oakland Athletics,Minnesota Twins
2015,2015-07-17,414993,2015-07-18 02:10:00+00:00,R,N,1,135,115,San Diego Padres,Colorado Rockies
2015,2015-07-18,415015,2015-07-18 17:05:00+00:00,R,N,1,147,136,New York Yankees,Seattle Mariners
2015,2015-07-18,415017,2015-07-18 17:07:00+00:00,R,N,1,141,139,Toronto Blue Jays,Tampa Bay Rays
2015,2015-07-17,414995,2015-07-18 18:05:00+00:00,R,N,1,120,119,Washington Nationals,Los Angeles Dodgers
2015,2015-07-18,415009,2015-07-18 18:10:00+00:00,R,N,1,145,118,Chicago White Sox,Kansas City Royals
2015,2015-07-18,415010,2015-07-18 20:05:00+00:00,R,N,1,120,119,Washington Nationals,Los Angeles Dodgers
2015,2015-07-18,415011,2015-07-18 23:05:00+00:00,R,N,1,143,146,Philadelphia Phillies,Miami Marlins
2015,2015-07-18,415004,2015-07-18 23:08:00+00:00,R,N,1,116,110,Detroit Tigers,Baltimore Orioles
2015,2015-07-18,415007,2015-07-18 23:10:00+00:00,R,N,1,113,114,Cincinnati Reds,Cleveland Indians
2015,2015-07-18,415018,2015-07-18 23:10:00+00:00,R,N,1,117,140,Houston Astros,Texas Rangers
2015,2015-07-18,415006,2015-07-18 23:10:00+00:00,R,N,1,144,112,Atlanta Braves,Chicago Cubs
2015,2015-07-18,415014,2015-07-18 23:10:00+00:00,R,N,1,158,134,Milwaukee Brewers,Pittsburgh Pirates
2015,2015-07-18,415013,2015-07-18 23:15:00+00:00,R,N,1,138,121,St. Louis Cardinals,New York Mets
2015,2015-07-18,415016,2015-07-19 00:10:00+00:00,R,N,1,109,137,Arizona Diamondbacks,San Francisco Giants
2015,2015-07-18,415008,2015-07-19 00:40:00+00:00,R,N,1,135,115,San Diego Padres,Colorado Rockies
2015,2015-07-18,415005,2015-07-19 01:05:00+00:00,R,N,1,108,111,Los Angeles Angels,Boston Red Sox
2015,2015-07-18,415012,2015-07-19 01:05:00+00:00,R,N,1,133,142,Oakland Athletics,Minnesota Twins
2015,2015-07-19,415030,2015-07-19 17:05:00+00:00,R,N,1,147,136,New York Yankees,Seattle Mariners
2015,2015-07-19,415032,2015-07-19 17:07:00+00:00,R,N,1,141,139,Toronto Blue Jays,Tampa Bay Rays
2015,2015-07-19,415019,2015-07-19 17:08:00+00:00,R,N,1,116,110,Detroit Tigers,Baltimore Orioles
2015,2015-07-19,415022,2015-07-19 17:10:00+00:00,R,N,1,113,114,Cincinnati Reds,Cleveland Indians
2015,2015-07-19,415025,2015-07-19 17:35:00+00:00,R,N,1,120,119,Washington Nationals,Los Angeles Dodgers
2015,2015-07-19,415026,2015-07-19 17:35:00+00:00,R,N,1,143,146,Philadelphia Phillies,Miami Marlins
2015,2015-07-19,415033,2015-07-19 18:10:00+00:00,R,N,1,117,140,Houston Astros,Texas Rangers
2015,2015-07-19,415024,2015-07-19 18:10:00+00:00,R,N,1,145,118,Chicago White Sox,Kansas City Royals
2015,2015-07-19,415029,2015-07-19 18:10:00+00:00,R,N,1,158,134,Milwaukee Brewers,Pittsburgh Pirates
2015,2015-07-19,415028,2015-07-19 18:15:00+00:00,R,N,1,138,121,St. Louis Cardinals,New York Mets
2015,2015-07-19,415027,2015-07-19 20:05:00+00:00,R,N,1,133,142,Oakland Athletics,Minnesota Twins
2015,2015-07-19,415031,2015-07-19 20:10:00+00:00,R,N,1,109,137,Arizona Diamondbacks,San Francisco Giants
2015,2015-07-19,415021,2015-07-19 21:05:00+00:00,R,N,1,144,112,Atlanta Braves,Chicago Cubs
2015,2015-09-10,415023,2015-07-19 20:10:00+00:00,R,N,1,135,115,San Diego Padres,Colorado Rockies
2015,2015-07-20,415020,2015-07-20 00:05:00+00:00,R,N,1,108,111,Los Angeles Angels,Boston Red Sox
2015,2015-07-20,415020,2015-07-20 21:05:00+00:00,R,S,1,108,111,Los Angeles Angels,Boston Red Sox
2015,2015-07-20,415034,2015-07-21 02:05:00+00:00,R,S,2,108,111,Los Angeles Angels,Boston Red Sox
2015,2015-07-20,415038,2015-07-20 23:05:00+00:00,R,N,1,120,121,Washington Nationals,New York Mets
2015,2015-07-20,415042,2015-07-20 23:05:00+00:00,R,N,1,143,139,Philadelphia Phillies,Tampa Bay Rays
2015,2015-07-20,415040,2015-07-20 23:08:00+00:00,R,N,1,116,136,Detroit Tigers,Seattle Mariners
2015,2015-07-20,415035,2015-07-20 23:10:00+00:00,R,N,1,113,112,Cincinnati Reds,Chicago Cubs
2015,2015-07-20,415036,2015-07-20 23:10:00+00:00,R,N,1,144,119,Atlanta Braves,Los Angeles Dodgers
2015,2015-07-20,415039,2015-07-21 00:10:00+00:00,R,N,1,118,134,Kansas City Royals,Pittsburgh Pirates
2015,2015-07-20,415043,2015-07-21 00:40:00+00:00,R,N,1,115,140,Colorado Rockies,Texas Rangers
2015,2015-07-20,415037,2015-07-21 01:40:00+00:00,R,N,1,109,146,Arizona Diamondbacks,Miami Marlins
2015,2015-07-20,415041,2015-07-21 02:10:00+00:00,R,N,1,135,137,San Diego Padres,San Francisco Giants
2015,2015-07-21,415051,2015-07-21 23:05:00+00:00,R,N,1,120,121,Washington Nationals,New York Mets
2015,2015-07-21,415056,2015-07-21 23:05:00+00:00,R,N,1,143,139,Philadelphia Phillies,Tampa Bay Rays
2015,2015-07-21,415044,2015-07-21 23:05:00+00:00,R,N,1,147,110,New York Yankees,Baltimore Orioles
2015,2015-07-21,415053,2015-07-21 23:08:00+00:00,R,N,1,116,136,Detroit Tigers,Seattle Mariners
2015,2015-07-21,415046,2015-07-21 23:10:00+00:00,R,N,1,113,112,Cincinnati Reds,Chicago Cubs
2015,2015-07-21,415048,2015-07-21 23:10:00+00:00,R,N,1,144,119,Atlanta Braves,Los Angeles Dodgers
2015,2015-07-21,415045,2015-07-22 00:10:00+00:00,R,N,1,117,111,Houston Astros,Boston Red Sox
2015,2015-07-21,415052,2015-07-22 00:10:00+00:00,R,N,1,118,134,Kansas City Royals,Pittsburgh Pirates
2015,2015-07-21,415055,2015-07-22 00:10:00+00:00,R,N,1,145,138,Chicago White Sox,St. Louis Cardinals
2015,2015-07-21,415047,2015-07-22 00:10:00+00:00,R,N,1,158,114,Milwaukee Brewers,Cleveland Indians
2015,2015-07-21,415057,2015-07-22 00:40:00+00:00,R,N,1,115,140,Colorado Rockies,Texas Rangers
2015,2015-07-21,415049,2015-07-22 01:40:00+00:00,R,N,1,109,146,Arizona Diamondbacks,Miami Marlins
2015,2015-07-21,415058,2015-07-22 02:05:00+00:00,R,N,1,133,141,Oakland Athletics,Toronto Blue Jays
2015,2015-07-21,415050,2015-07-22 02:05:00+00:00,R,N,1,108,142,Los Angeles Angels,Minnesota Twins
2015,2015-07-21,415054,2015-07-22 02:10:00+00:00,R,N,1,135,137,San Diego Padres,San Francisco Giants
2015,2015-07-22,415063,2015-07-22 16:10:00+00:00,R,N,1,144,119,Atlanta Braves,Los Angeles Dodgers
2015,2015-07-22,415061,2015-07-22 16:35:00+00:00,R,S,1,113,112,Cincinnati Reds,Chicago Cubs
2015,2015-07-22,413902,2015-07-22 22:10:00+00:00,R,S,2,113,112,Cincinnati Reds,Chicago Cubs
2015,2015-07-22,415066,2015-07-22 16:35:00+00:00,R,N,1,120,121,Washington Nationals,New York Mets
2015,2015-07-22,415071,2015-07-22 17:05:00+00:00,R,N,1,143,139,Philadelphia Phillies,Tampa Bay Rays
2015,2015-07-22,415062,2015-07-22 18:10:00+00:00,R,N,1,158,114,Milwaukee Brewers,Cleveland Indians
2015,2015-07-22,415072,2015-07-22 19:10:00+00:00,R,N,1,115,140,Colorado Rockies,Texas Rangers
2015,2015-07-22,415069,2015-07-22 19:40:00+00:00,R,N,1,135,137,San Diego Padres,San Francisco Giants
2015,2015-07-22,415059,2015-07-22 23:05:00+00:00,R,N,1,147,110,New York Yankees,Baltimore Orioles
2015,2015-07-22,415068,2015-07-22 23:08:00+00:00,R,N,1,116,136,Detroit Tigers,Seattle Mariners
2015,2015-07-22,415060,2015-07-23 00:10:00+00:00,R,N,1,117,111,Houston Astros,Boston Red Sox
2015,2015-07-22,415067,2015-07-23 00:10:00+00:00,R,N,1,118,134,Kansas City Royals,Pittsburgh Pirates
2015,2015-07-22,415070,2015-07-23 00:10:00+00:00,R,N,1,145,138,Chicago White Sox,St. Louis Cardinals
2015,2015-07-22,415064,2015-07-23 01:40:00+00:00,R,N,1,109,146,Arizona Diamondbacks,Miami Marlins
2015,2015-07-22,415073,2015-07-23 02:05:00+00:00,R,N,1,133,141,Oakland Athletics,Toronto Blue Jays
2015,2015-07-22,415065,2015-07-23 02:05:00+00:00,R,N,1,108,142,Los Angeles Angels,Minnesota Twins
2015,2015-07-23,415074,2015-07-23 17:05:00+00:00,R,N,1,147,110,New York Yankees,Baltimore Orioles
2015,2015-07-23,415081,2015-07-23 17:08:00+00:00,R,N,1,116,136,Detroit Tigers,Seattle Mariners
2015,2015-07-23,415082,2015-07-23 19:35:00+00:00,R,N,1,133,141,Oakland Athletics,Toronto Blue Jays
2015,2015-07-23,415080,2015-07-23 19:35:00+00:00,R,N,1,108,142,Los Angeles Angels,Minnesota Twins
2015,2015-07-23,415083,2015-07-23 23:05:00+00:00,R,N,1,134,120,Pittsburgh Pirates,Washington Nationals
2015,2015-07-23,415077,2015-07-23 23:10:00+00:00,R,N,1,121,119,New York Mets,Los Angeles Dodgers
2015,2015-07-23,415076,2015-07-23 23:10:00+00:00,R,N,1,114,145,Cleveland Indians,Chicago White Sox
2015,2015-07-23,414589,2015-07-23 23:15:00+00:00,R,N,1,138,118,St. Louis Cardinals,Kansas City Royals
2015,2015-07-23,415075,2015-07-24 00:10:00+00:00,R,N,1,117,111,Houston Astros,Boston Red Sox
2015,2015-07-23,415079,2015-07-24 01:40:00+00:00,R,N,1,109,158,Arizona Diamondbacks,Milwaukee Brewers
2015,2015-07-23,415078,2015-07-24 02:10:00+00:00,R,N,1,135,146,San Diego Padres,Miami Marlins
2015,2015-07-24,415095,2015-07-24 20:05:00+00:00,R,N,1,112,143,Chicago Cubs,Philadelphia Phillies
2015,2015-07-24,415098,2015-07-24 23:05:00+00:00,R,N,1,134,120,Pittsburgh Pirates,Washington Nationals
2015,2015-07-24,415088,2015-07-24 23:10:00+00:00,R,N,1,111,116,Boston Red Sox,Detroit Tigers
2015,2015-07-24,415090,2015-07-24 23:10:00+00:00,R,N,1,121,119,New York Mets,Los Angeles Dodgers
2015,2015-07-24,415085,2015-07-24 23:10:00+00:00,R,N,1,139,110,Tampa Bay Rays,Baltimore Orioles
2015,2015-07-24,415086,2015-07-24 23:10:00+00:00,R,N,1,114,145,Cleveland Indians,Chicago White Sox
2015,2015-07-24,415089,2015-07-25 00:10:00+00:00,R,N,1,118,117,Kansas City Royals,Houston Astros
2015,2015-07-24,415093,2015-07-25 00:10:00+00:00,R,N,1,142,147,Minnesota Twins,New York Yankees
2015,2015-07-24,415084,2015-07-25 00:15:00+00:00,R,N,1,138,144,St. Louis Cardinals,Atlanta Braves
2015,2015-07-24,415087,2015-07-25 00:40:00+00:00,R,N,1,115,113,Colorado Rockies,Cincinnati Reds
2015,2015-07-24,415092,2015-07-25 01:40:00+00:00,R,N,1,109,158,Arizona Diamondbacks,Milwaukee Brewers
2015,2015-07-24,415096,2015-07-25 02:05:00+00:00,R,N,1,108,140,Los Angeles Angels,Texas Rangers
2015,2015-07-24,415097,2015-07-25 02:10:00+00:00,R,N,1,136,141,Seattle Mariners,Toronto Blue Jays
2015,2015-07-24,415091,2015-07-25 02:10:00+00:00,R,N,1,135,146,San Diego Padres,Miami Marlins
2015,2015-07-24,415094,2015-07-25 02:15:00+00:00,R,N,1,137,133,San Francisco Giants,Oakland Athletics
2015,2015-07-25,415103,2015-07-25 20:05:00+00:00,R,N,1,111,116,Boston Red Sox,Detroit Tigers
2015,2015-07-25,415109,2015-07-25 20:05:00+00:00,R,N,1,137,133,San Francisco Giants,Oakland Athletics
2015,2015-07-25,415110,2015-07-25 20:05:00+00:00,R,N,1,112,143,Chicago Cubs,Philadelphia Phillies
2015,2015-07-25,415112,2015-07-25 20:10:00+00:00,R,N,1,136,141,Seattle Mariners,Toronto Blue Jays
2015,2015-07-25,415100,2015-07-25 22:10:00+00:00,R,N,1,139,110,Tampa Bay Rays,Baltimore Orioles
2015,2015-07-25,415113,2015-07-25 23:05:00+00:00,R,N,1,134,120,Pittsburgh Pirates,Washington Nationals
2015,2015-07-25,415104,2015-07-25 23:10:00+00:00,R,N,1,118,117,Kansas City Royals,Houston Astros
2015,2015-07-25,415105,2015-07-25 23:10:00+00:00,R,N,1,121,119,New York Mets,Los Angeles Dodgers
2015,2015-07-25,415101,2015-07-25 23:10:00+00:00,R,N,1,114,145,Cleveland Indians,Chicago White Sox
2015,2015-07-25,415108,2015-07-25 23:10:00+00:00,R,N,1,142,147,Minnesota Twins,New York Yankees
2015,2015-07-25,415099,2015-07-25 23:15:00+00:00,R,N,1,138,144,St. Louis Cardinals,Atlanta Braves
2015,2015-07-25,415102,2015-07-26 00:10:00+00:00,R,N,1,115,113,Colorado Rockies,Cincinnati Reds
2015,2015-07-25,415107,2015-07-26 00:10:00+00:00,R,N,1,109,158,Arizona Diamondbacks,Milwaukee Brewers
2015,2015-07-25,415106,2015-07-26 00:40:00+00:00,R,N,1,135,146,San Diego Padres,Miami Marlins
2015,2015-07-25,415111,2015-07-26 01:05:00+00:00,R,N,1,108,140,Los Angeles Angels,Texas Rangers
2015,2015-07-26,415120,2015-07-26 17:10:00+00:00,R,N,1,121,119,New York Mets,Los Angeles Dodgers
2015,2015-07-26,415115,2015-07-26 17:10:00+00:00,R,N,1,139,110,Tampa Bay Rays,Baltimore Orioles
2015,2015-07-26,415116,2015-07-26 17:10:00+00:00,R,N,1,114,145,Cleveland Indians,Chicago White Sox
2015,2015-07-26,415128,2015-07-26 17:35:00+00:00,R,N,1,134,120,Pittsburgh Pirates,Washington Nationals
2015,2015-07-26,415119,2015-07-26 18:10:00+00:00,R,N,1,118,117,Kansas City Royals,Houston Astros
2015,2015-07-26,415123,2015-07-26 18:10:00+00:00,R,N,1,142,147,Minnesota Twins,New York Yankees
2015,2015-07-26,415114,2015-07-26 18:15:00+00:00,R,N,1,138,144,St. Louis Cardinals,Atlanta Braves
2015,2015-07-26,415125,2015-07-26 18:20:00+00:00,R,N,1,112,143,Chicago Cubs,Philadelphia Phillies
2015,2015-07-26,415126,2015-07-26 19:35:00+00:00,R,N,1,108,140,Los Angeles Angels,Texas Rangers
2015,2015-07-26,415124,2015-07-26 20:05:00+00:00,R,N,1,137,133,San Francisco Giants,Oakland Athletics
2015,2015-07-26,415117,2015-07-26 20:10:00+00:00,R,N,1,115,113,Colorado Rockies,Cincinnati Reds
2015,2015-07-26,415127,2015-07-26 20:10:00+00:00,R,N,1,136,141,Seattle Mariners,Toronto Blue Jays
2015,2015-07-26,415121,2015-07-26 20:10:00+00:00,R,N,1,135,146,San Diego Padres,Miami Marlins
2015,2015-07-26,415122,2015-07-26 20:10:00+00:00,R,N,1,109,158,Arizona Diamondbacks,Milwaukee Brewers
2015,2015-07-26,415118,2015-07-27 00:08:00+00:00,R,N,1,111,116,Boston Red Sox,Detroit Tigers
2015,2015-07-27,415130,2015-07-27 23:05:00+00:00,R,N,1,110,144,Baltimore Orioles,Atlanta Braves
2015,2015-07-27,415135,2015-07-27 23:10:00+00:00,R,N,1,114,118,Cleveland Indians,Kansas City Royals
2015,2015-07-27,415134,2015-07-27 23:10:00+00:00,R,N,1,139,116,Tampa Bay Rays,Detroit Tigers
2015,2015-07-27,415131,2015-07-27 23:10:00+00:00,R,N,1,111,145,Boston Red Sox,Chicago White Sox
2015,2015-07-27,415133,2015-07-28 00:05:00+00:00,R,N,1,112,115,Chicago Cubs,Colorado Rockies
2015,2015-07-27,415137,2015-07-28 00:05:00+00:00,R,N,1,140,147,Texas Rangers,New York Yankees
2015,2015-07-27,415132,2015-07-28 00:15:00+00:00,R,N,1,138,113,St. Louis Cardinals,Cincinnati Reds
2015,2015-07-27,415129,2015-07-28 02:10:00+00:00,R,N,1,136,109,Seattle Mariners,Arizona Diamondbacks
2015,2015-07-27,415136,2015-07-28 02:15:00+00:00,R,N,1,137,158,San Francisco Giants,Milwaukee Brewers
2015,2015-07-28,415140,2015-07-28 23:05:00+00:00,R,N,1,110,144,Baltimore Orioles,Atlanta Braves
2015,2015-07-28,415149,2015-07-28 23:07:00+00:00,R,N,1,141,143,Toronto Blue Jays,Philadelphia Phillies
2015,2015-07-28,415145,2015-07-28 23:10:00+00:00,R,N,1,114,118,Cleveland Indians,Kansas City Royals
2015,2015-07-28,415151,2015-07-28 23:10:00+00:00,R,N,1,121,135,New York Mets,San Diego Padres
2015,2015-07-28,415144,2015-07-28 23:10:00+00:00,R,N,1,139,116,Tampa Bay Rays,Detroit Tigers
2015,2015-07-28,415141,2015-07-28 23:10:00+00:00,R,N,1,111,145,Boston Red Sox,Chicago White Sox
2015,2015-07-28,415152,2015-07-28 23:10:00+00:00,R,N,1,146,120,Miami Marlins,Washington Nationals
2015,2015-07-28,415143,2015-07-29 00:05:00+00:00,R,N,1,112,115,Chicago Cubs,Colorado Rockies
2015,2015-07-28,415147,2015-07-29 00:05:00+00:00,R,N,1,140,147,Texas Rangers,New York Yankees
2015,2015-07-28,415138,2015-07-29 00:10:00+00:00,R,N,1,117,108,Houston Astros,Los Angeles Angels
2015,2015-07-28,415150,2015-07-29 00:10:00+00:00,R,N,1,142,134,Minnesota Twins,Pittsburgh Pirates
2015,2015-07-28,415142,2015-07-29 00:15:00+00:00,R,N,1,138,113,St. Louis Cardinals,Cincinnati Reds
2015,2015-07-28,415148,2015-07-29 02:10:00+00:00,R,N,1,119,133,Los Angeles Dodgers,Oakland Athletics
2015,2015-07-28,415139,2015-07-29 02:10:00+00:00,R,N,1,136,109,Seattle Mariners,Arizona Diamondbacks
2015,2015-07-28,415146,2015-07-29 02:15:00+00:00,R,N,1,137,158,San Francisco Giants,Milwaukee Brewers
2015,2015-07-29,415160,2015-07-29 16:10:00+00:00,R,N,1,114,118,Cleveland Indians,Kansas City Royals
2015,2015-07-29,415159,2015-07-29 16:10:00+00:00,R,N,1,139,116,Tampa Bay Rays,Detroit Tigers
2015,2015-07-29,415165,2015-07-29 17:10:00+00:00,R,N,1,142,134,Minnesota Twins,Pittsburgh Pirates
2015,2015-07-29,415158,2015-07-29 18:20:00+00:00,R,N,1,112,115,Chicago Cubs,Colorado Rockies
2015,2015-07-29,415154,2015-07-29 19:40:00+00:00,R,N,1,136,109,Seattle Mariners,Arizona Diamondbacks
2015,2015-07-29,415161,2015-07-29 19:45:00+00:00,R,N,1,137,158,San Francisco Giants,Milwaukee Brewers
2015,2015-07-29,415155,2015-07-29 23:05:00+00:00,R,N,1,110,144,Baltimore Orioles,Atlanta Braves
2015,2015-07-29,415164,2015-07-29 23:07:00+00:00,R,N,1,141,143,Toronto Blue Jays,Philadelphia Phillies
2015,2015-07-29,415166,2015-07-29 23:10:00+00:00,R,N,1,121,135,New York Mets,San Diego Padres
2015,2015-07-29,415156,2015-07-29 23:10:00+00:00,R,N,1,111,145,Boston Red Sox,Chicago White Sox
2015,2015-07-29,415167,2015-07-29 23:10:00+00:00,R,N,1,146,120,Miami Marlins,Washington Nationals
2015,2015-07-29,415162,2015-07-30 00:05:00+00:00,R,N,1,140,147,Texas Rangers,New York Yankees
2015,2015-07-29,415153,2015-07-30 00:10:00+00:00,R,N,1,117,108,Houston Astros,Los Angeles Angels
2015,2015-07-29,415157,2015-07-30 00:15:00+00:00,R,N,1,138,113,St. Louis Cardinals,Cincinnati Reds
2015,2015-07-29,415163,2015-07-30 02:10:00+00:00,R,N,1,119,133,Los Angeles Dodgers,Oakland Athletics
2015,2015-07-30,415178,2015-07-30 16:10:00+00:00,R,N,1,121,135,New York Mets,San Diego Padres
2015,2015-07-30,415180,2015-07-30 16:10:00+00:00,R,N,1,146,120,Miami Marlins,Washington Nationals
2015,2015-07-30,415174,2015-07-30 23:05:00+00:00,R,N,1,110,116,Baltimore Orioles,Detroit Tigers
2015,2015-07-30,415169,2015-07-30 23:05:00+00:00,R,N,1,143,144,Philadelphia Phillies,Atlanta Braves
2015,2015-07-30,415175,2015-07-30 23:07:00+00:00,R,N,1,141,118,Toronto Blue Jays,Kansas City Royals
2015,2015-07-30,415177,2015-07-30 23:10:00+00:00,R,N,1,113,134,Cincinnati Reds,Pittsburgh Pirates
2015,2015-07-30,415170,2015-07-30 23:10:00+00:00,R,N,1,111,145,Boston Red Sox,Chicago White Sox
2015,2015-07-30,415173,2015-07-30 23:15:00+00:00,R,N,1,138,115,St. Louis Cardinals,Colorado Rockies
2015,2015-07-30,415176,2015-07-31 00:05:00+00:00,R,N,1,140,147,Texas Rangers,New York Yankees
2015,2015-07-30,415168,2015-07-31 00:10:00+00:00,R,N,1,117,108,Houston Astros,Los Angeles Angels
2015,2015-07-30,415179,2015-07-31 00:10:00+00:00,R,N,1,142,136,Minnesota Twins,Seattle Mariners
2015,2015-07-30,415171,2015-07-31 00:10:00+00:00,R,N,1,158,112,Milwaukee Brewers,Chicago Cubs
2015,2015-07-30,415172,2015-07-31 02:05:00+00:00,R,N,1,133,114,Oakland Athletics,Cleveland Indians
2015,2015-07-31,415187,2015-07-31 23:05:00+00:00,R,N,1,110,116,Baltimore Orioles,Detroit Tigers
2015,2015-07-31,415183,2015-07-31 23:05:00+00:00,R,N,1,143,144,Philadelphia Phillies,Atlanta Braves
2015,2015-07-31,415188,2015-07-31 23:07:00+00:00,R,N,1,141,118,Toronto Blue Jays,Kansas City Royals
2015,2015-07-31,415195,2015-07-31 23:10:00+00:00,R,N,1,121,120,New York Mets,Washington Nationals
2015,2015-07-31,415190,2015-07-31 23:10:00+00:00,R,N,1,113,134,Cincinnati Reds,Pittsburgh Pirates
2015,2015-07-31,415194,2015-07-31 23:10:00+00:00,R,N,1,111,139,Boston Red Sox,Tampa Bay Rays
2015,2015-07-31,415191,2015-07-31 23:10:00+00:00,R,N,1,146,135,Miami Marlins,San Diego Padres
2015,2015-07-31,415193,2015-08-01 00:05:00+00:00,R,N,1,140,137,Texas Rangers,San Francisco Giants
2015,2015-07-31,415182,2015-08-01 00:10:00+00:00,R,N,1,117,109,Houston Astros,Arizona Diamondbacks
2015,2015-07-31,415192,2015-08-01 00:10:00+00:00,R,N,1,142,136,Minnesota Twins,Seattle Mariners
2015,2015-07-31,415189,2015-08-01 00:10:00+00:00,R,N,1,145,147,Chicago White Sox,New York Yankees
2015,2015-07-31,415184,2015-08-01 00:10:00+00:00,R,N,1,158,112,Milwaukee Brewers,Chicago Cubs
2015,2015-07-31,415186,2015-08-01 00:15:00+00:00,R,N,1,138,115,St. Louis Cardinals,Colorado Rockies
2015,2015-07-31,415185,2015-08-01 01:35:00+00:00,R,N,1,133,114,Oakland Athletics,Cleveland Indians
2015,2015-07-31,415181,2015-08-01 02:10:00+00:00,R,N,1,119,108,Los Angeles Dodgers,Los Angeles Angels
2015,2015-08-01,415203,2015-08-01 17:07:00+00:00,R,N,1,141,118,Toronto Blue Jays,Kansas City Royals
2015,2015-08-01,415209,2015-08-01 17:35:00+00:00,R,N,1,111,139,Boston Red Sox,Tampa Bay Rays
2015,2015-08-01,415196,2015-08-01 20:05:00+00:00,R,N,1,119,108,Los Angeles Dodgers,Los Angeles Angels
2015,2015-08-01,415202,2015-08-01 23:05:00+00:00,R,N,1,110,116,Baltimore Orioles,Detroit Tigers
2015,2015-08-01,415198,2015-08-01 23:05:00+00:00,R,N,1,143,144,Philadelphia Phillies,Atlanta Braves
2015,2015-08-01,415197,2015-08-01 23:10:00+00:00,R,N,1,117,109,Houston Astros,Arizona Diamondbacks
2015,2015-08-01,415210,2015-08-01 23:10:00+00:00,R,N,1,121,120,New York Mets,Washington Nationals
2015,2015-08-01,415205,2015-08-01 23:10:00+00:00,R,N,1,113,134,Cincinnati Reds,Pittsburgh Pirates
2015,2015-08-01,415207,2015-08-01 23:10:00+00:00,R,N,1,142,136,Minnesota Twins,Seattle Mariners
2015,2015-08-01,415206,2015-08-01 23:10:00+00:00,R,N,1,146,135,Miami Marlins,San Diego Padres
2015,2015-08-01,415204,2015-08-01 23:10:00+00:00,R,N,1,145,147,Chicago White Sox,New York Yankees
2015,2015-08-01,415199,2015-08-01 23:10:00+00:00,R,N,1,158,112,Milwaukee Brewers,Chicago Cubs
2015,2015-08-01,415201,2015-08-01 23:15:00+00:00,R,N,1,138,115,St. Louis Cardinals,Colorado Rockies
2015,2015-08-01,415208,2015-08-02 00:05:00+00:00,R,N,1,140,137,Texas Rangers,San Francisco Giants
2015,2015-08-01,415200,2015-08-02 01:05:00+00:00,R,N,1,133,114,Oakland Athletics,Cleveland Indians
2015,2015-08-02,415218,2015-08-02 17:07:00+00:00,R,N,1,141,118,Toronto Blue Jays,Kansas City Royals
2015,2015-08-02,415220,2015-08-02 17:10:00+00:00,R,N,1,113,134,Cincinnati Reds,Pittsburgh Pirates
2015,2015-08-02,415221,2015-08-02 17:10:00+00:00,R,N,1,146,135,Miami Marlins,San Diego Padres
2015,2015-08-02,415217,2015-08-02 17:35:00+00:00,R,N,1,110,116,Baltimore Orioles,Detroit Tigers
2015,2015-08-02,415224,2015-08-02 17:35:00+00:00,R,N,1,111,139,Boston Red Sox,Tampa Bay Rays
2015,2015-08-02,415213,2015-08-02 17:35:00+00:00,R,N,1,143,144,Philadelphia Phillies,Atlanta Braves
2015,2015-08-02,415212,2015-08-02 18:10:00+00:00,R,N,1,117,109,Houston Astros,Arizona Diamondbacks
2015,2015-08-02,415222,2015-08-02 18:10:00+00:00,R,N,1,142,136,Minnesota Twins,Seattle Mariners
2015,2015-08-02,415219,2015-08-02 18:10:00+00:00,R,N,1,145,147,Chicago White Sox,New York Yankees
2015,2015-08-02,415214,2015-08-02 18:10:00+00:00,R,N,1,158,112,Milwaukee Brewers,Chicago Cubs
2015,2015-08-02,415216,2015-08-02 18:15:00+00:00,R,N,1,138,115,St. Louis Cardinals,Colorado Rockies
2015,2015-08-02,415223,2015-08-02 19:05:00+00:00,R,N,1,140,137,Texas Rangers,San Francisco Giants
2015,2015-08-02,415215,2015-08-02 20:05:00+00:00,R,N,1,133,114,Oakland Athletics,Cleveland Indians
2015,2015-08-02,415211,2015-08-02 20:10:00+00:00,R,N,1,119,108,Los Angeles Dodgers,Los Angeles Angels
2015,2015-08-02,415225,2015-08-03 00:08:00+00:00,R,N,1,121,120,New York Mets,Washington Nationals
2015,2015-08-03,415231,2015-08-03 17:07:00+00:00,R,N,1,141,142,Toronto Blue Jays,Minnesota Twins
2015,2015-08-03,415226,2015-08-03 23:05:00+00:00,R,N,1,120,109,Washington Nationals,Arizona Diamondbacks
2015,2015-08-03,415235,2015-08-03 23:10:00+00:00,R,N,1,144,137,Atlanta Braves,San Francisco Giants
2015,2015-08-03,415232,2015-08-03 23:10:00+00:00,R,N,1,146,121,Miami Marlins,New York Mets
2015,2015-08-03,415230,2015-08-04 00:05:00+00:00,R,N,1,140,117,Texas Rangers,Houston Astros
2015,2015-08-03,415236,2015-08-04 00:10:00+00:00,R,N,1,145,139,Chicago White Sox,Tampa Bay Rays
2015,2015-08-03,415233,2015-08-04 00:10:00+00:00,R,N,1,158,135,Milwaukee Brewers,San Diego Padres
2015,2015-08-03,415234,2015-08-04 00:40:00+00:00,R,N,1,115,136,Colorado Rockies,Seattle Mariners
2015,2015-08-03,415229,2015-08-04 02:05:00+00:00,R,N,1,108,114,Los Angeles Angels,Cleveland Indians
2015,2015-08-03,415227,2015-08-04 02:05:00+00:00,R,N,1,133,110,Oakland Athletics,Baltimore Orioles
2015,2015-09-15,415228,2015-08-03 23:05:00+00:00,R,N,1,134,112,Pittsburgh Pirates,Chicago Cubs
2015,2015-08-04,415237,2015-08-04 23:05:00+00:00,R,N,1,120,109,Washington Nationals,Arizona Diamondbacks
2015,2015-08-04,415240,2015-08-04 23:05:00+00:00,R,N,1,134,112,Pittsburgh Pirates,Chicago Cubs
2015,2015-08-04,415244,2015-08-04 23:05:00+00:00,R,N,1,143,119,Philadelphia Phillies,Los Angeles Dodgers
2015,2015-08-04,415239,2015-08-04 23:05:00+00:00,R,N,1,147,111,New York Yankees,Boston Red Sox
2015,2015-08-04,415245,2015-08-04 23:07:00+00:00,R,N,1,141,142,Toronto Blue Jays,Minnesota Twins
2015,2015-08-04,415243,2015-08-04 23:08:00+00:00,R,N,1,116,118,Detroit Tigers,Kansas City Royals
2015,2015-08-04,415250,2015-08-04 23:10:00+00:00,R,N,1,113,138,Cincinnati Reds,St. Louis Cardinals
2015,2015-08-04,415249,2015-08-04 23:10:00+00:00,R,N,1,144,137,Atlanta Braves,San Francisco Giants
2015,2015-08-04,415246,2015-08-04 23:10:00+00:00,R,N,1,146,121,Miami Marlins,New York Mets
2015,2015-08-04,415242,2015-08-05 00:05:00+00:00,R,N,1,140,117,Texas Rangers,Houston Astros
2015,2015-08-04,415251,2015-08-05 00:10:00+00:00,R,N,1,145,139,Chicago White Sox,Tampa Bay Rays
2015,2015-08-04,415247,2015-08-05 00:10:00+00:00,R,N,1,158,135,Milwaukee Brewers,San Diego Padres
2015,2015-08-04,415248,2015-08-05 00:40:00+00:00,R,N,1,115,136,Colorado Rockies,Seattle Mariners
2015,2015-08-04,415241,2015-08-05 02:05:00+00:00,R,N,1,108,114,Los Angeles Angels,Cleveland Indians
2015,2015-08-04,415238,2015-08-05 02:05:00+00:00,R,N,1,133,110,Oakland Athletics,Baltimore Orioles
2015,2015-08-05,415266,2015-08-05 18:10:00+00:00,R,N,1,145,139,Chicago White Sox,Tampa Bay Rays
2015,2015-08-05,415263,2015-08-05 19:10:00+00:00,R,N,1,115,136,Colorado Rockies,Seattle Mariners
2015,2015-08-05,415256,2015-08-05 19:35:00+00:00,R,N,1,108,114,Los Angeles Angels,Cleveland Indians
2015,2015-08-05,415253,2015-08-05 19:35:00+00:00,R,N,1,133,110,Oakland Athletics,Baltimore Orioles
2015,2015-08-05,415252,2015-08-05 23:05:00+00:00,R,N,1,120,109,Washington Nationals,Arizona Diamondbacks
2015,2015-08-05,415255,2015-08-05 23:05:00+00:00,R,N,1,134,112,Pittsburgh Pirates,Chicago Cubs
2015,2015-08-05,415259,2015-08-05 23:05:00+00:00,R,N,1,143,119,Philadelphia Phillies,Los Angeles Dodgers
2015,2015-08-05,415254,2015-08-05 23:05:00+00:00,R,N,1,147,111,New York Yankees,Boston Red Sox
2015,2015-08-05,415260,2015-08-05 23:07:00+00:00,R,N,1,141,142,Toronto Blue Jays,Minnesota Twins
2015,2015-08-05,415258,2015-08-05 23:08:00+00:00,R,N,1,116,118,Detroit Tigers,Kansas City Royals
2015,2015-08-05,415265,2015-08-05 23:10:00+00:00,R,N,1,113,138,Cincinnati Reds,St. Louis Cardinals
2015,2015-08-05,415264,2015-08-05 23:10:00+00:00,R,N,1,144,137,Atlanta Braves,San Francisco Giants
2015,2015-08-05,415261,2015-08-05 23:10:00+00:00,R,N,1,146,121,Miami Marlins,New York Mets
2015,2015-08-05,415257,2015-08-06 00:05:00+00:00,R,N,1,140,117,Texas Rangers,Houston Astros
2015,2015-08-05,415262,2015-08-06 00:10:00+00:00,R,N,1,158,135,Milwaukee Brewers,San Diego Padres
2015,2015-08-06,415276,2015-08-06 16:35:00+00:00,R,N,1,113,138,Cincinnati Reds,St. Louis Cardinals
2015,2015-08-06,415271,2015-08-06 17:05:00+00:00,R,N,1,143,119,Philadelphia Phillies,Los Angeles Dodgers
2015,2015-08-06,415270,2015-08-06 17:08:00+00:00,R,N,1,116,118,Detroit Tigers,Kansas City Royals
2015,2015-08-06,415274,2015-08-06 18:10:00+00:00,R,N,1,158,135,Milwaukee Brewers,San Diego Padres
2015,2015-08-06,415267,2015-08-06 20:05:00+00:00,R,N,1,120,109,Washington Nationals,Arizona Diamondbacks
2015,2015-08-06,415268,2015-08-06 23:05:00+00:00,R,N,1,147,111,New York Yankees,Boston Red Sox
2015,2015-08-06,415273,2015-08-06 23:07:00+00:00,R,N,1,141,142,Toronto Blue Jays,Minnesota Twins
2015,2015-08-06,415272,2015-08-06 23:10:00+00:00,R,N,1,144,146,Atlanta Braves,Miami Marlins
2015,2015-08-06,415275,2015-08-07 00:05:00+00:00,R,N,1,112,137,Chicago Cubs,San Francisco Giants
2015,2015-08-06,415269,2015-08-07 02:05:00+00:00,R,N,1,133,117,Oakland Athletics,Houston Astros
2015,2015-08-07,415288,2015-08-07 20:05:00+00:00,R,N,1,112,137,Chicago Cubs,San Francisco Giants
2015,2015-08-07,415281,2015-08-07 23:05:00+00:00,R,N,1,120,115,Washington Nationals,Colorado Rockies
2015,2015-08-07,415283,2015-08-07 23:05:00+00:00,R,N,1,134,119,Pittsburgh Pirates,Los Angeles Dodgers
2015,2015-08-07,415291,2015-08-07 23:05:00+00:00,R,N,1,147,141,New York Yankees,Toronto Blue Jays
2015,2015-08-07,415278,2015-08-07 23:08:00+00:00,R,N,1,116,111,Detroit Tigers,Boston Red Sox
2015,2015-08-07,415286,2015-08-07 23:10:00+00:00,R,N,1,139,121,Tampa Bay Rays,New York Mets
2015,2015-08-07,415285,2015-08-07 23:10:00+00:00,R,N,1,114,142,Cleveland Indians,Minnesota Twins
2015,2015-08-07,415284,2015-08-07 23:35:00+00:00,R,N,1,144,146,Atlanta Braves,Miami Marlins
2015,2015-08-07,415279,2015-08-08 00:10:00+00:00,R,N,1,118,145,Kansas City Royals,Chicago White Sox
2015,2015-08-07,415289,2015-08-08 00:10:00+00:00,R,N,1,158,138,Milwaukee Brewers,St. Louis Cardinals
2015,2015-08-07,415280,2015-08-08 01:40:00+00:00,R,N,1,109,113,Arizona Diamondbacks,Cincinnati Reds
2015,2015-08-07,415277,2015-08-08 02:05:00+00:00,R,N,1,108,110,Los Angeles Angels,Baltimore Orioles
2015,2015-08-07,415282,2015-08-08 02:05:00+00:00,R,N,1,133,117,Oakland Athletics,Houston Astros
2015,2015-08-07,415290,2015-08-08 02:10:00+00:00,R,N,1,136,140,Seattle Mariners,Texas Rangers
2015,2015-08-07,415287,2015-08-08 02:10:00+00:00,R,N,1,135,143,San Diego Padres,Philadelphia Phillies
2015,2015-08-08,415306,2015-08-08 17:05:00+00:00,R,N,1,147,141,New York Yankees,Toronto Blue Jays
2015,2015-08-08,415297,2015-08-08 20:05:00+00:00,R,N,1,133,117,Oakland Athletics,Houston Astros
2015,2015-08-08,415298,2015-08-08 20:05:00+00:00,R,N,1,134,119,Pittsburgh Pirates,Los Angeles Dodgers
2015,2015-08-08,415303,2015-08-08 20:05:00+00:00,R,N,1,112,137,Chicago Cubs,San Francisco Giants
2015,2015-08-08,415305,2015-08-08 20:10:00+00:00,R,N,1,136,140,Seattle Mariners,Texas Rangers
2015,2015-08-08,415301,2015-08-08 22:10:00+00:00,R,N,1,139,121,Tampa Bay Rays,New York Mets
2015,2015-08-08,415296,2015-08-08 23:05:00+00:00,R,N,1,120,115,Washington Nationals,Colorado Rockies
2015,2015-08-08,415293,2015-08-08 23:08:00+00:00,R,N,1,116,111,Detroit Tigers,Boston Red Sox
2015,2015-08-08,415300,2015-08-08 23:10:00+00:00,R,N,1,114,142,Cleveland Indians,Minnesota Twins
2015,2015-08-08,415294,2015-08-08 23:10:00+00:00,R,N,1,118,145,Kansas City Royals,Chicago White Sox
2015,2015-08-08,415299,2015-08-08 23:10:00+00:00,R,N,1,144,146,Atlanta Braves,Miami Marlins
2015,2015-08-08,415304,2015-08-08 23:10:00+00:00,R,N,1,158,138,Milwaukee Brewers,St. Louis Cardinals
2015,2015-08-08,415295,2015-08-09 00:10:00+00:00,R,N,1,109,113,Arizona Diamondbacks,Cincinnati Reds
2015,2015-08-08,415302,2015-08-09 00:40:00+00:00,R,N,1,135,143,San Diego Padres,Philadelphia Phillies
2015,2015-08-08,415292,2015-08-09 01:05:00+00:00,R,N,1,108,110,Los Angeles Angels,Baltimore Orioles
2015,2015-08-09,415321,2015-08-09 17:05:00+00:00,R,N,1,147,141,New York Yankees,Toronto Blue Jays
2015,2015-08-09,415308,2015-08-09 17:08:00+00:00,R,N,1,116,111,Detroit Tigers,Boston Red Sox
2015,2015-08-09,415316,2015-08-09 17:10:00+00:00,R,N,1,139,121,Tampa Bay Rays,New York Mets
2015,2015-08-09,415315,2015-08-09 17:10:00+00:00,R,N,1,114,142,Cleveland Indians,Minnesota Twins
2015,2015-08-09,415311,2015-08-09 17:35:00+00:00,R,N,1,120,115,Washington Nationals,Colorado Rockies
2015,2015-08-09,415309,2015-08-09 18:10:00+00:00,R,N,1,118,145,Kansas City Royals,Chicago White Sox
2015,2015-08-09,415319,2015-08-09 18:10:00+00:00,R,N,1,158,138,Milwaukee Brewers,St. Louis Cardinals
2015,2015-08-09,415318,2015-08-09 18:20:00+00:00,R,N,1,112,137,Chicago Cubs,San Francisco Giants
2015,2015-08-09,415307,2015-08-09 19:37:00+00:00,R,N,1,108,110,Los Angeles Angels,Baltimore Orioles
2015,2015-08-09,415312,2015-08-09 20:05:00+00:00,R,N,1,133,117,Oakland Athletics,Houston Astros
2015,2015-08-09,415310,2015-08-09 20:10:00+00:00,R,N,1,109,113,Arizona Diamondbacks,Cincinnati Reds
2015,2015-08-09,415320,2015-08-09 20:10:00+00:00,R,N,1,136,140,Seattle Mariners,Texas Rangers
2015,2015-08-09,415317,2015-08-09 20:10:00+00:00,R,N,1,135,143,San Diego Padres,Philadelphia Phillies
2015,2015-08-09,415314,2015-08-09 21:05:00+00:00,R,N,1,144,146,Atlanta Braves,Miami Marlins
2015,2015-08-09,415313,2015-08-10 00:08:00+00:00,R,N,1,134,119,Pittsburgh Pirates,Los Angeles Dodgers
2015,2015-08-10,415325,2015-08-10 23:10:00+00:00,R,N,1,121,115,New York Mets,Colorado Rockies
2015,2015-08-10,415326,2015-08-11 00:10:00+00:00,R,N,1,118,116,Kansas City Royals,Detroit Tigers
2015,2015-08-10,415322,2015-08-11 00:10:00+00:00,R,N,1,145,108,Chicago White Sox,Los Angeles Angels
2015,2015-08-10,415327,2015-08-11 01:40:00+00:00,R,N,1,109,143,Arizona Diamondbacks,Philadelphia Phillies
2015,2015-08-10,415328,2015-08-11 02:10:00+00:00,R,N,1,119,120,Los Angeles Dodgers,Washington Nationals
2015,2015-08-10,415324,2015-08-11 02:10:00+00:00,R,N,1,135,113,San Diego Padres,Cincinnati Reds
2015,2015-08-10,415323,2015-08-11 02:10:00+00:00,R,N,1,136,110,Seattle Mariners,Baltimore Orioles
2015,2015-08-11,415339,2015-08-11 23:07:00+00:00,R,N,1,141,133,Toronto Blue Jays,Oakland Athletics
2015,2015-08-11,415334,2015-08-11 23:10:00+00:00,R,N,1,121,115,New York Mets,Colorado Rockies
2015,2015-08-11,415330,2015-08-11 23:10:00+00:00,R,N,1,139,144,Tampa Bay Rays,Atlanta Braves
2015,2015-08-11,415332,2015-08-11 23:10:00+00:00,R,N,1,146,111,Miami Marlins,Boston Red Sox
2015,2015-08-11,415338,2015-08-11 23:10:00+00:00,R,N,1,114,147,Cleveland Indians,New York Yankees
2015,2015-08-11,415337,2015-08-12 00:05:00+00:00,R,N,1,112,158,Chicago Cubs,Milwaukee Brewers
2015,2015-08-11,415335,2015-08-12 00:10:00+00:00,R,N,1,118,116,Kansas City Royals,Detroit Tigers
2015,2015-08-11,415342,2015-08-12 00:10:00+00:00,R,N,1,142,140,Minnesota Twins,Texas Rangers
2015,2015-08-11,415329,2015-08-12 00:10:00+00:00,R,N,1,145,108,Chicago White Sox,Los Angeles Angels
2015,2015-08-11,415341,2015-08-12 00:15:00+00:00,R,N,1,138,134,St. Louis Cardinals,Pittsburgh Pirates
2015,2015-08-11,415340,2015-08-12 01:40:00+00:00,R,N,1,109,143,Arizona Diamondbacks,Philadelphia Phillies
2015,2015-08-11,415343,2015-08-12 02:10:00+00:00,R,N,1,119,120,Los Angeles Dodgers,Washington Nationals
2015,2015-08-11,415333,2015-08-12 02:10:00+00:00,R,N,1,135,113,San Diego Padres,Cincinnati Reds
2015,2015-08-11,415331,2015-08-12 02:10:00+00:00,R,N,1,136,110,Seattle Mariners,Baltimore Orioles
2015,2015-08-11,415336,2015-08-12 02:15:00+00:00,R,N,1,137,117,San Francisco Giants,Houston Astros
2015,2015-08-12,415348,2015-08-12 19:40:00+00:00,R,N,1,135,113,San Diego Padres,Cincinnati Reds
2015,2015-08-12,415346,2015-08-12 19:40:00+00:00,R,N,1,136,110,Seattle Mariners,Baltimore Orioles
2015,2015-08-12,415355,2015-08-12 19:40:00+00:00,R,N,1,109,143,Arizona Diamondbacks,Philadelphia Phillies
2015,2015-08-12,415351,2015-08-12 19:45:00+00:00,R,N,1,137,117,San Francisco Giants,Houston Astros
2015,2015-08-12,415347,2015-08-12 20:10:00+00:00,R,N,1,146,111,Miami Marlins,Boston Red Sox
2015,2015-08-12,415354,2015-08-12 23:07:00+00:00,R,N,1,141,133,Toronto Blue Jays,Oakland Athletics
2015,2015-08-12,415349,2015-08-12 23:10:00+00:00,R,N,1,121,115,New York Mets,Colorado Rockies
2015,2015-08-12,415345,2015-08-12 23:10:00+00:00,R,N,1,139,144,Tampa Bay Rays,Atlanta Braves
2015,2015-08-12,415353,2015-08-12 23:10:00+00:00,R,N,1,114,147,Cleveland Indians,New York Yankees
2015,2015-08-12,415352,2015-08-13 00:05:00+00:00,R,N,1,112,158,Chicago Cubs,Milwaukee Brewers
2015,2015-08-12,415350,2015-08-13 00:10:00+00:00,R,N,1,118,116,Kansas City Royals,Detroit Tigers
2015,2015-08-12,415357,2015-08-13 00:10:00+00:00,R,N,1,142,140,Minnesota Twins,Texas Rangers
2015,2015-08-12,415344,2015-08-13 00:10:00+00:00,R,N,1,145,108,Chicago White Sox,Los Angeles Angels
2015,2015-08-12,415356,2015-08-13 00:15:00+00:00,R,N,1,138,134,St. Louis Cardinals,Pittsburgh Pirates
2015,2015-08-12,415358,2015-08-13 02:10:00+00:00,R,N,1,119,120,Los Angeles Dodgers,Washington Nationals
2015,2015-08-13,415361,2015-08-13 16:10:00+00:00,R,N,1,121,115,New York Mets,Colorado Rockies
2015,2015-08-13,415364,2015-08-13 16:37:00+00:00,R,N,1,141,133,Toronto Blue Jays,Oakland Athletics
2015,2015-08-13,415366,2015-08-13 17:10:00+00:00,R,N,1,142,140,Minnesota Twins,Texas Rangers
2015,2015-08-13,415362,2015-08-13 18:20:00+00:00,R,N,1,112,158,Chicago Cubs,Milwaukee Brewers
2015,2015-08-13,415363,2015-08-13 23:10:00+00:00,R,N,1,114,147,Cleveland Indians,New York Yankees
2015,2015-08-13,415365,2015-08-13 23:15:00+00:00,R,N,1,138,134,St. Louis Cardinals,Pittsburgh Pirates
2015,2015-08-13,415359,2015-08-14 00:10:00+00:00,R,N,1,118,108,Kansas City Royals,Los Angeles Angels
2015,2015-08-13,415360,2015-08-14 02:10:00+00:00,R,N,1,119,113,Los Angeles Dodgers,Cincinnati Reds
2015,2015-08-13,415367,2015-08-14 02:15:00+00:00,R,N,1,137,120,San Francisco Giants,Washington Nationals
2015,2015-08-14,415370,2015-08-14 20:10:00+00:00,R,N,1,145,112,Chicago White Sox,Chicago Cubs
2015,2015-08-14,415376,2015-08-14 23:05:00+00:00,R,N,1,110,133,Baltimore Orioles,Oakland Athletics
2015,2015-08-14,415375,2015-08-14 23:07:00+00:00,R,N,1,141,147,Toronto Blue Jays,New York Yankees
2015,2015-08-14,415378,2015-08-14 23:10:00+00:00,R,N,1,121,134,New York Mets,Pittsburgh Pirates
2015,2015-08-14,415380,2015-08-14 23:10:00+00:00,R,N,1,111,136,Boston Red Sox,Seattle Mariners
2015,2015-08-14,415369,2015-08-14 23:35:00+00:00,R,N,1,144,109,Atlanta Braves,Arizona Diamondbacks
2015,2015-08-14,415381,2015-08-15 00:05:00+00:00,R,N,1,140,139,Texas Rangers,Tampa Bay Rays
2015,2015-08-14,415373,2015-08-15 00:10:00+00:00,R,N,1,117,116,Houston Astros,Detroit Tigers
2015,2015-08-14,415368,2015-08-15 00:10:00+00:00,R,N,1,118,108,Kansas City Royals,Los Angeles Angels
2015,2015-08-14,415372,2015-08-15 00:10:00+00:00,R,N,1,142,114,Minnesota Twins,Cleveland Indians
2015,2015-08-14,415377,2015-08-15 00:10:00+00:00,R,N,1,158,143,Milwaukee Brewers,Philadelphia Phillies
2015,2015-08-14,415374,2015-08-15 00:15:00+00:00,R,N,1,138,146,St. Louis Cardinals,Miami Marlins
2015,2015-08-14,415379,2015-08-15 00:40:00+00:00,R,N,1,115,135,Colorado Rockies,San Diego Padres
2015,2015-08-14,415371,2015-08-15 02:10:00+00:00,R,N,1,119,113,Los Angeles Dodgers,Cincinnati Reds
2015,2015-08-14,415382,2015-08-15 02:15:00+00:00,R,N,1,137,120,San Francisco Giants,Washington Nationals
2015,2015-08-15,415390,2015-08-15 17:07:00+00:00,R,N,1,141,147,Toronto Blue Jays,New York Yankees
2015,2015-08-15,415395,2015-08-15 17:35:00+00:00,R,N,1,111,136,Boston Red Sox,Seattle Mariners
2015,2015-08-15,415391,2015-08-15 23:05:00+00:00,R,N,1,110,133,Baltimore Orioles,Oakland Athletics
2015,2015-08-15,415388,2015-08-15 23:10:00+00:00,R,N,1,117,116,Houston Astros,Detroit Tigers
2015,2015-08-15,415383,2015-08-15 23:10:00+00:00,R,N,1,118,108,Kansas City Royals,Los Angeles Angels
2015,2015-08-15,415393,2015-08-15 23:10:00+00:00,R,N,1,121,134,New York Mets,Pittsburgh Pirates
2015,2015-08-15,415387,2015-08-15 23:10:00+00:00,R,N,1,142,114,Minnesota Twins,Cleveland Indians
2015,2015-08-15,415384,2015-08-15 23:10:00+00:00,R,N,1,144,109,Atlanta Braves,Arizona Diamondbacks
2015,2015-08-15,415385,2015-08-15 23:10:00+00:00,R,N,1,145,112,Chicago White Sox,Chicago Cubs
2015,2015-08-15,415392,2015-08-15 23:10:00+00:00,R,N,1,158,143,Milwaukee Brewers,Philadelphia Phillies
2015,2015-08-15,415389,2015-08-15 23:15:00+00:00,R,N,1,138,146,St. Louis Cardinals,Miami Marlins
2015,2015-08-15,415396,2015-08-16 00:05:00+00:00,R,N,1,140,139,Texas Rangers,Tampa Bay Rays
2015,2015-08-15,415394,2015-08-16 00:10:00+00:00,R,N,1,115,135,Colorado Rockies,San Diego Padres
2015,2015-08-15,415386,2015-08-16 01:10:00+00:00,R,N,1,119,113,Los Angeles Dodgers,Cincinnati Reds
2015,2015-08-15,415397,2015-08-16 02:05:00+00:00,R,N,1,137,120,San Francisco Giants,Washington Nationals
2015,2015-08-16,415405,2015-08-16 17:07:00+00:00,R,N,1,141,147,Toronto Blue Jays,New York Yankees
2015,2015-08-16,415408,2015-08-16 17:10:00+00:00,R,N,1,121,134,New York Mets,Pittsburgh Pirates
2015,2015-08-16,415406,2015-08-16 17:35:00+00:00,R,N,1,110,133,Baltimore Orioles,Oakland Athletics
2015,2015-08-16,415410,2015-08-16 17:35:00+00:00,R,N,1,111,136,Boston Red Sox,Seattle Mariners
2015,2015-08-16,415399,2015-08-16 17:35:00+00:00,R,N,1,144,109,Atlanta Braves,Arizona Diamondbacks
2015,2015-08-16,415403,2015-08-16 18:10:00+00:00,R,N,1,117,116,Houston Astros,Detroit Tigers
2015,2015-08-16,415402,2015-08-16 18:10:00+00:00,R,N,1,142,114,Minnesota Twins,Cleveland Indians
2015,2015-08-16,415400,2015-08-16 18:10:00+00:00,R,N,1,145,112,Chicago White Sox,Chicago Cubs
2015,2015-08-16,415407,2015-08-16 18:10:00+00:00,R,N,1,158,143,Milwaukee Brewers,Philadelphia Phillies
2015,2015-08-16,415404,2015-08-16 18:15:00+00:00,R,N,1,138,146,St. Louis Cardinals,Miami Marlins
2015,2015-08-16,415411,2015-08-16 19:05:00+00:00,R,N,1,140,139,Texas Rangers,Tampa Bay Rays
2015,2015-08-16,415412,2015-08-16 20:05:00+00:00,R,N,1,137,120,San Francisco Giants,Washington Nationals
2015,2015-08-16,415401,2015-08-16 20:10:00+00:00,R,N,1,119,113,Los Angeles Dodgers,Cincinnati Reds
2015,2015-08-16,415409,2015-08-16 20:10:00+00:00,R,N,1,115,135,Colorado Rockies,San Diego Padres
2015,2015-08-16,415398,2015-08-17 00:08:00+00:00,R,N,1,118,108,Kansas City Royals,Los Angeles Angels
2015,2015-08-17,415419,2015-08-17 23:05:00+00:00,R,N,1,110,133,Baltimore Orioles,Oakland Athletics
2015,2015-08-17,415413,2015-08-17 23:05:00+00:00,R,N,1,134,109,Pittsburgh Pirates,Arizona Diamondbacks
2015,2015-08-17,415418,2015-08-17 23:05:00+00:00,R,N,1,147,142,New York Yankees,Minnesota Twins
2015,2015-08-17,415416,2015-08-17 23:10:00+00:00,R,N,1,111,114,Boston Red Sox,Cleveland Indians
2015,2015-08-17,415420,2015-08-18 00:05:00+00:00,R,N,1,140,136,Texas Rangers,Seattle Mariners
2015,2015-08-17,415421,2015-08-18 00:09:00+00:00,R,N,1,138,137,St. Louis Cardinals,San Francisco Giants
2015,2015-08-17,415422,2015-08-18 00:10:00+00:00,R,N,1,117,139,Houston Astros,Tampa Bay Rays
2015,2015-08-17,415417,2015-08-18 00:10:00+00:00,R,N,1,158,146,Milwaukee Brewers,Miami Marlins
2015,2015-08-17,415415,2015-08-18 02:05:00+00:00,R,N,1,108,145,Los Angeles Angels,Chicago White Sox
2015,2015-08-17,415414,2015-08-18 02:10:00+00:00,R,N,1,135,144,San Diego Padres,Atlanta Braves
2015,2015-08-18,415432,2015-08-18 23:05:00+00:00,R,N,1,110,121,Baltimore Orioles,New York Mets
2015,2015-08-18,415423,2015-08-18 23:05:00+00:00,R,N,1,134,109,Pittsburgh Pirates,Arizona Diamondbacks
2015,2015-08-18,415436,2015-08-18 23:05:00+00:00,R,N,1,143,141,Philadelphia Phillies,Toronto Blue Jays
2015,2015-08-18,415431,2015-08-18 23:05:00+00:00,R,N,1,147,142,New York Yankees,Minnesota Twins
2015,2015-08-18,415426,2015-08-18 23:10:00+00:00,R,N,1,111,114,Boston Red Sox,Cleveland Indians
2015,2015-08-18,415428,2015-08-18 23:10:00+00:00,R,N,1,113,118,Cincinnati Reds,Kansas City Royals
2015,2015-08-18,415427,2015-08-19 00:05:00+00:00,R,N,1,112,116,Chicago Cubs,Detroit Tigers
2015,2015-08-18,415433,2015-08-19 00:05:00+00:00,R,N,1,140,136,Texas Rangers,Seattle Mariners
2015,2015-08-18,415435,2015-08-19 00:10:00+00:00,R,N,1,117,139,Houston Astros,Tampa Bay Rays
2015,2015-08-18,415430,2015-08-19 00:10:00+00:00,R,N,1,158,146,Milwaukee Brewers,Miami Marlins
2015,2015-08-18,415434,2015-08-19 00:15:00+00:00,R,N,1,138,137,St. Louis Cardinals,San Francisco Giants
2015,2015-08-18,415437,2015-08-19 00:40:00+00:00,R,N,1,115,120,Colorado Rockies,Washington Nationals
2015,2015-08-18,415429,2015-08-19 02:05:00+00:00,R,N,1,133,119,Oakland Athletics,Los Angeles Dodgers
2015,2015-08-18,415425,2015-08-19 02:05:00+00:00,R,N,1,108,145,Los Angeles Angels,Chicago White Sox
2015,2015-08-18,415424,2015-08-19 02:10:00+00:00,R,N,1,135,144,San Diego Padres,Atlanta Braves
2015,2015-08-19,415446,2015-08-19 17:05:00+00:00,R,N,1,147,142,New York Yankees,Minnesota Twins
2015,2015-08-19,415448,2015-08-19 18:05:00+00:00,R,N,1,140,136,Texas Rangers,Seattle Mariners
2015,2015-08-19,415445,2015-08-19 18:10:00+00:00,R,N,1,158,146,Milwaukee Brewers,Miami Marlins
2015,2015-08-19,415444,2015-08-19 19:35:00+00:00,R,N,1,133,119,Oakland Athletics,Los Angeles Dodgers
2015,2015-08-19,415439,2015-08-19 19:40:00+00:00,R,N,1,135,144,San Diego Padres,Atlanta Braves
2015,2015-08-19,415447,2015-08-19 23:05:00+00:00,R,N,1,110,121,Baltimore Orioles,New York Mets
2015,2015-08-19,415438,2015-08-19 23:05:00+00:00,R,N,1,134,109,Pittsburgh Pirates,Arizona Diamondbacks
2015,2015-08-19,415451,2015-08-19 23:05:00+00:00,R,N,1,143,141,Philadelphia Phillies,Toronto Blue Jays
2015,2015-08-19,415441,2015-08-19 23:10:00+00:00,R,N,1,111,114,Boston Red Sox,Cleveland Indians
2015,2015-08-19,415443,2015-08-19 23:10:00+00:00,R,N,1,113,118,Cincinnati Reds,Kansas City Royals
2015,2015-08-19,415449,2015-08-19 23:15:00+00:00,R,N,1,138,137,St. Louis Cardinals,San Francisco Giants
2015,2015-08-19,415442,2015-08-20 00:05:00+00:00,R,N,1,112,116,Chicago Cubs,Detroit Tigers
2015,2015-08-19,415450,2015-08-20 00:10:00+00:00,R,N,1,117,139,Houston Astros,Tampa Bay Rays
2015,2015-08-19,415452,2015-08-20 00:40:00+00:00,R,N,1,115,120,Colorado Rockies,Washington Nationals
2015,2015-08-19,415440,2015-08-20 02:05:00+00:00,R,N,1,108,145,Los Angeles Angels,Chicago White Sox
2015,2015-08-20,415460,2015-08-20 23:05:00+00:00,R,N,1,134,137,Pittsburgh Pirates,San Francisco Giants
2015,2015-08-20,415458,2015-08-20 23:05:00+00:00,R,N,1,110,142,Baltimore Orioles,Minnesota Twins
2015,2015-08-20,415456,2015-08-20 23:05:00+00:00,R,N,1,147,114,New York Yankees,Cleveland Indians
2015,2015-08-20,415462,2015-08-20 23:08:00+00:00,R,N,1,116,140,Detroit Tigers,Texas Rangers
2015,2015-08-20,415453,2015-08-20 23:10:00+00:00,R,N,1,113,109,Cincinnati Reds,Arizona Diamondbacks
2015,2015-08-20,415457,2015-08-20 23:10:00+00:00,R,N,1,111,118,Boston Red Sox,Kansas City Royals
2015,2015-08-20,415459,2015-08-20 23:10:00+00:00,R,N,1,146,143,Miami Marlins,Philadelphia Phillies
2015,2015-08-20,415454,2015-08-21 00:05:00+00:00,R,N,1,112,144,Chicago Cubs,Atlanta Braves
2015,2015-08-20,415461,2015-08-21 00:10:00+00:00,R,N,1,117,139,Houston Astros,Tampa Bay Rays
2015,2015-08-20,415463,2015-08-21 00:40:00+00:00,R,N,1,115,120,Colorado Rockies,Washington Nationals
2015,2015-08-20,415455,2015-08-21 02:05:00+00:00,R,N,1,108,145,Los Angeles Angels,Chicago White Sox
2015,2015-08-21,415465,2015-08-21 20:05:00+00:00,R,N,1,112,144,Chicago Cubs,Atlanta Braves
2015,2015-08-21,415474,2015-08-21 23:05:00+00:00,R,N,1,134,137,Pittsburgh Pirates,San Francisco Giants
2015,2015-08-21,415471,2015-08-21 23:05:00+00:00,R,N,1,110,142,Baltimore Orioles,Minnesota Twins
2015,2015-08-21,415467,2015-08-21 23:05:00+00:00,R,N,1,147,114,New York Yankees,Cleveland Indians
2015,2015-08-21,415470,2015-08-21 23:05:00+00:00,R,N,1,120,158,Washington Nationals,Milwaukee Brewers
2015,2015-08-21,415477,2015-08-21 23:08:00+00:00,R,N,1,116,140,Detroit Tigers,Texas Rangers
2015,2015-08-21,415464,2015-08-21 23:10:00+00:00,R,N,1,113,109,Cincinnati Reds,Arizona Diamondbacks
2015,2015-08-21,415468,2015-08-21 23:10:00+00:00,R,N,1,111,118,Boston Red Sox,Kansas City Royals
2015,2015-08-21,415473,2015-08-21 23:10:00+00:00,R,N,1,146,143,Miami Marlins,Philadelphia Phillies
2015,2015-08-21,415469,2015-08-22 00:10:00+00:00,R,N,1,117,119,Houston Astros,Los Angeles Dodgers
2015,2015-08-21,415472,2015-08-22 00:40:00+00:00,R,N,1,115,121,Colorado Rockies,New York Mets
2015,2015-08-21,415476,2015-08-22 02:05:00+00:00,R,N,1,133,139,Oakland Athletics,Tampa Bay Rays
2015,2015-08-21,415478,2015-08-22 02:05:00+00:00,R,N,1,108,141,Los Angeles Angels,Toronto Blue Jays
2015,2015-08-21,415475,2015-08-22 02:10:00+00:00,R,N,1,135,138,San Diego Padres,St. Louis Cardinals
2015,2015-08-21,415466,2015-08-22 02:10:00+00:00,R,N,1,136,145,Seattle Mariners,Chicago White Sox
2015,2015-08-22,415482,2015-08-22 17:05:00+00:00,R,N,1,147,114,New York Yankees,Cleveland Indians
2015,2015-08-22,415489,2015-08-22 20:05:00+00:00,R,N,1,134,137,Pittsburgh Pirates,San Francisco Giants
2015,2015-08-22,415480,2015-08-22 20:05:00+00:00,R,N,1,112,144,Chicago Cubs,Atlanta Braves
2015,2015-08-22,415486,2015-08-22 23:05:00+00:00,R,N,1,110,142,Baltimore Orioles,Minnesota Twins
2015,2015-08-22,415485,2015-08-22 23:05:00+00:00,R,N,1,120,158,Washington Nationals,Milwaukee Brewers
2015,2015-08-22,415492,2015-08-22 23:08:00+00:00,R,N,1,116,140,Detroit Tigers,Texas Rangers
2015,2015-08-22,415479,2015-08-22 23:10:00+00:00,R,N,1,113,109,Cincinnati Reds,Arizona Diamondbacks
2015,2015-08-22,415483,2015-08-22 23:10:00+00:00,R,N,1,111,118,Boston Red Sox,Kansas City Royals
2015,2015-08-22,415484,2015-08-22 23:10:00+00:00,R,N,1,117,119,Houston Astros,Los Angeles Dodgers
2015,2015-08-22,415488,2015-08-22 23:10:00+00:00,R,N,1,146,143,Miami Marlins,Philadelphia Phillies
2015,2015-08-22,415487,2015-08-23 00:10:00+00:00,R,N,1,115,121,Colorado Rockies,New York Mets
2015,2015-08-22,415490,2015-08-23 00:40:00+00:00,R,N,1,135,138,San Diego Padres,St. Louis Cardinals
2015,2015-08-22,415491,2015-08-23 01:05:00+00:00,R,N,1,133,139,Oakland Athletics,Tampa Bay Rays
2015,2015-08-22,415493,2015-08-23 01:05:00+00:00,R,N,1,108,141,Los Angeles Angels,Toronto Blue Jays
2015,2015-08-22,415481,2015-08-23 01:10:00+00:00,R,N,1,136,145,Seattle Mariners,Chicago White Sox
2015,2015-08-23,415497,2015-08-23 17:05:00+00:00,R,N,1,147,114,New York Yankees,Cleveland Indians
2015,2015-08-23,415507,2015-08-23 17:08:00+00:00,R,N,1,116,140,Detroit Tigers,Texas Rangers
2015,2015-08-23,415494,2015-08-23 17:10:00+00:00,R,N,1,113,109,Cincinnati Reds,Arizona Diamondbacks
2015,2015-08-23,415503,2015-08-23 17:10:00+00:00,R,N,1,146,143,Miami Marlins,Philadelphia Phillies
2015,2015-08-23,415498,2015-08-23 17:35:00+00:00,R,N,1,111,118,Boston Red Sox,Kansas City Royals
2015,2015-08-23,415501,2015-08-23 17:35:00+00:00,R,N,1,110,142,Baltimore Orioles,Minnesota Twins
2015,2015-08-23,415500,2015-08-23 17:35:00+00:00,R,N,1,120,158,Washington Nationals,Milwaukee Brewers
2015,2015-08-23,415499,2015-08-23 18:10:00+00:00,R,N,1,117,119,Houston Astros,Los Angeles Dodgers
2015,2015-08-23,415495,2015-08-23 18:20:00+00:00,R,N,1,112,144,Chicago Cubs,Atlanta Braves
2015,2015-08-23,415508,2015-08-23 19:35:00+00:00,R,N,1,108,141,Los Angeles Angels,Toronto Blue Jays
2015,2015-08-23,415506,2015-08-23 20:05:00+00:00,R,N,1,133,139,Oakland Athletics,Tampa Bay Rays
2015,2015-08-23,415502,2015-08-23 20:10:00+00:00,R,N,1,115,121,Colorado Rockies,New York Mets
2015,2015-08-23,415505,2015-08-23 20:10:00+00:00,R,N,1,135,138,San Diego Padres,St. Louis Cardinals
2015,2015-08-23,415496,2015-08-23 20:10:00+00:00,R,N,1,136,145,Seattle Mariners,Chicago White Sox
2015,2015-08-23,415504,2015-08-24 00:08:00+00:00,R,N,1,134,137,Pittsburgh Pirates,San Francisco Giants
2015,2015-08-24,414602,2015-08-24 18:05:00+00:00,R,N,1,112,114,Chicago Cubs,Cleveland Indians
2015,2015-08-24,415513,2015-08-24 23:05:00+00:00,R,N,1,143,121,Philadelphia Phillies,New York Mets
2015,2015-08-24,415512,2015-08-24 23:05:00+00:00,R,N,1,147,117,New York Yankees,Houston Astros
2015,2015-08-24,414647,2015-08-24 23:10:00+00:00,R,N,1,113,116,Cincinnati Reds,Detroit Tigers
2015,2015-08-24,415511,2015-08-24 23:10:00+00:00,R,N,1,144,115,Atlanta Braves,Colorado Rockies
2015,2015-08-24,415515,2015-08-24 23:10:00+00:00,R,N,1,146,134,Miami Marlins,Pittsburgh Pirates
2015,2015-08-24,415509,2015-08-25 00:10:00+00:00,R,N,1,118,110,Kansas City Royals,Baltimore Orioles
2015,2015-08-24,415510,2015-08-25 00:10:00+00:00,R,N,1,145,111,Chicago White Sox,Boston Red Sox
2015,2015-08-24,415514,2015-08-25 02:10:00+00:00,R,N,1,136,133,Seattle Mariners,Oakland Athletics
2015,2015-08-24,415516,2015-08-25 02:10:00+00:00,R,N,1,109,138,Arizona Diamondbacks,St. Louis Cardinals
2015,2015-08-25,415529,2015-08-25 23:05:00+00:00,R,N,1,120,135,Washington Nationals,San Diego Padres
2015,2015-08-25,415526,2015-08-25 23:05:00+00:00,R,N,1,143,121,Philadelphia Phillies,New York Mets
2015,2015-08-25,415522,2015-08-25 23:05:00+00:00,R,N,1,147,117,New York Yankees,Houston Astros
2015,2015-08-25,415517,2015-08-25 23:08:00+00:00,R,N,1,116,108,Detroit Tigers,Los Angeles Angels
2015,2015-08-25,415523,2015-08-25 23:10:00+00:00,R,N,1,113,119,Cincinnati Reds,Los Angeles Dodgers
2015,2015-08-25,415525,2015-08-25 23:10:00+00:00,R,N,1,139,142,Tampa Bay Rays,Minnesota Twins
2015,2015-08-25,415521,2015-08-25 23:10:00+00:00,R,N,1,144,115,Atlanta Braves,Colorado Rockies
2015,2015-08-25,415528,2015-08-25 23:10:00+00:00,R,N,1,146,134,Miami Marlins,Pittsburgh Pirates
2015,2015-08-25,415524,2015-08-25 23:10:00+00:00,R,N,1,114,158,Cleveland Indians,Milwaukee Brewers
2015,2015-08-25,415531,2015-08-26 00:05:00+00:00,R,N,1,140,141,Texas Rangers,Toronto Blue Jays
2015,2015-08-25,415518,2015-08-26 00:10:00+00:00,R,N,1,118,110,Kansas City Royals,Baltimore Orioles
2015,2015-08-25,415519,2015-08-26 00:10:00+00:00,R,N,1,145,111,Chicago White Sox,Boston Red Sox
2015,2015-08-25,415530,2015-08-26 01:40:00+00:00,R,N,1,109,138,Arizona Diamondbacks,St. Louis Cardinals
2015,2015-08-25,415527,2015-08-26 02:10:00+00:00,R,N,1,136,133,Seattle Mariners,Oakland Athletics
2015,2015-08-25,415520,2015-08-26 02:15:00+00:00,R,N,1,137,112,San Francisco Giants,Chicago Cubs
2015,2015-08-26,415537,2015-08-26 17:05:00+00:00,R,N,1,147,117,New York Yankees,Houston Astros
2015,2015-08-26,415542,2015-08-26 19:40:00+00:00,R,N,1,136,133,Seattle Mariners,Oakland Athletics
2015,2015-08-26,415544,2015-08-26 23:05:00+00:00,R,N,1,120,135,Washington Nationals,San Diego Padres
2015,2015-08-26,415541,2015-08-26 23:05:00+00:00,R,N,1,143,121,Philadelphia Phillies,New York Mets
2015,2015-08-26,415532,2015-08-26 23:08:00+00:00,R,N,1,116,108,Detroit Tigers,Los Angeles Angels
2015,2015-08-26,415538,2015-08-26 23:10:00+00:00,R,N,1,113,119,Cincinnati Reds,Los Angeles Dodgers
2015,2015-08-26,415540,2015-08-26 23:10:00+00:00,R,N,1,139,142,Tampa Bay Rays,Minnesota Twins
2015,2015-08-26,415536,2015-08-26 23:10:00+00:00,R,N,1,144,115,Atlanta Braves,Colorado Rockies
2015,2015-08-26,415543,2015-08-26 23:10:00+00:00,R,N,1,146,134,Miami Marlins,Pittsburgh Pirates
2015,2015-08-26,415539,2015-08-26 23:10:00+00:00,R,N,1,114,158,Cleveland Indians,Milwaukee Brewers
2015,2015-08-26,415546,2015-08-27 00:05:00+00:00,R,N,1,140,141,Texas Rangers,Toronto Blue Jays
2015,2015-08-26,415533,2015-08-27 00:10:00+00:00,R,N,1,118,110,Kansas City Royals,Baltimore Orioles
2015,2015-08-26,415534,2015-08-27 00:10:00+00:00,R,N,1,145,111,Chicago White Sox,Boston Red Sox
2015,2015-08-26,415545,2015-08-27 01:40:00+00:00,R,N,1,109,138,Arizona Diamondbacks,St. Louis Cardinals
2015,2015-08-26,415535,2015-08-27 02:15:00+00:00,R,N,1,137,112,San Francisco Giants,Chicago Cubs
2015,2015-08-27,415550,2015-08-27 16:35:00+00:00,R,N,1,113,119,Cincinnati Reds,Los Angeles Dodgers
2015,2015-08-27,415547,2015-08-27 17:08:00+00:00,R,N,1,116,108,Detroit Tigers,Los Angeles Angels
2015,2015-08-27,415557,2015-08-27 18:05:00+00:00,R,N,1,140,141,Texas Rangers,Toronto Blue Jays
2015,2015-08-27,415548,2015-08-27 18:10:00+00:00,R,N,1,118,110,Kansas City Royals,Baltimore Orioles
2015,2015-08-27,415549,2015-08-27 19:45:00+00:00,R,N,1,137,112,San Francisco Giants,Chicago Cubs
2015,2015-08-27,415554,2015-08-27 23:05:00+00:00,R,N,1,120,135,Washington Nationals,San Diego Padres
2015,2015-08-27,415552,2015-08-27 23:05:00+00:00,R,N,1,143,121,Philadelphia Phillies,New York Mets
2015,2015-08-27,415551,2015-08-27 23:10:00+00:00,R,N,1,139,142,Tampa Bay Rays,Minnesota Twins
2015,2015-08-27,415553,2015-08-27 23:10:00+00:00,R,N,1,146,134,Miami Marlins,Pittsburgh Pirates
2015,2015-08-27,415555,2015-08-28 00:10:00+00:00,R,N,1,145,136,Chicago White Sox,Seattle Mariners
2015,2015-08-27,415556,2015-08-28 01:40:00+00:00,R,N,1,109,138,Arizona Diamondbacks,St. Louis Cardinals
2015,2015-08-28,415563,2015-08-28 23:05:00+00:00,R,N,1,134,115,Pittsburgh Pirates,Colorado Rockies
2015,2015-08-28,415570,2015-08-28 23:05:00+00:00,R,N,1,143,135,Philadelphia Phillies,San Diego Padres
2015,2015-08-28,415567,2015-08-28 23:05:00+00:00,R,N,1,120,146,Washington Nationals,Miami Marlins
2015,2015-08-28,415564,2015-08-28 23:07:00+00:00,R,N,1,141,116,Toronto Blue Jays,Detroit Tigers
2015,2015-08-28,415558,2015-08-28 23:10:00+00:00,R,N,1,114,108,Cleveland Indians,Los Angeles Angels
2015,2015-08-28,415560,2015-08-28 23:10:00+00:00,R,N,1,121,111,New York Mets,Boston Red Sox
2015,2015-08-28,415566,2015-08-28 23:10:00+00:00,R,N,1,139,118,Tampa Bay Rays,Kansas City Royals
2015,2015-08-28,415568,2015-08-28 23:35:00+00:00,R,N,1,144,147,Atlanta Braves,New York Yankees
2015,2015-08-28,415559,2015-08-29 00:05:00+00:00,R,N,1,140,110,Texas Rangers,Baltimore Orioles
2015,2015-08-28,415565,2015-08-29 00:10:00+00:00,R,N,1,142,117,Minnesota Twins,Houston Astros
2015,2015-08-28,415571,2015-08-29 00:10:00+00:00,R,N,1,145,136,Chicago White Sox,Seattle Mariners
2015,2015-08-28,415562,2015-08-29 00:10:00+00:00,R,N,1,158,113,Milwaukee Brewers,Cincinnati Reds
2015,2015-08-28,415569,2015-08-29 01:40:00+00:00,R,N,1,109,133,Arizona Diamondbacks,Oakland Athletics
2015,2015-08-28,415561,2015-08-29 02:10:00+00:00,R,N,1,119,112,Los Angeles Dodgers,Chicago Cubs
2015,2015-08-28,415572,2015-08-29 02:15:00+00:00,R,N,1,137,138,San Francisco Giants,St. Louis Cardinals
2015,2015-08-29,415579,2015-08-29 17:07:00+00:00,R,N,1,141,116,Toronto Blue Jays,Detroit Tigers
2015,2015-08-29,415575,2015-08-29 20:05:00+00:00,R,N,1,121,111,New York Mets,Boston Red Sox
2015,2015-08-29,415587,2015-08-29 20:05:00+00:00,R,N,1,137,138,San Francisco Giants,St. Louis Cardinals
2015,2015-08-29,415581,2015-08-29 22:10:00+00:00,R,N,1,139,118,Tampa Bay Rays,Kansas City Royals
2015,2015-08-29,415578,2015-08-29 23:05:00+00:00,R,N,1,134,115,Pittsburgh Pirates,Colorado Rockies
2015,2015-08-29,415585,2015-08-29 23:05:00+00:00,R,N,1,143,135,Philadelphia Phillies,San Diego Padres
2015,2015-08-29,415582,2015-08-29 23:05:00+00:00,R,N,1,120,146,Washington Nationals,Miami Marlins
2015,2015-08-29,415573,2015-08-29 23:10:00+00:00,R,N,1,114,108,Cleveland Indians,Los Angeles Angels
2015,2015-08-29,415580,2015-08-29 23:10:00+00:00,R,N,1,142,117,Minnesota Twins,Houston Astros
2015,2015-08-29,415586,2015-08-29 23:10:00+00:00,R,N,1,145,136,Chicago White Sox,Seattle Mariners
2015,2015-08-29,415583,2015-08-29 23:10:00+00:00,R,N,1,144,147,Atlanta Braves,New York Yankees
2015,2015-08-29,415577,2015-08-29 23:10:00+00:00,R,N,1,158,113,Milwaukee Brewers,Cincinnati Reds
2015,2015-08-29,415574,2015-08-30 00:05:00+00:00,R,N,1,140,110,Texas Rangers,Baltimore Orioles
2015,2015-08-29,415584,2015-08-30 00:10:00+00:00,R,N,1,109,133,Arizona Diamondbacks,Oakland Athletics
2015,2015-08-29,415576,2015-08-30 01:10:00+00:00,R,N,1,119,112,Los Angeles Dodgers,Chicago Cubs
2015,2015-08-30,415594,2015-08-30 17:07:00+00:00,R,N,1,141,116,Toronto Blue Jays,Detroit Tigers
2015,2015-08-30,415588,2015-08-30 17:10:00+00:00,R,N,1,114,108,Cleveland Indians,Los Angeles Angels
2015,2015-08-30,415590,2015-08-30 17:10:00+00:00,R,N,1,121,111,New York Mets,Boston Red Sox
2015,2015-08-30,415596,2015-08-30 17:10:00+00:00,R,N,1,139,118,Tampa Bay Rays,Kansas City Royals
2015,2015-08-30,415593,2015-08-30 17:35:00+00:00,R,N,1,134,115,Pittsburgh Pirates,Colorado Rockies
2015,2015-08-30,415600,2015-08-30 17:35:00+00:00,R,N,1,143,135,Philadelphia Phillies,San Diego Padres
2015,2015-08-30,415597,2015-08-30 17:35:00+00:00,R,N,1,120,146,Washington Nationals,Miami Marlins
2015,2015-08-30,415598,2015-08-30 17:35:00+00:00,R,N,1,144,147,Atlanta Braves,New York Yankees
2015,2015-08-30,415595,2015-08-30 18:10:00+00:00,R,N,1,142,117,Minnesota Twins,Houston Astros
2015,2015-08-30,415601,2015-08-30 18:10:00+00:00,R,N,1,145,136,Chicago White Sox,Seattle Mariners
2015,2015-08-30,415592,2015-08-30 18:10:00+00:00,R,N,1,158,113,Milwaukee Brewers,Cincinnati Reds
2015,2015-08-30,415589,2015-08-30 19:05:00+00:00,R,N,1,140,110,Texas Rangers,Baltimore Orioles
2015,2015-08-30,415602,2015-08-30 20:05:00+00:00,R,N,1,137,138,San Francisco Giants,St. Louis Cardinals
2015,2015-08-30,415599,2015-08-30 20:10:00+00:00,R,N,1,109,133,Arizona Diamondbacks,Oakland Athletics
2015,2015-08-30,415591,2015-08-31 00:08:00+00:00,R,N,1,119,112,Los Angeles Dodgers,Chicago Cubs
2015,2015-08-31,415612,2015-08-31 23:05:00+00:00,R,N,1,110,139,Baltimore Orioles,Tampa Bay Rays
2015,2015-08-31,415606,2015-08-31 23:07:00+00:00,R,N,1,141,114,Toronto Blue Jays,Cleveland Indians
2015,2015-08-31,415609,2015-08-31 23:10:00+00:00,R,N,1,121,143,New York Mets,Philadelphia Phillies
2015,2015-08-31,415607,2015-08-31 23:10:00+00:00,R,N,1,144,146,Atlanta Braves,Miami Marlins
2015,2015-08-31,415608,2015-08-31 23:10:00+00:00,R,N,1,111,147,Boston Red Sox,New York Yankees
2015,2015-08-31,415605,2015-09-01 00:05:00+00:00,R,N,1,112,113,Chicago Cubs,Cincinnati Reds
2015,2015-08-31,415610,2015-09-01 00:10:00+00:00,R,N,1,117,136,Houston Astros,Seattle Mariners
2015,2015-08-31,415614,2015-09-01 00:15:00+00:00,R,N,1,138,120,St. Louis Cardinals,Washington Nationals
2015,2015-08-31,415604,2015-09-01 00:40:00+00:00,R,N,1,115,109,Colorado Rockies,Arizona Diamondbacks
2015,2015-08-31,415603,2015-09-01 02:05:00+00:00,R,N,1,133,108,Oakland Athletics,Los Angeles Angels
2015,2015-08-31,415611,2015-09-01 02:10:00+00:00,R,N,1,119,137,Los Angeles Dodgers,San Francisco Giants
2015,2015-08-31,415613,2015-09-01 02:10:00+00:00,R,N,1,135,140,San Diego Padres,Texas Rangers
2015,2015-09-01,414027,2015-09-01 19:10:00+00:00,R,S,1,115,109,Colorado Rockies,Arizona Diamondbacks
2015,2015-09-01,415616,2015-09-02 00:40:00+00:00,R,S,2,115,109,Colorado Rockies,Arizona Diamondbacks
2015,2015-09-01,415627,2015-09-01 23:05:00+00:00,R,N,1,110,139,Baltimore Orioles,Tampa Bay Rays
2015,2015-09-01,415619,2015-09-01 23:07:00+00:00,R,N,1,141,114,Toronto Blue Jays,Cleveland Indians
2015,2015-09-01,415623,2015-09-01 23:10:00+00:00,R,N,1,121,143,New York Mets,Philadelphia Phillies
2015,2015-09-01,415621,2015-09-01 23:10:00+00:00,R,N,1,144,146,Atlanta Braves,Miami Marlins
2015,2015-09-01,415622,2015-09-01 23:10:00+00:00,R,N,1,111,147,Boston Red Sox,New York Yankees
2015,2015-09-01,415618,2015-09-02 00:05:00+00:00,R,N,1,112,113,Chicago Cubs,Cincinnati Reds
2015,2015-09-01,415620,2015-09-02 00:10:00+00:00,R,N,1,118,116,Kansas City Royals,Detroit Tigers
2015,2015-09-01,415625,2015-09-02 00:10:00+00:00,R,N,1,117,136,Houston Astros,Seattle Mariners
2015,2015-09-01,415617,2015-09-02 00:10:00+00:00,R,N,1,142,145,Minnesota Twins,Chicago White Sox
2015,2015-09-01,415624,2015-09-02 00:10:00+00:00,R,N,1,158,134,Milwaukee Brewers,Pittsburgh Pirates
2015,2015-09-01,415629,2015-09-02 00:15:00+00:00,R,N,1,138,120,St. Louis Cardinals,Washington Nationals
2015,2015-09-01,415615,2015-09-02 02:05:00+00:00,R,N,1,133,108,Oakland Athletics,Los Angeles Angels
2015,2015-09-01,415626,2015-09-02 02:10:00+00:00,R,N,1,119,137,Los Angeles Dodgers,San Francisco Giants
2015,2015-09-01,415628,2015-09-02 02:10:00+00:00,R,N,1,135,140,San Diego Padres,Texas Rangers
2015,2015-09-02,415636,2015-09-02 16:10:00+00:00,R,N,1,144,146,Atlanta Braves,Miami Marlins
2015,2015-09-02,415633,2015-09-02 18:20:00+00:00,R,N,1,112,113,Chicago Cubs,Cincinnati Reds
2015,2015-09-02,415630,2015-09-02 19:35:00+00:00,R,N,1,133,108,Oakland Athletics,Los Angeles Angels
2015,2015-09-02,415637,2015-09-02 20:05:00+00:00,R,N,1,111,147,Boston Red Sox,New York Yankees
2015,2015-09-02,415642,2015-09-02 23:05:00+00:00,R,N,1,110,139,Baltimore Orioles,Tampa Bay Rays
2015,2015-09-02,415634,2015-09-02 23:07:00+00:00,R,N,1,141,114,Toronto Blue Jays,Cleveland Indians
2015,2015-09-02,415638,2015-09-02 23:10:00+00:00,R,N,1,121,143,New York Mets,Philadelphia Phillies
2015,2015-09-02,415635,2015-09-03 00:10:00+00:00,R,N,1,118,116,Kansas City Royals,Detroit Tigers
2015,2015-09-02,415640,2015-09-03 00:10:00+00:00,R,N,1,117,136,Houston Astros,Seattle Mariners
2015,2015-09-02,415632,2015-09-03 00:10:00+00:00,R,N,1,142,145,Minnesota Twins,Chicago White Sox
2015,2015-09-02,415639,2015-09-03 00:10:00+00:00,R,N,1,158,134,Milwaukee Brewers,Pittsburgh Pirates
2015,2015-09-02,415644,2015-09-03 00:15:00+00:00,R,N,1,138,120,St. Louis Cardinals,Washington Nationals
2015,2015-09-02,415631,2015-09-03 00:40:00+00:00,R,N,1,115,109,Colorado Rockies,Arizona Diamondbacks
2015,2015-09-02,415641,2015-09-03 02:10:00+00:00,R,N,1,119,137,Los Angeles Dodgers,San Francisco Giants
2015,2015-09-02,415643,2015-09-03 02:10:00+00:00,R,N,1,135,140,San Diego Padres,Texas Rangers
2015,2015-09-03,415646,2015-09-03 17:10:00+00:00,R,N,1,142,145,Minnesota Twins,Chicago White Sox
2015,2015-09-03,415645,2015-09-03 23:05:00+00:00,R,N,1,120,144,Washington Nationals,Atlanta Braves
2015,2015-09-03,415649,2015-09-03 23:20:00+00:00,R,N,1,158,134,Milwaukee Brewers,Pittsburgh Pirates
2015,2015-09-03,415647,2015-09-04 00:10:00+00:00,R,N,1,118,116,Kansas City Royals,Detroit Tigers
2015,2015-09-03,415650,2015-09-04 00:40:00+00:00,R,N,1,115,137,Colorado Rockies,San Francisco Giants
2015,2015-09-03,415648,2015-09-04 02:10:00+00:00,R,N,1,135,119,San Diego Padres,Los Angeles Dodgers
2015,2015-09-04,415651,2015-09-04 18:20:00+00:00,R,N,1,112,109,Chicago Cubs,Arizona Diamondbacks
2015,2015-09-04,415652,2015-09-04 23:05:00+00:00,R,N,1,120,144,Washington Nationals,Atlanta Braves
2015,2015-09-04,415664,2015-09-04 23:05:00+00:00,R,N,1,147,139,New York Yankees,Tampa Bay Rays
2015,2015-09-04,415653,2015-09-04 23:07:00+00:00,R,N,1,141,110,Toronto Blue Jays,Baltimore Orioles
2015,2015-09-04,415655,2015-09-04 23:08:00+00:00,R,N,1,116,114,Detroit Tigers,Cleveland Indians
2015,2015-09-04,415660,2015-09-04 23:10:00+00:00,R,N,1,111,143,Boston Red Sox,Philadelphia Phillies
2015,2015-09-04,415659,2015-09-04 23:10:00+00:00,R,N,1,146,121,Miami Marlins,New York Mets
2015,2015-09-04,415658,2015-09-05 00:10:00+00:00,R,N,1,117,142,Houston Astros,Minnesota Twins
2015,2015-09-04,415654,2015-09-05 00:10:00+00:00,R,N,1,118,145,Kansas City Royals,Chicago White Sox
2015,2015-09-04,415661,2015-09-05 00:15:00+00:00,R,N,1,138,134,St. Louis Cardinals,Pittsburgh Pirates
2015,2015-09-04,415663,2015-09-05 00:40:00+00:00,R,N,1,115,137,Colorado Rockies,San Francisco Giants
2015,2015-09-04,415662,2015-09-05 02:05:00+00:00,R,N,1,133,136,Oakland Athletics,Seattle Mariners
2015,2015-09-04,415665,2015-09-05 02:05:00+00:00,R,N,1,108,140,Los Angeles Angels,Texas Rangers
2015,2015-09-04,415656,2015-09-05 02:10:00+00:00,R,N,1,135,119,San Diego Padres,Los Angeles Dodgers
2015,2015-09-05,415657,2015-09-04 23:10:00+00:00,R,N,1,113,158,Cincinnati Reds,Milwaukee Brewers
2015,2015-09-05,415679,2015-09-05 17:05:00+00:00,R,N,1,147,139,New York Yankees,Tampa Bay Rays
2015,2015-09-05,415668,2015-09-05 17:07:00+00:00,R,N,1,141,110,Toronto Blue Jays,Baltimore Orioles
2015,2015-09-05,415672,2015-09-05 17:10:00+00:00,R,S,1,113,158,Cincinnati Reds,Milwaukee Brewers
2015,2015-09-05,415657,2015-09-05 22:10:00+00:00,R,S,2,113,158,Cincinnati Reds,Milwaukee Brewers
2015,2015-09-05,415666,2015-09-05 18:20:00+00:00,R,N,1,112,109,Chicago Cubs,Arizona Diamondbacks
2015,2015-09-05,415676,2015-09-05 20:05:00+00:00,R,N,1,138,134,St. Louis Cardinals,Pittsburgh Pirates
2015,2015-09-05,415675,2015-09-05 20:05:00+00:00,R,N,1,111,143,Boston Red Sox,Philadelphia Phillies
2015,2015-09-05,415667,2015-09-05 23:05:00+00:00,R,N,1,120,144,Washington Nationals,Atlanta Braves
2015,2015-09-05,415670,2015-09-05 23:08:00+00:00,R,N,1,116,114,Detroit Tigers,Cleveland Indians
2015,2015-09-05,415673,2015-09-05 23:10:00+00:00,R,N,1,117,142,Houston Astros,Minnesota Twins
2015,2015-09-05,415669,2015-09-05 23:10:00+00:00,R,N,1,118,145,Kansas City Royals,Chicago White Sox
2015,2015-09-05,415674,2015-09-05 23:10:00+00:00,R,N,1,146,121,Miami Marlins,New York Mets
2015,2015-09-05,415678,2015-09-06 00:10:00+00:00,R,N,1,115,137,Colorado Rockies,San Francisco Giants
2015,2015-09-05,415671,2015-09-06 00:40:00+00:00,R,N,1,135,119,San Diego Padres,Los Angeles Dodgers
2015,2015-09-05,415677,2015-09-06 01:05:00+00:00,R,N,1,133,136,Oakland Athletics,Seattle Mariners
2015,2015-09-05,415680,2015-09-06 01:05:00+00:00,R,N,1,108,140,Los Angeles Angels,Texas Rangers
2015,2015-09-06,415694,2015-09-06 17:05:00+00:00,R,N,1,147,139,New York Yankees,Tampa Bay Rays
2015,2015-09-06,415683,2015-09-06 17:07:00+00:00,R,N,1,141,110,Toronto Blue Jays,Baltimore Orioles
2015,2015-09-06,415685,2015-09-06 17:08:00+00:00,R,N,1,116,114,Detroit Tigers,Cleveland Indians
2015,2015-09-06,415689,2015-09-06 17:10:00+00:00,R,N,1,146,121,Miami Marlins,New York Mets
2015,2015-09-06,415687,2015-09-06 17:10:00+00:00,R,N,1,113,158,Cincinnati Reds,Milwaukee Brewers
2015,2015-09-06,415690,2015-09-06 17:35:00+00:00,R,N,1,111,143,Boston Red Sox,Philadelphia Phillies
2015,2015-09-06,415682,2015-09-06 17:35:00+00:00,R,N,1,120,144,Washington Nationals,Atlanta Braves
2015,2015-09-06,415688,2015-09-06 18:10:00+00:00,R,N,1,117,142,Houston Astros,Minnesota Twins
2015,2015-09-06,415684,2015-09-06 18:10:00+00:00,R,N,1,118,145,Kansas City Royals,Chicago White Sox
2015,2015-09-06,415681,2015-09-06 18:20:00+00:00,R,N,1,112,109,Chicago Cubs,Arizona Diamondbacks
2015,2015-09-06,415695,2015-09-06 19:35:00+00:00,R,N,1,108,140,Los Angeles Angels,Texas Rangers
2015,2015-09-06,415692,2015-09-06 20:05:00+00:00,R,N,1,133,136,Oakland Athletics,Seattle Mariners
2015,2015-09-06,415686,2015-09-06 20:10:00+00:00,R,N,1,135,119,San Diego Padres,Los Angeles Dodgers
2015,2015-09-06,415693,2015-09-06 20:10:00+00:00,R,N,1,115,137,Colorado Rockies,San Francisco Giants
2015,2015-09-06,415691,2015-09-07 00:05:00+00:00,R,N,1,138,134,St. Louis Cardinals,Pittsburgh Pirates
2015,2015-09-07,415705,2015-09-07 17:05:00+00:00,R,N,1,120,121,Washington Nationals,New York Mets
2015,2015-09-07,415697,2015-09-07 17:05:00+00:00,R,N,1,147,110,New York Yankees,Baltimore Orioles
2015,2015-09-07,415708,2015-09-07 17:08:00+00:00,R,N,1,116,139,Detroit Tigers,Tampa Bay Rays
2015,2015-09-07,415706,2015-09-07 17:10:00+00:00,R,N,1,113,134,Cincinnati Reds,Pittsburgh Pirates
2015,2015-09-07,415703,2015-09-07 17:10:00+00:00,R,N,1,146,158,Miami Marlins,Milwaukee Brewers
2015,2015-09-07,415710,2015-09-07 17:35:00+00:00,R,N,1,111,141,Boston Red Sox,Toronto Blue Jays
2015,2015-09-07,415699,2015-09-07 18:10:00+00:00,R,N,1,145,114,Chicago White Sox,Cleveland Indians
2015,2015-09-07,415698,2015-09-07 18:15:00+00:00,R,N,1,138,112,St. Louis Cardinals,Chicago Cubs
2015,2015-09-07,415701,2015-09-07 20:05:00+00:00,R,N,1,133,117,Oakland Athletics,Houston Astros
2015,2015-09-07,415700,2015-09-07 20:10:00+00:00,R,N,1,135,115,San Diego Padres,Colorado Rockies
2015,2015-09-07,415707,2015-09-07 20:10:00+00:00,R,N,1,109,137,Arizona Diamondbacks,San Francisco Giants
2015,2015-09-07,415709,2015-09-07 22:40:00+00:00,R,N,1,136,140,Seattle Mariners,Texas Rangers
2015,2015-09-07,415696,2015-09-07 23:05:00+00:00,R,N,1,143,144,Philadelphia Phillies,Atlanta Braves
2015,2015-09-07,415704,2015-09-08 00:10:00+00:00,R,N,1,118,142,Kansas City Royals,Minnesota Twins
2015,2015-09-07,415702,2015-09-08 01:05:00+00:00,R,N,1,108,119,Los Angeles Angels,Los Angeles Dodgers
2015,2015-09-08,415720,2015-09-08 23:05:00+00:00,R,N,1,120,121,Washington Nationals,New York Mets
2015,2015-09-08,415711,2015-09-08 23:05:00+00:00,R,N,1,143,144,Philadelphia Phillies,Atlanta Braves
2015,2015-09-08,415712,2015-09-08 23:05:00+00:00,R,N,1,147,110,New York Yankees,Baltimore Orioles
2015,2015-09-08,415723,2015-09-08 23:08:00+00:00,R,N,1,116,139,Detroit Tigers,Tampa Bay Rays
2015,2015-09-08,415721,2015-09-08 23:10:00+00:00,R,N,1,113,134,Cincinnati Reds,Pittsburgh Pirates
2015,2015-09-08,415725,2015-09-08 23:10:00+00:00,R,N,1,111,141,Boston Red Sox,Toronto Blue Jays
2015,2015-09-08,415718,2015-09-08 23:10:00+00:00,R,N,1,146,158,Miami Marlins,Milwaukee Brewers
2015,2015-09-08,415719,2015-09-09 00:10:00+00:00,R,N,1,118,142,Kansas City Royals,Minnesota Twins
2015,2015-09-08,415714,2015-09-09 00:10:00+00:00,R,N,1,145,114,Chicago White Sox,Cleveland Indians
2015,2015-09-08,415713,2015-09-09 00:15:00+00:00,R,N,1,138,112,St. Louis Cardinals,Chicago Cubs
2015,2015-09-08,415722,2015-09-09 01:40:00+00:00,R,N,1,109,137,Arizona Diamondbacks,San Francisco Giants
2015,2015-09-08,415717,2015-09-09 02:05:00+00:00,R,N,1,108,119,Los Angeles Angels,Los Angeles Dodgers
2015,2015-09-08,415716,2015-09-09 02:05:00+00:00,R,N,1,133,117,Oakland Athletics,Houston Astros
2015,2015-09-08,415715,2015-09-09 02:10:00+00:00,R,N,1,135,115,San Diego Padres,Colorado Rockies
2015,2015-09-08,415724,2015-09-09 02:10:00+00:00,R,N,1,136,140,Seattle Mariners,Texas Rangers
2015,2015-09-09,415728,2015-09-09 17:45:00+00:00,R,N,1,138,112,St. Louis Cardinals,Chicago Cubs
2015,2015-09-09,415735,2015-09-09 23:05:00+00:00,R,N,1,120,121,Washington Nationals,New York Mets
2015,2015-09-09,415726,2015-09-09 23:05:00+00:00,R,N,1,143,144,Philadelphia Phillies,Atlanta Braves
2015,2015-09-09,415727,2015-09-09 23:05:00+00:00,R,N,1,147,110,New York Yankees,Baltimore Orioles
2015,2015-09-09,415738,2015-09-09 23:08:00+00:00,R,N,1,116,139,Detroit Tigers,Tampa Bay Rays
2015,2015-09-09,415736,2015-09-09 23:10:00+00:00,R,N,1,113,134,Cincinnati Reds,Pittsburgh Pirates
2015,2015-09-09,415740,2015-09-09 23:10:00+00:00,R,N,1,111,141,Boston Red Sox,Toronto Blue Jays
2015,2015-09-09,415733,2015-09-09 23:10:00+00:00,R,N,1,146,158,Miami Marlins,Milwaukee Brewers
2015,2015-09-09,415734,2015-09-10 00:10:00+00:00,R,N,1,118,142,Kansas City Royals,Minnesota Twins
2015,2015-09-09,415729,2015-09-10 00:10:00+00:00,R,N,1,145,114,Chicago White Sox,Cleveland Indians
2015,2015-09-09,415730,2015-09-10 01:10:00+00:00,R,N,1,135,115,San Diego Padres,Colorado Rockies
2015,2015-09-09,415737,2015-09-10 01:40:00+00:00,R,N,1,109,137,Arizona Diamondbacks,San Francisco Giants
2015,2015-09-09,415732,2015-09-10 02:05:00+00:00,R,N,1,108,119,Los Angeles Angels,Los Angeles Dodgers
2015,2015-09-09,415731,2015-09-10 02:05:00+00:00,R,N,1,133,117,Oakland Athletics,Houston Astros
2015,2015-09-09,415739,2015-09-10 02:10:00+00:00,R,N,1,136,140,Seattle Mariners,Texas Rangers
2015,2015-09-10,415023,2015-09-10 19:40:00+00:00,R,N,1,135,115,San Diego Padres,Colorado Rockies
2015,2015-09-10,415746,2015-09-10 19:40:00+00:00,R,N,1,136,140,Seattle Mariners,Texas Rangers
2015,2015-09-10,415743,2015-09-10 23:05:00+00:00,R,N,1,134,158,Pittsburgh Pirates,Milwaukee Brewers
2015,2015-09-10,415742,2015-09-10 23:10:00+00:00,R,N,1,114,116,Cleveland Indians,Detroit Tigers
2015,2015-09-10,415745,2015-09-10 23:10:00+00:00,R,N,1,113,138,Cincinnati Reds,St. Louis Cardinals
2015,2015-09-10,415744,2015-09-10 23:10:00+00:00,R,N,1,144,121,Atlanta Braves,New York Mets
2015,2015-09-11,415741,2015-09-10 23:05:00+00:00,R,N,1,143,112,Philadelphia Phillies,Chicago Cubs
2015,2015-09-12,415747,2015-09-10 23:05:00+00:00,R,N,1,147,141,New York Yankees,Toronto Blue Jays
2015,2015-09-11,415749,2015-09-11 21:05:00+00:00,R,Y,1,143,112,Philadelphia Phillies,Chicago Cubs
2015,2015-09-11,415741,2015-09-11 21:10:00+00:00,R,Y,2,143,112,Philadelphia Phillies,Chicago Cubs
2015,2015-09-11,415753,2015-09-11 23:05:00+00:00,R,N,1,110,118,Baltimore Orioles,Kansas City Royals
2015,2015-09-11,415761,2015-09-11 23:05:00+00:00,R,N,1,147,141,New York Yankees,Toronto Blue Jays
2015,2015-09-11,415755,2015-09-11 23:05:00+00:00,R,N,1,134,158,Pittsburgh Pirates,Milwaukee Brewers
2015,2015-09-11,415760,2015-09-11 23:10:00+00:00,R,N,1,113,138,Cincinnati Reds,St. Louis Cardinals
2015,2015-09-11,415748,2015-09-11 23:10:00+00:00,R,N,1,139,111,Tampa Bay Rays,Boston Red Sox
2015,2015-09-11,415762,2015-09-11 23:10:00+00:00,R,N,1,146,120,Miami Marlins,Washington Nationals
2015,2015-09-11,415757,2015-09-11 23:35:00+00:00,R,N,1,144,121,Atlanta Braves,New York Mets
2015,2015-09-11,415758,2015-09-12 00:05:00+00:00,R,N,1,140,133,Texas Rangers,Oakland Athletics
2015,2015-09-11,415756,2015-09-12 00:10:00+00:00,R,N,1,145,142,Chicago White Sox,Minnesota Twins
2015,2015-09-11,415754,2015-09-12 01:40:00+00:00,R,N,1,109,119,Arizona Diamondbacks,Los Angeles Dodgers
2015,2015-09-11,415752,2015-09-12 02:05:00+00:00,R,N,1,108,117,Los Angeles Angels,Houston Astros
2015,2015-09-11,415750,2015-09-12 02:10:00+00:00,R,N,1,136,115,Seattle Mariners,Colorado Rockies
2015,2015-09-11,415759,2015-09-12 02:15:00+00:00,R,N,1,137,135,San Francisco Giants,San Diego Padres
2015,2015-09-13,415751,2015-09-11 23:10:00+00:00,R,N,1,114,116,Cleveland Indians,Detroit Tigers
2015,2015-09-11,415760,2015-09-12 16:30:00+00:00,R,N,1,113,138,Cincinnati Reds,St. Louis Cardinals
2015,2015-09-12,415768,2015-09-12 17:05:00+00:00,R,N,1,110,118,Baltimore Orioles,Kansas City Royals
2015,2015-09-12,415776,2015-09-12 17:05:00+00:00,R,Y,1,147,141,New York Yankees,Toronto Blue Jays
2015,2015-09-12,415747,2015-09-12 17:10:00+00:00,R,Y,2,147,141,New York Yankees,Toronto Blue Jays
2015,2015-09-12,415775,2015-09-12 17:30:00+00:00,R,N,1,113,138,Cincinnati Reds,St. Louis Cardinals
2015,2015-09-12,415763,2015-09-12 22:10:00+00:00,R,N,1,139,111,Tampa Bay Rays,Boston Red Sox
2015,2015-09-12,415764,2015-09-12 23:05:00+00:00,R,N,1,143,112,Philadelphia Phillies,Chicago Cubs
2015,2015-09-12,415770,2015-09-12 23:05:00+00:00,R,N,1,134,158,Pittsburgh Pirates,Milwaukee Brewers
2015,2015-09-12,415772,2015-09-12 23:10:00+00:00,R,N,1,144,121,Atlanta Braves,New York Mets
2015,2015-09-12,415771,2015-09-12 23:10:00+00:00,R,N,1,145,142,Chicago White Sox,Minnesota Twins
2015,2015-09-12,415777,2015-09-12 23:10:00+00:00,R,N,1,146,120,Miami Marlins,Washington Nationals
2015,2015-09-12,415773,2015-09-13 00:05:00+00:00,R,N,1,140,133,Texas Rangers,Oakland Athletics
2015,2015-09-12,415769,2015-09-13 00:10:00+00:00,R,N,1,109,119,Arizona Diamondbacks,Los Angeles Dodgers
2015,2015-09-12,415767,2015-09-13 01:05:00+00:00,R,N,1,108,117,Los Angeles Angels,Houston Astros
2015,2015-09-12,415774,2015-09-13 01:05:00+00:00,R,N,1,137,135,San Francisco Giants,San Diego Padres
2015,2015-09-12,415765,2015-09-13 01:10:00+00:00,R,N,1,136,115,Seattle Mariners,Colorado Rockies
2015,2015-09-12,415766,2015-09-12 23:10:00+00:00,R,N,1,114,116,Cleveland Indians,Detroit Tigers
2015,2015-09-13,415791,2015-09-13 17:05:00+00:00,R,N,1,147,141,New York Yankees,Toronto Blue Jays
2015,2015-09-13,415781,2015-09-13 17:10:00+00:00,R,Y,1,114,116,Cleveland Indians,Detroit Tigers
2015,2015-09-13,415751,2015-09-13 17:15:00+00:00,R,Y,2,114,116,Cleveland Indians,Detroit Tigers
2015,2015-09-13,415790,2015-09-13 17:10:00+00:00,R,N,1,113,138,Cincinnati Reds,St. Louis Cardinals
2015,2015-09-13,415778,2015-09-13 17:10:00+00:00,R,N,1,139,111,Tampa Bay Rays,Boston Red Sox
2015,2015-09-13,415792,2015-09-13 17:10:00+00:00,R,N,1,146,120,Miami Marlins,Washington Nationals
2015,2015-09-13,415779,2015-09-13 17:35:00+00:00,R,N,1,143,112,Philadelphia Phillies,Chicago Cubs
2015,2015-09-13,415787,2015-09-13 17:35:00+00:00,R,N,1,144,121,Atlanta Braves,New York Mets
2015,2015-09-13,415785,2015-09-13 17:35:00+00:00,R,N,1,134,158,Pittsburgh Pirates,Milwaukee Brewers
2015,2015-09-13,415786,2015-09-13 18:10:00+00:00,R,N,1,145,142,Chicago White Sox,Minnesota Twins
2015,2015-09-13,415788,2015-09-13 19:05:00+00:00,R,N,1,140,133,Texas Rangers,Oakland Athletics
2015,2015-09-13,415782,2015-09-13 19:35:00+00:00,R,N,1,108,117,Los Angeles Angels,Houston Astros
2015,2015-09-13,415789,2015-09-13 20:05:00+00:00,R,N,1,137,135,San Francisco Giants,San Diego Padres
2015,2015-09-13,415784,2015-09-13 20:10:00+00:00,R,N,1,109,119,Arizona Diamondbacks,Los Angeles Dodgers
2015,2015-09-13,415780,2015-09-13 20:10:00+00:00,R,N,1,136,115,Seattle Mariners,Colorado Rockies
2015,2015-09-13,415783,2015-09-14 00:05:00+00:00,R,N,1,110,118,Baltimore Orioles,Kansas City Royals
2015,2015-09-14,415794,2015-09-14 23:05:00+00:00,R,N,1,110,111,Baltimore Orioles,Boston Red Sox
2015,2015-09-14,415804,2015-09-14 23:05:00+00:00,R,N,1,143,120,Philadelphia Phillies,Washington Nationals
2015,2015-09-14,415799,2015-09-14 23:10:00+00:00,R,N,1,114,118,Cleveland Indians,Kansas City Royals
2015,2015-09-14,415800,2015-09-14 23:10:00+00:00,R,N,1,121,146,New York Mets,Miami Marlins
2015,2015-09-14,415801,2015-09-14 23:10:00+00:00,R,N,1,139,147,Tampa Bay Rays,New York Yankees
2015,2015-09-14,415798,2015-09-15 00:05:00+00:00,R,N,1,140,117,Texas Rangers,Houston Astros
2015,2015-09-14,415797,2015-09-15 00:10:00+00:00,R,N,1,142,116,Minnesota Twins,Detroit Tigers
2015,2015-09-14,415802,2015-09-15 00:10:00+00:00,R,N,1,145,133,Chicago White Sox,Oakland Athletics
2015,2015-09-14,415803,2015-09-15 01:40:00+00:00,R,N,1,109,135,Arizona Diamondbacks,San Diego Padres
2015,2015-09-14,415796,2015-09-15 02:10:00+00:00,R,N,1,119,115,Los Angeles Dodgers,Colorado Rockies
2015,2015-09-14,415793,2015-09-15 02:10:00+00:00,R,N,1,136,108,Seattle Mariners,Los Angeles Angels
2015,2015-09-14,415795,2015-09-15 02:15:00+00:00,R,N,1,137,113,San Francisco Giants,Cincinnati Reds
2015,2015-09-15,415228,2015-09-15 17:35:00+00:00,R,S,1,134,112,Pittsburgh Pirates,Chicago Cubs
2015,2015-09-15,415807,2015-09-15 23:05:00+00:00,R,S,2,134,112,Pittsburgh Pirates,Chicago Cubs
2015,2015-09-15,415806,2015-09-15 23:05:00+00:00,R,N,1,110,111,Baltimore Orioles,Boston Red Sox
2015,2015-09-15,415819,2015-09-15 23:05:00+00:00,R,N,1,143,120,Philadelphia Phillies,Washington Nationals
2015,2015-09-15,415812,2015-09-15 23:10:00+00:00,R,N,1,114,118,Cleveland Indians,Kansas City Royals
2015,2015-09-15,415818,2015-09-15 23:10:00+00:00,R,N,1,144,141,Atlanta Braves,Toronto Blue Jays
2015,2015-09-15,415813,2015-09-15 23:10:00+00:00,R,N,1,121,146,New York Mets,Miami Marlins
2015,2015-09-15,415814,2015-09-15 23:10:00+00:00,R,N,1,139,147,Tampa Bay Rays,New York Yankees
2015,2015-09-15,415811,2015-09-16 00:05:00+00:00,R,N,1,140,117,Texas Rangers,Houston Astros
2015,2015-09-15,415810,2015-09-16 00:10:00+00:00,R,N,1,142,116,Minnesota Twins,Detroit Tigers
2015,2015-09-15,415815,2015-09-16 00:10:00+00:00,R,N,1,145,133,Chicago White Sox,Oakland Athletics
2015,2015-09-15,415817,2015-09-16 00:10:00+00:00,R,N,1,158,138,Milwaukee Brewers,St. Louis Cardinals
2015,2015-09-15,415816,2015-09-16 01:40:00+00:00,R,N,1,109,135,Arizona Diamondbacks,San Diego Padres
2015,2015-09-15,415809,2015-09-16 02:10:00+00:00,R,N,1,119,115,Los Angeles Dodgers,Colorado Rockies
2015,2015-09-15,415805,2015-09-16 02:10:00+00:00,R,N,1,136,108,Seattle Mariners,Los Angeles Angels
2015,2015-09-15,415808,2015-09-16 02:15:00+00:00,R,N,1,137,113,San Francisco Giants,Cincinnati Reds
2015,2015-09-16,415821,2015-09-16 23:05:00+00:00,R,N,1,110,111,Baltimore Orioles,Boston Red Sox
2015,2015-09-16,415822,2015-09-16 23:05:00+00:00,R,N,1,134,112,Pittsburgh Pirates,Chicago Cubs
2015,2015-09-16,415834,2015-09-16 23:05:00+00:00,R,N,1,143,120,Philadelphia Phillies,Washington Nationals
2015,2015-09-16,415827,2015-09-16 23:10:00+00:00,R,N,1,114,118,Cleveland Indians,Kansas City Royals
2015,2015-09-16,415833,2015-09-16 23:10:00+00:00,R,N,1,144,141,Atlanta Braves,Toronto Blue Jays
2015,2015-09-16,415828,2015-09-16 23:10:00+00:00,R,N,1,121,146,New York Mets,Miami Marlins
2015,2015-09-16,415829,2015-09-16 23:10:00+00:00,R,N,1,139,147,Tampa Bay Rays,New York Yankees
2015,2015-09-16,415826,2015-09-17 00:05:00+00:00,R,N,1,140,117,Texas Rangers,Houston Astros
2015,2015-09-16,415825,2015-09-17 00:10:00+00:00,R,N,1,142,116,Minnesota Twins,Detroit Tigers
2015,2015-09-16,415830,2015-09-17 00:10:00+00:00,R,N,1,145,133,Chicago White Sox,Oakland Athletics
2015,2015-09-16,415832,2015-09-17 00:10:00+00:00,R,N,1,158,138,Milwaukee Brewers,St. Louis Cardinals
2015,2015-09-16,415831,2015-09-17 01:40:00+00:00,R,N,1,109,135,Arizona Diamondbacks,San Diego Padres
2015,2015-09-16,415824,2015-09-17 02:10:00+00:00,R,N,1,119,115,Los Angeles Dodgers,Colorado Rockies
2015,2015-09-16,415820,2015-09-17 02:10:00+00:00,R,N,1,136,108,Seattle Mariners,Los Angeles Angels
2015,2015-09-16,415823,2015-09-17 02:15:00+00:00,R,N,1,137,113,San Francisco Giants,Cincinnati Reds
2015,2015-09-17,415837,2015-09-17 16:35:00+00:00,R,N,1,134,112,Pittsburgh Pirates,Chicago Cubs
2015,2015-09-17,415841,2015-09-17 18:10:00+00:00,R,N,1,145,133,Chicago White Sox,Oakland Athletics
2015,2015-09-17,415840,2015-09-17 23:05:00+00:00,R,N,1,120,146,Washington Nationals,Miami Marlins
2015,2015-09-17,415839,2015-09-17 23:10:00+00:00,R,N,1,114,118,Cleveland Indians,Kansas City Royals
2015,2015-09-17,415836,2015-09-17 23:10:00+00:00,R,N,1,139,110,Tampa Bay Rays,Baltimore Orioles
2015,2015-09-17,415843,2015-09-17 23:10:00+00:00,R,N,1,144,141,Atlanta Braves,Toronto Blue Jays
2015,2015-09-17,415838,2015-09-18 00:05:00+00:00,R,N,1,140,117,Texas Rangers,Houston Astros
2015,2015-09-17,415835,2015-09-18 00:10:00+00:00,R,N,1,142,108,Minnesota Twins,Los Angeles Angels
2015,2015-09-17,415842,2015-09-18 00:10:00+00:00,R,N,1,158,138,Milwaukee Brewers,St. Louis Cardinals
2015,2015-09-18,415858,2015-09-18 18:20:00+00:00,R,N,1,112,138,Chicago Cubs,St. Louis Cardinals
2015,2015-09-18,415851,2015-09-18 23:05:00+00:00,R,N,1,120,146,Washington Nationals,Miami Marlins
2015,2015-09-18,415847,2015-09-18 23:07:00+00:00,R,N,1,141,111,Toronto Blue Jays,Boston Red Sox
2015,2015-09-18,415850,2015-09-18 23:08:00+00:00,R,N,1,116,118,Detroit Tigers,Kansas City Royals
2015,2015-09-18,415846,2015-09-18 23:10:00+00:00,R,N,1,139,110,Tampa Bay Rays,Baltimore Orioles
2015,2015-09-18,415848,2015-09-18 23:10:00+00:00,R,N,1,114,145,Cleveland Indians,Chicago White Sox
2015,2015-09-18,415852,2015-09-18 23:10:00+00:00,R,N,1,121,147,New York Mets,New York Yankees
2015,2015-09-18,415854,2015-09-18 23:35:00+00:00,R,N,1,144,143,Atlanta Braves,Philadelphia Phillies
2015,2015-09-18,415857,2015-09-19 00:05:00+00:00,R,N,1,140,136,Texas Rangers,Seattle Mariners
2015,2015-09-18,415853,2015-09-19 00:10:00+00:00,R,N,1,117,133,Houston Astros,Oakland Athletics
2015,2015-09-18,415849,2015-09-19 00:10:00+00:00,R,N,1,158,113,Milwaukee Brewers,Cincinnati Reds
2015,2015-09-18,415856,2015-09-19 00:40:00+00:00,R,N,1,115,135,Colorado Rockies,San Diego Padres
2015,2015-09-18,415855,2015-09-19 02:10:00+00:00,R,N,1,119,134,Los Angeles Dodgers,Pittsburgh Pirates
2015,2015-09-18,415845,2015-09-19 02:15:00+00:00,R,N,1,137,109,San Francisco Giants,Arizona Diamondbacks
2015,2015-09-19,415844,2015-09-19 00:10:00+00:00,R,N,1,142,108,Minnesota Twins,Los Angeles Angels
2015,2015-09-19,415873,2015-09-19 17:05:00+00:00,R,N,1,112,138,Chicago Cubs,St. Louis Cardinals
2015,2015-09-19,415867,2015-09-19 17:05:00+00:00,R,N,1,121,147,New York Mets,New York Yankees
2015,2015-09-19,415844,2015-09-19 17:10:00+00:00,R,S,1,142,108,Minnesota Twins,Los Angeles Angels
2015,2015-09-19,415859,2015-09-19 23:10:00+00:00,R,S,2,142,108,Minnesota Twins,Los Angeles Angels
2015,2015-09-19,415860,2015-09-19 20:05:00+00:00,R,N,1,137,109,San Francisco Giants,Arizona Diamondbacks
2015,2015-09-19,415866,2015-09-19 20:05:00+00:00,R,N,1,120,146,Washington Nationals,Miami Marlins
2015,2015-09-19,415862,2015-09-19 20:07:00+00:00,R,N,1,141,111,Toronto Blue Jays,Boston Red Sox
2015,2015-09-19,415861,2015-09-19 22:10:00+00:00,R,N,1,139,110,Tampa Bay Rays,Baltimore Orioles
2015,2015-09-19,415865,2015-09-19 23:08:00+00:00,R,N,1,116,118,Detroit Tigers,Kansas City Royals
2015,2015-09-19,415868,2015-09-19 23:10:00+00:00,R,N,1,117,133,Houston Astros,Oakland Athletics
2015,2015-09-19,415869,2015-09-19 23:10:00+00:00,R,N,1,144,143,Atlanta Braves,Philadelphia Phillies
2015,2015-09-19,415863,2015-09-19 23:10:00+00:00,R,N,1,114,145,Cleveland Indians,Chicago White Sox
2015,2015-09-19,415864,2015-09-19 23:10:00+00:00,R,N,1,158,113,Milwaukee Brewers,Cincinnati Reds
2015,2015-09-19,415872,2015-09-20 00:05:00+00:00,R,N,1,140,136,Texas Rangers,Seattle Mariners
2015,2015-09-19,415871,2015-09-20 00:10:00+00:00,R,N,1,115,135,Colorado Rockies,San Diego Padres
2015,2015-09-19,415870,2015-09-20 01:10:00+00:00,R,N,1,119,134,Los Angeles Dodgers,Pittsburgh Pirates
2015,2015-09-20,415877,2015-09-20 17:07:00+00:00,R,N,1,141,111,Toronto Blue Jays,Boston Red Sox
2015,2015-09-20,415880,2015-09-20 17:08:00+00:00,R,N,1,116,118,Detroit Tigers,Kansas City Royals
2015,2015-09-20,415876,2015-09-20 17:10:00+00:00,R,N,1,139,110,Tampa Bay Rays,Baltimore Orioles
2015,2015-09-20,415878,2015-09-20 17:10:00+00:00,R,N,1,114,145,Cleveland Indians,Chicago White Sox
2015,2015-09-20,415884,2015-09-20 17:35:00+00:00,R,N,1,144,143,Atlanta Braves,Philadelphia Phillies
2015,2015-09-20,415881,2015-09-20 17:35:00+00:00,R,N,1,120,146,Washington Nationals,Miami Marlins
2015,2015-09-20,415883,2015-09-20 18:10:00+00:00,R,N,1,117,133,Houston Astros,Oakland Athletics
2015,2015-09-20,415874,2015-09-20 18:10:00+00:00,R,N,1,142,108,Minnesota Twins,Los Angeles Angels
2015,2015-09-20,415879,2015-09-20 18:10:00+00:00,R,N,1,158,113,Milwaukee Brewers,Cincinnati Reds
2015,2015-09-20,415888,2015-09-20 18:20:00+00:00,R,N,1,112,138,Chicago Cubs,St. Louis Cardinals
2015,2015-09-20,415887,2015-09-20 19:05:00+00:00,R,N,1,140,136,Texas Rangers,Seattle Mariners
2015,2015-09-20,415875,2015-09-20 20:05:00+00:00,R,N,1,137,109,San Francisco Giants,Arizona Diamondbacks
2015,2015-09-20,415885,2015-09-20 20:10:00+00:00,R,N,1,119,134,Los Angeles Dodgers,Pittsburgh Pirates
2015,2015-09-20,415886,2015-09-20 20:10:00+00:00,R,N,1,115,135,Colorado Rockies,San Diego Padres
2015,2015-09-20,415882,2015-09-21 00:08:00+00:00,R,N,1,121,147,New York Mets,New York Yankees
2015,2015-09-21,414769,2015-09-21 17:08:00+00:00,R,S,1,116,145,Detroit Tigers,Chicago White Sox
2015,2015-09-21,415893,2015-09-21 23:08:00+00:00,R,S,2,116,145,Detroit Tigers,Chicago White Sox
2015,2015-09-21,415896,2015-09-21 23:07:00+00:00,R,N,1,141,147,Toronto Blue Jays,New York Yankees
2015,2015-09-21,415898,2015-09-21 23:10:00+00:00,R,N,1,111,139,Boston Red Sox,Tampa Bay Rays
2015,2015-09-21,415891,2015-09-21 23:10:00+00:00,R,N,1,121,144,New York Mets,Atlanta Braves
2015,2015-09-21,415895,2015-09-22 00:05:00+00:00,R,N,1,112,158,Chicago Cubs,Milwaukee Brewers
2015,2015-09-21,415889,2015-09-22 00:10:00+00:00,R,N,1,117,108,Houston Astros,Los Angeles Angels
2015,2015-09-21,415894,2015-09-22 00:15:00+00:00,R,N,1,138,113,St. Louis Cardinals,Cincinnati Reds
2015,2015-09-21,415897,2015-09-22 00:40:00+00:00,R,N,1,115,134,Colorado Rockies,Pittsburgh Pirates
2015,2015-09-21,415890,2015-09-22 02:10:00+00:00,R,N,1,119,109,Los Angeles Dodgers,Arizona Diamondbacks
2015,2015-09-24,415892,2015-09-21 23:05:00+00:00,R,N,1,120,110,Washington Nationals,Baltimore Orioles
2015,2015-09-22,415902,2015-09-22 23:05:00+00:00,R,N,1,120,110,Washington Nationals,Baltimore Orioles
2015,2015-09-22,415907,2015-09-22 23:07:00+00:00,R,N,1,141,147,Toronto Blue Jays,New York Yankees
2015,2015-09-22,415903,2015-09-22 23:08:00+00:00,R,N,1,116,145,Detroit Tigers,Chicago White Sox
2015,2015-09-22,415912,2015-09-22 23:10:00+00:00,R,N,1,111,139,Boston Red Sox,Tampa Bay Rays
2015,2015-09-22,415901,2015-09-22 23:10:00+00:00,R,N,1,121,144,New York Mets,Atlanta Braves
2015,2015-09-22,415908,2015-09-22 23:10:00+00:00,R,N,1,146,143,Miami Marlins,Philadelphia Phillies
2015,2015-09-22,415906,2015-09-23 00:05:00+00:00,R,N,1,112,158,Chicago Cubs,Milwaukee Brewers
2015,2015-09-22,415899,2015-09-23 00:10:00+00:00,R,N,1,117,108,Houston Astros,Los Angeles Angels
2015,2015-09-22,415910,2015-09-23 00:10:00+00:00,R,N,1,118,136,Kansas City Royals,Seattle Mariners
2015,2015-09-22,415905,2015-09-23 00:10:00+00:00,R,N,1,142,114,Minnesota Twins,Cleveland Indians
2015,2015-09-22,415904,2015-09-23 00:15:00+00:00,R,N,1,138,113,St. Louis Cardinals,Cincinnati Reds
2015,2015-09-22,415909,2015-09-23 00:40:00+00:00,R,N,1,115,134,Colorado Rockies,Pittsburgh Pirates
2015,2015-09-22,415913,2015-09-23 02:05:00+00:00,R,N,1,133,140,Oakland Athletics,Texas Rangers
2015,2015-09-22,415900,2015-09-23 02:10:00+00:00,R,N,1,119,109,Los Angeles Dodgers,Arizona Diamondbacks
2015,2015-09-22,415911,2015-09-23 02:10:00+00:00,R,N,1,135,137,San Diego Padres,San Francisco Giants
2015,2015-09-23,415918,2015-09-23 17:08:00+00:00,R,N,1,116,145,Detroit Tigers,Chicago White Sox
2015,2015-09-23,415914,2015-09-23 18:10:00+00:00,R,N,1,117,108,Houston Astros,Los Angeles Angels
2015,2015-09-23,415917,2015-09-23 23:05:00+00:00,R,N,1,120,110,Washington Nationals,Baltimore Orioles
2015,2015-09-23,415922,2015-09-23 23:07:00+00:00,R,N,1,141,147,Toronto Blue Jays,New York Yankees
2015,2015-09-23,415927,2015-09-23 23:10:00+00:00,R,N,1,111,139,Boston Red Sox,Tampa Bay Rays
2015,2015-09-23,415916,2015-09-23 23:10:00+00:00,R,N,1,121,144,New York Mets,Atlanta Braves
2015,2015-09-23,415923,2015-09-23 23:10:00+00:00,R,N,1,146,143,Miami Marlins,Philadelphia Phillies
2015,2015-09-23,415921,2015-09-24 00:05:00+00:00,R,N,1,112,158,Chicago Cubs,Milwaukee Brewers
2015,2015-09-23,415925,2015-09-24 00:10:00+00:00,R,N,1,118,136,Kansas City Royals,Seattle Mariners
2015,2015-09-23,415920,2015-09-24 00:10:00+00:00,R,N,1,142,114,Minnesota Twins,Cleveland Indians
2015,2015-09-23,415919,2015-09-24 00:15:00+00:00,R,N,1,138,113,St. Louis Cardinals,Cincinnati Reds
2015,2015-09-23,415924,2015-09-24 00:40:00+00:00,R,N,1,115,134,Colorado Rockies,Pittsburgh Pirates
2015,2015-09-23,415928,2015-09-24 02:05:00+00:00,R,N,1,133,140,Oakland Athletics,Texas Rangers
2015,2015-09-23,415915,2015-09-24 02:10:00+00:00,R,N,1,119,109,Los Angeles Dodgers,Arizona Diamondbacks
2015,2015-09-23,415926,2015-09-24 02:10:00+00:00,R,N,1,135,137,San Diego Padres,San Francisco Giants
2015,2015-09-24,415929,2015-09-24 19:10:00+00:00,R,N,1,119,109,Los Angeles Dodgers,Arizona Diamondbacks
2015,2015-09-24,415935,2015-09-24 19:10:00+00:00,R,N,1,115,134,Colorado Rockies,Pittsburgh Pirates
2015,2015-09-24,415939,2015-09-24 19:35:00+00:00,R,N,1,133,140,Oakland Athletics,Texas Rangers
2015,2015-09-24,415892,2015-09-24 20:05:00+00:00,R,N,1,120,110,Washington Nationals,Baltimore Orioles
2015,2015-09-24,415930,2015-09-24 23:05:00+00:00,R,N,1,147,145,New York Yankees,Chicago White Sox
2015,2015-09-24,415933,2015-09-24 23:10:00+00:00,R,N,1,113,121,Cincinnati Reds,New York Mets
2015,2015-09-24,415938,2015-09-24 23:10:00+00:00,R,N,1,111,139,Boston Red Sox,Tampa Bay Rays
2015,2015-09-24,415934,2015-09-24 23:10:00+00:00,R,N,1,146,143,Miami Marlins,Philadelphia Phillies
2015,2015-09-24,415932,2015-09-24 23:15:00+00:00,R,N,1,138,158,St. Louis Cardinals,Milwaukee Brewers
2015,2015-09-24,415936,2015-09-25 00:10:00+00:00,R,N,1,118,136,Kansas City Royals,Seattle Mariners
2015,2015-09-24,415931,2015-09-25 00:10:00+00:00,R,N,1,142,114,Minnesota Twins,Cleveland Indians
2015,2015-09-24,415937,2015-09-25 01:10:00+00:00,R,N,1,135,137,San Diego Padres,San Francisco Giants
2015,2015-09-25,415950,2015-09-25 18:20:00+00:00,R,N,1,112,134,Chicago Cubs,Pittsburgh Pirates
2015,2015-09-25,415949,2015-09-25 23:05:00+00:00,R,N,1,120,143,Washington Nationals,Philadelphia Phillies
2015,2015-09-25,415943,2015-09-25 23:05:00+00:00,R,N,1,147,145,New York Yankees,Chicago White Sox
2015,2015-09-25,415953,2015-09-25 23:07:00+00:00,R,N,1,141,139,Toronto Blue Jays,Tampa Bay Rays
2015,2015-09-25,415947,2015-09-25 23:08:00+00:00,R,N,1,116,142,Detroit Tigers,Minnesota Twins
2015,2015-09-25,415942,2015-09-25 23:10:00+00:00,R,N,1,111,110,Boston Red Sox,Baltimore Orioles
2015,2015-09-25,415948,2015-09-25 23:10:00+00:00,R,N,1,113,121,Cincinnati Reds,New York Mets
2015,2015-09-25,415941,2015-09-25 23:10:00+00:00,R,N,1,146,144,Miami Marlins,Atlanta Braves
2015,2015-09-25,415944,2015-09-26 00:10:00+00:00,R,N,1,118,114,Kansas City Royals,Cleveland Indians
2015,2015-09-25,415945,2015-09-26 00:10:00+00:00,R,N,1,115,119,Colorado Rockies,Los Angeles Dodgers
2015,2015-09-25,415954,2015-09-26 00:10:00+00:00,R,N,1,117,140,Houston Astros,Texas Rangers
2015,2015-09-25,415946,2015-09-26 00:15:00+00:00,R,N,1,138,158,St. Louis Cardinals,Milwaukee Brewers
2015,2015-09-25,415951,2015-09-26 02:05:00+00:00,R,N,1,108,136,Los Angeles Angels,Seattle Mariners
2015,2015-09-25,415952,2015-09-26 02:05:00+00:00,R,N,1,133,137,Oakland Athletics,San Francisco Giants
2015,2015-09-25,415940,2015-09-26 02:10:00+00:00,R,N,1,135,109,San Diego Padres,Arizona Diamondbacks
2015,2015-09-26,415965,2015-09-26 17:05:00+00:00,R,N,1,112,134,Chicago Cubs,Pittsburgh Pirates
2015,2015-09-26,415969,2015-09-26 17:05:00+00:00,R,N,1,117,140,Houston Astros,Texas Rangers
2015,2015-09-26,415968,2015-09-26 17:07:00+00:00,R,N,1,141,139,Toronto Blue Jays,Tampa Bay Rays
2015,2015-09-26,415957,2015-09-26 20:05:00+00:00,R,N,1,111,110,Boston Red Sox,Baltimore Orioles
2015,2015-09-26,415967,2015-09-26 20:05:00+00:00,R,N,1,133,137,Oakland Athletics,San Francisco Giants
2015,2015-09-26,415964,2015-09-26 20:05:00+00:00,R,N,1,120,143,Washington Nationals,Philadelphia Phillies
2015,2015-09-26,415958,2015-09-26 20:05:00+00:00,R,N,1,147,145,New York Yankees,Chicago White Sox
2015,2015-09-26,415963,2015-09-26 20:10:00+00:00,R,N,1,113,121,Cincinnati Reds,New York Mets
2015,2015-09-26,415962,2015-09-26 23:08:00+00:00,R,N,1,116,142,Detroit Tigers,Minnesota Twins
2015,2015-09-26,415959,2015-09-26 23:10:00+00:00,R,N,1,118,114,Kansas City Royals,Cleveland Indians
2015,2015-09-26,415956,2015-09-26 23:10:00+00:00,R,N,1,146,144,Miami Marlins,Atlanta Braves
2015,2015-09-26,415961,2015-09-26 23:15:00+00:00,R,N,1,138,158,St. Louis Cardinals,Milwaukee Brewers
2015,2015-09-26,415960,2015-09-27 00:10:00+00:00,R,N,1,115,119,Colorado Rockies,Los Angeles Dodgers
2015,2015-09-26,415955,2015-09-27 00:40:00+00:00,R,N,1,135,109,San Diego Padres,Arizona Diamondbacks
2015,2015-09-26,415966,2015-09-27 01:05:00+00:00,R,N,1,108,136,Los Angeles Angels,Seattle Mariners
2015,2015-09-27,415973,2015-09-27 17:05:00+00:00,R,N,1,147,145,New York Yankees,Chicago White Sox
2015,2015-09-27,415983,2015-09-27 17:07:00+00:00,R,N,1,141,139,Toronto Blue Jays,Tampa Bay Rays
2015,2015-09-27,415977,2015-09-27 17:08:00+00:00,R,N,1,116,142,Detroit Tigers,Minnesota Twins
2015,2015-09-27,415978,2015-09-27 17:10:00+00:00,R,N,1,113,121,Cincinnati Reds,New York Mets
2015,2015-09-27,415971,2015-09-27 17:10:00+00:00,R,N,1,146,144,Miami Marlins,Atlanta Braves
2015,2015-09-27,415972,2015-09-27 17:35:00+00:00,R,N,1,111,110,Boston Red Sox,Baltimore Orioles
2015,2015-09-27,415979,2015-09-27 17:35:00+00:00,R,N,1,120,143,Washington Nationals,Philadelphia Phillies
2015,2015-09-27,415974,2015-09-27 18:10:00+00:00,R,N,1,118,114,Kansas City Royals,Cleveland Indians
2015,2015-09-27,415984,2015-09-27 18:10:00+00:00,R,N,1,117,140,Houston Astros,Texas Rangers
2015,2015-09-27,415976,2015-09-27 18:15:00+00:00,R,N,1,138,158,St. Louis Cardinals,Milwaukee Brewers
2015,2015-09-27,415981,2015-09-27 19:35:00+00:00,R,N,1,108,136,Los Angeles Angels,Seattle Mariners
2015,2015-09-27,415982,2015-09-27 20:05:00+00:00,R,N,1,133,137,Oakland Athletics,San Francisco Giants
2015,2015-09-27,415975,2015-09-27 20:10:00+00:00,R,N,1,115,119,Colorado Rockies,Los Angeles Dodgers
2015,2015-09-27,415970,2015-09-27 20:10:00+00:00,R,N,1,135,109,San Diego Padres,Arizona Diamondbacks
2015,2015-09-27,415980,2015-09-28 00:08:00+00:00,R,N,1,112,134,Chicago Cubs,Pittsburgh Pirates
2015,2015-09-28,414922,2015-09-28 19:05:00+00:00,R,N,1,120,113,Washington Nationals,Cincinnati Reds
2015,2015-09-28,415991,2015-09-28 23:05:00+00:00,R,N,1,134,138,Pittsburgh Pirates,St. Louis Cardinals
2015,2015-09-28,415992,2015-09-28 23:05:00+00:00,R,N,1,110,141,Baltimore Orioles,Toronto Blue Jays
2015,2015-09-28,415985,2015-09-28 23:05:00+00:00,R,N,1,147,111,New York Yankees,Boston Red Sox
2015,2015-09-28,415989,2015-09-28 23:10:00+00:00,R,N,1,114,142,Cleveland Indians,Minnesota Twins
2015,2015-09-28,414387,2015-09-29 00:05:00+00:00,R,N,1,112,118,Chicago Cubs,Kansas City Royals
2015,2015-09-28,415986,2015-09-29 00:05:00+00:00,R,N,1,140,116,Texas Rangers,Detroit Tigers
2015,2015-09-28,415990,2015-09-29 02:05:00+00:00,R,N,1,108,133,Los Angeles Angels,Oakland Athletics
2015,2015-09-28,415987,2015-09-29 02:10:00+00:00,R,N,1,136,117,Seattle Mariners,Houston Astros
2015,2015-09-28,415988,2015-09-29 02:15:00+00:00,R,N,1,137,119,San Francisco Giants,Los Angeles Dodgers
2015,2015-09-29,416003,2015-09-29 23:05:00+00:00,R,N,1,143,121,Philadelphia Phillies,New York Mets
2015,2015-09-29,415993,2015-09-29 23:05:00+00:00,R,N,1,147,111,New York Yankees,Boston Red Sox
2015,2015-09-29,415994,2015-09-29 23:10:00+00:00,R,N,1,113,112,Cincinnati Reds,Chicago Cubs
2015,2015-09-29,416007,2015-09-29 23:10:00+00:00,R,N,1,144,120,Atlanta Braves,Washington Nationals
2015,2015-09-29,416000,2015-09-29 23:10:00+00:00,R,N,1,139,146,Tampa Bay Rays,Miami Marlins
2015,2015-09-29,415996,2015-09-30 00:05:00+00:00,R,N,1,140,116,Texas Rangers,Detroit Tigers
2015,2015-09-29,415998,2015-09-30 00:10:00+00:00,R,N,1,145,118,Chicago White Sox,Kansas City Royals
2015,2015-09-29,415995,2015-09-30 01:40:00+00:00,R,N,1,109,115,Arizona Diamondbacks,Colorado Rockies
2015,2015-09-29,416004,2015-09-30 02:05:00+00:00,R,N,1,108,133,Los Angeles Angels,Oakland Athletics
2015,2015-09-29,415997,2015-09-30 02:10:00+00:00,R,N,1,136,117,Seattle Mariners,Houston Astros
2015,2015-09-29,416001,2015-09-30 02:10:00+00:00,R,N,1,135,158,San Diego Padres,Milwaukee Brewers
2015,2015-09-29,415999,2015-09-30 02:15:00+00:00,R,N,1,137,119,San Francisco Giants,Los Angeles Dodgers
2015,2015-09-30,416005,2015-09-29 23:05:00+00:00,R,N,1,134,138,Pittsburgh Pirates,St. Louis Cardinals
2015,2015-09-30,416006,2015-09-29 23:05:00+00:00,R,N,1,110,141,Baltimore Orioles,Toronto Blue Jays
2015,2015-09-30,416002,2015-09-29 23:10:00+00:00,R,N,1,114,142,Cleveland Indians,Minnesota Twins
2015,2015-09-30,416005,2015-09-30 17:35:00+00:00,R,S,1,134,138,Pittsburgh Pirates,St. Louis Cardinals
2015,2015-09-30,416020,2015-09-30 23:05:00+00:00,R,S,2,134,138,Pittsburgh Pirates,St. Louis Cardinals
2015,2015-09-30,416021,2015-09-30 20:05:00+00:00,R,Y,1,110,141,Baltimore Orioles,Toronto Blue Jays
2015,2015-09-30,416006,2015-09-30 20:10:00+00:00,R,Y,2,110,141,Baltimore Orioles,Toronto Blue Jays
2015,2015-09-30,416017,2015-09-30 20:10:00+00:00,R,Y,1,114,142,Cleveland Indians,Minnesota Twins
2015,2015-09-30,416002,2015-09-30 20:15:00+00:00,R,Y,2,114,142,Cleveland Indians,Minnesota Twins
2015,2015-09-30,416019,2015-09-30 23:05:00+00:00,R,N,1,108,133,Los Angeles Angels,Oakland Athletics
2015,2015-09-30,416018,2015-09-30 23:05:00+00:00,R,N,1,143,121,Philadelphia Phillies,New York Mets
2015,2015-09-30,416008,2015-09-30 23:05:00+00:00,R,N,1,147,111,New York Yankees,Boston Red Sox
2015,2015-09-30,416009,2015-09-30 23:10:00+00:00,R,N,1,113,112,Cincinnati Reds,Chicago Cubs
2015,2015-09-30,416022,2015-09-30 23:10:00+00:00,R,N,1,144,120,Atlanta Braves,Washington Nationals
2015,2015-09-30,416015,2015-09-30 23:10:00+00:00,R,N,1,139,146,Tampa Bay Rays,Miami Marlins
2015,2015-09-30,416011,2015-10-01 00:05:00+00:00,R,N,1,140,116,Texas Rangers,Detroit Tigers
2015,2015-09-30,416013,2015-10-01 00:10:00+00:00,R,N,1,145,118,Chicago White Sox,Kansas City Royals
2015,2015-09-30,416010,2015-10-01 01:40:00+00:00,R,N,1,109,115,Arizona Diamondbacks,Colorado Rockies
2015,2015-09-30,416012,2015-10-01 02:10:00+00:00,R,N,1,136,117,Seattle Mariners,Houston Astros
2015,2015-09-30,416016,2015-10-01 02:10:00+00:00,R,N,1,135,158,San Diego Padres,Milwaukee Brewers
2015,2015-09-30,416014,2015-10-01 02:15:00+00:00,R,N,1,137,119,San Francisco Giants,Los Angeles Dodgers
2015,2015-10-01,416033,2015-10-01 16:05:00+00:00,R,N,1,110,141,Baltimore Orioles,Toronto Blue Jays
2015,2015-10-01,416032,2015-10-01 16:05:00+00:00,R,N,1,143,121,Philadelphia Phillies,New York Mets
2015,2015-10-01,416025,2015-10-01 16:35:00+00:00,R,N,1,113,112,Cincinnati Reds,Chicago Cubs
2015,2015-10-01,416028,2015-10-01 19:45:00+00:00,R,N,1,137,119,San Francisco Giants,Los Angeles Dodgers
2015,2015-10-01,416030,2015-10-01 22:40:00+00:00,R,N,1,135,158,San Diego Padres,Milwaukee Brewers
2015,2015-10-01,416024,2015-10-01 23:05:00+00:00,R,N,1,147,111,New York Yankees,Boston Red Sox
2015,2015-10-01,416031,2015-10-01 23:10:00+00:00,R,N,1,114,142,Cleveland Indians,Minnesota Twins
2015,2015-10-01,416034,2015-10-01 23:10:00+00:00,R,N,1,144,120,Atlanta Braves,Washington Nationals
2015,2015-10-01,416029,2015-10-01 23:10:00+00:00,R,N,1,139,146,Tampa Bay Rays,Miami Marlins
2015,2015-10-01,416023,2015-10-02 00:05:00+00:00,R,N,1,140,108,Texas Rangers,Los Angeles Angels
2015,2015-10-01,416027,2015-10-02 00:10:00+00:00,R,N,1,145,118,Chicago White Sox,Kansas City Royals
2015,2015-10-01,416026,2015-10-02 01:40:00+00:00,R,N,1,109,115,Arizona Diamondbacks,Colorado Rockies
2015,2015-10-02,416038,2015-10-02 23:05:00+00:00,R,N,1,134,113,Pittsburgh Pirates,Cincinnati Reds
2015,2015-10-02,416036,2015-10-02 23:10:00+00:00,R,N,1,114,111,Cleveland Indians,Boston Red Sox
2015,2015-10-02,416048,2015-10-02 23:10:00+00:00,R,N,1,139,141,Tampa Bay Rays,Toronto Blue Jays
2015,2015-10-02,416047,2015-10-02 23:35:00+00:00,R,N,1,144,138,Atlanta Braves,St. Louis Cardinals
2015,2015-10-02,416035,2015-10-03 00:05:00+00:00,R,N,1,140,108,Texas Rangers,Los Angeles Angels
2015,2015-10-02,416042,2015-10-03 00:10:00+00:00,R,N,1,142,118,Minnesota Twins,Kansas City Royals
2015,2015-10-02,416040,2015-10-03 00:10:00+00:00,R,N,1,145,116,Chicago White Sox,Detroit Tigers
2015,2015-10-02,416037,2015-10-03 00:10:00+00:00,R,N,1,158,112,Milwaukee Brewers,Chicago Cubs
2015,2015-10-02,416041,2015-10-03 01:40:00+00:00,R,N,1,109,117,Arizona Diamondbacks,Houston Astros
2015,2015-10-02,416046,2015-10-03 02:10:00+00:00,R,N,1,119,135,Los Angeles Dodgers,San Diego Padres
2015,2015-10-02,416045,2015-10-03 02:10:00+00:00,R,N,1,136,133,Seattle Mariners,Oakland Athletics
2015,2015-10-02,416039,2015-10-03 02:15:00+00:00,R,N,1,137,115,San Francisco Giants,Colorado Rockies
2015,2015-10-03,416043,2015-10-02 23:05:00+00:00,R,N,1,143,146,Philadelphia Phillies,Miami Marlins
2015,2015-10-03,416044,2015-10-02 23:05:00+00:00,R,N,1,110,147,Baltimore Orioles,New York Yankees
2015,2015-10-03,416049,2015-10-02 23:10:00+00:00,R,N,1,121,120,New York Mets,Washington Nationals
2015,2015-10-03,416044,2015-10-03 16:05:00+00:00,R,S,1,110,147,Baltimore Orioles,New York Yankees
2015,2015-10-03,416059,2015-10-03 23:05:00+00:00,R,S,2,110,147,Baltimore Orioles,New York Yankees
2015,2015-10-03,416050,2015-10-03 17:05:00+00:00,R,N,1,140,108,Texas Rangers,Los Angeles Angels
2015,2015-10-03,416057,2015-10-03 17:05:00+00:00,R,N,1,142,118,Minnesota Twins,Kansas City Royals
2015,2015-10-03,416049,2015-10-03 17:10:00+00:00,R,S,1,121,120,New York Mets,Washington Nationals
2015,2015-10-03,416064,2015-10-03 23:10:00+00:00,R,S,2,121,120,New York Mets,Washington Nationals
2015,2015-10-03,416054,2015-10-03 20:05:00+00:00,R,N,1,137,115,San Francisco Giants,Colorado Rockies
2015,2015-10-03,416058,2015-10-03 20:05:00+00:00,R,Y,1,143,146,Philadelphia Phillies,Miami Marlins
2015,2015-10-03,416043,2015-10-03 20:10:00+00:00,R,Y,2,143,146,Philadelphia Phillies,Miami Marlins
2015,2015-10-03,416063,2015-10-03 22:10:00+00:00,R,N,1,139,141,Tampa Bay Rays,Toronto Blue Jays
2015,2015-10-03,416053,2015-10-03 23:05:00+00:00,R,N,1,134,113,Pittsburgh Pirates,Cincinnati Reds
2015,2015-10-03,416051,2015-10-03 23:10:00+00:00,R,N,1,114,111,Cleveland Indians,Boston Red Sox
2015,2015-10-03,416055,2015-10-03 23:10:00+00:00,R,N,1,145,116,Chicago White Sox,Detroit Tigers
2015,2015-10-03,416052,2015-10-03 23:10:00+00:00,R,N,1,158,112,Milwaukee Brewers,Chicago Cubs
2015,2015-10-03,416056,2015-10-04 00:10:00+00:00,R,N,1,109,117,Arizona Diamondbacks,Houston Astros
2015,2015-10-03,416061,2015-10-04 01:10:00+00:00,R,N,1,119,135,Los Angeles Dodgers,San Diego Padres
2015,2015-10-03,416060,2015-10-04 01:10:00+00:00,R,N,1,136,133,Seattle Mariners,Oakland Athletics
2015,2015-10-04,416062,2015-10-03 23:10:00+00:00,R,N,1,144,138,Atlanta Braves,St. Louis Cardinals
2015,2015-10-04,416077,2015-10-04 17:00:00+00:00,R,Y,1,144,138,Atlanta Braves,St. Louis Cardinals
2015,2015-10-04,416062,2015-10-04 17:05:00+00:00,R,Y,2,144,138,Atlanta Braves,St. Louis Cardinals
2015,2015-10-04,416068,2015-10-04 19:05:00+00:00,R,N,1,134,113,Pittsburgh Pirates,Cincinnati Reds
2015,2015-10-04,416069,2015-10-04 19:05:00+00:00,R,N,1,137,115,San Francisco Giants,Colorado Rockies
2015,2015-10-04,416065,2015-10-04 19:05:00+00:00,R,N,1,140,108,Texas Rangers,Los Angeles Angels
2015,2015-10-04,416073,2015-10-04 19:05:00+00:00,R,N,1,143,146,Philadelphia Phillies,Miami Marlins
2015,2015-10-04,416074,2015-10-04 19:05:00+00:00,R,N,1,110,147,Baltimore Orioles,New York Yankees
2015,2015-10-04,416066,2015-10-04 19:10:00+00:00,R,N,1,114,111,Cleveland Indians,Boston Red Sox
2015,2015-10-04,416071,2015-10-04 19:10:00+00:00,R,N,1,109,117,Arizona Diamondbacks,Houston Astros
2015,2015-10-04,416079,2015-10-04 19:10:00+00:00,R,N,1,121,120,New York Mets,Washington Nationals
2015,2015-10-04,416076,2015-10-04 19:10:00+00:00,R,N,1,119,135,Los Angeles Dodgers,San Diego Padres
2015,2015-10-04,416075,2015-10-04 19:10:00+00:00,R,N,1,136,133,Seattle Mariners,Oakland Athletics
2015,2015-10-04,416078,2015-10-04 19:10:00+00:00,R,N,1,139,141,Tampa Bay Rays,Toronto Blue Jays
2015,2015-10-04,416072,2015-10-04 19:10:00+00:00,R,N,1,142,118,Minnesota Twins,Kansas City Royals
2015,2015-10-04,416070,2015-10-04 19:10:00+00:00,R,N,1,145,116,Chicago White Sox,Detroit Tigers
2015,2015-10-04,416067,2015-10-04 19:10:00+00:00,R,N,1,158,112,Milwaukee Brewers,Chicago Cubs
