season,game_date_et,game_pk,start_utc,game_type,doubleheader,game_number,home_team_id,away_team_id,home_team,away_team
2016,2016-04-03,446877,2016-04-03 17:05:00+00:00,R,N,1,134,138,Pittsburgh Pirates,St. Louis Cardinals
2016,2016-04-03,446911,2016-04-03 20:05:00+00:00,R,N,1,139,141,Tampa Bay Rays,Toronto Blue Jays
2016,2016-04-03,446873,2016-04-04 00:37:00+00:00,R,N,1,118,121,Kansas City Royals,New York Mets
2016,2016-04-04,446875,2016-04-04 18:10:00+00:00,R,N,1,158,137,Milwaukee Brewers,San Francisco Giants
2016,2016-04-04,446872,2016-04-04 19:05:00+00:00,R,N,1,110,142,Baltimore Orioles,Minnesota Twins
2016,2016-04-04,446876,2016-04-04 20:05:00+00:00,R,N,1,140,136,Texas Rangers,Seattle Mariners
2016,2016-04-04,446874,2016-04-04 20:10:00+00:00,R,N,1,113,143,Cincinnati Reds,Philadelphia Phillies
2016,2016-04-04,446879,2016-04-04 20:10:00+00:00,R,N,1,144,120,Atlanta Braves,Washington Nationals
2016,2016-04-04,446871,2016-04-04 23:05:00+00:00,R,N,1,135,119,San Diego Padres,Los Angeles Dodgers
2016,2016-04-04,446878,2016-04-04 23:10:00+00:00,R,N,1,139,141,Tampa Bay Rays,Toronto Blue Jays
2016,2016-04-04,446869,2016-04-05 01:40:00+00:00,R,N,1,109,115,Arizona Diamondbacks,Colorado Rockies
2016,2016-04-04,446889,2016-04-05 02:05:00+00:00,R,N,1,108,112,Los Angeles Angels,Chicago Cubs
2016,2016-04-04,446868,2016-04-05 02:05:00+00:00,R,N,1,133,145,Oakland Athletics,Chicago White Sox
2016,2016-04-05,446870,2016-04-04 17:05:00+00:00,R,N,1,147,117,New York Yankees,Houston Astros
2016,2016-04-05,446867,2016-04-04 20:10:00+00:00,R,N,1,114,111,Cleveland Indians,Boston Red Sox
2016,2016-04-05,446870,2016-04-05 17:05:00+00:00,R,N,1,147,117,New York Yankees,Houston Astros
2016,2016-04-05,446867,2016-04-05 17:10:00+00:00,R,N,1,114,111,Cleveland Indians,Boston Red Sox
2016,2016-04-05,446896,2016-04-05 20:15:00+00:00,R,N,1,118,121,Kansas City Royals,New York Mets
2016,2016-04-05,446910,2016-04-05 23:05:00+00:00,R,N,1,134,138,Pittsburgh Pirates,St. Louis Cardinals
2016,2016-04-05,446887,2016-04-05 23:10:00+00:00,R,N,1,139,141,Tampa Bay Rays,Toronto Blue Jays
2016,2016-04-05,446883,2016-04-05 23:10:00+00:00,R,N,1,146,116,Miami Marlins,Detroit Tigers
2016,2016-04-05,446886,2016-04-06 00:05:00+00:00,R,N,1,140,136,Texas Rangers,Seattle Mariners
2016,2016-04-05,446885,2016-04-06 00:10:00+00:00,R,N,1,158,137,Milwaukee Brewers,San Francisco Giants
2016,2016-04-05,446882,2016-04-06 01:40:00+00:00,R,N,1,109,115,Arizona Diamondbacks,Colorado Rockies
2016,2016-04-05,446880,2016-04-06 02:05:00+00:00,R,N,1,108,112,Los Angeles Angels,Chicago Cubs
2016,2016-04-05,446881,2016-04-06 02:05:00+00:00,R,N,1,133,145,Oakland Athletics,Chicago White Sox
2016,2016-04-05,446884,2016-04-06 02:10:00+00:00,R,N,1,135,119,San Diego Padres,Los Angeles Dodgers
2016,2016-04-06,446901,2016-04-06 17:10:00+00:00,R,N,1,139,141,Tampa Bay Rays,Toronto Blue Jays
2016,2016-04-06,446898,2016-04-06 17:40:00+00:00,R,N,1,158,137,Milwaukee Brewers,San Francisco Giants
2016,2016-04-06,446899,2016-04-06 18:05:00+00:00,R,N,1,140,136,Texas Rangers,Seattle Mariners
2016,2016-04-06,446891,2016-04-06 19:40:00+00:00,R,N,1,109,115,Arizona Diamondbacks,Colorado Rockies
2016,2016-04-06,446892,2016-04-06 20:55:00+00:00,R,N,1,146,116,Miami Marlins,Detroit Tigers
2016,2016-04-06,446888,2016-04-06 22:10:00+00:00,R,N,1,114,111,Cleveland Indians,Boston Red Sox
2016,2016-04-06,446900,2016-04-06 23:05:00+00:00,R,N,1,134,138,Pittsburgh Pirates,St. Louis Cardinals
2016,2016-04-06,446895,2016-04-06 23:05:00+00:00,R,N,1,110,142,Baltimore Orioles,Minnesota Twins
2016,2016-04-06,446893,2016-04-06 23:05:00+00:00,R,N,1,147,117,New York Yankees,Houston Astros
2016,2016-04-06,446897,2016-04-06 23:10:00+00:00,R,N,1,113,143,Cincinnati Reds,Philadelphia Phillies
2016,2016-04-06,446902,2016-04-06 23:10:00+00:00,R,N,1,144,120,Atlanta Braves,Washington Nationals
2016,2016-04-06,446894,2016-04-07 01:10:00+00:00,R,N,1,135,119,San Diego Padres,Los Angeles Dodgers
2016,2016-04-06,446890,2016-04-07 02:05:00+00:00,R,N,1,133,145,Oakland Athletics,Chicago White Sox
2016,2016-04-07,446909,2016-04-07 16:35:00+00:00,R,N,1,113,143,Cincinnati Reds,Philadelphia Phillies
2016,2016-04-07,446905,2016-04-07 19:35:00+00:00,R,N,1,133,145,Oakland Athletics,Chicago White Sox
2016,2016-04-07,446917,2016-04-07 20:05:00+00:00,R,N,1,120,146,Washington Nationals,Miami Marlins
2016,2016-04-07,446906,2016-04-07 20:05:00+00:00,R,N,1,147,117,New York Yankees,Houston Astros
2016,2016-04-07,446907,2016-04-07 20:35:00+00:00,R,N,1,137,119,San Francisco Giants,Los Angeles Dodgers
2016,2016-04-07,446908,2016-04-07 23:05:00+00:00,R,N,1,110,142,Baltimore Orioles,Minnesota Twins
2016,2016-04-07,446904,2016-04-08 01:40:00+00:00,R,N,1,109,112,Arizona Diamondbacks,Chicago Cubs
2016,2016-04-07,448298,2016-04-08 02:05:00+00:00,R,N,1,108,140,Los Angeles Angels,Texas Rangers
2016,2016-08-15,446903,2016-04-07 22:10:00+00:00,R,N,1,114,111,Cleveland Indians,Boston Red Sox
2016,2016-04-08,446921,2016-04-08 17:10:00+00:00,R,N,1,121,143,New York Mets,Philadelphia Phillies
2016,2016-04-08,446919,2016-04-08 17:10:00+00:00,R,N,1,116,147,Detroit Tigers,New York Yankees
2016,2016-04-08,446923,2016-04-08 20:10:00+00:00,R,N,1,115,135,Colorado Rockies,San Diego Padres
2016,2016-04-08,446914,2016-04-08 20:10:00+00:00,R,N,1,145,114,Chicago White Sox,Cleveland Indians
2016,2016-04-08,446925,2016-04-08 23:05:00+00:00,R,N,1,110,139,Baltimore Orioles,Tampa Bay Rays
2016,2016-04-08,446912,2016-04-08 23:07:00+00:00,R,N,1,141,111,Toronto Blue Jays,Boston Red Sox
2016,2016-04-08,446922,2016-04-08 23:10:00+00:00,R,N,1,113,134,Cincinnati Reds,Pittsburgh Pirates
2016,2016-04-08,446924,2016-04-08 23:35:00+00:00,R,N,1,144,138,Atlanta Braves,St. Louis Cardinals
2016,2016-04-08,446915,2016-04-09 00:10:00+00:00,R,N,1,158,117,Milwaukee Brewers,Houston Astros
2016,2016-04-08,446918,2016-04-09 00:15:00+00:00,R,N,1,118,142,Kansas City Royals,Minnesota Twins
2016,2016-04-08,446913,2016-04-09 01:40:00+00:00,R,N,1,109,112,Arizona Diamondbacks,Chicago Cubs
2016,2016-04-08,446926,2016-04-09 02:05:00+00:00,R,N,1,108,140,Los Angeles Angels,Texas Rangers
2016,2016-04-08,446920,2016-04-09 02:10:00+00:00,R,N,1,136,133,Seattle Mariners,Oakland Athletics
2016,2016-04-08,446916,2016-04-09 02:15:00+00:00,R,N,1,137,119,San Francisco Giants,Los Angeles Dodgers
2016,2016-04-09,446927,2016-04-09 17:07:00+00:00,R,N,1,141,111,Toronto Blue Jays,Boston Red Sox
2016,2016-04-09,446937,2016-04-09 17:10:00+00:00,R,N,1,113,134,Cincinnati Reds,Pittsburgh Pirates
2016,2016-04-09,446934,2016-04-09 17:10:00+00:00,R,N,1,116,147,Detroit Tigers,New York Yankees
2016,2016-04-09,446929,2016-04-09 18:10:00+00:00,R,N,1,145,114,Chicago White Sox,Cleveland Indians
2016,2016-04-09,446931,2016-04-09 20:05:00+00:00,R,N,1,137,119,San Francisco Giants,Los Angeles Dodgers
2016,2016-04-09,446936,2016-04-09 23:10:00+00:00,R,N,1,121,143,New York Mets,Philadelphia Phillies
2016,2016-04-09,446939,2016-04-09 23:10:00+00:00,R,N,1,144,138,Atlanta Braves,St. Louis Cardinals
2016,2016-04-09,446930,2016-04-09 23:10:00+00:00,R,N,1,158,117,Milwaukee Brewers,Houston Astros
2016,2016-04-09,446933,2016-04-09 23:15:00+00:00,R,N,1,118,142,Kansas City Royals,Minnesota Twins
2016,2016-04-09,446928,2016-04-10 00:10:00+00:00,R,N,1,109,112,Arizona Diamondbacks,Chicago Cubs
2016,2016-04-09,446938,2016-04-10 00:10:00+00:00,R,N,1,115,135,Colorado Rockies,San Diego Padres
2016,2016-04-09,446941,2016-04-10 01:05:00+00:00,R,N,1,108,140,Los Angeles Angels,Texas Rangers
2016,2016-04-09,446935,2016-04-10 01:10:00+00:00,R,N,1,136,133,Seattle Mariners,Oakland Athletics
2016,2016-05-14,446932,2016-04-09 20:05:00+00:00,R,N,1,120,146,Washington Nationals,Miami Marlins
2016,2016-06-25,446940,2016-04-09 23:05:00+00:00,R,N,1,110,139,Baltimore Orioles,Tampa Bay Rays
2016,2016-04-10,446942,2016-04-10 17:07:00+00:00,R,N,1,141,111,Toronto Blue Jays,Boston Red Sox
2016,2016-04-10,446952,2016-04-10 17:10:00+00:00,R,N,1,113,134,Cincinnati Reds,Pittsburgh Pirates
2016,2016-04-10,446951,2016-04-10 17:10:00+00:00,R,N,1,121,143,New York Mets,Philadelphia Phillies
2016,2016-04-10,446955,2016-04-10 17:35:00+00:00,R,N,1,110,139,Baltimore Orioles,Tampa Bay Rays
2016,2016-04-10,446954,2016-04-10 17:35:00+00:00,R,N,1,144,138,Atlanta Braves,St. Louis Cardinals
2016,2016-04-10,446947,2016-04-10 17:35:00+00:00,R,N,1,120,146,Washington Nationals,Miami Marlins
2016,2016-04-10,446945,2016-04-10 18:10:00+00:00,R,N,1,158,117,Milwaukee Brewers,Houston Astros
2016,2016-04-10,446948,2016-04-10 18:15:00+00:00,R,N,1,118,142,Kansas City Royals,Minnesota Twins
2016,2016-04-10,446956,2016-04-10 19:35:00+00:00,R,N,1,108,140,Los Angeles Angels,Texas Rangers
2016,2016-04-10,446946,2016-04-10 20:05:00+00:00,R,N,1,137,119,San Francisco Giants,Los Angeles Dodgers
2016,2016-04-10,446943,2016-04-10 20:10:00+00:00,R,N,1,109,112,Arizona Diamondbacks,Chicago Cubs
2016,2016-04-10,446953,2016-04-10 20:10:00+00:00,R,N,1,115,135,Colorado Rockies,San Diego Padres
2016,2016-04-10,446950,2016-04-10 20:10:00+00:00,R,N,1,136,133,Seattle Mariners,Oakland Athletics
2016,2016-05-23,446944,2016-04-10 18:10:00+00:00,R,N,1,145,114,Chicago White Sox,Cleveland Indians
2016,2016-06-02,446949,2016-04-11 00:10:00+00:00,R,N,1,116,147,Detroit Tigers,New York Yankees
2016,2016-04-11,446965,2016-04-11 17:10:00+00:00,R,N,1,116,134,Detroit Tigers,Pittsburgh Pirates
2016,2016-04-11,446958,2016-04-11 18:05:00+00:00,R,N,1,111,110,Boston Red Sox,Baltimore Orioles
2016,2016-04-11,446966,2016-04-11 19:05:00+00:00,R,N,1,143,135,Philadelphia Phillies,San Diego Padres
2016,2016-04-11,446959,2016-04-11 20:10:00+00:00,R,N,1,142,145,Minnesota Twins,Chicago White Sox
2016,2016-04-11,446964,2016-04-11 20:15:00+00:00,R,N,1,138,158,St. Louis Cardinals,Milwaukee Brewers
2016,2016-04-11,446957,2016-04-11 23:05:00+00:00,R,N,1,120,144,Washington Nationals,Atlanta Braves
2016,2016-04-11,446963,2016-04-11 23:10:00+00:00,R,N,1,121,146,New York Mets,Miami Marlins
2016,2016-04-11,446960,2016-04-12 00:05:00+00:00,R,N,1,112,113,Chicago Cubs,Cincinnati Reds
2016,2016-04-11,446961,2016-04-12 00:10:00+00:00,R,N,1,117,118,Houston Astros,Kansas City Royals
2016,2016-04-11,446962,2016-04-12 02:05:00+00:00,R,N,1,133,108,Oakland Athletics,Los Angeles Angels
2016,2016-04-11,446967,2016-04-12 02:10:00+00:00,R,N,1,136,140,Seattle Mariners,Texas Rangers
2016,2016-04-12,446977,2016-04-12 17:10:00+00:00,R,N,1,116,134,Detroit Tigers,Pittsburgh Pirates
2016,2016-04-12,446968,2016-04-12 20:10:00+00:00,R,N,1,119,109,Los Angeles Dodgers,Arizona Diamondbacks
2016,2016-04-12,446978,2016-04-12 23:05:00+00:00,R,N,1,143,135,Philadelphia Phillies,San Diego Padres
2016,2016-04-12,446969,2016-04-12 23:05:00+00:00,R,N,1,120,144,Washington Nationals,Atlanta Braves
2016,2016-04-12,446976,2016-04-12 23:07:00+00:00,R,N,1,141,147,Toronto Blue Jays,New York Yankees
2016,2016-04-12,446970,2016-04-12 23:10:00+00:00,R,N,1,111,110,Boston Red Sox,Baltimore Orioles
2016,2016-04-12,446971,2016-04-12 23:10:00+00:00,R,N,1,139,114,Tampa Bay Rays,Cleveland Indians
2016,2016-04-12,446974,2016-04-12 23:10:00+00:00,R,N,1,121,146,New York Mets,Miami Marlins
2016,2016-04-12,446972,2016-04-13 00:10:00+00:00,R,N,1,117,118,Houston Astros,Kansas City Royals
2016,2016-04-12,446979,2016-04-13 00:40:00+00:00,R,N,1,115,137,Colorado Rockies,San Francisco Giants
2016,2016-04-12,446973,2016-04-13 02:05:00+00:00,R,N,1,133,108,Oakland Athletics,Los Angeles Angels
2016,2016-04-12,446980,2016-04-13 02:10:00+00:00,R,N,1,136,140,Seattle Mariners,Texas Rangers
2016,2016-04-13,446990,2016-04-13 17:10:00+00:00,R,N,1,121,146,New York Mets,Miami Marlins
2016,2016-04-13,446989,2016-04-13 19:35:00+00:00,R,N,1,133,108,Oakland Athletics,Los Angeles Angels
2016,2016-04-13,446995,2016-04-13 19:40:00+00:00,R,N,1,136,140,Seattle Mariners,Texas Rangers
2016,2016-04-13,446987,2016-04-13 23:05:00+00:00,R,N,1,134,116,Pittsburgh Pirates,Detroit Tigers
2016,2016-04-13,446993,2016-04-13 23:05:00+00:00,R,N,1,143,135,Philadelphia Phillies,San Diego Padres
2016,2016-04-13,446982,2016-04-13 23:05:00+00:00,R,N,1,120,144,Washington Nationals,Atlanta Braves
2016,2016-04-13,446992,2016-04-13 23:07:00+00:00,R,N,1,141,147,Toronto Blue Jays,New York Yankees
2016,2016-04-13,446983,2016-04-13 23:10:00+00:00,R,N,1,111,110,Boston Red Sox,Baltimore Orioles
2016,2016-04-13,446986,2016-04-13 23:10:00+00:00,R,N,1,139,114,Tampa Bay Rays,Cleveland Indians
2016,2016-04-13,446985,2016-04-14 00:05:00+00:00,R,N,1,112,113,Chicago Cubs,Cincinnati Reds
2016,2016-04-13,446988,2016-04-14 00:10:00+00:00,R,N,1,117,118,Houston Astros,Kansas City Royals
2016,2016-04-13,446984,2016-04-14 00:10:00+00:00,R,N,1,142,145,Minnesota Twins,Chicago White Sox
2016,2016-04-13,446975,2016-04-14 00:15:00+00:00,R,N,1,138,158,St. Louis Cardinals,Milwaukee Brewers
2016,2016-04-13,446994,2016-04-14 00:40:00+00:00,R,N,1,115,137,Colorado Rockies,San Francisco Giants
2016,2016-04-13,446981,2016-04-14 02:10:00+00:00,R,N,1,119,109,Los Angeles Dodgers,Arizona Diamondbacks
2016,2016-04-14,447002,2016-04-14 16:35:00+00:00,R,N,1,134,116,Pittsburgh Pirates,Detroit Tigers
2016,2016-04-14,447005,2016-04-14 17:05:00+00:00,R,N,1,143,135,Philadelphia Phillies,San Diego Padres
2016,2016-04-14,447001,2016-04-14 17:10:00+00:00,R,N,1,139,114,Tampa Bay Rays,Cleveland Indians
2016,2016-04-14,446999,2016-04-14 17:10:00+00:00,R,N,1,142,145,Minnesota Twins,Chicago White Sox
2016,2016-04-14,446991,2016-04-14 17:45:00+00:00,R,N,1,138,158,St. Louis Cardinals,Milwaukee Brewers
2016,2016-04-14,447006,2016-04-14 19:10:00+00:00,R,N,1,115,137,Colorado Rockies,San Francisco Giants
2016,2016-04-14,446997,2016-04-14 20:05:00+00:00,R,N,1,120,144,Washington Nationals,Atlanta Braves
2016,2016-04-14,447004,2016-04-14 23:07:00+00:00,R,N,1,141,147,Toronto Blue Jays,New York Yankees
2016,2016-04-14,447000,2016-04-15 00:05:00+00:00,R,N,1,112,113,Chicago Cubs,Cincinnati Reds
2016,2016-04-14,446998,2016-04-15 00:05:00+00:00,R,N,1,140,110,Texas Rangers,Baltimore Orioles
2016,2016-04-14,447003,2016-04-15 00:10:00+00:00,R,N,1,117,118,Houston Astros,Kansas City Royals
2016,2016-04-14,446996,2016-04-15 02:10:00+00:00,R,N,1,119,109,Los Angeles Dodgers,Arizona Diamondbacks
2016,2016-04-15,447012,2016-04-15 18:20:00+00:00,R,N,1,112,115,Chicago Cubs,Colorado Rockies
2016,2016-04-15,447021,2016-04-15 23:05:00+00:00,R,N,1,143,120,Philadelphia Phillies,Washington Nationals
2016,2016-04-15,447019,2016-04-15 23:05:00+00:00,R,N,1,147,136,New York Yankees,Seattle Mariners
2016,2016-04-15,447016,2016-04-15 23:05:00+00:00,R,N,1,134,158,Pittsburgh Pirates,Milwaukee Brewers
2016,2016-04-15,447017,2016-04-15 23:10:00+00:00,R,N,1,114,121,Cleveland Indians,New York Mets
2016,2016-04-15,447020,2016-04-15 23:10:00+00:00,R,N,1,111,141,Boston Red Sox,Toronto Blue Jays
2016,2016-04-15,447010,2016-04-15 23:10:00+00:00,R,N,1,139,145,Tampa Bay Rays,Chicago White Sox
2016,2016-04-15,447008,2016-04-15 23:10:00+00:00,R,N,1,146,144,Miami Marlins,Atlanta Braves
2016,2016-04-15,447009,2016-04-16 00:05:00+00:00,R,N,1,140,110,Texas Rangers,Baltimore Orioles
2016,2016-04-15,447013,2016-04-16 00:10:00+00:00,R,N,1,117,116,Houston Astros,Detroit Tigers
2016,2016-04-15,447015,2016-04-16 00:10:00+00:00,R,N,1,142,108,Minnesota Twins,Los Angeles Angels
2016,2016-04-15,447011,2016-04-16 00:15:00+00:00,R,N,1,138,113,St. Louis Cardinals,Cincinnati Reds
2016,2016-04-15,447014,2016-04-16 02:05:00+00:00,R,N,1,133,118,Oakland Athletics,Kansas City Royals
2016,2016-04-15,447018,2016-04-16 02:10:00+00:00,R,N,1,119,137,Los Angeles Dodgers,San Francisco Giants
2016,2016-04-15,447007,2016-04-16 02:40:00+00:00,R,N,1,135,109,San Diego Padres,Arizona Diamondbacks
2016,2016-04-16,447034,2016-04-16 17:05:00+00:00,R,N,1,147,136,New York Yankees,Seattle Mariners
2016,2016-04-16,447030,2016-04-16 18:10:00+00:00,R,N,1,142,108,Minnesota Twins,Los Angeles Angels
2016,2016-04-16,447026,2016-04-16 18:15:00+00:00,R,N,1,138,113,St. Louis Cardinals,Cincinnati Reds
2016,2016-04-16,447027,2016-04-16 18:20:00+00:00,R,N,1,112,115,Chicago Cubs,Colorado Rockies
2016,2016-04-16,447029,2016-04-16 20:05:00+00:00,R,N,1,133,118,Oakland Athletics,Kansas City Royals
2016,2016-04-16,447035,2016-04-16 20:05:00+00:00,R,N,1,111,141,Boston Red Sox,Toronto Blue Jays
2016,2016-04-16,447032,2016-04-16 20:10:00+00:00,R,N,1,114,121,Cleveland Indians,New York Mets
2016,2016-04-16,447025,2016-04-16 22:10:00+00:00,R,N,1,139,145,Tampa Bay Rays,Chicago White Sox
2016,2016-04-16,447036,2016-04-16 23:05:00+00:00,R,N,1,143,120,Philadelphia Phillies,Washington Nationals
2016,2016-04-16,447031,2016-04-16 23:05:00+00:00,R,N,1,134,158,Pittsburgh Pirates,Milwaukee Brewers
2016,2016-04-16,447028,2016-04-16 23:10:00+00:00,R,N,1,117,116,Houston Astros,Detroit Tigers
2016,2016-04-16,447023,2016-04-16 23:10:00+00:00,R,N,1,146,144,Miami Marlins,Atlanta Braves
2016,2016-04-16,447024,2016-04-17 00:05:00+00:00,R,N,1,140,110,Texas Rangers,Baltimore Orioles
2016,2016-04-16,447022,2016-04-17 00:40:00+00:00,R,N,1,135,109,San Diego Padres,Arizona Diamondbacks
2016,2016-04-16,447033,2016-04-17 01:10:00+00:00,R,N,1,119,137,Los Angeles Dodgers,San Francisco Giants
2016,2016-04-17,447049,2016-04-17 17:05:00+00:00,R,N,1,147,136,New York Yankees,Seattle Mariners
2016,2016-04-17,447047,2016-04-17 17:10:00+00:00,R,N,1,114,121,Cleveland Indians,New York Mets
2016,2016-04-17,447040,2016-04-17 17:10:00+00:00,R,N,1,139,145,Tampa Bay Rays,Chicago White Sox
2016,2016-04-17,447038,2016-04-17 17:10:00+00:00,R,N,1,146,144,Miami Marlins,Atlanta Braves
2016,2016-04-17,447050,2016-04-17 17:35:00+00:00,R,N,1,111,141,Boston Red Sox,Toronto Blue Jays
2016,2016-04-17,447051,2016-04-17 17:35:00+00:00,R,N,1,143,120,Philadelphia Phillies,Washington Nationals
2016,2016-04-17,447046,2016-04-17 17:35:00+00:00,R,N,1,134,158,Pittsburgh Pirates,Milwaukee Brewers
2016,2016-04-17,447043,2016-04-17 18:10:00+00:00,R,N,1,117,116,Houston Astros,Detroit Tigers
2016,2016-04-17,447045,2016-04-17 18:10:00+00:00,R,N,1,142,108,Minnesota Twins,Los Angeles Angels
2016,2016-04-17,447041,2016-04-17 18:15:00+00:00,R,N,1,138,113,St. Louis Cardinals,Cincinnati Reds
2016,2016-04-17,447042,2016-04-17 18:20:00+00:00,R,N,1,112,115,Chicago Cubs,Colorado Rockies
2016,2016-04-17,447044,2016-04-17 20:05:00+00:00,R,N,1,133,118,Oakland Athletics,Kansas City Royals
2016,2016-04-17,447037,2016-04-17 20:40:00+00:00,R,N,1,135,109,San Diego Padres,Arizona Diamondbacks
2016,2016-04-17,447048,2016-04-18 00:05:00+00:00,R,N,1,119,137,Los Angeles Dodgers,San Francisco Giants
2016,2016-06-20,447039,2016-04-17 19:05:00+00:00,R,N,1,140,110,Texas Rangers,Baltimore Orioles
2016,2016-04-18,447057,2016-04-18 15:05:00+00:00,R,N,1,111,141,Boston Red Sox,Toronto Blue Jays
2016,2016-04-18,447067,2016-04-18 23:05:00+00:00,R,N,1,143,121,Philadelphia Phillies,New York Mets
2016,2016-04-18,447054,2016-04-18 23:10:00+00:00,R,N,1,113,115,Cincinnati Reds,Colorado Rockies
2016,2016-04-18,447058,2016-04-18 23:10:00+00:00,R,N,1,146,120,Miami Marlins,Washington Nationals
2016,2016-04-18,447053,2016-04-19 00:09:00+00:00,R,N,1,138,112,St. Louis Cardinals,Chicago Cubs
2016,2016-04-18,447055,2016-04-19 00:10:00+00:00,R,N,1,145,108,Chicago White Sox,Los Angeles Angels
2016,2016-04-18,447056,2016-04-19 00:10:00+00:00,R,N,1,142,158,Minnesota Twins,Milwaukee Brewers
2016,2016-04-18,447052,2016-04-19 02:15:00+00:00,R,N,1,137,109,San Francisco Giants,Arizona Diamondbacks
2016,2016-04-19,447066,2016-04-19 17:10:00+00:00,R,N,1,142,158,Minnesota Twins,Milwaukee Brewers
2016,2016-04-19,447070,2016-04-19 22:10:00+00:00,R,N,1,114,136,Cleveland Indians,Seattle Mariners
2016,2016-04-19,447072,2016-04-19 23:05:00+00:00,R,N,1,110,141,Baltimore Orioles,Toronto Blue Jays
2016,2016-04-19,447082,2016-04-19 23:05:00+00:00,R,N,1,143,121,Philadelphia Phillies,New York Mets
2016,2016-04-19,447068,2016-04-19 23:05:00+00:00,R,N,1,147,133,New York Yankees,Oakland Athletics
2016,2016-04-19,447061,2016-04-19 23:10:00+00:00,R,N,1,113,115,Cincinnati Reds,Colorado Rockies
2016,2016-04-19,447071,2016-04-19 23:10:00+00:00,R,N,1,111,139,Boston Red Sox,Tampa Bay Rays
2016,2016-04-19,447065,2016-04-19 23:10:00+00:00,R,N,1,144,119,Atlanta Braves,Los Angeles Dodgers
2016,2016-04-19,447073,2016-04-19 23:10:00+00:00,R,N,1,146,120,Miami Marlins,Washington Nationals
2016,2016-04-19,447062,2016-04-19 23:15:00+00:00,R,N,1,118,116,Kansas City Royals,Detroit Tigers
2016,2016-04-19,447063,2016-04-20 00:05:00+00:00,R,N,1,140,117,Texas Rangers,Houston Astros
2016,2016-04-19,447064,2016-04-20 00:10:00+00:00,R,N,1,145,108,Chicago White Sox,Los Angeles Angels
2016,2016-04-19,447060,2016-04-20 00:15:00+00:00,R,N,1,138,112,St. Louis Cardinals,Chicago Cubs
2016,2016-04-19,447069,2016-04-20 02:10:00+00:00,R,N,1,135,134,San Diego Padres,Pittsburgh Pirates
2016,2016-04-19,447059,2016-04-20 02:15:00+00:00,R,N,1,137,109,San Francisco Giants,Arizona Diamondbacks
2016,2016-04-20,447076,2016-04-20 16:35:00+00:00,R,N,1,113,115,Cincinnati Reds,Colorado Rockies
2016,2016-04-20,447075,2016-04-20 17:45:00+00:00,R,N,1,138,112,St. Louis Cardinals,Chicago Cubs
2016,2016-04-20,447079,2016-04-20 18:10:00+00:00,R,N,1,145,108,Chicago White Sox,Los Angeles Angels
2016,2016-04-20,447085,2016-04-20 22:10:00+00:00,R,N,1,114,136,Cleveland Indians,Seattle Mariners
2016,2016-04-20,447087,2016-04-20 23:05:00+00:00,R,N,1,110,141,Baltimore Orioles,Toronto Blue Jays
2016,2016-04-20,447096,2016-04-20 23:05:00+00:00,R,N,1,143,121,Philadelphia Phillies,New York Mets
2016,2016-04-20,447083,2016-04-20 23:05:00+00:00,R,N,1,147,133,New York Yankees,Oakland Athletics
2016,2016-04-20,447086,2016-04-20 23:10:00+00:00,R,N,1,111,139,Boston Red Sox,Tampa Bay Rays
2016,2016-04-20,447080,2016-04-20 23:10:00+00:00,R,N,1,144,119,Atlanta Braves,Los Angeles Dodgers
2016,2016-04-20,447088,2016-04-20 23:10:00+00:00,R,N,1,146,120,Miami Marlins,Washington Nationals
2016,2016-04-20,447077,2016-04-20 23:15:00+00:00,R,N,1,118,116,Kansas City Royals,Detroit Tigers
2016,2016-04-20,447078,2016-04-21 00:05:00+00:00,R,N,1,140,117,Texas Rangers,Houston Astros
2016,2016-04-20,447081,2016-04-21 00:10:00+00:00,R,N,1,158,142,Milwaukee Brewers,Minnesota Twins
2016,2016-04-20,447084,2016-04-21 02:10:00+00:00,R,N,1,135,134,San Diego Padres,Pittsburgh Pirates
2016,2016-04-20,447074,2016-04-21 02:15:00+00:00,R,N,1,137,109,San Francisco Giants,Arizona Diamondbacks
2016,2016-04-21,447099,2016-04-21 16:10:00+00:00,R,N,1,114,136,Cleveland Indians,Seattle Mariners
2016,2016-04-21,447094,2016-04-21 16:10:00+00:00,R,N,1,144,119,Atlanta Braves,Los Angeles Dodgers
2016,2016-04-21,447102,2016-04-21 17:10:00+00:00,R,N,1,146,120,Miami Marlins,Washington Nationals
2016,2016-04-21,447100,2016-04-21 17:35:00+00:00,R,N,1,111,139,Boston Red Sox,Tampa Bay Rays
2016,2016-04-21,447095,2016-04-21 17:40:00+00:00,R,N,1,158,142,Milwaukee Brewers,Minnesota Twins
2016,2016-04-21,447093,2016-04-21 18:10:00+00:00,R,N,1,145,108,Chicago White Sox,Los Angeles Angels
2016,2016-04-21,447089,2016-04-21 19:45:00+00:00,R,N,1,137,109,San Francisco Giants,Arizona Diamondbacks
2016,2016-04-21,447101,2016-04-21 23:05:00+00:00,R,N,1,110,141,Baltimore Orioles,Toronto Blue Jays
2016,2016-04-21,447097,2016-04-21 23:05:00+00:00,R,N,1,147,133,New York Yankees,Oakland Athletics
2016,2016-04-21,447090,2016-04-21 23:10:00+00:00,R,N,1,113,112,Cincinnati Reds,Chicago Cubs
2016,2016-04-21,447091,2016-04-21 23:15:00+00:00,R,N,1,118,116,Kansas City Royals,Detroit Tigers
2016,2016-04-21,447092,2016-04-22 00:05:00+00:00,R,N,1,140,117,Texas Rangers,Houston Astros
2016,2016-04-21,447098,2016-04-22 01:10:00+00:00,R,N,1,135,134,San Diego Padres,Pittsburgh Pirates
2016,2016-04-22,447109,2016-04-22 23:05:00+00:00,R,N,1,120,142,Washington Nationals,Minnesota Twins
2016,2016-04-22,447116,2016-04-22 23:05:00+00:00,R,N,1,147,139,New York Yankees,Tampa Bay Rays
2016,2016-04-22,447111,2016-04-22 23:07:00+00:00,R,N,1,141,133,Toronto Blue Jays,Oakland Athletics
2016,2016-04-22,447105,2016-04-22 23:10:00+00:00,R,N,1,113,112,Cincinnati Reds,Chicago Cubs
2016,2016-04-22,447106,2016-04-22 23:10:00+00:00,R,N,1,116,114,Detroit Tigers,Cleveland Indians
2016,2016-04-22,447110,2016-04-22 23:35:00+00:00,R,N,1,144,121,Atlanta Braves,New York Mets
2016,2016-04-22,447104,2016-04-23 00:10:00+00:00,R,N,1,117,111,Houston Astros,Boston Red Sox
2016,2016-04-22,447117,2016-04-23 00:10:00+00:00,R,N,1,145,140,Chicago White Sox,Texas Rangers
2016,2016-04-22,447112,2016-04-23 00:10:00+00:00,R,N,1,158,143,Milwaukee Brewers,Philadelphia Phillies
2016,2016-04-22,447103,2016-04-23 00:15:00+00:00,R,N,1,118,110,Kansas City Royals,Baltimore Orioles
2016,2016-04-22,447107,2016-04-23 00:40:00+00:00,R,N,1,115,119,Colorado Rockies,Los Angeles Dodgers
2016,2016-04-22,447113,2016-04-23 01:40:00+00:00,R,N,1,109,134,Arizona Diamondbacks,Pittsburgh Pirates
2016,2016-04-22,447114,2016-04-23 02:05:00+00:00,R,N,1,108,136,Los Angeles Angels,Seattle Mariners
2016,2016-04-22,447108,2016-04-23 02:15:00+00:00,R,N,1,137,146,San Francisco Giants,Miami Marlins
2016,2016-04-22,447115,2016-04-23 02:40:00+00:00,R,N,1,135,138,San Diego Padres,St. Louis Cardinals
2016,2016-04-23,447124,2016-04-23 17:05:00+00:00,R,N,1,120,142,Washington Nationals,Minnesota Twins
2016,2016-04-23,447131,2016-04-23 17:05:00+00:00,R,N,1,147,139,New York Yankees,Tampa Bay Rays
2016,2016-04-23,447126,2016-04-23 17:07:00+00:00,R,N,1,141,133,Toronto Blue Jays,Oakland Athletics
2016,2016-04-23,447121,2016-04-23 17:10:00+00:00,R,N,1,116,114,Detroit Tigers,Cleveland Indians
2016,2016-04-23,447132,2016-04-23 18:10:00+00:00,R,N,1,145,140,Chicago White Sox,Texas Rangers
2016,2016-04-23,447119,2016-04-23 20:05:00+00:00,R,N,1,117,111,Houston Astros,Boston Red Sox
2016,2016-04-23,447120,2016-04-23 23:10:00+00:00,R,N,1,113,112,Cincinnati Reds,Chicago Cubs
2016,2016-04-23,447125,2016-04-23 23:10:00+00:00,R,N,1,144,121,Atlanta Braves,New York Mets
2016,2016-04-23,447127,2016-04-23 23:10:00+00:00,R,N,1,158,143,Milwaukee Brewers,Philadelphia Phillies
2016,2016-04-23,447118,2016-04-23 23:15:00+00:00,R,N,1,118,110,Kansas City Royals,Baltimore Orioles
2016,2016-04-23,447122,2016-04-24 00:10:00+00:00,R,N,1,115,119,Colorado Rockies,Los Angeles Dodgers
2016,2016-04-23,447128,2016-04-24 00:10:00+00:00,R,N,1,109,134,Arizona Diamondbacks,Pittsburgh Pirates
2016,2016-04-23,447130,2016-04-24 00:40:00+00:00,R,N,1,135,138,San Diego Padres,St. Louis Cardinals
2016,2016-04-23,447129,2016-04-24 01:05:00+00:00,R,N,1,108,136,Los Angeles Angels,Seattle Mariners
2016,2016-04-23,447123,2016-04-24 01:05:00+00:00,R,N,1,137,146,San Francisco Giants,Miami Marlins
2016,2016-04-24,447146,2016-04-24 17:05:00+00:00,R,N,1,147,139,New York Yankees,Tampa Bay Rays
2016,2016-04-24,447141,2016-04-24 17:07:00+00:00,R,N,1,141,133,Toronto Blue Jays,Oakland Athletics
2016,2016-04-24,447135,2016-04-24 17:10:00+00:00,R,N,1,113,112,Cincinnati Reds,Chicago Cubs
2016,2016-04-24,447136,2016-04-24 17:10:00+00:00,R,N,1,116,114,Detroit Tigers,Cleveland Indians
2016,2016-04-24,447139,2016-04-24 17:35:00+00:00,R,N,1,120,142,Washington Nationals,Minnesota Twins
2016,2016-04-24,447140,2016-04-24 17:35:00+00:00,R,N,1,144,121,Atlanta Braves,New York Mets
2016,2016-04-24,447147,2016-04-24 18:10:00+00:00,R,N,1,145,140,Chicago White Sox,Texas Rangers
2016,2016-04-24,447142,2016-04-24 18:10:00+00:00,R,N,1,158,143,Milwaukee Brewers,Philadelphia Phillies
2016,2016-04-24,447133,2016-04-24 18:15:00+00:00,R,N,1,118,110,Kansas City Royals,Baltimore Orioles
2016,2016-04-24,447144,2016-04-24 19:35:00+00:00,R,N,1,108,136,Los Angeles Angels,Seattle Mariners
2016,2016-04-24,447138,2016-04-24 20:05:00+00:00,R,N,1,137,146,San Francisco Giants,Miami Marlins
2016,2016-04-24,447137,2016-04-24 20:10:00+00:00,R,N,1,115,119,Colorado Rockies,Los Angeles Dodgers
2016,2016-04-24,447143,2016-04-24 20:10:00+00:00,R,N,1,109,134,Arizona Diamondbacks,Pittsburgh Pirates
2016,2016-04-24,447145,2016-04-24 20:40:00+00:00,R,N,1,135,138,San Diego Padres,St. Louis Cardinals
2016,2016-04-24,447134,2016-04-25 00:05:00+00:00,R,N,1,117,111,Houston Astros,Boston Red Sox
2016,2016-04-25,447150,2016-04-25 23:07:00+00:00,R,N,1,141,145,Toronto Blue Jays,Chicago White Sox
2016,2016-04-25,447151,2016-04-25 23:10:00+00:00,R,N,1,121,113,New York Mets,Cincinnati Reds
2016,2016-04-25,447157,2016-04-25 23:10:00+00:00,R,N,1,116,133,Detroit Tigers,Oakland Athletics
2016,2016-04-25,447148,2016-04-25 23:10:00+00:00,R,N,1,139,110,Tampa Bay Rays,Baltimore Orioles
2016,2016-04-25,447149,2016-04-25 23:10:00+00:00,R,N,1,144,111,Atlanta Braves,Boston Red Sox
2016,2016-04-25,447156,2016-04-26 00:05:00+00:00,R,N,1,140,147,Texas Rangers,New York Yankees
2016,2016-04-25,447152,2016-04-26 00:10:00+00:00,R,N,1,142,114,Minnesota Twins,Cleveland Indians
2016,2016-04-25,447158,2016-04-26 00:40:00+00:00,R,N,1,115,134,Colorado Rockies,Pittsburgh Pirates
2016,2016-04-25,447160,2016-04-26 01:40:00+00:00,R,N,1,109,138,Arizona Diamondbacks,St. Louis Cardinals
2016,2016-04-25,447154,2016-04-26 02:05:00+00:00,R,N,1,108,118,Los Angeles Angels,Kansas City Royals
2016,2016-04-25,447153,2016-04-26 02:10:00+00:00,R,N,1,136,117,Seattle Mariners,Houston Astros
2016,2016-04-25,447155,2016-04-26 02:10:00+00:00,R,N,1,119,146,Los Angeles Dodgers,Miami Marlins
2016,2016-04-25,447159,2016-04-26 02:15:00+00:00,R,N,1,137,135,San Francisco Giants,San Diego Padres
2016,2016-04-26,447172,2016-04-26 23:05:00+00:00,R,N,1,120,143,Washington Nationals,Philadelphia Phillies
2016,2016-04-26,447163,2016-04-26 23:07:00+00:00,R,N,1,141,145,Toronto Blue Jays,Chicago White Sox
2016,2016-04-26,447164,2016-04-26 23:10:00+00:00,R,N,1,121,113,New York Mets,Cincinnati Reds
2016,2016-04-26,447171,2016-04-26 23:10:00+00:00,R,N,1,116,133,Detroit Tigers,Oakland Athletics
2016,2016-04-26,447161,2016-04-26 23:10:00+00:00,R,N,1,139,110,Tampa Bay Rays,Baltimore Orioles
2016,2016-04-26,447162,2016-04-26 23:10:00+00:00,R,N,1,144,111,Atlanta Braves,Boston Red Sox
2016,2016-04-26,447170,2016-04-27 00:05:00+00:00,R,N,1,140,147,Texas Rangers,New York Yankees
2016,2016-04-26,447169,2016-04-27 00:05:00+00:00,R,N,1,112,158,Chicago Cubs,Milwaukee Brewers
2016,2016-04-26,447165,2016-04-27 00:10:00+00:00,R,N,1,142,114,Minnesota Twins,Cleveland Indians
2016,2016-04-26,447173,2016-04-27 00:40:00+00:00,R,N,1,115,134,Colorado Rockies,Pittsburgh Pirates
2016,2016-04-26,447175,2016-04-27 01:40:00+00:00,R,N,1,109,138,Arizona Diamondbacks,St. Louis Cardinals
2016,2016-04-26,447167,2016-04-27 02:05:00+00:00,R,N,1,108,118,Los Angeles Angels,Kansas City Royals
2016,2016-04-26,447166,2016-04-27 02:10:00+00:00,R,N,1,136,117,Seattle Mariners,Houston Astros
2016,2016-04-26,447168,2016-04-27 02:10:00+00:00,R,N,1,119,146,Los Angeles Dodgers,Miami Marlins
2016,2016-04-26,447174,2016-04-27 02:15:00+00:00,R,N,1,137,135,San Francisco Giants,San Diego Padres
2016,2016-04-27,447189,2016-04-27 19:45:00+00:00,R,N,1,137,135,San Francisco Giants,San Diego Padres
2016,2016-04-27,447187,2016-04-27 23:05:00+00:00,R,N,1,120,143,Washington Nationals,Philadelphia Phillies
2016,2016-04-27,447178,2016-04-27 23:07:00+00:00,R,N,1,141,145,Toronto Blue Jays,Chicago White Sox
2016,2016-04-27,447179,2016-04-27 23:10:00+00:00,R,N,1,121,113,New York Mets,Cincinnati Reds
2016,2016-04-27,447186,2016-04-27 23:10:00+00:00,R,N,1,116,133,Detroit Tigers,Oakland Athletics
2016,2016-04-27,447177,2016-04-27 23:10:00+00:00,R,N,1,139,110,Tampa Bay Rays,Baltimore Orioles
2016,2016-04-27,447176,2016-04-27 23:10:00+00:00,R,N,1,111,144,Boston Red Sox,Atlanta Braves
2016,2016-04-27,447185,2016-04-28 00:05:00+00:00,R,N,1,140,147,Texas Rangers,New York Yankees
2016,2016-04-27,447180,2016-04-28 00:10:00+00:00,R,N,1,142,114,Minnesota Twins,Cleveland Indians
2016,2016-04-27,447188,2016-04-28 00:40:00+00:00,R,N,1,115,134,Colorado Rockies,Pittsburgh Pirates
2016,2016-04-27,447190,2016-04-28 01:40:00+00:00,R,N,1,109,138,Arizona Diamondbacks,St. Louis Cardinals
2016,2016-04-27,447182,2016-04-28 02:05:00+00:00,R,N,1,108,118,Los Angeles Angels,Kansas City Royals
2016,2016-04-27,447181,2016-04-28 02:10:00+00:00,R,N,1,136,117,Seattle Mariners,Houston Astros
2016,2016-04-27,447183,2016-04-28 02:10:00+00:00,R,N,1,119,146,Los Angeles Dodgers,Miami Marlins
2016,2016-08-16,447184,2016-04-28 00:05:00+00:00,R,N,1,112,158,Chicago Cubs,Milwaukee Brewers
2016,2016-04-28,447195,2016-04-28 17:10:00+00:00,R,N,1,116,133,Detroit Tigers,Oakland Athletics
2016,2016-04-28,447194,2016-04-28 18:20:00+00:00,R,N,1,112,158,Chicago Cubs,Milwaukee Brewers
2016,2016-04-28,447196,2016-04-28 20:05:00+00:00,R,N,1,120,143,Washington Nationals,Philadelphia Phillies
2016,2016-04-28,447192,2016-04-28 23:05:00+00:00,R,N,1,110,145,Baltimore Orioles,Chicago White Sox
2016,2016-04-28,447191,2016-04-28 23:10:00+00:00,R,N,1,111,144,Boston Red Sox,Atlanta Braves
2016,2016-04-28,447198,2016-04-29 01:40:00+00:00,R,N,1,109,138,Arizona Diamondbacks,St. Louis Cardinals
2016,2016-04-28,447193,2016-04-29 02:10:00+00:00,R,N,1,119,146,Los Angeles Dodgers,Miami Marlins
2016,2016-06-09,447197,2016-04-28 19:10:00+00:00,R,N,1,115,134,Colorado Rockies,Pittsburgh Pirates
2016,2016-04-29,447199,2016-04-29 18:20:00+00:00,R,N,1,112,144,Chicago Cubs,Atlanta Braves
2016,2016-04-29,447201,2016-04-29 23:05:00+00:00,R,N,1,134,113,Pittsburgh Pirates,Cincinnati Reds
2016,2016-04-29,447202,2016-04-29 23:05:00+00:00,R,N,1,143,114,Philadelphia Phillies,Cleveland Indians
2016,2016-04-29,447200,2016-04-29 23:05:00+00:00,R,N,1,110,145,Baltimore Orioles,Chicago White Sox
2016,2016-04-29,447211,2016-04-29 23:10:00+00:00,R,N,1,121,137,New York Mets,San Francisco Giants
2016,2016-04-29,447212,2016-04-29 23:10:00+00:00,R,N,1,139,141,Tampa Bay Rays,Toronto Blue Jays
2016,2016-04-29,447209,2016-04-29 23:10:00+00:00,R,N,1,111,147,Boston Red Sox,New York Yankees
2016,2016-04-29,447207,2016-04-30 00:05:00+00:00,R,N,1,140,108,Texas Rangers,Los Angeles Angels
2016,2016-04-29,447204,2016-04-30 00:10:00+00:00,R,N,1,142,116,Minnesota Twins,Detroit Tigers
2016,2016-04-29,447208,2016-04-30 00:10:00+00:00,R,N,1,158,146,Milwaukee Brewers,Miami Marlins
2016,2016-04-29,447213,2016-04-30 00:15:00+00:00,R,N,1,138,120,St. Louis Cardinals,Washington Nationals
2016,2016-04-29,447203,2016-04-30 01:40:00+00:00,R,N,1,109,115,Arizona Diamondbacks,Colorado Rockies
2016,2016-04-29,447205,2016-04-30 02:05:00+00:00,R,N,1,133,117,Oakland Athletics,Houston Astros
2016,2016-04-29,447210,2016-04-30 02:10:00+00:00,R,N,1,119,135,Los Angeles Dodgers,San Diego Padres
2016,2016-04-29,447206,2016-04-30 02:10:00+00:00,R,N,1,136,118,Seattle Mariners,Kansas City Royals
2016,2016-04-30,447219,2016-04-30 18:10:00+00:00,R,N,1,142,116,Minnesota Twins,Detroit Tigers
2016,2016-04-30,447228,2016-04-30 18:15:00+00:00,R,N,1,138,120,St. Louis Cardinals,Washington Nationals
2016,2016-04-30,447220,2016-04-30 20:05:00+00:00,R,N,1,133,117,Oakland Athletics,Houston Astros
2016,2016-04-30,447226,2016-04-30 20:05:00+00:00,R,N,1,121,137,New York Mets,San Francisco Giants
2016,2016-04-30,447227,2016-04-30 22:10:00+00:00,R,N,1,139,141,Tampa Bay Rays,Toronto Blue Jays
2016,2016-04-30,447216,2016-04-30 23:05:00+00:00,R,N,1,134,113,Pittsburgh Pirates,Cincinnati Reds
2016,2016-04-30,447217,2016-04-30 23:05:00+00:00,R,N,1,143,114,Philadelphia Phillies,Cleveland Indians
2016,2016-04-30,447215,2016-04-30 23:05:00+00:00,R,N,1,110,145,Baltimore Orioles,Chicago White Sox
2016,2016-04-30,447224,2016-04-30 23:10:00+00:00,R,N,1,111,147,Boston Red Sox,New York Yankees
2016,2016-04-30,447223,2016-04-30 23:10:00+00:00,R,N,1,158,146,Milwaukee Brewers,Miami Marlins
2016,2016-04-30,447222,2016-05-01 00:05:00+00:00,R,N,1,140,108,Texas Rangers,Los Angeles Angels
2016,2016-04-30,447218,2016-05-01 00:10:00+00:00,R,N,1,109,115,Arizona Diamondbacks,Colorado Rockies
2016,2016-04-30,447225,2016-05-01 01:10:00+00:00,R,N,1,119,135,Los Angeles Dodgers,San Diego Padres
2016,2016-04-30,447221,2016-05-01 02:10:00+00:00,R,N,1,136,118,Seattle Mariners,Kansas City Royals
2016,2016-07-07,447214,2016-04-30 18:20:00+00:00,R,N,1,112,144,Chicago Cubs,Atlanta Braves
2016,2016-05-01,447241,2016-05-01 17:10:00+00:00,R,N,1,121,137,New York Mets,San Francisco Giants
2016,2016-05-01,447242,2016-05-01 17:10:00+00:00,R,N,1,139,141,Tampa Bay Rays,Toronto Blue Jays
2016,2016-05-01,447231,2016-05-01 17:35:00+00:00,R,N,1,134,113,Pittsburgh Pirates,Cincinnati Reds
2016,2016-05-01,447230,2016-05-01 17:35:00+00:00,R,N,1,110,145,Baltimore Orioles,Chicago White Sox
2016,2016-05-01,447234,2016-05-01 18:10:00+00:00,R,N,1,142,116,Minnesota Twins,Detroit Tigers
2016,2016-05-01,447238,2016-05-01 18:10:00+00:00,R,N,1,158,146,Milwaukee Brewers,Miami Marlins
2016,2016-05-01,447243,2016-05-01 18:15:00+00:00,R,N,1,138,120,St. Louis Cardinals,Washington Nationals
2016,2016-05-01,447229,2016-05-01 18:20:00+00:00,R,N,1,112,144,Chicago Cubs,Atlanta Braves
2016,2016-05-01,447232,2016-05-01 18:35:00+00:00,R,N,1,143,114,Philadelphia Phillies,Cleveland Indians
2016,2016-05-01,447237,2016-05-01 19:05:00+00:00,R,N,1,140,108,Texas Rangers,Los Angeles Angels
2016,2016-05-01,447235,2016-05-01 20:05:00+00:00,R,N,1,133,117,Oakland Athletics,Houston Astros
2016,2016-05-01,447233,2016-05-01 20:10:00+00:00,R,N,1,109,115,Arizona Diamondbacks,Colorado Rockies
2016,2016-05-01,447240,2016-05-01 20:10:00+00:00,R,N,1,119,135,Los Angeles Dodgers,San Diego Padres
2016,2016-05-01,447236,2016-05-01 20:10:00+00:00,R,N,1,136,118,Seattle Mariners,Kansas City Royals
2016,2016-05-01,447239,2016-05-02 00:05:00+00:00,R,N,1,111,147,Boston Red Sox,New York Yankees
2016,2016-05-02,447245,2016-05-02 23:05:00+00:00,R,N,1,134,112,Pittsburgh Pirates,Chicago Cubs
2016,2016-05-02,447252,2016-05-02 23:07:00+00:00,R,N,1,141,140,Toronto Blue Jays,Texas Rangers
2016,2016-05-02,447250,2016-05-02 23:10:00+00:00,R,N,1,113,137,Cincinnati Reds,San Francisco Giants
2016,2016-05-02,447244,2016-05-02 23:10:00+00:00,R,N,1,121,144,New York Mets,Atlanta Braves
2016,2016-05-02,447247,2016-05-02 23:20:00+00:00,R,N,1,158,108,Milwaukee Brewers,Los Angeles Angels
2016,2016-05-02,447248,2016-05-03 00:10:00+00:00,R,N,1,117,142,Houston Astros,Minnesota Twins
2016,2016-05-02,447253,2016-05-03 00:15:00+00:00,R,N,1,118,120,Kansas City Royals,Washington Nationals
2016,2016-05-02,447249,2016-05-03 00:15:00+00:00,R,N,1,138,143,St. Louis Cardinals,Philadelphia Phillies
2016,2016-05-02,447251,2016-05-03 02:05:00+00:00,R,N,1,133,136,Oakland Athletics,Seattle Mariners
2016,2016-05-02,447246,2016-05-03 02:10:00+00:00,R,N,1,135,115,San Diego Padres,Colorado Rockies
2016,2016-05-03,447259,2016-05-03 22:10:00+00:00,R,N,1,114,116,Cleveland Indians,Detroit Tigers
2016,2016-05-03,447257,2016-05-03 23:05:00+00:00,R,N,1,134,112,Pittsburgh Pirates,Chicago Cubs
2016,2016-05-03,447263,2016-05-03 23:05:00+00:00,R,N,1,110,147,Baltimore Orioles,New York Yankees
2016,2016-05-03,447267,2016-05-03 23:07:00+00:00,R,N,1,141,140,Toronto Blue Jays,Texas Rangers
2016,2016-05-03,447265,2016-05-03 23:10:00+00:00,R,N,1,113,137,Cincinnati Reds,San Francisco Giants
2016,2016-05-03,447261,2016-05-03 23:10:00+00:00,R,N,1,139,119,Tampa Bay Rays,Los Angeles Dodgers
2016,2016-05-03,447255,2016-05-03 23:10:00+00:00,R,N,1,121,144,New York Mets,Atlanta Braves
2016,2016-05-03,447254,2016-05-03 23:10:00+00:00,R,N,1,146,109,Miami Marlins,Arizona Diamondbacks
2016,2016-05-03,447262,2016-05-04 00:10:00+00:00,R,N,1,117,142,Houston Astros,Minnesota Twins
2016,2016-05-03,447256,2016-05-04 00:10:00+00:00,R,N,1,145,111,Chicago White Sox,Boston Red Sox
2016,2016-05-03,447260,2016-05-04 00:10:00+00:00,R,N,1,158,108,Milwaukee Brewers,Los Angeles Angels
2016,2016-05-03,447268,2016-05-04 00:15:00+00:00,R,N,1,118,120,Kansas City Royals,Washington Nationals
2016,2016-05-03,447264,2016-05-04 00:15:00+00:00,R,N,1,138,143,St. Louis Cardinals,Philadelphia Phillies
2016,2016-05-03,447266,2016-05-04 02:05:00+00:00,R,N,1,133,136,Oakland Athletics,Seattle Mariners
2016,2016-05-03,447258,2016-05-04 02:10:00+00:00,R,N,1,135,115,San Diego Padres,Colorado Rockies
2016,2016-05-04,447272,2016-05-04 16:35:00+00:00,R,N,1,134,112,Pittsburgh Pirates,Chicago Cubs
2016,2016-05-04,447280,2016-05-04 16:35:00+00:00,R,N,1,113,137,Cincinnati Reds,San Francisco Giants
2016,2016-05-04,447270,2016-05-04 17:10:00+00:00,R,N,1,121,144,New York Mets,Atlanta Braves
2016,2016-05-04,447275,2016-05-04 17:40:00+00:00,R,N,1,158,108,Milwaukee Brewers,Los Angeles Angels
2016,2016-05-04,447283,2016-05-04 18:15:00+00:00,R,N,1,118,120,Kansas City Royals,Washington Nationals
2016,2016-05-04,447281,2016-05-04 19:35:00+00:00,R,N,1,133,136,Oakland Athletics,Seattle Mariners
2016,2016-05-04,447273,2016-05-04 19:40:00+00:00,R,N,1,135,115,San Diego Padres,Colorado Rockies
2016,2016-05-04,447274,2016-05-04 22:10:00+00:00,R,N,1,114,116,Cleveland Indians,Detroit Tigers
2016,2016-05-04,447278,2016-05-04 23:05:00+00:00,R,N,1,110,147,Baltimore Orioles,New York Yankees
2016,2016-05-04,447282,2016-05-04 23:07:00+00:00,R,N,1,141,140,Toronto Blue Jays,Texas Rangers
2016,2016-05-04,447276,2016-05-04 23:10:00+00:00,R,N,1,139,119,Tampa Bay Rays,Los Angeles Dodgers
2016,2016-05-04,447269,2016-05-04 23:10:00+00:00,R,N,1,146,109,Miami Marlins,Arizona Diamondbacks
2016,2016-05-04,447277,2016-05-05 00:10:00+00:00,R,N,1,117,142,Houston Astros,Minnesota Twins
2016,2016-05-04,447271,2016-05-05 00:10:00+00:00,R,N,1,145,111,Chicago White Sox,Boston Red Sox
2016,2016-05-04,447279,2016-05-05 00:15:00+00:00,R,N,1,138,143,St. Louis Cardinals,Philadelphia Phillies
2016,2016-05-05,447291,2016-05-05 17:45:00+00:00,R,N,1,138,143,St. Louis Cardinals,Philadelphia Phillies
2016,2016-05-05,447287,2016-05-05 22:10:00+00:00,R,N,1,114,116,Cleveland Indians,Detroit Tigers
2016,2016-05-05,447290,2016-05-05 23:05:00+00:00,R,N,1,110,147,Baltimore Orioles,New York Yankees
2016,2016-05-05,447293,2016-05-05 23:07:00+00:00,R,N,1,141,140,Toronto Blue Jays,Texas Rangers
2016,2016-05-05,447284,2016-05-05 23:10:00+00:00,R,N,1,146,109,Miami Marlins,Arizona Diamondbacks
2016,2016-05-05,447288,2016-05-05 23:10:00+00:00,R,N,1,113,158,Cincinnati Reds,Milwaukee Brewers
2016,2016-05-05,447294,2016-05-06 00:05:00+00:00,R,N,1,112,120,Chicago Cubs,Washington Nationals
2016,2016-05-05,447292,2016-05-06 00:10:00+00:00,R,N,1,117,136,Houston Astros,Seattle Mariners
2016,2016-05-05,447285,2016-05-06 00:10:00+00:00,R,N,1,145,111,Chicago White Sox,Boston Red Sox
2016,2016-05-05,447289,2016-05-06 02:10:00+00:00,R,N,1,135,121,San Diego Padres,New York Mets
2016,2016-05-05,447286,2016-05-06 02:15:00+00:00,R,N,1,137,115,San Francisco Giants,Colorado Rockies
2016,2016-05-06,447309,2016-05-06 18:20:00+00:00,R,N,1,112,120,Chicago Cubs,Washington Nationals
2016,2016-05-06,447296,2016-05-06 23:05:00+00:00,R,N,1,147,111,New York Yankees,Boston Red Sox
2016,2016-05-06,447299,2016-05-06 23:07:00+00:00,R,N,1,141,119,Toronto Blue Jays,Los Angeles Dodgers
2016,2016-05-06,447298,2016-05-06 23:10:00+00:00,R,N,1,114,118,Cleveland Indians,Kansas City Royals
2016,2016-05-06,447308,2016-05-06 23:10:00+00:00,R,N,1,116,140,Detroit Tigers,Texas Rangers
2016,2016-05-06,447304,2016-05-06 23:10:00+00:00,R,N,1,146,143,Miami Marlins,Philadelphia Phillies
2016,2016-05-06,447300,2016-05-06 23:10:00+00:00,R,N,1,113,158,Cincinnati Reds,Milwaukee Brewers
2016,2016-05-06,447295,2016-05-06 23:35:00+00:00,R,N,1,144,109,Atlanta Braves,Arizona Diamondbacks
2016,2016-05-06,447306,2016-05-07 00:10:00+00:00,R,N,1,117,136,Houston Astros,Seattle Mariners
2016,2016-05-06,447301,2016-05-07 00:10:00+00:00,R,N,1,145,142,Chicago White Sox,Minnesota Twins
2016,2016-05-06,447305,2016-05-07 00:15:00+00:00,R,N,1,138,134,St. Louis Cardinals,Pittsburgh Pirates
2016,2016-05-06,447307,2016-05-07 02:05:00+00:00,R,N,1,108,139,Los Angeles Angels,Tampa Bay Rays
2016,2016-05-06,447297,2016-05-07 02:15:00+00:00,R,N,1,137,115,San Francisco Giants,Colorado Rockies
2016,2016-05-06,447302,2016-05-07 02:40:00+00:00,R,N,1,135,121,San Diego Padres,New York Mets
2016,2016-05-07,447303,2016-05-06 23:05:00+00:00,R,N,1,110,133,Baltimore Orioles,Oakland Athletics
2016,2016-05-07,447303,2016-05-07 17:05:00+00:00,R,S,1,110,133,Baltimore Orioles,Oakland Athletics
2016,2016-05-07,447318,2016-05-07 23:05:00+00:00,R,S,2,110,133,Baltimore Orioles,Oakland Athletics
2016,2016-05-07,447311,2016-05-07 17:05:00+00:00,R,N,1,147,111,New York Yankees,Boston Red Sox
2016,2016-05-07,447314,2016-05-07 17:07:00+00:00,R,N,1,141,119,Toronto Blue Jays,Los Angeles Dodgers
2016,2016-05-07,447323,2016-05-07 17:10:00+00:00,R,N,1,116,140,Detroit Tigers,Texas Rangers
2016,2016-05-07,447320,2016-05-07 18:15:00+00:00,R,N,1,138,134,St. Louis Cardinals,Pittsburgh Pirates
2016,2016-05-07,447324,2016-05-07 20:05:00+00:00,R,N,1,112,120,Chicago Cubs,Washington Nationals
2016,2016-05-07,447312,2016-05-07 20:05:00+00:00,R,N,1,137,115,San Francisco Giants,Colorado Rockies
2016,2016-05-07,447313,2016-05-07 20:10:00+00:00,R,N,1,114,118,Cleveland Indians,Kansas City Royals
2016,2016-05-07,447321,2016-05-07 23:10:00+00:00,R,N,1,117,136,Houston Astros,Seattle Mariners
2016,2016-05-07,447310,2016-05-07 23:10:00+00:00,R,N,1,144,109,Atlanta Braves,Arizona Diamondbacks
2016,2016-05-07,447316,2016-05-07 23:10:00+00:00,R,N,1,145,142,Chicago White Sox,Minnesota Twins
2016,2016-05-07,447319,2016-05-07 23:10:00+00:00,R,N,1,146,143,Miami Marlins,Philadelphia Phillies
2016,2016-05-07,447315,2016-05-07 23:10:00+00:00,R,N,1,113,158,Cincinnati Reds,Milwaukee Brewers
2016,2016-05-07,447317,2016-05-08 00:40:00+00:00,R,N,1,135,121,San Diego Padres,New York Mets
2016,2016-05-07,447322,2016-05-08 01:05:00+00:00,R,N,1,108,139,Los Angeles Angels,Tampa Bay Rays
2016,2016-05-08,447329,2016-05-08 17:07:00+00:00,R,N,1,141,119,Toronto Blue Jays,Los Angeles Dodgers
2016,2016-05-08,447328,2016-05-08 17:10:00+00:00,R,N,1,114,118,Cleveland Indians,Kansas City Royals
2016,2016-05-08,447338,2016-05-08 17:10:00+00:00,R,N,1,116,140,Detroit Tigers,Texas Rangers
2016,2016-05-08,447334,2016-05-08 17:10:00+00:00,R,N,1,146,143,Miami Marlins,Philadelphia Phillies
2016,2016-05-08,447330,2016-05-08 17:10:00+00:00,R,N,1,113,158,Cincinnati Reds,Milwaukee Brewers
2016,2016-05-08,447333,2016-05-08 17:35:00+00:00,R,N,1,110,133,Baltimore Orioles,Oakland Athletics
2016,2016-05-08,447325,2016-05-08 17:35:00+00:00,R,N,1,144,109,Atlanta Braves,Arizona Diamondbacks
2016,2016-05-08,447336,2016-05-08 18:10:00+00:00,R,N,1,117,136,Houston Astros,Seattle Mariners
2016,2016-05-08,447331,2016-05-08 18:10:00+00:00,R,N,1,145,142,Chicago White Sox,Minnesota Twins
2016,2016-05-08,447335,2016-05-08 18:15:00+00:00,R,N,1,138,134,St. Louis Cardinals,Pittsburgh Pirates
2016,2016-05-08,447339,2016-05-08 18:20:00+00:00,R,N,1,112,120,Chicago Cubs,Washington Nationals
2016,2016-05-08,447337,2016-05-08 19:35:00+00:00,R,N,1,108,139,Los Angeles Angels,Tampa Bay Rays
2016,2016-05-08,447327,2016-05-08 20:05:00+00:00,R,N,1,137,115,San Francisco Giants,Colorado Rockies
2016,2016-05-08,447332,2016-05-08 20:40:00+00:00,R,N,1,135,121,San Diego Padres,New York Mets
2016,2016-05-08,447326,2016-05-09 00:05:00+00:00,R,N,1,147,111,New York Yankees,Boston Red Sox
2016,2016-05-09,447344,2016-05-09 23:05:00+00:00,R,N,1,120,116,Washington Nationals,Detroit Tigers
2016,2016-05-09,447345,2016-05-09 23:05:00+00:00,R,N,1,147,118,New York Yankees,Kansas City Royals
2016,2016-05-09,447348,2016-05-09 23:10:00+00:00,R,N,1,111,133,Boston Red Sox,Oakland Athletics
2016,2016-05-09,447349,2016-05-09 23:10:00+00:00,R,N,1,113,134,Cincinnati Reds,Pittsburgh Pirates
2016,2016-05-09,447346,2016-05-09 23:10:00+00:00,R,N,1,146,158,Miami Marlins,Milwaukee Brewers
2016,2016-05-09,447342,2016-05-10 00:05:00+00:00,R,N,1,140,145,Texas Rangers,Chicago White Sox
2016,2016-05-09,447343,2016-05-10 00:10:00+00:00,R,N,1,117,114,Houston Astros,Cleveland Indians
2016,2016-05-09,447340,2016-05-10 00:40:00+00:00,R,N,1,115,109,Colorado Rockies,Arizona Diamondbacks
2016,2016-05-09,447347,2016-05-10 02:10:00+00:00,R,N,1,119,121,Los Angeles Dodgers,New York Mets
2016,2016-05-09,447351,2016-05-10 02:10:00+00:00,R,N,1,136,139,Seattle Mariners,Tampa Bay Rays
2016,2016-05-09,447352,2016-05-10 02:15:00+00:00,R,N,1,137,141,San Francisco Giants,Toronto Blue Jays
2016,2016-05-11,447350,2016-05-10 00:05:00+00:00,R,N,1,112,135,Chicago Cubs,San Diego Padres
2016,2016-07-28,447341,2016-05-10 00:10:00+00:00,R,N,1,142,110,Minnesota Twins,Baltimore Orioles
2016,2016-05-10,447357,2016-05-10 23:05:00+00:00,R,N,1,120,116,Washington Nationals,Detroit Tigers
2016,2016-05-10,447358,2016-05-10 23:05:00+00:00,R,N,1,147,118,New York Yankees,Kansas City Royals
2016,2016-05-10,447361,2016-05-10 23:10:00+00:00,R,N,1,111,133,Boston Red Sox,Oakland Athletics
2016,2016-05-10,447362,2016-05-10 23:10:00+00:00,R,N,1,144,143,Atlanta Braves,Philadelphia Phillies
2016,2016-05-10,447359,2016-05-10 23:10:00+00:00,R,N,1,146,158,Miami Marlins,Milwaukee Brewers
2016,2016-05-10,447364,2016-05-11 00:05:00+00:00,R,N,1,112,135,Chicago Cubs,San Diego Padres
2016,2016-05-10,447355,2016-05-11 00:05:00+00:00,R,N,1,140,145,Texas Rangers,Chicago White Sox
2016,2016-05-10,447356,2016-05-11 00:10:00+00:00,R,N,1,117,114,Houston Astros,Cleveland Indians
2016,2016-05-10,447354,2016-05-11 00:10:00+00:00,R,N,1,142,110,Minnesota Twins,Baltimore Orioles
2016,2016-05-10,447353,2016-05-11 00:40:00+00:00,R,N,1,115,109,Colorado Rockies,Arizona Diamondbacks
2016,2016-05-10,447365,2016-05-11 02:05:00+00:00,R,N,1,108,138,Los Angeles Angels,St. Louis Cardinals
2016,2016-05-10,447360,2016-05-11 02:10:00+00:00,R,N,1,119,121,Los Angeles Dodgers,New York Mets
2016,2016-05-10,447366,2016-05-11 02:10:00+00:00,R,N,1,136,139,Seattle Mariners,Tampa Bay Rays
2016,2016-05-10,447367,2016-05-11 02:15:00+00:00,R,N,1,137,141,San Francisco Giants,Toronto Blue Jays
2016,2016-09-17,447363,2016-05-10 23:10:00+00:00,R,N,1,113,134,Cincinnati Reds,Pittsburgh Pirates
2016,2016-05-11,447350,2016-05-11 17:05:00+00:00,R,S,1,112,135,Chicago Cubs,San Diego Padres
2016,2016-05-11,447379,2016-05-12 00:05:00+00:00,R,S,2,112,135,Chicago Cubs,San Diego Padres
2016,2016-05-11,447369,2016-05-11 17:10:00+00:00,R,N,1,142,110,Minnesota Twins,Baltimore Orioles
2016,2016-05-11,447370,2016-05-11 18:05:00+00:00,R,N,1,140,145,Texas Rangers,Chicago White Sox
2016,2016-05-11,447371,2016-05-11 18:10:00+00:00,R,N,1,117,114,Houston Astros,Cleveland Indians
2016,2016-05-11,447368,2016-05-11 19:10:00+00:00,R,N,1,115,109,Colorado Rockies,Arizona Diamondbacks
2016,2016-05-11,447381,2016-05-11 19:40:00+00:00,R,N,1,136,139,Seattle Mariners,Tampa Bay Rays
2016,2016-05-11,447382,2016-05-11 19:45:00+00:00,R,N,1,137,141,San Francisco Giants,Toronto Blue Jays
2016,2016-05-11,447372,2016-05-11 23:05:00+00:00,R,N,1,120,116,Washington Nationals,Detroit Tigers
2016,2016-05-11,447373,2016-05-11 23:05:00+00:00,R,N,1,147,118,New York Yankees,Kansas City Royals
2016,2016-05-11,447376,2016-05-11 23:10:00+00:00,R,N,1,111,133,Boston Red Sox,Oakland Athletics
2016,2016-05-11,447378,2016-05-11 23:10:00+00:00,R,N,1,113,134,Cincinnati Reds,Pittsburgh Pirates
2016,2016-05-11,447377,2016-05-11 23:10:00+00:00,R,N,1,144,143,Atlanta Braves,Philadelphia Phillies
2016,2016-05-11,447374,2016-05-11 23:10:00+00:00,R,N,1,146,158,Miami Marlins,Milwaukee Brewers
2016,2016-05-11,447380,2016-05-12 02:05:00+00:00,R,N,1,108,138,Los Angeles Angels,St. Louis Cardinals
2016,2016-05-11,447375,2016-05-12 02:10:00+00:00,R,N,1,119,121,Los Angeles Dodgers,New York Mets
2016,2016-05-12,447383,2016-05-12 23:05:00+00:00,R,N,1,110,116,Baltimore Orioles,Detroit Tigers
2016,2016-05-12,447385,2016-05-12 23:05:00+00:00,R,N,1,147,118,New York Yankees,Kansas City Royals
2016,2016-05-12,447384,2016-05-12 23:10:00+00:00,R,N,1,111,117,Boston Red Sox,Houston Astros
2016,2016-05-12,447387,2016-05-12 23:10:00+00:00,R,N,1,144,143,Atlanta Braves,Philadelphia Phillies
2016,2016-05-12,447388,2016-05-13 00:10:00+00:00,R,N,1,158,135,Milwaukee Brewers,San Diego Padres
2016,2016-05-12,447389,2016-05-13 01:40:00+00:00,R,N,1,109,137,Arizona Diamondbacks,San Francisco Giants
2016,2016-05-12,447390,2016-05-13 02:05:00+00:00,R,N,1,108,138,Los Angeles Angels,St. Louis Cardinals
2016,2016-05-12,447386,2016-05-13 02:10:00+00:00,R,N,1,119,121,Los Angeles Dodgers,New York Mets
2016,2016-05-13,447401,2016-05-13 18:20:00+00:00,R,N,1,112,134,Chicago Cubs,Pittsburgh Pirates
2016,2016-05-13,447394,2016-05-13 23:05:00+00:00,R,N,1,110,116,Baltimore Orioles,Detroit Tigers
2016,2016-05-13,447393,2016-05-13 23:05:00+00:00,R,N,1,143,113,Philadelphia Phillies,Cincinnati Reds
2016,2016-05-13,447397,2016-05-13 23:05:00+00:00,R,N,1,120,146,Washington Nationals,Miami Marlins
2016,2016-05-13,447392,2016-05-13 23:05:00+00:00,R,N,1,147,145,New York Yankees,Chicago White Sox
2016,2016-05-13,447395,2016-05-13 23:10:00+00:00,R,N,1,111,117,Boston Red Sox,Houston Astros
2016,2016-05-13,447400,2016-05-13 23:10:00+00:00,R,N,1,139,133,Tampa Bay Rays,Oakland Athletics
2016,2016-05-13,447398,2016-05-13 23:10:00+00:00,R,N,1,114,142,Cleveland Indians,Minnesota Twins
2016,2016-05-13,447405,2016-05-14 00:05:00+00:00,R,N,1,140,141,Texas Rangers,Toronto Blue Jays
2016,2016-05-13,447402,2016-05-14 00:10:00+00:00,R,N,1,158,135,Milwaukee Brewers,San Diego Padres
2016,2016-05-13,447391,2016-05-14 00:15:00+00:00,R,N,1,118,144,Kansas City Royals,Atlanta Braves
2016,2016-05-13,447399,2016-05-14 00:40:00+00:00,R,N,1,115,121,Colorado Rockies,New York Mets
2016,2016-05-13,447403,2016-05-14 01:40:00+00:00,R,N,1,109,137,Arizona Diamondbacks,San Francisco Giants
2016,2016-05-13,447396,2016-05-14 02:10:00+00:00,R,N,1,136,108,Seattle Mariners,Los Angeles Angels
2016,2016-05-13,447404,2016-05-14 02:10:00+00:00,R,N,1,119,138,Los Angeles Dodgers,St. Louis Cardinals
2016,2016-05-14,447410,2016-05-14 17:05:00+00:00,R,N,1,111,117,Boston Red Sox,Houston Astros
2016,2016-05-14,446932,2016-05-14 17:05:00+00:00,R,S,1,120,146,Washington Nationals,Miami Marlins
2016,2016-05-14,447412,2016-05-14 23:05:00+00:00,R,S,2,120,146,Washington Nationals,Miami Marlins
2016,2016-05-14,447407,2016-05-14 17:05:00+00:00,R,N,1,147,145,New York Yankees,Chicago White Sox
2016,2016-05-14,447416,2016-05-14 18:20:00+00:00,R,N,1,112,134,Chicago Cubs,Pittsburgh Pirates
2016,2016-05-14,447413,2016-05-14 20:10:00+00:00,R,N,1,114,142,Cleveland Indians,Minnesota Twins
2016,2016-05-14,447415,2016-05-14 22:10:00+00:00,R,N,1,139,133,Tampa Bay Rays,Oakland Athletics
2016,2016-05-14,447409,2016-05-14 23:05:00+00:00,R,N,1,110,116,Baltimore Orioles,Detroit Tigers
2016,2016-05-14,447408,2016-05-14 23:05:00+00:00,R,N,1,143,113,Philadelphia Phillies,Cincinnati Reds
2016,2016-05-14,447417,2016-05-14 23:10:00+00:00,R,N,1,158,135,Milwaukee Brewers,San Diego Padres
2016,2016-05-14,447406,2016-05-14 23:15:00+00:00,R,N,1,118,144,Kansas City Royals,Atlanta Braves
2016,2016-05-14,447420,2016-05-15 00:05:00+00:00,R,N,1,140,141,Texas Rangers,Toronto Blue Jays
2016,2016-05-14,447414,2016-05-15 00:10:00+00:00,R,N,1,115,121,Colorado Rockies,New York Mets
2016,2016-05-14,447418,2016-05-15 00:10:00+00:00,R,N,1,109,137,Arizona Diamondbacks,San Francisco Giants
2016,2016-05-14,447411,2016-05-15 01:10:00+00:00,R,N,1,136,108,Seattle Mariners,Los Angeles Angels
2016,2016-05-14,447419,2016-05-15 01:10:00+00:00,R,N,1,119,138,Los Angeles Dodgers,St. Louis Cardinals
2016,2016-05-15,447422,2016-05-15 17:05:00+00:00,R,N,1,147,145,New York Yankees,Chicago White Sox
2016,2016-05-15,447430,2016-05-15 17:10:00+00:00,R,N,1,139,133,Tampa Bay Rays,Oakland Athletics
2016,2016-05-15,447428,2016-05-15 17:10:00+00:00,R,N,1,114,142,Cleveland Indians,Minnesota Twins
2016,2016-05-15,447424,2016-05-15 17:35:00+00:00,R,N,1,110,116,Baltimore Orioles,Detroit Tigers
2016,2016-05-15,447425,2016-05-15 17:35:00+00:00,R,N,1,111,117,Boston Red Sox,Houston Astros
2016,2016-05-15,447423,2016-05-15 17:35:00+00:00,R,N,1,143,113,Philadelphia Phillies,Cincinnati Reds
2016,2016-05-15,447427,2016-05-15 17:35:00+00:00,R,N,1,120,146,Washington Nationals,Miami Marlins
2016,2016-05-15,447432,2016-05-15 18:10:00+00:00,R,N,1,158,135,Milwaukee Brewers,San Diego Padres
2016,2016-05-15,447421,2016-05-15 18:15:00+00:00,R,N,1,118,144,Kansas City Royals,Atlanta Braves
2016,2016-05-15,447431,2016-05-15 18:20:00+00:00,R,N,1,112,134,Chicago Cubs,Pittsburgh Pirates
2016,2016-05-15,447435,2016-05-15 19:05:00+00:00,R,N,1,140,141,Texas Rangers,Toronto Blue Jays
2016,2016-05-15,447429,2016-05-15 20:10:00+00:00,R,N,1,115,121,Colorado Rockies,New York Mets
2016,2016-05-15,447426,2016-05-15 20:10:00+00:00,R,N,1,136,108,Seattle Mariners,Los Angeles Angels
2016,2016-05-15,447433,2016-05-15 20:10:00+00:00,R,N,1,109,137,Arizona Diamondbacks,San Francisco Giants
2016,2016-05-15,447434,2016-05-16 00:05:00+00:00,R,N,1,119,138,Los Angeles Dodgers,St. Louis Cardinals
2016,2016-05-16,447438,2016-05-16 22:10:00+00:00,R,N,1,114,113,Cleveland Indians,Cincinnati Reds
2016,2016-05-16,447436,2016-05-16 23:05:00+00:00,R,N,1,134,144,Pittsburgh Pirates,Atlanta Braves
2016,2016-05-16,447451,2016-05-16 23:05:00+00:00,R,N,1,143,146,Philadelphia Phillies,Miami Marlins
2016,2016-05-16,447442,2016-05-16 23:07:00+00:00,R,N,1,141,139,Toronto Blue Jays,Tampa Bay Rays
2016,2016-05-16,447440,2016-05-16 23:10:00+00:00,R,N,1,116,142,Detroit Tigers,Minnesota Twins
2016,2016-05-16,447441,2016-05-17 01:40:00+00:00,R,N,1,109,147,Arizona Diamondbacks,New York Yankees
2016,2016-05-16,447443,2016-05-17 02:05:00+00:00,R,N,1,133,140,Oakland Athletics,Texas Rangers
2016,2016-05-16,447439,2016-05-17 02:10:00+00:00,R,N,1,119,108,Los Angeles Dodgers,Los Angeles Angels
2016,2016-05-18,447437,2016-05-16 23:05:00+00:00,R,N,1,118,111,Kansas City Royals,Boston Red Sox
2016,2016-05-17,447447,2016-05-17 22:10:00+00:00,R,N,1,114,113,Cleveland Indians,Cincinnati Reds
2016,2016-05-17,447455,2016-05-17 23:05:00+00:00,R,N,1,110,136,Baltimore Orioles,Seattle Mariners
2016,2016-05-17,447444,2016-05-17 23:05:00+00:00,R,N,1,134,144,Pittsburgh Pirates,Atlanta Braves
2016,2016-05-17,447466,2016-05-17 23:05:00+00:00,R,N,1,143,146,Philadelphia Phillies,Miami Marlins
2016,2016-05-17,447456,2016-05-17 23:07:00+00:00,R,N,1,141,139,Toronto Blue Jays,Tampa Bay Rays
2016,2016-05-17,447458,2016-05-17 23:10:00+00:00,R,N,1,121,120,New York Mets,Washington Nationals
2016,2016-05-17,447452,2016-05-17 23:10:00+00:00,R,N,1,116,142,Detroit Tigers,Minnesota Twins
2016,2016-05-17,447449,2016-05-18 00:10:00+00:00,R,N,1,145,117,Chicago White Sox,Houston Astros
2016,2016-05-17,447446,2016-05-18 00:10:00+00:00,R,N,1,158,112,Milwaukee Brewers,Chicago Cubs
2016,2016-05-17,447445,2016-05-18 00:15:00+00:00,R,N,1,118,111,Kansas City Royals,Boston Red Sox
2016,2016-05-17,447448,2016-05-18 00:15:00+00:00,R,N,1,138,115,St. Louis Cardinals,Colorado Rockies
2016,2016-05-17,447453,2016-05-18 01:40:00+00:00,R,N,1,109,147,Arizona Diamondbacks,New York Yankees
2016,2016-05-17,447457,2016-05-18 02:05:00+00:00,R,N,1,133,140,Oakland Athletics,Texas Rangers
2016,2016-05-17,447450,2016-05-18 02:10:00+00:00,R,N,1,119,108,Los Angeles Dodgers,Los Angeles Angels
2016,2016-05-17,447454,2016-05-18 02:10:00+00:00,R,N,1,135,137,San Diego Padres,San Francisco Giants
2016,2016-05-18,447480,2016-05-18 17:05:00+00:00,R,N,1,143,146,Philadelphia Phillies,Miami Marlins
2016,2016-05-18,447467,2016-05-18 17:10:00+00:00,R,N,1,116,142,Detroit Tigers,Minnesota Twins
2016,2016-05-18,447460,2016-05-18 18:15:00+00:00,R,S,1,118,111,Kansas City Royals,Boston Red Sox
2016,2016-05-18,447437,2016-05-19 00:15:00+00:00,R,S,2,118,111,Kansas City Royals,Boston Red Sox
2016,2016-05-18,447472,2016-05-18 19:35:00+00:00,R,N,1,133,140,Oakland Athletics,Texas Rangers
2016,2016-05-18,447470,2016-05-18 23:05:00+00:00,R,N,1,110,136,Baltimore Orioles,Seattle Mariners
2016,2016-05-18,447459,2016-05-18 23:05:00+00:00,R,N,1,134,144,Pittsburgh Pirates,Atlanta Braves
2016,2016-05-18,447471,2016-05-18 23:07:00+00:00,R,N,1,141,139,Toronto Blue Jays,Tampa Bay Rays
2016,2016-05-18,447462,2016-05-18 23:10:00+00:00,R,N,1,113,114,Cincinnati Reds,Cleveland Indians
2016,2016-05-18,447473,2016-05-18 23:10:00+00:00,R,N,1,121,120,New York Mets,Washington Nationals
2016,2016-05-18,447464,2016-05-19 00:10:00+00:00,R,N,1,145,117,Chicago White Sox,Houston Astros
2016,2016-05-18,447461,2016-05-19 00:10:00+00:00,R,N,1,158,112,Milwaukee Brewers,Chicago Cubs
2016,2016-05-18,447463,2016-05-19 00:15:00+00:00,R,N,1,138,115,St. Louis Cardinals,Colorado Rockies
2016,2016-05-18,447468,2016-05-19 01:40:00+00:00,R,N,1,109,147,Arizona Diamondbacks,New York Yankees
2016,2016-05-18,447465,2016-05-19 02:05:00+00:00,R,N,1,108,119,Los Angeles Angels,Los Angeles Dodgers
2016,2016-05-18,447469,2016-05-19 02:10:00+00:00,R,N,1,135,137,San Diego Padres,San Francisco Giants
2016,2016-05-19,447483,2016-05-19 16:35:00+00:00,R,N,1,110,136,Baltimore Orioles,Seattle Mariners
2016,2016-05-19,447475,2016-05-19 17:40:00+00:00,R,N,1,158,112,Milwaukee Brewers,Chicago Cubs
2016,2016-05-19,447474,2016-05-19 23:05:00+00:00,R,N,1,134,144,Pittsburgh Pirates,Atlanta Braves
2016,2016-05-19,447476,2016-05-19 23:10:00+00:00,R,N,1,113,114,Cincinnati Reds,Cleveland Indians
2016,2016-05-19,447485,2016-05-19 23:10:00+00:00,R,N,1,121,120,New York Mets,Washington Nationals
2016,2016-05-19,447477,2016-05-19 23:15:00+00:00,R,N,1,138,115,St. Louis Cardinals,Colorado Rockies
2016,2016-05-19,447484,2016-05-20 00:10:00+00:00,R,N,1,142,141,Minnesota Twins,Toronto Blue Jays
2016,2016-05-19,447478,2016-05-20 00:10:00+00:00,R,N,1,145,117,Chicago White Sox,Houston Astros
2016,2016-05-19,447482,2016-05-20 01:10:00+00:00,R,N,1,135,137,San Diego Padres,San Francisco Giants
2016,2016-05-19,447479,2016-05-20 02:05:00+00:00,R,N,1,108,119,Los Angeles Angels,Los Angeles Dodgers
2016,2016-05-19,447481,2016-05-20 02:05:00+00:00,R,N,1,133,147,Oakland Athletics,New York Yankees
2016,2016-05-20,447491,2016-05-20 23:05:00+00:00,R,N,1,134,115,Pittsburgh Pirates,Colorado Rockies
2016,2016-05-20,447487,2016-05-20 23:05:00+00:00,R,N,1,143,144,Philadelphia Phillies,Atlanta Braves
2016,2016-05-20,447490,2016-05-20 23:10:00+00:00,R,N,1,111,114,Boston Red Sox,Cleveland Indians
2016,2016-05-20,447496,2016-05-20 23:10:00+00:00,R,N,1,113,136,Cincinnati Reds,Seattle Mariners
2016,2016-05-20,447497,2016-05-20 23:10:00+00:00,R,N,1,116,139,Detroit Tigers,Tampa Bay Rays
2016,2016-05-20,447500,2016-05-20 23:10:00+00:00,R,N,1,146,120,Miami Marlins,Washington Nationals
2016,2016-05-20,447494,2016-05-20 23:10:00+00:00,R,N,1,121,158,New York Mets,Milwaukee Brewers
2016,2016-05-20,447498,2016-05-21 00:10:00+00:00,R,N,1,117,140,Houston Astros,Texas Rangers
2016,2016-05-20,447499,2016-05-21 00:10:00+00:00,R,N,1,142,141,Minnesota Twins,Toronto Blue Jays
2016,2016-05-20,447492,2016-05-21 00:10:00+00:00,R,N,1,145,118,Chicago White Sox,Kansas City Royals
2016,2016-05-20,447486,2016-05-21 00:15:00+00:00,R,N,1,138,109,St. Louis Cardinals,Arizona Diamondbacks
2016,2016-05-20,447495,2016-05-21 01:35:00+00:00,R,N,1,133,147,Oakland Athletics,New York Yankees
2016,2016-05-20,447488,2016-05-21 02:05:00+00:00,R,N,1,108,110,Los Angeles Angels,Baltimore Orioles
2016,2016-05-20,447489,2016-05-21 02:15:00+00:00,R,N,1,137,112,San Francisco Giants,Chicago Cubs
2016,2016-05-20,447493,2016-05-21 02:40:00+00:00,R,N,1,135,119,San Diego Padres,Los Angeles Dodgers
2016,2016-05-21,447514,2016-05-21 18:10:00+00:00,R,N,1,142,141,Minnesota Twins,Toronto Blue Jays
2016,2016-05-21,447507,2016-05-21 18:10:00+00:00,R,N,1,145,118,Chicago White Sox,Kansas City Royals
2016,2016-05-21,447502,2016-05-21 19:05:00+00:00,R,N,1,143,144,Philadelphia Phillies,Atlanta Braves
2016,2016-05-21,447505,2016-05-21 20:05:00+00:00,R,N,1,111,114,Boston Red Sox,Cleveland Indians
2016,2016-05-21,447506,2016-05-21 20:05:00+00:00,R,N,1,134,115,Pittsburgh Pirates,Colorado Rockies
2016,2016-05-21,447501,2016-05-21 20:05:00+00:00,R,N,1,138,109,St. Louis Cardinals,Arizona Diamondbacks
2016,2016-05-21,447510,2016-05-21 20:05:00+00:00,R,N,1,133,147,Oakland Athletics,New York Yankees
2016,2016-05-21,447511,2016-05-21 20:10:00+00:00,R,N,1,113,136,Cincinnati Reds,Seattle Mariners
2016,2016-05-21,447512,2016-05-21 20:10:00+00:00,R,N,1,116,139,Detroit Tigers,Tampa Bay Rays
2016,2016-05-21,447509,2016-05-21 20:10:00+00:00,R,N,1,121,158,New York Mets,Milwaukee Brewers
2016,2016-05-21,447504,2016-05-21 23:15:00+00:00,R,N,1,137,112,San Francisco Giants,Chicago Cubs
2016,2016-05-21,447513,2016-05-21 23:15:00+00:00,R,N,1,117,140,Houston Astros,Texas Rangers
2016,2016-05-21,447515,2016-05-21 23:15:00+00:00,R,N,1,146,120,Miami Marlins,Washington Nationals
2016,2016-05-21,447503,2016-05-22 02:05:00+00:00,R,N,1,108,110,Los Angeles Angels,Baltimore Orioles
2016,2016-05-21,447508,2016-05-22 02:10:00+00:00,R,N,1,135,119,San Diego Padres,Los Angeles Dodgers
2016,2016-05-22,447526,2016-05-22 17:10:00+00:00,R,N,1,113,136,Cincinnati Reds,Seattle Mariners
2016,2016-05-22,447527,2016-05-22 17:10:00+00:00,R,N,1,116,139,Detroit Tigers,Tampa Bay Rays
2016,2016-05-22,447530,2016-05-22 17:10:00+00:00,R,N,1,146,120,Miami Marlins,Washington Nationals
2016,2016-05-22,447524,2016-05-22 17:10:00+00:00,R,N,1,121,158,New York Mets,Milwaukee Brewers
2016,2016-05-22,447520,2016-05-22 17:35:00+00:00,R,N,1,111,114,Boston Red Sox,Cleveland Indians
2016,2016-05-22,447517,2016-05-22 17:35:00+00:00,R,N,1,143,144,Philadelphia Phillies,Atlanta Braves
2016,2016-05-22,447528,2016-05-22 18:10:00+00:00,R,N,1,117,140,Houston Astros,Texas Rangers
2016,2016-05-22,447529,2016-05-22 18:10:00+00:00,R,N,1,142,141,Minnesota Twins,Toronto Blue Jays
2016,2016-05-22,447522,2016-05-22 18:10:00+00:00,R,N,1,145,118,Chicago White Sox,Kansas City Royals
2016,2016-05-22,447516,2016-05-22 18:15:00+00:00,R,N,1,138,109,St. Louis Cardinals,Arizona Diamondbacks
2016,2016-05-22,447518,2016-05-22 19:35:00+00:00,R,N,1,108,110,Los Angeles Angels,Baltimore Orioles
2016,2016-05-22,447525,2016-05-22 20:05:00+00:00,R,N,1,133,147,Oakland Athletics,New York Yankees
2016,2016-05-22,447523,2016-05-22 20:40:00+00:00,R,N,1,135,119,San Diego Padres,Los Angeles Dodgers
2016,2016-05-22,447519,2016-05-23 00:05:00+00:00,R,N,1,137,112,San Francisco Giants,Chicago Cubs
2016,2016-05-23,447521,2016-05-22 17:35:00+00:00,R,N,1,134,115,Pittsburgh Pirates,Colorado Rockies
2016,2016-05-23,447521,2016-05-23 16:35:00+00:00,R,N,1,134,115,Pittsburgh Pirates,Colorado Rockies
2016,2016-05-23,447533,2016-05-23 21:10:00+00:00,R,Y,1,145,114,Chicago White Sox,Cleveland Indians
2016,2016-05-23,446944,2016-05-23 21:15:00+00:00,R,Y,2,145,114,Chicago White Sox,Cleveland Indians
2016,2016-05-23,447535,2016-05-23 23:05:00+00:00,R,N,1,120,121,Washington Nationals,New York Mets
2016,2016-05-23,447537,2016-05-23 23:10:00+00:00,R,N,1,116,143,Detroit Tigers,Philadelphia Phillies
2016,2016-05-23,447539,2016-05-23 23:10:00+00:00,R,N,1,146,139,Miami Marlins,Tampa Bay Rays
2016,2016-05-23,447547,2016-05-24 00:05:00+00:00,R,N,1,140,108,Texas Rangers,Los Angeles Angels
2016,2016-05-23,447534,2016-05-24 00:10:00+00:00,R,N,1,142,118,Minnesota Twins,Kansas City Royals
2016,2016-05-23,447531,2016-05-24 00:15:00+00:00,R,N,1,138,112,St. Louis Cardinals,Chicago Cubs
2016,2016-05-23,447532,2016-05-24 02:10:00+00:00,R,N,1,119,113,Los Angeles Dodgers,Cincinnati Reds
2016,2016-05-23,447536,2016-05-24 02:10:00+00:00,R,N,1,136,133,Seattle Mariners,Oakland Athletics
2016,2016-05-23,447538,2016-05-24 02:15:00+00:00,R,N,1,137,135,San Francisco Giants,San Diego Padres
2016,2016-05-24,447553,2016-05-24 16:10:00+00:00,R,N,1,146,139,Miami Marlins,Tampa Bay Rays
2016,2016-05-24,447549,2016-05-24 23:05:00+00:00,R,N,1,120,121,Washington Nationals,New York Mets
2016,2016-05-24,447540,2016-05-24 23:05:00+00:00,R,N,1,134,109,Pittsburgh Pirates,Arizona Diamondbacks
2016,2016-05-24,447554,2016-05-24 23:05:00+00:00,R,N,1,147,141,New York Yankees,Toronto Blue Jays
2016,2016-05-24,447545,2016-05-24 23:10:00+00:00,R,N,1,111,115,Boston Red Sox,Colorado Rockies
2016,2016-05-24,447542,2016-05-24 23:10:00+00:00,R,N,1,138,112,St. Louis Cardinals,Chicago Cubs
2016,2016-05-24,447551,2016-05-24 23:10:00+00:00,R,N,1,116,143,Detroit Tigers,Philadelphia Phillies
2016,2016-05-24,447548,2016-05-24 23:10:00+00:00,R,N,1,144,158,Atlanta Braves,Milwaukee Brewers
2016,2016-05-24,447562,2016-05-25 00:05:00+00:00,R,N,1,140,108,Texas Rangers,Los Angeles Angels
2016,2016-05-24,447541,2016-05-25 00:10:00+00:00,R,N,1,117,110,Houston Astros,Baltimore Orioles
2016,2016-05-24,447546,2016-05-25 00:10:00+00:00,R,N,1,142,118,Minnesota Twins,Kansas City Royals
2016,2016-05-24,447544,2016-05-25 00:10:00+00:00,R,N,1,145,114,Chicago White Sox,Cleveland Indians
2016,2016-05-24,447543,2016-05-25 02:10:00+00:00,R,N,1,119,113,Los Angeles Dodgers,Cincinnati Reds
2016,2016-05-24,447550,2016-05-25 02:10:00+00:00,R,N,1,136,133,Seattle Mariners,Oakland Athletics
2016,2016-05-24,447552,2016-05-25 02:15:00+00:00,R,N,1,137,135,San Francisco Giants,San Diego Padres
2016,2016-05-25,447565,2016-05-25 17:05:00+00:00,R,N,1,120,121,Washington Nationals,New York Mets
2016,2016-05-25,447561,2016-05-25 17:10:00+00:00,R,N,1,142,118,Minnesota Twins,Kansas City Royals
2016,2016-05-25,447567,2016-05-25 17:10:00+00:00,R,N,1,116,143,Detroit Tigers,Philadelphia Phillies
2016,2016-05-25,447557,2016-05-25 17:45:00+00:00,R,N,1,138,112,St. Louis Cardinals,Chicago Cubs
2016,2016-05-25,447574,2016-05-25 18:05:00+00:00,R,N,1,140,108,Texas Rangers,Los Angeles Angels
2016,2016-05-25,447559,2016-05-25 18:10:00+00:00,R,N,1,145,114,Chicago White Sox,Cleveland Indians
2016,2016-05-25,447568,2016-05-25 19:45:00+00:00,R,N,1,137,135,San Francisco Giants,San Diego Padres
2016,2016-05-25,447555,2016-05-25 23:05:00+00:00,R,N,1,134,109,Pittsburgh Pirates,Arizona Diamondbacks
2016,2016-05-25,447569,2016-05-25 23:05:00+00:00,R,N,1,147,141,New York Yankees,Toronto Blue Jays
2016,2016-05-25,447560,2016-05-25 23:10:00+00:00,R,N,1,111,115,Boston Red Sox,Colorado Rockies
2016,2016-05-25,447563,2016-05-25 23:10:00+00:00,R,N,1,139,146,Tampa Bay Rays,Miami Marlins
2016,2016-05-25,447564,2016-05-25 23:10:00+00:00,R,N,1,144,158,Atlanta Braves,Milwaukee Brewers
2016,2016-05-25,447556,2016-05-26 00:10:00+00:00,R,N,1,117,110,Houston Astros,Baltimore Orioles
2016,2016-05-25,447558,2016-05-26 02:10:00+00:00,R,N,1,119,113,Los Angeles Dodgers,Cincinnati Reds
2016,2016-05-25,447566,2016-05-26 02:10:00+00:00,R,N,1,136,133,Seattle Mariners,Oakland Athletics
2016,2016-05-26,447570,2016-05-26 16:35:00+00:00,R,N,1,134,109,Pittsburgh Pirates,Arizona Diamondbacks
2016,2016-05-26,447575,2016-05-26 17:10:00+00:00,R,N,1,139,146,Tampa Bay Rays,Miami Marlins
2016,2016-05-26,447578,2016-05-26 20:05:00+00:00,R,N,1,147,141,New York Yankees,Toronto Blue Jays
2016,2016-05-26,447577,2016-05-26 23:05:00+00:00,R,N,1,120,138,Washington Nationals,St. Louis Cardinals
2016,2016-05-26,447573,2016-05-26 23:10:00+00:00,R,N,1,111,115,Boston Red Sox,Colorado Rockies
2016,2016-05-26,447576,2016-05-26 23:10:00+00:00,R,N,1,144,158,Atlanta Braves,Milwaukee Brewers
2016,2016-05-26,447571,2016-05-27 00:10:00+00:00,R,N,1,117,110,Houston Astros,Baltimore Orioles
2016,2016-09-19,447572,2016-05-27 00:15:00+00:00,R,N,1,118,145,Kansas City Royals,Chicago White Sox
2016,2016-05-27,447589,2016-05-27 18:20:00+00:00,R,N,1,112,143,Chicago Cubs,Philadelphia Phillies
2016,2016-05-27,447593,2016-05-27 23:05:00+00:00,R,N,1,120,138,Washington Nationals,St. Louis Cardinals
2016,2016-05-27,447580,2016-05-27 23:07:00+00:00,R,N,1,141,111,Toronto Blue Jays,Boston Red Sox
2016,2016-05-27,447579,2016-05-27 23:10:00+00:00,R,N,1,114,110,Cleveland Indians,Baltimore Orioles
2016,2016-05-27,447585,2016-05-27 23:10:00+00:00,R,N,1,121,119,New York Mets,Los Angeles Dodgers
2016,2016-05-27,447588,2016-05-27 23:10:00+00:00,R,N,1,139,147,Tampa Bay Rays,New York Yankees
2016,2016-05-27,447586,2016-05-27 23:35:00+00:00,R,N,1,144,146,Atlanta Braves,Miami Marlins
2016,2016-05-27,447590,2016-05-28 00:05:00+00:00,R,N,1,140,134,Texas Rangers,Pittsburgh Pirates
2016,2016-05-27,447582,2016-05-28 00:10:00+00:00,R,N,1,158,113,Milwaukee Brewers,Cincinnati Reds
2016,2016-05-27,447581,2016-05-28 00:15:00+00:00,R,N,1,118,145,Kansas City Royals,Chicago White Sox
2016,2016-05-27,447592,2016-05-28 00:40:00+00:00,R,N,1,115,137,Colorado Rockies,San Francisco Giants
2016,2016-05-27,447591,2016-05-28 01:40:00+00:00,R,N,1,109,135,Arizona Diamondbacks,San Diego Padres
2016,2016-05-27,447584,2016-05-28 02:05:00+00:00,R,N,1,108,117,Los Angeles Angels,Houston Astros
2016,2016-05-27,447583,2016-05-28 02:05:00+00:00,R,N,1,133,116,Oakland Athletics,Detroit Tigers
2016,2016-05-27,447587,2016-05-28 02:10:00+00:00,R,N,1,136,142,Seattle Mariners,Minnesota Twins
2016,2016-05-28,447595,2016-05-28 17:07:00+00:00,R,N,1,141,111,Toronto Blue Jays,Boston Red Sox
2016,2016-05-28,447596,2016-05-28 18:15:00+00:00,R,N,1,118,145,Kansas City Royals,Chicago White Sox
2016,2016-05-28,447604,2016-05-28 18:20:00+00:00,R,N,1,112,143,Chicago Cubs,Philadelphia Phillies
2016,2016-05-28,447598,2016-05-28 20:05:00+00:00,R,N,1,133,116,Oakland Athletics,Detroit Tigers
2016,2016-05-28,447594,2016-05-28 20:10:00+00:00,R,N,1,114,110,Cleveland Indians,Baltimore Orioles
2016,2016-05-28,447607,2016-05-28 20:10:00+00:00,R,N,1,115,137,Colorado Rockies,San Francisco Giants
2016,2016-05-28,447601,2016-05-28 20:10:00+00:00,R,N,1,144,146,Atlanta Braves,Miami Marlins
2016,2016-05-28,447603,2016-05-28 20:10:00+00:00,R,N,1,139,147,Tampa Bay Rays,New York Yankees
2016,2016-05-28,447597,2016-05-28 20:10:00+00:00,R,N,1,158,113,Milwaukee Brewers,Cincinnati Reds
2016,2016-05-28,447600,2016-05-28 23:15:00+00:00,R,N,1,121,119,New York Mets,Los Angeles Dodgers
2016,2016-05-28,447608,2016-05-28 23:15:00+00:00,R,N,1,120,138,Washington Nationals,St. Louis Cardinals
2016,2016-05-28,447605,2016-05-28 23:15:00+00:00,R,N,1,140,134,Texas Rangers,Pittsburgh Pirates
2016,2016-05-28,447599,2016-05-29 02:05:00+00:00,R,N,1,108,117,Los Angeles Angels,Houston Astros
2016,2016-05-28,447606,2016-05-29 02:10:00+00:00,R,N,1,109,135,Arizona Diamondbacks,San Diego Padres
2016,2016-05-28,447602,2016-05-29 02:10:00+00:00,R,N,1,136,142,Seattle Mariners,Minnesota Twins
2016,2016-05-29,447610,2016-05-29 17:07:00+00:00,R,N,1,141,111,Toronto Blue Jays,Boston Red Sox
2016,2016-05-29,447609,2016-05-29 17:10:00+00:00,R,N,1,114,110,Cleveland Indians,Baltimore Orioles
2016,2016-05-29,447618,2016-05-29 17:10:00+00:00,R,N,1,139,147,Tampa Bay Rays,New York Yankees
2016,2016-05-29,447623,2016-05-29 17:35:00+00:00,R,N,1,120,138,Washington Nationals,St. Louis Cardinals
2016,2016-05-29,447612,2016-05-29 18:10:00+00:00,R,N,1,158,113,Milwaukee Brewers,Cincinnati Reds
2016,2016-05-29,447611,2016-05-29 18:15:00+00:00,R,N,1,118,145,Kansas City Royals,Chicago White Sox
2016,2016-05-29,447619,2016-05-29 18:20:00+00:00,R,N,1,112,143,Chicago Cubs,Philadelphia Phillies
2016,2016-05-29,447620,2016-05-29 19:05:00+00:00,R,N,1,140,134,Texas Rangers,Pittsburgh Pirates
2016,2016-05-29,447614,2016-05-29 19:35:00+00:00,R,N,1,108,117,Los Angeles Angels,Houston Astros
2016,2016-05-29,447613,2016-05-29 20:05:00+00:00,R,N,1,133,116,Oakland Athletics,Detroit Tigers
2016,2016-05-29,447621,2016-05-29 20:10:00+00:00,R,N,1,109,135,Arizona Diamondbacks,San Diego Padres
2016,2016-05-29,447622,2016-05-29 20:10:00+00:00,R,N,1,115,137,Colorado Rockies,San Francisco Giants
2016,2016-05-29,447617,2016-05-29 20:10:00+00:00,R,N,1,136,142,Seattle Mariners,Minnesota Twins
2016,2016-05-29,447616,2016-05-29 21:05:00+00:00,R,N,1,144,146,Atlanta Braves,Miami Marlins
2016,2016-05-29,447615,2016-05-30 00:00:00+00:00,R,N,1,121,119,New York Mets,Los Angeles Dodgers
2016,2016-05-30,447634,2016-05-30 17:10:00+00:00,R,N,1,144,137,Atlanta Braves,San Francisco Giants
2016,2016-05-30,447625,2016-05-30 17:10:00+00:00,R,N,1,121,145,New York Mets,Chicago White Sox
2016,2016-05-30,447624,2016-05-30 17:35:00+00:00,R,N,1,110,111,Baltimore Orioles,Boston Red Sox
2016,2016-05-30,447635,2016-05-30 18:10:00+00:00,R,N,1,158,138,Milwaukee Brewers,St. Louis Cardinals
2016,2016-05-30,447630,2016-05-30 20:05:00+00:00,R,N,1,133,142,Oakland Athletics,Minnesota Twins
2016,2016-05-30,447626,2016-05-30 20:10:00+00:00,R,N,1,115,113,Colorado Rockies,Cincinnati Reds
2016,2016-05-30,447628,2016-05-30 20:10:00+00:00,R,N,1,109,117,Arizona Diamondbacks,Houston Astros
2016,2016-05-30,447633,2016-05-30 20:10:00+00:00,R,N,1,136,135,Seattle Mariners,San Diego Padres
2016,2016-05-30,447629,2016-05-30 21:05:00+00:00,R,N,1,112,119,Chicago Cubs,Los Angeles Dodgers
2016,2016-05-30,447637,2016-05-30 22:10:00+00:00,R,N,1,114,140,Cleveland Indians,Texas Rangers
2016,2016-05-30,447638,2016-05-30 23:05:00+00:00,R,N,1,143,120,Philadelphia Phillies,Washington Nationals
2016,2016-05-30,447631,2016-05-30 23:07:00+00:00,R,N,1,141,147,Toronto Blue Jays,New York Yankees
2016,2016-05-30,447632,2016-05-30 23:10:00+00:00,R,N,1,146,134,Miami Marlins,Pittsburgh Pirates
2016,2016-05-30,447636,2016-05-31 00:15:00+00:00,R,N,1,118,139,Kansas City Royals,Tampa Bay Rays
2016,2016-05-30,447627,2016-05-31 01:05:00+00:00,R,N,1,108,116,Los Angeles Angels,Detroit Tigers
2016,2016-05-31,447643,2016-05-31 19:40:00+00:00,R,N,1,109,117,Arizona Diamondbacks,Houston Astros
2016,2016-05-31,447648,2016-05-31 19:40:00+00:00,R,N,1,136,135,Seattle Mariners,San Diego Padres
2016,2016-05-31,447652,2016-05-31 22:10:00+00:00,R,N,1,114,140,Cleveland Indians,Texas Rangers
2016,2016-05-31,447639,2016-05-31 23:05:00+00:00,R,N,1,110,111,Baltimore Orioles,Boston Red Sox
2016,2016-05-31,447653,2016-05-31 23:05:00+00:00,R,N,1,143,120,Philadelphia Phillies,Washington Nationals
2016,2016-05-31,447646,2016-05-31 23:07:00+00:00,R,N,1,141,147,Toronto Blue Jays,New York Yankees
2016,2016-05-31,447649,2016-05-31 23:10:00+00:00,R,N,1,144,137,Atlanta Braves,San Francisco Giants
2016,2016-05-31,447640,2016-05-31 23:10:00+00:00,R,N,1,121,145,New York Mets,Chicago White Sox
2016,2016-05-31,447647,2016-05-31 23:10:00+00:00,R,N,1,146,134,Miami Marlins,Pittsburgh Pirates
2016,2016-05-31,447644,2016-06-01 00:05:00+00:00,R,N,1,112,119,Chicago Cubs,Los Angeles Dodgers
2016,2016-05-31,447650,2016-06-01 00:10:00+00:00,R,N,1,158,138,Milwaukee Brewers,St. Louis Cardinals
2016,2016-05-31,447651,2016-06-01 00:15:00+00:00,R,N,1,118,139,Kansas City Royals,Tampa Bay Rays
2016,2016-05-31,447641,2016-06-01 00:40:00+00:00,R,N,1,115,113,Colorado Rockies,Cincinnati Reds
2016,2016-05-31,447642,2016-06-01 02:05:00+00:00,R,N,1,108,116,Los Angeles Angels,Detroit Tigers
2016,2016-05-31,447645,2016-06-01 02:05:00+00:00,R,N,1,133,142,Oakland Athletics,Minnesota Twins
2016,2016-06-01,447656,2016-06-01 17:10:00+00:00,R,N,1,121,145,New York Mets,Chicago White Sox
2016,2016-06-01,447665,2016-06-01 17:40:00+00:00,R,N,1,158,138,Milwaukee Brewers,St. Louis Cardinals
2016,2016-06-01,447660,2016-06-01 19:35:00+00:00,R,N,1,133,142,Oakland Athletics,Minnesota Twins
2016,2016-06-01,447667,2016-06-01 22:10:00+00:00,R,N,1,114,140,Cleveland Indians,Texas Rangers
2016,2016-06-01,447655,2016-06-01 23:05:00+00:00,R,N,1,110,111,Baltimore Orioles,Boston Red Sox
2016,2016-06-01,447658,2016-06-01 23:05:00+00:00,R,N,1,108,116,Los Angeles Angels,Detroit Tigers
2016,2016-06-01,447668,2016-06-01 23:05:00+00:00,R,N,1,143,120,Philadelphia Phillies,Washington Nationals
2016,2016-06-01,447661,2016-06-01 23:07:00+00:00,R,N,1,141,147,Toronto Blue Jays,New York Yankees
2016,2016-06-01,447663,2016-06-01 23:10:00+00:00,R,N,1,144,137,Atlanta Braves,San Francisco Giants
2016,2016-06-01,447662,2016-06-01 23:10:00+00:00,R,N,1,146,134,Miami Marlins,Pittsburgh Pirates
2016,2016-06-01,447659,2016-06-02 00:05:00+00:00,R,N,1,112,119,Chicago Cubs,Los Angeles Dodgers
2016,2016-06-01,447654,2016-06-02 00:10:00+00:00,R,N,1,117,109,Houston Astros,Arizona Diamondbacks
2016,2016-06-01,447666,2016-06-02 00:15:00+00:00,R,N,1,118,139,Kansas City Royals,Tampa Bay Rays
2016,2016-06-01,447657,2016-06-02 00:40:00+00:00,R,N,1,115,113,Colorado Rockies,Cincinnati Reds
2016,2016-06-01,447664,2016-06-02 02:10:00+00:00,R,N,1,135,136,San Diego Padres,Seattle Mariners
2016,2016-06-02,447676,2016-06-02 16:10:00+00:00,R,N,1,144,137,Atlanta Braves,San Francisco Giants
2016,2016-06-02,447669,2016-06-02 18:10:00+00:00,R,N,1,117,109,Houston Astros,Arizona Diamondbacks
2016,2016-06-02,447673,2016-06-02 18:20:00+00:00,R,N,1,112,119,Chicago Cubs,Los Angeles Dodgers
2016,2016-06-02,447670,2016-06-02 23:05:00+00:00,R,N,1,110,111,Baltimore Orioles,Boston Red Sox
2016,2016-06-02,447674,2016-06-02 23:05:00+00:00,R,N,1,143,158,Philadelphia Phillies,Milwaukee Brewers
2016,2016-06-02,447672,2016-06-02 23:10:00+00:00,R,N,1,114,118,Cleveland Indians,Kansas City Royals
2016,2016-06-02,447675,2016-06-02 23:10:00+00:00,R,N,1,146,134,Miami Marlins,Pittsburgh Pirates
2016,2016-06-02,446949,2016-06-02 23:40:00+00:00,R,N,1,116,147,Detroit Tigers,New York Yankees
2016,2016-06-02,447678,2016-06-03 00:10:00+00:00,R,N,1,142,139,Minnesota Twins,Tampa Bay Rays
2016,2016-06-02,447671,2016-06-03 00:40:00+00:00,R,N,1,115,113,Colorado Rockies,Cincinnati Reds
2016,2016-06-02,447677,2016-06-03 01:10:00+00:00,R,N,1,135,136,San Diego Padres,Seattle Mariners
2016,2016-06-03,447679,2016-06-03 18:20:00+00:00,R,N,1,112,109,Chicago Cubs,Arizona Diamondbacks
2016,2016-06-03,447684,2016-06-03 23:05:00+00:00,R,N,1,134,108,Pittsburgh Pirates,Los Angeles Angels
2016,2016-06-03,447687,2016-06-03 23:05:00+00:00,R,N,1,110,147,Baltimore Orioles,New York Yankees
2016,2016-06-03,447685,2016-06-03 23:05:00+00:00,R,N,1,143,158,Philadelphia Phillies,Milwaukee Brewers
2016,2016-06-03,447683,2016-06-03 23:10:00+00:00,R,N,1,114,118,Cleveland Indians,Kansas City Royals
2016,2016-06-03,447693,2016-06-03 23:10:00+00:00,R,N,1,113,120,Cincinnati Reds,Washington Nationals
2016,2016-06-03,447692,2016-06-03 23:10:00+00:00,R,N,1,111,141,Boston Red Sox,Toronto Blue Jays
2016,2016-06-03,447681,2016-06-03 23:10:00+00:00,R,N,1,116,145,Detroit Tigers,Chicago White Sox
2016,2016-06-03,447686,2016-06-03 23:10:00+00:00,R,N,1,146,121,Miami Marlins,New York Mets
2016,2016-06-03,447690,2016-06-04 00:05:00+00:00,R,N,1,140,136,Texas Rangers,Seattle Mariners
2016,2016-06-03,447688,2016-06-04 00:10:00+00:00,R,N,1,117,133,Houston Astros,Oakland Athletics
2016,2016-06-03,447691,2016-06-04 00:10:00+00:00,R,N,1,142,139,Minnesota Twins,Tampa Bay Rays
2016,2016-06-03,447689,2016-06-04 00:15:00+00:00,R,N,1,138,137,St. Louis Cardinals,San Francisco Giants
2016,2016-06-03,447680,2016-06-04 02:10:00+00:00,R,N,1,119,144,Los Angeles Dodgers,Atlanta Braves
2016,2016-06-03,447682,2016-06-04 02:40:00+00:00,R,N,1,135,115,San Diego Padres,Colorado Rockies
2016,2016-06-04,447694,2016-06-04 18:20:00+00:00,R,N,1,112,109,Chicago Cubs,Arizona Diamondbacks
2016,2016-06-04,447700,2016-06-04 19:05:00+00:00,R,N,1,143,158,Philadelphia Phillies,Milwaukee Brewers
2016,2016-06-04,447699,2016-06-04 20:05:00+00:00,R,N,1,134,108,Pittsburgh Pirates,Los Angeles Angels
2016,2016-06-04,447707,2016-06-04 20:05:00+00:00,R,N,1,111,141,Boston Red Sox,Toronto Blue Jays
2016,2016-06-04,447708,2016-06-04 20:10:00+00:00,R,N,1,113,120,Cincinnati Reds,Washington Nationals
2016,2016-06-04,447703,2016-06-04 20:10:00+00:00,R,N,1,117,133,Houston Astros,Oakland Athletics
2016,2016-06-04,447706,2016-06-04 20:10:00+00:00,R,N,1,142,139,Minnesota Twins,Tampa Bay Rays
2016,2016-06-04,447696,2016-06-04 20:10:00+00:00,R,N,1,116,145,Detroit Tigers,Chicago White Sox
2016,2016-06-04,447701,2016-06-04 20:10:00+00:00,R,N,1,146,121,Miami Marlins,New York Mets
2016,2016-06-04,447698,2016-06-04 23:15:00+00:00,R,N,1,114,118,Cleveland Indians,Kansas City Royals
2016,2016-06-04,447704,2016-06-04 23:15:00+00:00,R,N,1,138,137,St. Louis Cardinals,San Francisco Giants
2016,2016-06-04,447702,2016-06-04 23:15:00+00:00,R,N,1,110,147,Baltimore Orioles,New York Yankees
2016,2016-06-04,447705,2016-06-05 01:05:00+00:00,R,N,1,140,136,Texas Rangers,Seattle Mariners
2016,2016-06-04,447697,2016-06-05 02:10:00+00:00,R,N,1,135,115,San Diego Padres,Colorado Rockies
2016,2016-06-04,447695,2016-06-05 02:10:00+00:00,R,N,1,119,144,Los Angeles Dodgers,Atlanta Braves
2016,2016-06-05,447713,2016-06-05 17:10:00+00:00,R,N,1,114,118,Cleveland Indians,Kansas City Royals
2016,2016-06-05,447723,2016-06-05 17:10:00+00:00,R,N,1,113,120,Cincinnati Reds,Washington Nationals
2016,2016-06-05,447711,2016-06-05 17:10:00+00:00,R,N,1,116,145,Detroit Tigers,Chicago White Sox
2016,2016-06-05,447716,2016-06-05 17:10:00+00:00,R,N,1,146,121,Miami Marlins,New York Mets
2016,2016-06-05,447714,2016-06-05 17:35:00+00:00,R,N,1,134,108,Pittsburgh Pirates,Los Angeles Angels
2016,2016-06-05,447722,2016-06-05 17:35:00+00:00,R,N,1,111,141,Boston Red Sox,Toronto Blue Jays
2016,2016-06-05,447717,2016-06-05 17:35:00+00:00,R,N,1,110,147,Baltimore Orioles,New York Yankees
2016,2016-06-05,447715,2016-06-05 17:35:00+00:00,R,N,1,143,158,Philadelphia Phillies,Milwaukee Brewers
2016,2016-06-05,447718,2016-06-05 18:10:00+00:00,R,N,1,117,133,Houston Astros,Oakland Athletics
2016,2016-06-05,447721,2016-06-05 18:10:00+00:00,R,N,1,142,139,Minnesota Twins,Tampa Bay Rays
2016,2016-06-05,447709,2016-06-05 18:20:00+00:00,R,N,1,112,109,Chicago Cubs,Arizona Diamondbacks
2016,2016-06-05,447720,2016-06-05 19:05:00+00:00,R,N,1,140,136,Texas Rangers,Seattle Mariners
2016,2016-06-05,447710,2016-06-05 20:10:00+00:00,R,N,1,119,144,Los Angeles Dodgers,Atlanta Braves
2016,2016-06-05,447719,2016-06-06 00:05:00+00:00,R,N,1,138,137,St. Louis Cardinals,San Francisco Giants
2016,2016-06-05,447712,2016-06-06 01:10:00+00:00,R,N,1,135,115,San Diego Padres,Colorado Rockies
2016,2016-06-06,447729,2016-06-06 23:05:00+00:00,R,N,1,110,118,Baltimore Orioles,Kansas City Royals
2016,2016-06-06,447725,2016-06-06 23:05:00+00:00,R,N,1,143,112,Philadelphia Phillies,Chicago Cubs
2016,2016-06-06,447730,2016-06-06 23:05:00+00:00,R,N,1,147,108,New York Yankees,Los Angeles Angels
2016,2016-06-06,447733,2016-06-06 23:10:00+00:00,R,N,1,116,141,Detroit Tigers,Toronto Blue Jays
2016,2016-06-06,447728,2016-06-07 00:05:00+00:00,R,N,1,140,117,Texas Rangers,Houston Astros
2016,2016-06-06,447732,2016-06-07 01:40:00+00:00,R,N,1,109,139,Arizona Diamondbacks,Tampa Bay Rays
2016,2016-06-06,447727,2016-06-07 02:10:00+00:00,R,N,1,119,115,Los Angeles Dodgers,Colorado Rockies
2016,2016-06-06,447726,2016-06-07 02:10:00+00:00,R,N,1,136,114,Seattle Mariners,Cleveland Indians
2016,2016-06-06,447724,2016-06-07 02:10:00+00:00,R,N,1,135,144,San Diego Padres,Atlanta Braves
2016,2016-06-07,447731,2016-06-06 23:05:00+00:00,R,N,1,134,121,Pittsburgh Pirates,New York Mets
2016,2016-06-07,447743,2016-06-07 20:05:00+00:00,R,Y,1,134,121,Pittsburgh Pirates,New York Mets
2016,2016-06-07,447731,2016-06-07 20:10:00+00:00,R,Y,2,134,121,Pittsburgh Pirates,New York Mets
2016,2016-06-07,447740,2016-06-07 23:05:00+00:00,R,N,1,110,118,Baltimore Orioles,Kansas City Royals
2016,2016-06-07,447736,2016-06-07 23:05:00+00:00,R,N,1,143,112,Philadelphia Phillies,Chicago Cubs
2016,2016-06-07,447741,2016-06-07 23:05:00+00:00,R,N,1,147,108,New York Yankees,Los Angeles Angels
2016,2016-06-07,447745,2016-06-07 23:10:00+00:00,R,N,1,113,138,Cincinnati Reds,St. Louis Cardinals
2016,2016-06-07,447747,2016-06-07 23:10:00+00:00,R,N,1,116,141,Detroit Tigers,Toronto Blue Jays
2016,2016-06-07,447739,2016-06-08 00:05:00+00:00,R,N,1,140,117,Texas Rangers,Houston Astros
2016,2016-06-07,447748,2016-06-08 00:10:00+00:00,R,N,1,145,120,Chicago White Sox,Washington Nationals
2016,2016-06-07,447742,2016-06-08 00:10:00+00:00,R,N,1,142,146,Minnesota Twins,Miami Marlins
2016,2016-06-07,447744,2016-06-08 00:10:00+00:00,R,N,1,158,133,Milwaukee Brewers,Oakland Athletics
2016,2016-06-07,447746,2016-06-08 01:40:00+00:00,R,N,1,109,139,Arizona Diamondbacks,Tampa Bay Rays
2016,2016-06-07,447738,2016-06-08 02:10:00+00:00,R,N,1,119,115,Los Angeles Dodgers,Colorado Rockies
2016,2016-06-07,447737,2016-06-08 02:10:00+00:00,R,N,1,136,114,Seattle Mariners,Cleveland Indians
2016,2016-06-07,447734,2016-06-08 02:10:00+00:00,R,N,1,135,144,San Diego Padres,Atlanta Braves
2016,2016-06-07,447735,2016-06-08 02:15:00+00:00,R,N,1,137,111,San Francisco Giants,Boston Red Sox
2016,2016-06-08,447751,2016-06-08 17:05:00+00:00,R,N,1,143,112,Philadelphia Phillies,Chicago Cubs
2016,2016-06-08,447762,2016-06-08 17:10:00+00:00,R,N,1,116,141,Detroit Tigers,Toronto Blue Jays
2016,2016-06-08,447761,2016-06-08 19:40:00+00:00,R,N,1,109,139,Arizona Diamondbacks,Tampa Bay Rays
2016,2016-06-08,447749,2016-06-08 19:40:00+00:00,R,N,1,135,144,San Diego Padres,Atlanta Braves
2016,2016-06-08,447755,2016-06-08 23:05:00+00:00,R,N,1,110,118,Baltimore Orioles,Kansas City Royals
2016,2016-06-08,447758,2016-06-08 23:05:00+00:00,R,N,1,134,121,Pittsburgh Pirates,New York Mets
2016,2016-06-08,447756,2016-06-08 23:05:00+00:00,R,N,1,147,108,New York Yankees,Los Angeles Angels
2016,2016-06-08,447760,2016-06-08 23:10:00+00:00,R,N,1,113,138,Cincinnati Reds,St. Louis Cardinals
2016,2016-06-08,447754,2016-06-09 00:05:00+00:00,R,N,1,140,117,Texas Rangers,Houston Astros
2016,2016-06-08,447763,2016-06-09 00:10:00+00:00,R,N,1,145,120,Chicago White Sox,Washington Nationals
2016,2016-06-08,447757,2016-06-09 00:10:00+00:00,R,N,1,142,146,Minnesota Twins,Miami Marlins
2016,2016-06-08,447759,2016-06-09 00:10:00+00:00,R,N,1,158,133,Milwaukee Brewers,Oakland Athletics
2016,2016-06-08,447753,2016-06-09 02:10:00+00:00,R,N,1,119,115,Los Angeles Dodgers,Colorado Rockies
2016,2016-06-08,447752,2016-06-09 02:10:00+00:00,R,N,1,136,114,Seattle Mariners,Cleveland Indians
2016,2016-06-08,447750,2016-06-09 02:15:00+00:00,R,N,1,137,111,San Francisco Giants,Boston Red Sox
2016,2016-06-09,447766,2016-06-09 18:05:00+00:00,R,N,1,140,117,Texas Rangers,Houston Astros
2016,2016-06-09,447197,2016-06-09 21:10:00+00:00,R,N,1,115,134,Colorado Rockies,Pittsburgh Pirates
2016,2016-06-09,447767,2016-06-09 23:05:00+00:00,R,N,1,147,108,New York Yankees,Los Angeles Angels
2016,2016-06-09,447764,2016-06-09 23:07:00+00:00,R,N,1,141,110,Toronto Blue Jays,Baltimore Orioles
2016,2016-06-09,447770,2016-06-09 23:10:00+00:00,R,N,1,113,138,Cincinnati Reds,St. Louis Cardinals
2016,2016-06-09,447771,2016-06-10 00:10:00+00:00,R,N,1,145,120,Chicago White Sox,Washington Nationals
2016,2016-06-09,447768,2016-06-10 00:10:00+00:00,R,N,1,142,146,Minnesota Twins,Miami Marlins
2016,2016-06-09,447769,2016-06-10 00:10:00+00:00,R,N,1,158,121,Milwaukee Brewers,New York Mets
2016,2016-06-09,447765,2016-06-10 02:10:00+00:00,R,N,1,136,114,Seattle Mariners,Cleveland Indians
2016,2016-06-10,447785,2016-06-10 23:05:00+00:00,R,N,1,134,138,Pittsburgh Pirates,St. Louis Cardinals
2016,2016-06-10,447783,2016-06-10 23:05:00+00:00,R,N,1,120,143,Washington Nationals,Philadelphia Phillies
2016,2016-06-10,447776,2016-06-10 23:05:00+00:00,R,N,1,147,116,New York Yankees,Detroit Tigers
2016,2016-06-10,447772,2016-06-10 23:07:00+00:00,R,N,1,141,110,Toronto Blue Jays,Baltimore Orioles
2016,2016-06-10,447782,2016-06-10 23:10:00+00:00,R,N,1,113,133,Cincinnati Reds,Oakland Athletics
2016,2016-06-10,447777,2016-06-10 23:10:00+00:00,R,N,1,139,117,Tampa Bay Rays,Houston Astros
2016,2016-06-10,447774,2016-06-10 23:35:00+00:00,R,N,1,144,112,Atlanta Braves,Chicago Cubs
2016,2016-06-10,447773,2016-06-11 00:10:00+00:00,R,N,1,142,111,Minnesota Twins,Boston Red Sox
2016,2016-06-10,447778,2016-06-11 00:10:00+00:00,R,N,1,145,118,Chicago White Sox,Kansas City Royals
2016,2016-06-10,447781,2016-06-11 00:10:00+00:00,R,N,1,158,121,Milwaukee Brewers,New York Mets
2016,2016-06-10,447784,2016-06-11 00:40:00+00:00,R,N,1,115,135,Colorado Rockies,San Diego Padres
2016,2016-06-10,447780,2016-06-11 01:40:00+00:00,R,N,1,109,146,Arizona Diamondbacks,Miami Marlins
2016,2016-06-10,447775,2016-06-11 02:05:00+00:00,R,N,1,108,114,Los Angeles Angels,Cleveland Indians
2016,2016-06-10,447786,2016-06-11 02:10:00+00:00,R,N,1,136,140,Seattle Mariners,Texas Rangers
2016,2016-06-10,447779,2016-06-11 02:15:00+00:00,R,N,1,137,119,San Francisco Giants,Los Angeles Dodgers
2016,2016-06-11,447798,2016-06-11 16:05:00+00:00,R,N,1,120,143,Washington Nationals,Philadelphia Phillies
2016,2016-06-11,447787,2016-06-11 17:07:00+00:00,R,N,1,141,110,Toronto Blue Jays,Baltimore Orioles
2016,2016-06-11,447788,2016-06-11 18:10:00+00:00,R,N,1,142,111,Minnesota Twins,Boston Red Sox
2016,2016-06-11,447793,2016-06-11 18:10:00+00:00,R,N,1,145,118,Chicago White Sox,Kansas City Royals
2016,2016-06-11,447797,2016-06-11 20:10:00+00:00,R,N,1,113,133,Cincinnati Reds,Oakland Athletics
2016,2016-06-11,447799,2016-06-11 20:10:00+00:00,R,N,1,115,135,Colorado Rockies,San Diego Padres
2016,2016-06-11,447792,2016-06-11 20:10:00+00:00,R,N,1,139,117,Tampa Bay Rays,Houston Astros
2016,2016-06-11,447789,2016-06-11 20:10:00+00:00,R,N,1,144,112,Atlanta Braves,Chicago Cubs
2016,2016-06-11,447796,2016-06-11 20:10:00+00:00,R,N,1,158,121,Milwaukee Brewers,New York Mets
2016,2016-06-11,447794,2016-06-11 23:15:00+00:00,R,N,1,137,119,San Francisco Giants,Los Angeles Dodgers
2016,2016-06-11,447800,2016-06-11 23:15:00+00:00,R,N,1,134,138,Pittsburgh Pirates,St. Louis Cardinals
2016,2016-06-11,447791,2016-06-11 23:15:00+00:00,R,N,1,147,116,New York Yankees,Detroit Tigers
2016,2016-06-11,447790,2016-06-12 02:05:00+00:00,R,N,1,108,114,Los Angeles Angels,Cleveland Indians
2016,2016-06-11,447801,2016-06-12 02:10:00+00:00,R,N,1,136,140,Seattle Mariners,Texas Rangers
2016,2016-06-11,447795,2016-06-12 02:10:00+00:00,R,N,1,109,146,Arizona Diamondbacks,Miami Marlins
2016,2016-06-12,447802,2016-06-12 17:07:00+00:00,R,N,1,141,110,Toronto Blue Jays,Baltimore Orioles
2016,2016-06-12,447812,2016-06-12 17:10:00+00:00,R,N,1,113,133,Cincinnati Reds,Oakland Athletics
2016,2016-06-12,447807,2016-06-12 17:10:00+00:00,R,N,1,139,117,Tampa Bay Rays,Houston Astros
2016,2016-06-12,447804,2016-06-12 17:35:00+00:00,R,N,1,144,112,Atlanta Braves,Chicago Cubs
2016,2016-06-12,447806,2016-06-12 18:05:00+00:00,R,N,1,147,116,New York Yankees,Detroit Tigers
2016,2016-06-12,447803,2016-06-12 18:10:00+00:00,R,N,1,142,111,Minnesota Twins,Boston Red Sox
2016,2016-06-12,447808,2016-06-12 18:10:00+00:00,R,N,1,145,118,Chicago White Sox,Kansas City Royals
2016,2016-06-12,447811,2016-06-12 18:10:00+00:00,R,N,1,158,121,Milwaukee Brewers,New York Mets
2016,2016-06-12,447805,2016-06-12 19:35:00+00:00,R,N,1,108,114,Los Angeles Angels,Cleveland Indians
2016,2016-06-12,447813,2016-06-12 20:05:00+00:00,R,N,1,120,143,Washington Nationals,Philadelphia Phillies
2016,2016-06-12,447814,2016-06-12 20:10:00+00:00,R,N,1,115,135,Colorado Rockies,San Diego Padres
2016,2016-06-12,447816,2016-06-12 20:10:00+00:00,R,N,1,136,140,Seattle Mariners,Texas Rangers
2016,2016-06-12,447810,2016-06-12 20:10:00+00:00,R,N,1,109,146,Arizona Diamondbacks,Miami Marlins
2016,2016-06-12,447815,2016-06-12 21:05:00+00:00,R,N,1,134,138,Pittsburgh Pirates,St. Louis Cardinals
2016,2016-06-12,447809,2016-06-13 00:30:00+00:00,R,N,1,137,119,San Francisco Giants,Los Angeles Dodgers
2016,2016-06-13,447817,2016-06-13 23:05:00+00:00,R,N,1,120,112,Washington Nationals,Chicago Cubs
2016,2016-06-13,447825,2016-06-13 23:07:00+00:00,R,N,1,141,143,Toronto Blue Jays,Philadelphia Phillies
2016,2016-06-13,447818,2016-06-13 23:10:00+00:00,R,N,1,144,113,Atlanta Braves,Cincinnati Reds
2016,2016-06-13,447820,2016-06-14 00:10:00+00:00,R,N,1,145,116,Chicago White Sox,Detroit Tigers
2016,2016-06-13,447819,2016-06-14 00:15:00+00:00,R,N,1,118,114,Kansas City Royals,Cleveland Indians
2016,2016-06-13,447821,2016-06-14 01:40:00+00:00,R,N,1,109,119,Arizona Diamondbacks,Los Angeles Dodgers
2016,2016-06-13,447826,2016-06-14 02:05:00+00:00,R,N,1,133,140,Oakland Athletics,Texas Rangers
2016,2016-06-13,447824,2016-06-14 02:05:00+00:00,R,N,1,108,142,Los Angeles Angels,Minnesota Twins
2016,2016-06-13,447822,2016-06-14 02:10:00+00:00,R,N,1,135,146,San Diego Padres,Miami Marlins
2016,2016-06-13,447823,2016-06-14 02:15:00+00:00,R,N,1,137,158,San Francisco Giants,Milwaukee Brewers
2016,2016-06-14,447838,2016-06-14 16:37:00+00:00,R,N,1,141,143,Toronto Blue Jays,Philadelphia Phillies
2016,2016-06-14,447828,2016-06-14 23:05:00+00:00,R,N,1,120,112,Washington Nationals,Chicago Cubs
2016,2016-06-14,447827,2016-06-14 23:10:00+00:00,R,N,1,111,110,Boston Red Sox,Baltimore Orioles
2016,2016-06-14,447839,2016-06-14 23:10:00+00:00,R,N,1,121,134,New York Mets,Pittsburgh Pirates
2016,2016-06-14,447840,2016-06-14 23:10:00+00:00,R,N,1,139,136,Tampa Bay Rays,Seattle Mariners
2016,2016-06-14,447829,2016-06-14 23:10:00+00:00,R,N,1,144,113,Atlanta Braves,Cincinnati Reds
2016,2016-06-14,447831,2016-06-15 00:10:00+00:00,R,N,1,145,116,Chicago White Sox,Detroit Tigers
2016,2016-06-14,447830,2016-06-15 00:15:00+00:00,R,N,1,118,114,Kansas City Royals,Cleveland Indians
2016,2016-06-14,447832,2016-06-15 00:15:00+00:00,R,N,1,138,117,St. Louis Cardinals,Houston Astros
2016,2016-06-14,447837,2016-06-15 00:40:00+00:00,R,N,1,115,147,Colorado Rockies,New York Yankees
2016,2016-06-14,447833,2016-06-15 01:40:00+00:00,R,N,1,109,119,Arizona Diamondbacks,Los Angeles Dodgers
2016,2016-06-14,447841,2016-06-15 02:05:00+00:00,R,N,1,133,140,Oakland Athletics,Texas Rangers
2016,2016-06-14,447836,2016-06-15 02:05:00+00:00,R,N,1,108,142,Los Angeles Angels,Minnesota Twins
2016,2016-06-14,447834,2016-06-15 02:10:00+00:00,R,N,1,135,146,San Diego Padres,Miami Marlins
2016,2016-06-14,447835,2016-06-15 02:15:00+00:00,R,N,1,137,158,San Francisco Giants,Milwaukee Brewers
2016,2016-06-15,447852,2016-06-15 19:10:00+00:00,R,N,1,115,147,Colorado Rockies,New York Yankees
2016,2016-06-15,447848,2016-06-15 19:40:00+00:00,R,N,1,109,119,Arizona Diamondbacks,Los Angeles Dodgers
2016,2016-06-15,447849,2016-06-15 19:40:00+00:00,R,N,1,135,146,San Diego Padres,Miami Marlins
2016,2016-06-15,447850,2016-06-15 19:45:00+00:00,R,N,1,137,158,San Francisco Giants,Milwaukee Brewers
2016,2016-06-15,447843,2016-06-15 20:05:00+00:00,R,N,1,120,112,Washington Nationals,Chicago Cubs
2016,2016-06-15,447856,2016-06-15 23:05:00+00:00,R,N,1,143,141,Philadelphia Phillies,Toronto Blue Jays
2016,2016-06-15,447842,2016-06-15 23:10:00+00:00,R,N,1,111,110,Boston Red Sox,Baltimore Orioles
2016,2016-06-15,447853,2016-06-15 23:10:00+00:00,R,N,1,121,134,New York Mets,Pittsburgh Pirates
2016,2016-06-15,447854,2016-06-15 23:10:00+00:00,R,N,1,139,136,Tampa Bay Rays,Seattle Mariners
2016,2016-06-15,447844,2016-06-15 23:10:00+00:00,R,N,1,144,113,Atlanta Braves,Cincinnati Reds
2016,2016-06-15,447847,2016-06-15 23:15:00+00:00,R,N,1,138,117,St. Louis Cardinals,Houston Astros
2016,2016-06-15,447846,2016-06-16 00:10:00+00:00,R,N,1,145,116,Chicago White Sox,Detroit Tigers
2016,2016-06-15,447845,2016-06-16 00:15:00+00:00,R,N,1,118,114,Kansas City Royals,Cleveland Indians
2016,2016-06-15,447855,2016-06-16 02:05:00+00:00,R,N,1,133,140,Oakland Athletics,Texas Rangers
2016,2016-06-15,447851,2016-06-16 02:05:00+00:00,R,N,1,108,142,Los Angeles Angels,Minnesota Twins
2016,2016-06-16,447858,2016-06-16 16:10:00+00:00,R,N,1,144,113,Atlanta Braves,Cincinnati Reds
2016,2016-06-16,447863,2016-06-16 17:10:00+00:00,R,N,1,139,136,Tampa Bay Rays,Seattle Mariners
2016,2016-06-16,447864,2016-06-16 19:35:00+00:00,R,N,1,133,140,Oakland Athletics,Texas Rangers
2016,2016-06-16,447865,2016-06-16 23:05:00+00:00,R,N,1,143,141,Philadelphia Phillies,Toronto Blue Jays
2016,2016-06-16,447857,2016-06-16 23:10:00+00:00,R,N,1,111,110,Boston Red Sox,Baltimore Orioles
2016,2016-06-16,447862,2016-06-16 23:10:00+00:00,R,N,1,121,134,New York Mets,Pittsburgh Pirates
2016,2016-06-16,447861,2016-06-17 00:10:00+00:00,R,N,1,142,147,Minnesota Twins,New York Yankees
2016,2016-06-16,447859,2016-06-17 00:15:00+00:00,R,N,1,118,116,Kansas City Royals,Detroit Tigers
2016,2016-06-16,447866,2016-06-17 02:10:00+00:00,R,N,1,135,120,San Diego Padres,Washington Nationals
2016,2016-06-16,447860,2016-06-17 02:10:00+00:00,R,N,1,119,158,Los Angeles Dodgers,Milwaukee Brewers
2016,2016-06-17,447876,2016-06-17 18:20:00+00:00,R,N,1,112,134,Chicago Cubs,Pittsburgh Pirates
2016,2016-06-17,447880,2016-06-17 23:05:00+00:00,R,N,1,110,141,Baltimore Orioles,Toronto Blue Jays
2016,2016-06-17,447867,2016-06-17 23:05:00+00:00,R,N,1,143,109,Philadelphia Phillies,Arizona Diamondbacks
2016,2016-06-17,447878,2016-06-17 23:10:00+00:00,R,N,1,111,136,Boston Red Sox,Seattle Mariners
2016,2016-06-17,447877,2016-06-17 23:10:00+00:00,R,N,1,139,137,Tampa Bay Rays,San Francisco Giants
2016,2016-06-17,447868,2016-06-17 23:10:00+00:00,R,N,1,121,144,New York Mets,Atlanta Braves
2016,2016-06-17,447869,2016-06-17 23:10:00+00:00,R,N,1,114,145,Cleveland Indians,Chicago White Sox
2016,2016-06-17,447871,2016-06-17 23:10:00+00:00,R,N,1,146,115,Miami Marlins,Colorado Rockies
2016,2016-06-17,447870,2016-06-18 00:10:00+00:00,R,N,1,117,113,Houston Astros,Cincinnati Reds
2016,2016-06-17,447875,2016-06-18 00:10:00+00:00,R,N,1,142,147,Minnesota Twins,New York Yankees
2016,2016-06-17,447872,2016-06-18 00:15:00+00:00,R,N,1,118,116,Kansas City Royals,Detroit Tigers
2016,2016-06-17,447879,2016-06-18 00:15:00+00:00,R,N,1,138,140,St. Louis Cardinals,Texas Rangers
2016,2016-06-17,447873,2016-06-18 01:35:00+00:00,R,N,1,133,108,Oakland Athletics,Los Angeles Angels
2016,2016-06-17,447874,2016-06-18 02:10:00+00:00,R,N,1,119,158,Los Angeles Dodgers,Milwaukee Brewers
2016,2016-06-17,447881,2016-06-18 02:40:00+00:00,R,N,1,135,120,San Diego Padres,Washington Nationals
2016,2016-06-18,447890,2016-06-18 18:10:00+00:00,R,N,1,142,147,Minnesota Twins,New York Yankees
2016,2016-06-18,447882,2016-06-18 19:05:00+00:00,R,N,1,143,109,Philadelphia Phillies,Arizona Diamondbacks
2016,2016-06-18,447888,2016-06-18 20:05:00+00:00,R,N,1,133,108,Oakland Athletics,Los Angeles Angels
2016,2016-06-18,447893,2016-06-18 20:05:00+00:00,R,N,1,111,136,Boston Red Sox,Seattle Mariners
2016,2016-06-18,447895,2016-06-18 20:05:00+00:00,R,N,1,110,141,Baltimore Orioles,Toronto Blue Jays
2016,2016-06-18,447885,2016-06-18 20:10:00+00:00,R,N,1,117,113,Houston Astros,Cincinnati Reds
2016,2016-06-18,447892,2016-06-18 20:10:00+00:00,R,N,1,139,137,Tampa Bay Rays,San Francisco Giants
2016,2016-06-18,447886,2016-06-18 20:10:00+00:00,R,N,1,146,115,Miami Marlins,Colorado Rockies
2016,2016-06-18,447894,2016-06-18 20:15:00+00:00,R,N,1,138,140,St. Louis Cardinals,Texas Rangers
2016,2016-06-18,447884,2016-06-18 22:10:00+00:00,R,N,1,114,145,Cleveland Indians,Chicago White Sox
2016,2016-06-18,447887,2016-06-19 00:15:00+00:00,R,N,1,118,116,Kansas City Royals,Detroit Tigers
2016,2016-06-18,447891,2016-06-19 00:15:00+00:00,R,N,1,112,134,Chicago Cubs,Pittsburgh Pirates
2016,2016-06-18,447883,2016-06-19 00:15:00+00:00,R,N,1,121,144,New York Mets,Atlanta Braves
2016,2016-06-18,447896,2016-06-19 02:10:00+00:00,R,N,1,135,120,San Diego Padres,Washington Nationals
2016,2016-06-18,447889,2016-06-19 02:10:00+00:00,R,N,1,119,158,Los Angeles Dodgers,Milwaukee Brewers
2016,2016-06-19,447907,2016-06-19 17:10:00+00:00,R,N,1,139,137,Tampa Bay Rays,San Francisco Giants
2016,2016-06-19,447898,2016-06-19 17:10:00+00:00,R,N,1,121,144,New York Mets,Atlanta Braves
2016,2016-06-19,447899,2016-06-19 17:10:00+00:00,R,N,1,114,145,Cleveland Indians,Chicago White Sox
2016,2016-06-19,447901,2016-06-19 17:10:00+00:00,R,N,1,146,115,Miami Marlins,Colorado Rockies
2016,2016-06-19,447908,2016-06-19 17:35:00+00:00,R,N,1,111,136,Boston Red Sox,Seattle Mariners
2016,2016-06-19,447910,2016-06-19 17:35:00+00:00,R,N,1,110,141,Baltimore Orioles,Toronto Blue Jays
2016,2016-06-19,447897,2016-06-19 17:35:00+00:00,R,N,1,143,109,Philadelphia Phillies,Arizona Diamondbacks
2016,2016-06-19,447900,2016-06-19 18:10:00+00:00,R,N,1,117,113,Houston Astros,Cincinnati Reds
2016,2016-06-19,447905,2016-06-19 18:10:00+00:00,R,N,1,142,147,Minnesota Twins,New York Yankees
2016,2016-06-19,447902,2016-06-19 18:15:00+00:00,R,N,1,118,116,Kansas City Royals,Detroit Tigers
2016,2016-06-19,447909,2016-06-19 18:15:00+00:00,R,N,1,138,140,St. Louis Cardinals,Texas Rangers
2016,2016-06-19,447903,2016-06-19 20:05:00+00:00,R,N,1,133,108,Oakland Athletics,Los Angeles Angels
2016,2016-06-19,447904,2016-06-19 20:10:00+00:00,R,N,1,119,158,Los Angeles Dodgers,Milwaukee Brewers
2016,2016-06-19,447911,2016-06-19 20:40:00+00:00,R,N,1,135,120,San Diego Padres,Washington Nationals
2016,2016-06-19,447906,2016-06-20 00:08:00+00:00,R,N,1,112,134,Chicago Cubs,Pittsburgh Pirates
2016,2016-06-20,447912,2016-06-20 17:05:00+00:00,R,N,1,143,109,Philadelphia Phillies,Arizona Diamondbacks
2016,2016-06-20,447916,2016-06-20 23:05:00+00:00,R,N,1,134,137,Pittsburgh Pirates,San Francisco Giants
2016,2016-06-20,447917,2016-06-20 23:10:00+00:00,R,N,1,116,136,Detroit Tigers,Seattle Mariners
2016,2016-06-20,447919,2016-06-20 23:10:00+00:00,R,N,1,114,139,Cleveland Indians,Tampa Bay Rays
2016,2016-06-20,447913,2016-06-20 23:10:00+00:00,R,N,1,111,145,Boston Red Sox,Chicago White Sox
2016,2016-06-20,447914,2016-06-20 23:10:00+00:00,R,N,1,146,115,Miami Marlins,Colorado Rockies
2016,2016-06-20,447918,2016-06-21 00:05:00+00:00,R,N,1,112,138,Chicago Cubs,St. Louis Cardinals
2016,2016-06-20,447039,2016-06-21 00:05:00+00:00,R,N,1,140,110,Texas Rangers,Baltimore Orioles
2016,2016-06-20,447915,2016-06-21 00:10:00+00:00,R,N,1,117,108,Houston Astros,Los Angeles Angels
2016,2016-06-20,447920,2016-06-21 02:10:00+00:00,R,N,1,119,120,Los Angeles Dodgers,Washington Nationals
2016,2016-06-21,447930,2016-06-21 23:05:00+00:00,R,N,1,110,135,Baltimore Orioles,San Diego Padres
2016,2016-06-21,447931,2016-06-21 23:05:00+00:00,R,N,1,134,137,Pittsburgh Pirates,San Francisco Giants
2016,2016-06-21,447925,2016-06-21 23:05:00+00:00,R,N,1,147,115,New York Yankees,Colorado Rockies
2016,2016-06-21,447921,2016-06-21 23:07:00+00:00,R,N,1,141,109,Toronto Blue Jays,Arizona Diamondbacks
2016,2016-06-21,447926,2016-06-21 23:10:00+00:00,R,N,1,121,118,New York Mets,Kansas City Royals
2016,2016-06-21,447932,2016-06-21 23:10:00+00:00,R,N,1,116,136,Detroit Tigers,Seattle Mariners
2016,2016-06-21,447934,2016-06-21 23:10:00+00:00,R,N,1,114,139,Cleveland Indians,Tampa Bay Rays
2016,2016-06-21,447923,2016-06-21 23:10:00+00:00,R,N,1,111,145,Boston Red Sox,Chicago White Sox
2016,2016-06-21,447922,2016-06-21 23:10:00+00:00,R,N,1,146,144,Miami Marlins,Atlanta Braves
2016,2016-06-21,447933,2016-06-22 00:05:00+00:00,R,N,1,112,138,Chicago Cubs,St. Louis Cardinals
2016,2016-06-21,447924,2016-06-22 00:05:00+00:00,R,N,1,140,113,Texas Rangers,Cincinnati Reds
2016,2016-06-21,447927,2016-06-22 00:10:00+00:00,R,N,1,117,108,Houston Astros,Los Angeles Angels
2016,2016-06-21,447929,2016-06-22 00:10:00+00:00,R,N,1,142,143,Minnesota Twins,Philadelphia Phillies
2016,2016-06-21,447928,2016-06-22 02:05:00+00:00,R,N,1,133,158,Oakland Athletics,Milwaukee Brewers
2016,2016-06-21,447935,2016-06-22 02:10:00+00:00,R,N,1,119,120,Los Angeles Dodgers,Washington Nationals
2016,2016-06-22,447937,2016-06-22 16:10:00+00:00,R,N,1,146,144,Miami Marlins,Atlanta Braves
2016,2016-06-22,447940,2016-06-22 17:05:00+00:00,R,N,1,147,115,New York Yankees,Colorado Rockies
2016,2016-06-22,447941,2016-06-22 17:10:00+00:00,R,N,1,121,118,New York Mets,Kansas City Royals
2016,2016-06-22,447942,2016-06-22 18:10:00+00:00,R,N,1,117,108,Houston Astros,Los Angeles Angels
2016,2016-06-22,447948,2016-06-22 18:20:00+00:00,R,N,1,112,138,Chicago Cubs,St. Louis Cardinals
2016,2016-06-22,447943,2016-06-22 19:35:00+00:00,R,N,1,133,158,Oakland Athletics,Milwaukee Brewers
2016,2016-06-22,447936,2016-06-22 20:07:00+00:00,R,N,1,141,109,Toronto Blue Jays,Arizona Diamondbacks
2016,2016-06-22,447945,2016-06-22 23:05:00+00:00,R,N,1,110,135,Baltimore Orioles,San Diego Padres
2016,2016-06-22,447946,2016-06-22 23:05:00+00:00,R,N,1,134,137,Pittsburgh Pirates,San Francisco Giants
2016,2016-06-22,447947,2016-06-22 23:10:00+00:00,R,N,1,116,136,Detroit Tigers,Seattle Mariners
2016,2016-06-22,447949,2016-06-22 23:10:00+00:00,R,N,1,114,139,Cleveland Indians,Tampa Bay Rays
2016,2016-06-22,447938,2016-06-22 23:10:00+00:00,R,N,1,111,145,Boston Red Sox,Chicago White Sox
2016,2016-06-22,447939,2016-06-23 00:05:00+00:00,R,N,1,140,113,Texas Rangers,Cincinnati Reds
2016,2016-06-22,447944,2016-06-23 00:10:00+00:00,R,N,1,142,143,Minnesota Twins,Philadelphia Phillies
2016,2016-06-22,447950,2016-06-23 02:10:00+00:00,R,N,1,119,120,Los Angeles Dodgers,Washington Nationals
2016,2016-06-23,447958,2016-06-23 16:35:00+00:00,R,N,1,134,137,Pittsburgh Pirates,San Francisco Giants
2016,2016-06-23,447959,2016-06-23 17:10:00+00:00,R,N,1,116,136,Detroit Tigers,Seattle Mariners
2016,2016-06-23,447956,2016-06-23 17:10:00+00:00,R,N,1,142,143,Minnesota Twins,Philadelphia Phillies
2016,2016-06-23,447953,2016-06-23 17:35:00+00:00,R,N,1,111,145,Boston Red Sox,Chicago White Sox
2016,2016-06-23,447957,2016-06-23 23:10:00+00:00,R,N,1,113,135,Cincinnati Reds,San Diego Padres
2016,2016-06-23,447954,2016-06-23 23:10:00+00:00,R,N,1,144,121,Atlanta Braves,New York Mets
2016,2016-06-23,447952,2016-06-23 23:10:00+00:00,R,N,1,146,112,Miami Marlins,Chicago Cubs
2016,2016-06-23,447951,2016-06-24 00:40:00+00:00,R,N,1,115,109,Colorado Rockies,Arizona Diamondbacks
2016,2016-06-23,447955,2016-06-24 02:05:00+00:00,R,N,1,108,133,Los Angeles Angels,Oakland Athletics
2016,2016-06-24,447965,2016-06-24 23:05:00+00:00,R,N,1,134,119,Pittsburgh Pirates,Los Angeles Dodgers
2016,2016-06-24,447972,2016-06-24 23:05:00+00:00,R,N,1,110,139,Baltimore Orioles,Tampa Bay Rays
2016,2016-06-24,447966,2016-06-24 23:05:00+00:00,R,N,1,147,142,New York Yankees,Minnesota Twins
2016,2016-06-24,447963,2016-06-24 23:10:00+00:00,R,N,1,116,114,Detroit Tigers,Cleveland Indians
2016,2016-06-24,447970,2016-06-24 23:10:00+00:00,R,N,1,113,135,Cincinnati Reds,San Diego Padres
2016,2016-06-24,447962,2016-06-24 23:10:00+00:00,R,N,1,146,112,Miami Marlins,Chicago Cubs
2016,2016-06-24,447967,2016-06-24 23:35:00+00:00,R,N,1,144,121,Atlanta Braves,New York Mets
2016,2016-06-24,447961,2016-06-25 00:05:00+00:00,R,N,1,140,111,Texas Rangers,Boston Red Sox
2016,2016-06-24,447973,2016-06-25 00:10:00+00:00,R,N,1,145,141,Chicago White Sox,Toronto Blue Jays
2016,2016-06-24,447974,2016-06-25 00:10:00+00:00,R,N,1,158,120,Milwaukee Brewers,Washington Nationals
2016,2016-06-24,447964,2016-06-25 00:15:00+00:00,R,N,1,118,117,Kansas City Royals,Houston Astros
2016,2016-06-24,447960,2016-06-25 00:40:00+00:00,R,N,1,115,109,Colorado Rockies,Arizona Diamondbacks
2016,2016-06-24,447968,2016-06-25 02:05:00+00:00,R,N,1,108,133,Los Angeles Angels,Oakland Athletics
2016,2016-06-24,447971,2016-06-25 02:10:00+00:00,R,N,1,136,138,Seattle Mariners,St. Louis Cardinals
2016,2016-06-24,447969,2016-06-25 02:15:00+00:00,R,N,1,137,143,San Francisco Giants,Philadelphia Phillies
2016,2016-06-25,446940,2016-06-25 17:05:00+00:00,R,S,1,110,139,Baltimore Orioles,Tampa Bay Rays
2016,2016-06-25,447987,2016-06-25 23:05:00+00:00,R,S,2,110,139,Baltimore Orioles,Tampa Bay Rays
2016,2016-06-25,447981,2016-06-25 17:05:00+00:00,R,N,1,147,142,New York Yankees,Minnesota Twins
2016,2016-06-25,447988,2016-06-25 18:10:00+00:00,R,N,1,145,141,Chicago White Sox,Toronto Blue Jays
2016,2016-06-25,447975,2016-06-25 20:10:00+00:00,R,N,1,115,109,Colorado Rockies,Arizona Diamondbacks
2016,2016-06-25,447978,2016-06-25 20:10:00+00:00,R,N,1,116,114,Detroit Tigers,Cleveland Indians
2016,2016-06-25,447985,2016-06-25 20:10:00+00:00,R,N,1,113,135,Cincinnati Reds,San Diego Padres
2016,2016-06-25,447977,2016-06-25 20:10:00+00:00,R,N,1,146,112,Miami Marlins,Chicago Cubs
2016,2016-06-25,447989,2016-06-25 20:10:00+00:00,R,N,1,158,120,Milwaukee Brewers,Washington Nationals
2016,2016-06-25,447979,2016-06-25 23:15:00+00:00,R,N,1,118,117,Kansas City Royals,Houston Astros
2016,2016-06-25,447980,2016-06-25 23:15:00+00:00,R,N,1,134,119,Pittsburgh Pirates,Los Angeles Dodgers
2016,2016-06-25,447982,2016-06-25 23:15:00+00:00,R,N,1,144,121,Atlanta Braves,New York Mets
2016,2016-06-25,447976,2016-06-26 01:20:00+00:00,R,N,1,140,111,Texas Rangers,Boston Red Sox
2016,2016-06-25,447983,2016-06-26 02:05:00+00:00,R,N,1,108,133,Los Angeles Angels,Oakland Athletics
2016,2016-06-25,447984,2016-06-26 02:05:00+00:00,R,N,1,137,143,San Francisco Giants,Philadelphia Phillies
2016,2016-06-25,447986,2016-06-26 02:10:00+00:00,R,N,1,136,138,Seattle Mariners,St. Louis Cardinals
2016,2016-06-26,447996,2016-06-26 17:05:00+00:00,R,N,1,147,142,New York Yankees,Minnesota Twins
2016,2016-06-26,447993,2016-06-26 17:10:00+00:00,R,N,1,116,114,Detroit Tigers,Cleveland Indians
2016,2016-06-26,448000,2016-06-26 17:10:00+00:00,R,N,1,113,135,Cincinnati Reds,San Diego Padres
2016,2016-06-26,447992,2016-06-26 17:10:00+00:00,R,N,1,146,112,Miami Marlins,Chicago Cubs
2016,2016-06-26,448002,2016-06-26 17:35:00+00:00,R,N,1,110,139,Baltimore Orioles,Tampa Bay Rays
2016,2016-06-26,447997,2016-06-26 17:35:00+00:00,R,N,1,144,121,Atlanta Braves,New York Mets
2016,2016-06-26,448003,2016-06-26 18:10:00+00:00,R,N,1,145,141,Chicago White Sox,Toronto Blue Jays
2016,2016-06-26,448004,2016-06-26 18:10:00+00:00,R,N,1,158,120,Milwaukee Brewers,Washington Nationals
2016,2016-06-26,447994,2016-06-26 18:15:00+00:00,R,N,1,118,117,Kansas City Royals,Houston Astros
2016,2016-06-26,447991,2016-06-26 19:05:00+00:00,R,N,1,140,111,Texas Rangers,Boston Red Sox
2016,2016-06-26,447998,2016-06-26 19:35:00+00:00,R,N,1,108,133,Los Angeles Angels,Oakland Athletics
2016,2016-06-26,447999,2016-06-26 20:05:00+00:00,R,N,1,137,143,San Francisco Giants,Philadelphia Phillies
2016,2016-06-26,447990,2016-06-26 20:10:00+00:00,R,N,1,115,109,Colorado Rockies,Arizona Diamondbacks
2016,2016-06-26,448001,2016-06-26 20:10:00+00:00,R,N,1,136,138,Seattle Mariners,St. Louis Cardinals
2016,2016-06-26,447995,2016-06-27 00:08:00+00:00,R,N,1,134,119,Pittsburgh Pirates,Los Angeles Dodgers
2016,2016-06-27,448009,2016-06-27 16:35:00+00:00,R,N,1,134,119,Pittsburgh Pirates,Los Angeles Dodgers
2016,2016-06-27,448010,2016-06-27 23:05:00+00:00,R,N,1,120,121,Washington Nationals,New York Mets
2016,2016-06-27,448014,2016-06-27 23:05:00+00:00,R,N,1,147,140,New York Yankees,Texas Rangers
2016,2016-06-27,448006,2016-06-27 23:10:00+00:00,R,N,1,113,112,Cincinnati Reds,Chicago Cubs
2016,2016-06-27,448005,2016-06-27 23:10:00+00:00,R,N,1,139,111,Tampa Bay Rays,Boston Red Sox
2016,2016-06-27,448007,2016-06-27 23:10:00+00:00,R,N,1,144,114,Atlanta Braves,Cleveland Indians
2016,2016-06-27,448013,2016-06-28 00:15:00+00:00,R,N,1,118,138,Kansas City Royals,St. Louis Cardinals
2016,2016-06-27,448015,2016-06-28 00:40:00+00:00,R,N,1,115,141,Colorado Rockies,Toronto Blue Jays
2016,2016-06-27,448012,2016-06-28 01:40:00+00:00,R,N,1,109,143,Arizona Diamondbacks,Philadelphia Phillies
2016,2016-06-27,448008,2016-06-28 02:05:00+00:00,R,N,1,108,117,Los Angeles Angels,Houston Astros
2016,2016-06-27,448011,2016-06-28 02:15:00+00:00,R,N,1,137,133,San Francisco Giants,Oakland Athletics
2016,2016-06-28,448024,2016-06-28 23:05:00+00:00,R,N,1,120,121,Washington Nationals,New York Mets
2016,2016-06-28,448029,2016-06-28 23:05:00+00:00,R,N,1,147,140,New York Yankees,Texas Rangers
2016,2016-06-28,448018,2016-06-28 23:10:00+00:00,R,N,1,113,112,Cincinnati Reds,Chicago Cubs
2016,2016-06-28,448017,2016-06-28 23:10:00+00:00,R,N,1,139,111,Tampa Bay Rays,Boston Red Sox
2016,2016-06-28,448019,2016-06-28 23:10:00+00:00,R,N,1,144,114,Atlanta Braves,Cleveland Indians
2016,2016-06-28,448022,2016-06-28 23:10:00+00:00,R,N,1,116,146,Detroit Tigers,Miami Marlins
2016,2016-06-28,448023,2016-06-29 00:10:00+00:00,R,N,1,145,142,Chicago White Sox,Minnesota Twins
2016,2016-06-28,448021,2016-06-29 00:10:00+00:00,R,N,1,158,119,Milwaukee Brewers,Los Angeles Dodgers
2016,2016-06-28,448028,2016-06-29 00:15:00+00:00,R,N,1,118,138,Kansas City Royals,St. Louis Cardinals
2016,2016-06-28,448030,2016-06-29 00:40:00+00:00,R,N,1,115,141,Colorado Rockies,Toronto Blue Jays
2016,2016-06-28,448026,2016-06-29 01:40:00+00:00,R,N,1,109,143,Arizona Diamondbacks,Philadelphia Phillies
2016,2016-06-28,448020,2016-06-29 02:05:00+00:00,R,N,1,108,117,Los Angeles Angels,Houston Astros
2016,2016-06-28,448016,2016-06-29 02:10:00+00:00,R,N,1,135,110,San Diego Padres,Baltimore Orioles
2016,2016-06-28,448027,2016-06-29 02:10:00+00:00,R,N,1,136,134,Seattle Mariners,Pittsburgh Pirates
2016,2016-06-28,448025,2016-06-29 02:15:00+00:00,R,N,1,137,133,San Francisco Giants,Oakland Athletics
2016,2016-06-29,448032,2016-06-29 16:10:00+00:00,R,N,1,139,111,Tampa Bay Rays,Boston Red Sox
2016,2016-06-29,448033,2016-06-29 16:35:00+00:00,R,N,1,113,112,Cincinnati Reds,Chicago Cubs
2016,2016-06-29,448038,2016-06-29 17:10:00+00:00,R,N,1,116,146,Detroit Tigers,Miami Marlins
2016,2016-06-29,448045,2016-06-29 19:10:00+00:00,R,N,1,115,141,Colorado Rockies,Toronto Blue Jays
2016,2016-06-29,448035,2016-06-29 19:35:00+00:00,R,N,1,108,117,Los Angeles Angels,Houston Astros
2016,2016-06-29,448031,2016-06-29 19:40:00+00:00,R,N,1,135,110,San Diego Padres,Baltimore Orioles
2016,2016-06-29,448041,2016-06-29 19:40:00+00:00,R,N,1,109,143,Arizona Diamondbacks,Philadelphia Phillies
2016,2016-06-29,448040,2016-06-29 23:05:00+00:00,R,N,1,120,121,Washington Nationals,New York Mets
2016,2016-06-29,448044,2016-06-29 23:05:00+00:00,R,N,1,147,140,New York Yankees,Texas Rangers
2016,2016-06-29,448034,2016-06-29 23:10:00+00:00,R,N,1,144,114,Atlanta Braves,Cleveland Indians
2016,2016-06-29,448039,2016-06-30 00:10:00+00:00,R,N,1,145,142,Chicago White Sox,Minnesota Twins
2016,2016-06-29,448037,2016-06-30 00:10:00+00:00,R,N,1,158,119,Milwaukee Brewers,Los Angeles Dodgers
2016,2016-06-29,448036,2016-06-30 00:15:00+00:00,R,N,1,138,118,St. Louis Cardinals,Kansas City Royals
2016,2016-06-29,448043,2016-06-30 02:05:00+00:00,R,N,1,133,137,Oakland Athletics,San Francisco Giants
2016,2016-06-29,448042,2016-06-30 02:10:00+00:00,R,N,1,136,134,Seattle Mariners,Pittsburgh Pirates
2016,2016-06-30,448056,2016-06-30 17:05:00+00:00,R,N,1,147,140,New York Yankees,Texas Rangers
2016,2016-06-30,448054,2016-06-30 18:10:00+00:00,R,N,1,145,142,Chicago White Sox,Minnesota Twins
2016,2016-06-30,448052,2016-06-30 18:10:00+00:00,R,N,1,158,119,Milwaukee Brewers,Los Angeles Dodgers
2016,2016-06-30,448048,2016-06-30 23:05:00+00:00,R,N,1,120,113,Washington Nationals,Cincinnati Reds
2016,2016-06-30,448049,2016-06-30 23:07:00+00:00,R,N,1,141,114,Toronto Blue Jays,Cleveland Indians
2016,2016-06-30,448047,2016-06-30 23:10:00+00:00,R,N,1,121,112,New York Mets,Chicago Cubs
2016,2016-06-30,448050,2016-06-30 23:10:00+00:00,R,N,1,139,116,Tampa Bay Rays,Detroit Tigers
2016,2016-06-30,448053,2016-06-30 23:10:00+00:00,R,N,1,144,146,Atlanta Braves,Miami Marlins
2016,2016-06-30,448051,2016-06-30 23:15:00+00:00,R,N,1,138,118,St. Louis Cardinals,Kansas City Royals
2016,2016-06-30,448055,2016-07-01 02:05:00+00:00,R,N,1,133,137,Oakland Athletics,San Francisco Giants
2016,2016-06-30,448046,2016-07-01 02:10:00+00:00,R,N,1,136,110,Seattle Mariners,Baltimore Orioles
2016,2016-07-01,448061,2016-07-01 17:07:00+00:00,R,N,1,141,114,Toronto Blue Jays,Cleveland Indians
2016,2016-07-01,448060,2016-07-01 22:05:00+00:00,R,N,1,120,113,Washington Nationals,Cincinnati Reds
2016,2016-07-01,448064,2016-07-01 23:05:00+00:00,R,N,1,143,118,Philadelphia Phillies,Kansas City Royals
2016,2016-07-01,448065,2016-07-01 23:10:00+00:00,R,N,1,111,108,Boston Red Sox,Los Angeles Angels
2016,2016-07-01,448058,2016-07-01 23:10:00+00:00,R,N,1,121,112,New York Mets,Chicago Cubs
2016,2016-07-01,448063,2016-07-01 23:10:00+00:00,R,N,1,139,116,Tampa Bay Rays,Detroit Tigers
2016,2016-07-01,448066,2016-07-01 23:35:00+00:00,R,N,1,144,146,Atlanta Braves,Miami Marlins
2016,2016-07-01,448071,2016-07-02 00:10:00+00:00,R,N,1,142,140,Minnesota Twins,Texas Rangers
2016,2016-07-01,448059,2016-07-02 00:10:00+00:00,R,N,1,117,145,Houston Astros,Chicago White Sox
2016,2016-07-01,448067,2016-07-02 00:15:00+00:00,R,N,1,138,158,St. Louis Cardinals,Milwaukee Brewers
2016,2016-07-01,448070,2016-07-02 01:40:00+00:00,R,N,1,109,137,Arizona Diamondbacks,San Francisco Giants
2016,2016-07-01,448069,2016-07-02 02:05:00+00:00,R,N,1,133,134,Oakland Athletics,Pittsburgh Pirates
2016,2016-07-01,448062,2016-07-02 02:10:00+00:00,R,N,1,119,115,Los Angeles Dodgers,Colorado Rockies
2016,2016-07-01,448057,2016-07-02 02:10:00+00:00,R,N,1,136,110,Seattle Mariners,Baltimore Orioles
2016,2016-07-01,448068,2016-07-02 02:40:00+00:00,R,N,1,135,147,San Diego Padres,New York Yankees
2016,2016-07-02,448076,2016-07-02 17:07:00+00:00,R,N,1,141,114,Toronto Blue Jays,Cleveland Indians
2016,2016-07-02,448086,2016-07-02 18:10:00+00:00,R,N,1,142,140,Minnesota Twins,Texas Rangers
2016,2016-07-02,448082,2016-07-02 18:15:00+00:00,R,N,1,138,158,St. Louis Cardinals,Milwaukee Brewers
2016,2016-07-02,448078,2016-07-02 20:10:00+00:00,R,N,1,139,116,Tampa Bay Rays,Detroit Tigers
2016,2016-07-02,448074,2016-07-02 20:10:00+00:00,R,N,1,117,145,Houston Astros,Chicago White Sox
2016,2016-07-02,448081,2016-07-02 20:10:00+00:00,R,N,1,144,146,Atlanta Braves,Miami Marlins
2016,2016-07-02,448079,2016-07-02 21:50:00+00:00,R,N,1,143,118,Philadelphia Phillies,Kansas City Royals
2016,2016-07-02,448080,2016-07-02 23:15:00+00:00,R,N,1,111,108,Boston Red Sox,Los Angeles Angels
2016,2016-07-02,448075,2016-07-02 23:15:00+00:00,R,N,1,120,113,Washington Nationals,Cincinnati Reds
2016,2016-07-02,448073,2016-07-02 23:15:00+00:00,R,N,1,121,112,New York Mets,Chicago Cubs
2016,2016-07-02,448084,2016-07-03 02:05:00+00:00,R,N,1,133,134,Oakland Athletics,Pittsburgh Pirates
2016,2016-07-02,448077,2016-07-03 02:10:00+00:00,R,N,1,119,115,Los Angeles Dodgers,Colorado Rockies
2016,2016-07-02,448072,2016-07-03 02:10:00+00:00,R,N,1,136,110,Seattle Mariners,Baltimore Orioles
2016,2016-07-02,448085,2016-07-03 02:10:00+00:00,R,N,1,109,137,Arizona Diamondbacks,San Francisco Giants
2016,2016-07-02,448083,2016-07-03 02:10:00+00:00,R,N,1,135,147,San Diego Padres,New York Yankees
2016,2016-07-03,448091,2016-07-03 17:07:00+00:00,R,N,1,141,114,Toronto Blue Jays,Cleveland Indians
2016,2016-07-03,448088,2016-07-03 17:10:00+00:00,R,N,1,121,112,New York Mets,Chicago Cubs
2016,2016-07-03,448093,2016-07-03 17:10:00+00:00,R,N,1,139,116,Tampa Bay Rays,Detroit Tigers
2016,2016-07-03,448095,2016-07-03 17:35:00+00:00,R,N,1,111,108,Boston Red Sox,Los Angeles Angels
2016,2016-07-03,448090,2016-07-03 17:35:00+00:00,R,N,1,120,113,Washington Nationals,Cincinnati Reds
2016,2016-07-03,448094,2016-07-03 17:35:00+00:00,R,N,1,143,118,Philadelphia Phillies,Kansas City Royals
2016,2016-07-03,448101,2016-07-03 18:10:00+00:00,R,N,1,142,140,Minnesota Twins,Texas Rangers
2016,2016-07-03,448089,2016-07-03 18:10:00+00:00,R,N,1,117,145,Houston Astros,Chicago White Sox
2016,2016-07-03,448097,2016-07-03 18:15:00+00:00,R,N,1,138,158,St. Louis Cardinals,Milwaukee Brewers
2016,2016-07-03,448099,2016-07-03 20:05:00+00:00,R,N,1,133,134,Oakland Athletics,Pittsburgh Pirates
2016,2016-07-03,448092,2016-07-03 20:10:00+00:00,R,N,1,119,115,Los Angeles Dodgers,Colorado Rockies
2016,2016-07-03,448087,2016-07-03 20:10:00+00:00,R,N,1,136,110,Seattle Mariners,Baltimore Orioles
2016,2016-07-03,448100,2016-07-03 20:10:00+00:00,R,N,1,109,137,Arizona Diamondbacks,San Francisco Giants
2016,2016-07-03,448098,2016-07-03 20:40:00+00:00,R,N,1,135,147,San Diego Padres,New York Yankees
2016,2016-07-03,448096,2016-07-04 00:05:00+00:00,R,N,1,144,146,Atlanta Braves,Miami Marlins
2016,2016-07-04,448110,2016-07-04 15:05:00+00:00,R,N,1,120,158,Washington Nationals,Milwaukee Brewers
2016,2016-07-04,448108,2016-07-04 17:10:00+00:00,R,N,1,139,108,Tampa Bay Rays,Los Angeles Angels
2016,2016-07-04,448116,2016-07-04 17:35:00+00:00,R,N,1,111,140,Boston Red Sox,Texas Rangers
2016,2016-07-04,448115,2016-07-04 18:10:00+00:00,R,N,1,117,136,Houston Astros,Seattle Mariners
2016,2016-07-04,448112,2016-07-04 18:10:00+00:00,R,N,1,142,133,Minnesota Twins,Oakland Athletics
2016,2016-07-04,448111,2016-07-04 18:10:00+00:00,R,N,1,145,147,Chicago White Sox,New York Yankees
2016,2016-07-04,448113,2016-07-04 18:15:00+00:00,R,N,1,138,134,St. Louis Cardinals,Pittsburgh Pirates
2016,2016-07-04,448104,2016-07-04 18:20:00+00:00,R,N,1,112,113,Chicago Cubs,Cincinnati Reds
2016,2016-07-04,448105,2016-07-04 20:05:00+00:00,R,N,1,137,115,San Francisco Giants,Colorado Rockies
2016,2016-07-04,448102,2016-07-04 20:05:00+00:00,R,N,1,143,144,Philadelphia Phillies,Atlanta Braves
2016,2016-07-04,448109,2016-07-04 20:10:00+00:00,R,N,1,121,146,New York Mets,Miami Marlins
2016,2016-07-04,448107,2016-07-04 23:07:00+00:00,R,N,1,141,118,Toronto Blue Jays,Kansas City Royals
2016,2016-07-04,448106,2016-07-04 23:10:00+00:00,R,N,1,114,116,Cleveland Indians,Detroit Tigers
2016,2016-07-04,448103,2016-07-05 01:10:00+00:00,R,N,1,119,110,Los Angeles Dodgers,Baltimore Orioles
2016,2016-07-04,448114,2016-07-05 01:10:00+00:00,R,N,1,109,135,Arizona Diamondbacks,San Diego Padres
2016,2016-07-05,448119,2016-07-05 18:20:00+00:00,R,N,1,112,113,Chicago Cubs,Cincinnati Reds
2016,2016-07-05,448117,2016-07-05 23:05:00+00:00,R,N,1,143,144,Philadelphia Phillies,Atlanta Braves
2016,2016-07-05,448125,2016-07-05 23:05:00+00:00,R,N,1,120,158,Washington Nationals,Milwaukee Brewers
2016,2016-07-05,448122,2016-07-05 23:07:00+00:00,R,N,1,141,118,Toronto Blue Jays,Kansas City Royals
2016,2016-07-05,448121,2016-07-05 23:10:00+00:00,R,N,1,114,116,Cleveland Indians,Detroit Tigers
2016,2016-07-05,448123,2016-07-05 23:10:00+00:00,R,N,1,139,108,Tampa Bay Rays,Los Angeles Angels
2016,2016-07-05,448131,2016-07-05 23:10:00+00:00,R,N,1,111,140,Boston Red Sox,Texas Rangers
2016,2016-07-05,448124,2016-07-05 23:10:00+00:00,R,N,1,121,146,New York Mets,Miami Marlins
2016,2016-07-05,448128,2016-07-06 00:09:00+00:00,R,N,1,138,134,St. Louis Cardinals,Pittsburgh Pirates
2016,2016-07-05,448130,2016-07-06 00:10:00+00:00,R,N,1,117,136,Houston Astros,Seattle Mariners
2016,2016-07-05,448127,2016-07-06 00:10:00+00:00,R,N,1,142,133,Minnesota Twins,Oakland Athletics
2016,2016-07-05,448126,2016-07-06 00:10:00+00:00,R,N,1,145,147,Chicago White Sox,New York Yankees
2016,2016-07-05,448129,2016-07-06 01:40:00+00:00,R,N,1,109,135,Arizona Diamondbacks,San Diego Padres
2016,2016-07-05,448118,2016-07-06 02:10:00+00:00,R,N,1,119,110,Los Angeles Dodgers,Baltimore Orioles
2016,2016-07-05,448120,2016-07-06 02:15:00+00:00,R,N,1,137,115,San Francisco Giants,Colorado Rockies
2016,2016-07-06,448136,2016-07-06 16:10:00+00:00,R,N,1,114,116,Cleveland Indians,Detroit Tigers
2016,2016-07-06,448132,2016-07-06 17:05:00+00:00,R,N,1,143,144,Philadelphia Phillies,Atlanta Braves
2016,2016-07-06,448142,2016-07-06 17:10:00+00:00,R,N,1,142,133,Minnesota Twins,Oakland Athletics
2016,2016-07-06,448139,2016-07-06 17:10:00+00:00,R,N,1,121,146,New York Mets,Miami Marlins
2016,2016-07-06,448134,2016-07-06 18:20:00+00:00,R,N,1,112,113,Chicago Cubs,Cincinnati Reds
2016,2016-07-06,448133,2016-07-06 19:10:00+00:00,R,N,1,119,110,Los Angeles Dodgers,Baltimore Orioles
2016,2016-07-06,448140,2016-07-06 20:05:00+00:00,R,N,1,120,158,Washington Nationals,Milwaukee Brewers
2016,2016-07-06,448137,2016-07-06 23:07:00+00:00,R,N,1,141,118,Toronto Blue Jays,Kansas City Royals
2016,2016-07-06,448138,2016-07-06 23:10:00+00:00,R,N,1,139,108,Tampa Bay Rays,Los Angeles Angels
2016,2016-07-06,448146,2016-07-06 23:10:00+00:00,R,N,1,111,140,Boston Red Sox,Texas Rangers
2016,2016-07-06,448145,2016-07-07 00:10:00+00:00,R,N,1,117,136,Houston Astros,Seattle Mariners
2016,2016-07-06,448141,2016-07-07 00:10:00+00:00,R,N,1,145,147,Chicago White Sox,New York Yankees
2016,2016-07-06,448143,2016-07-07 00:15:00+00:00,R,N,1,138,134,St. Louis Cardinals,Pittsburgh Pirates
2016,2016-07-06,448144,2016-07-07 01:40:00+00:00,R,N,1,109,135,Arizona Diamondbacks,San Diego Padres
2016,2016-07-06,448135,2016-07-07 02:15:00+00:00,R,N,1,137,115,San Francisco Giants,Colorado Rockies
2016,2016-07-07,448148,2016-07-07 16:10:00+00:00,R,N,1,139,108,Tampa Bay Rays,Los Angeles Angels
2016,2016-07-07,448153,2016-07-07 17:45:00+00:00,R,N,1,138,134,St. Louis Cardinals,Pittsburgh Pirates
2016,2016-07-07,448147,2016-07-07 23:07:00+00:00,R,N,1,141,116,Toronto Blue Jays,Detroit Tigers
2016,2016-07-07,448156,2016-07-07 23:10:00+00:00,R,N,1,121,120,New York Mets,Washington Nationals
2016,2016-07-07,448150,2016-07-07 23:10:00+00:00,R,N,1,114,147,Cleveland Indians,New York Yankees
2016,2016-07-07,448149,2016-07-08 00:05:00+00:00,R,N,1,140,142,Texas Rangers,Minnesota Twins
2016,2016-07-07,447214,2016-07-08 00:05:00+00:00,R,N,1,112,144,Chicago Cubs,Atlanta Braves
2016,2016-07-07,448151,2016-07-08 00:10:00+00:00,R,N,1,117,133,Houston Astros,Oakland Athletics
2016,2016-07-07,448155,2016-07-08 00:15:00+00:00,R,N,1,118,136,Kansas City Royals,Seattle Mariners
2016,2016-07-07,448152,2016-07-08 00:40:00+00:00,R,N,1,115,143,Colorado Rockies,Philadelphia Phillies
2016,2016-07-07,448154,2016-07-08 02:10:00+00:00,R,N,1,119,135,Los Angeles Dodgers,San Diego Padres
2016,2016-07-08,448162,2016-07-08 23:05:00+00:00,R,N,1,110,108,Baltimore Orioles,Los Angeles Angels
2016,2016-07-08,448159,2016-07-08 23:05:00+00:00,R,N,1,134,112,Pittsburgh Pirates,Chicago Cubs
2016,2016-07-08,448161,2016-07-08 23:07:00+00:00,R,N,1,141,116,Toronto Blue Jays,Detroit Tigers
2016,2016-07-08,448171,2016-07-08 23:10:00+00:00,R,N,1,121,120,New York Mets,Washington Nationals
2016,2016-07-08,448170,2016-07-08 23:10:00+00:00,R,N,1,111,139,Boston Red Sox,Tampa Bay Rays
2016,2016-07-08,448160,2016-07-08 23:10:00+00:00,R,N,1,146,113,Miami Marlins,Cincinnati Reds
2016,2016-07-08,448164,2016-07-08 23:10:00+00:00,R,N,1,114,147,Cleveland Indians,New York Yankees
2016,2016-07-08,448163,2016-07-09 00:05:00+00:00,R,N,1,140,142,Texas Rangers,Minnesota Twins
2016,2016-07-08,448165,2016-07-09 00:10:00+00:00,R,N,1,117,133,Houston Astros,Oakland Athletics
2016,2016-07-08,448166,2016-07-09 00:10:00+00:00,R,N,1,115,143,Colorado Rockies,Philadelphia Phillies
2016,2016-07-08,448158,2016-07-09 00:10:00+00:00,R,N,1,145,144,Chicago White Sox,Atlanta Braves
2016,2016-07-08,448169,2016-07-09 00:10:00+00:00,R,N,1,158,138,Milwaukee Brewers,St. Louis Cardinals
2016,2016-07-08,448168,2016-07-09 00:15:00+00:00,R,N,1,118,136,Kansas City Royals,Seattle Mariners
2016,2016-07-08,448167,2016-07-09 02:10:00+00:00,R,N,1,119,135,Los Angeles Dodgers,San Diego Padres
2016,2016-07-08,448157,2016-07-09 02:15:00+00:00,R,N,1,137,109,San Francisco Giants,Arizona Diamondbacks
2016,2016-07-09,448176,2016-07-09 17:07:00+00:00,R,N,1,141,116,Toronto Blue Jays,Detroit Tigers
2016,2016-07-09,448173,2016-07-09 18:10:00+00:00,R,N,1,145,144,Chicago White Sox,Atlanta Braves
2016,2016-07-09,448184,2016-07-09 18:10:00+00:00,R,N,1,158,138,Milwaukee Brewers,St. Louis Cardinals
2016,2016-07-09,448177,2016-07-09 20:05:00+00:00,R,N,1,110,108,Baltimore Orioles,Los Angeles Angels
2016,2016-07-09,448172,2016-07-09 20:05:00+00:00,R,N,1,137,109,San Francisco Giants,Arizona Diamondbacks
2016,2016-07-09,448185,2016-07-09 20:05:00+00:00,R,N,1,111,139,Boston Red Sox,Tampa Bay Rays
2016,2016-07-09,448180,2016-07-09 20:10:00+00:00,R,N,1,117,133,Houston Astros,Oakland Athletics
2016,2016-07-09,448175,2016-07-09 20:10:00+00:00,R,N,1,146,113,Miami Marlins,Cincinnati Reds
2016,2016-07-09,448179,2016-07-09 20:10:00+00:00,R,N,1,114,147,Cleveland Indians,New York Yankees
2016,2016-07-09,448183,2016-07-09 20:15:00+00:00,R,N,1,118,136,Kansas City Royals,Seattle Mariners
2016,2016-07-09,448186,2016-07-09 23:15:00+00:00,R,N,1,121,120,New York Mets,Washington Nationals
2016,2016-07-09,448174,2016-07-09 23:15:00+00:00,R,N,1,134,112,Pittsburgh Pirates,Chicago Cubs
2016,2016-07-09,448182,2016-07-09 23:15:00+00:00,R,N,1,119,135,Los Angeles Dodgers,San Diego Padres
2016,2016-07-09,448181,2016-07-10 00:40:00+00:00,R,N,1,115,143,Colorado Rockies,Philadelphia Phillies
2016,2016-07-09,448178,2016-07-10 01:05:00+00:00,R,N,1,140,142,Texas Rangers,Minnesota Twins
2016,2016-07-10,448191,2016-07-10 17:07:00+00:00,R,N,1,141,116,Toronto Blue Jays,Detroit Tigers
2016,2016-07-10,448201,2016-07-10 17:10:00+00:00,R,N,1,121,120,New York Mets,Washington Nationals
2016,2016-07-10,448190,2016-07-10 17:10:00+00:00,R,N,1,146,113,Miami Marlins,Cincinnati Reds
2016,2016-07-10,448194,2016-07-10 17:10:00+00:00,R,N,1,114,147,Cleveland Indians,New York Yankees
2016,2016-07-10,448192,2016-07-10 17:35:00+00:00,R,N,1,110,108,Baltimore Orioles,Los Angeles Angels
2016,2016-07-10,448189,2016-07-10 17:35:00+00:00,R,N,1,134,112,Pittsburgh Pirates,Chicago Cubs
2016,2016-07-10,448200,2016-07-10 17:35:00+00:00,R,N,1,111,139,Boston Red Sox,Tampa Bay Rays
2016,2016-07-10,448195,2016-07-10 18:10:00+00:00,R,N,1,117,133,Houston Astros,Oakland Athletics
2016,2016-07-10,448188,2016-07-10 18:10:00+00:00,R,N,1,145,144,Chicago White Sox,Atlanta Braves
2016,2016-07-10,448199,2016-07-10 18:10:00+00:00,R,N,1,158,138,Milwaukee Brewers,St. Louis Cardinals
2016,2016-07-10,448198,2016-07-10 18:15:00+00:00,R,N,1,118,136,Kansas City Royals,Seattle Mariners
2016,2016-07-10,448193,2016-07-10 19:05:00+00:00,R,N,1,140,142,Texas Rangers,Minnesota Twins
2016,2016-07-10,448197,2016-07-10 20:10:00+00:00,R,N,1,119,135,Los Angeles Dodgers,San Diego Padres
2016,2016-07-10,448196,2016-07-10 20:10:00+00:00,R,N,1,115,143,Colorado Rockies,Philadelphia Phillies
2016,2016-07-10,448187,2016-07-11 00:00:00+00:00,R,N,1,137,109,San Francisco Giants,Arizona Diamondbacks
2016,2016-07-15,448216,2016-07-15 18:20:00+00:00,R,N,1,112,140,Chicago Cubs,Texas Rangers
2016,2016-07-15,448214,2016-07-15 23:05:00+00:00,R,N,1,120,134,Washington Nationals,Pittsburgh Pirates
2016,2016-07-15,448213,2016-07-15 23:05:00+00:00,R,N,1,143,121,Philadelphia Phillies,New York Mets
2016,2016-07-15,448204,2016-07-15 23:05:00+00:00,R,N,1,147,111,New York Yankees,Boston Red Sox
2016,2016-07-15,448209,2016-07-15 23:10:00+00:00,R,N,1,116,118,Detroit Tigers,Kansas City Royals
2016,2016-07-15,448203,2016-07-15 23:10:00+00:00,R,N,1,139,110,Tampa Bay Rays,Baltimore Orioles
2016,2016-07-15,448212,2016-07-15 23:10:00+00:00,R,N,1,113,158,Cincinnati Reds,Milwaukee Brewers
2016,2016-07-15,448207,2016-07-15 23:35:00+00:00,R,N,1,144,115,Atlanta Braves,Colorado Rockies
2016,2016-07-15,448206,2016-07-16 00:10:00+00:00,R,N,1,142,114,Minnesota Twins,Cleveland Indians
2016,2016-07-15,448211,2016-07-16 00:15:00+00:00,R,N,1,138,146,St. Louis Cardinals,Miami Marlins
2016,2016-07-15,448210,2016-07-16 01:40:00+00:00,R,N,1,109,119,Arizona Diamondbacks,Los Angeles Dodgers
2016,2016-07-15,448217,2016-07-16 02:05:00+00:00,R,N,1,133,141,Oakland Athletics,Toronto Blue Jays
2016,2016-07-15,448205,2016-07-16 02:05:00+00:00,R,N,1,108,145,Los Angeles Angels,Chicago White Sox
2016,2016-07-15,448208,2016-07-16 02:10:00+00:00,R,N,1,136,117,Seattle Mariners,Houston Astros
2016,2016-07-15,448215,2016-07-16 02:40:00+00:00,R,N,1,135,137,San Diego Padres,San Francisco Giants
2016,2016-07-16,448231,2016-07-16 18:20:00+00:00,R,N,1,112,140,Chicago Cubs,Texas Rangers
2016,2016-07-16,448232,2016-07-16 20:05:00+00:00,R,N,1,133,141,Oakland Athletics,Toronto Blue Jays
2016,2016-07-16,448219,2016-07-16 20:05:00+00:00,R,N,1,147,111,New York Yankees,Boston Red Sox
2016,2016-07-16,448223,2016-07-16 20:10:00+00:00,R,N,1,136,117,Seattle Mariners,Houston Astros
2016,2016-07-16,448218,2016-07-16 22:10:00+00:00,R,N,1,139,110,Tampa Bay Rays,Baltimore Orioles
2016,2016-07-16,448229,2016-07-16 23:05:00+00:00,R,N,1,120,134,Washington Nationals,Pittsburgh Pirates
2016,2016-07-16,448228,2016-07-16 23:05:00+00:00,R,N,1,143,121,Philadelphia Phillies,New York Mets
2016,2016-07-16,448224,2016-07-16 23:10:00+00:00,R,N,1,116,118,Detroit Tigers,Kansas City Royals
2016,2016-07-16,448221,2016-07-16 23:10:00+00:00,R,N,1,142,114,Minnesota Twins,Cleveland Indians
2016,2016-07-16,448222,2016-07-16 23:10:00+00:00,R,N,1,144,115,Atlanta Braves,Colorado Rockies
2016,2016-07-16,448227,2016-07-16 23:10:00+00:00,R,N,1,113,158,Cincinnati Reds,Milwaukee Brewers
2016,2016-07-16,448226,2016-07-16 23:15:00+00:00,R,N,1,138,146,St. Louis Cardinals,Miami Marlins
2016,2016-07-16,448225,2016-07-17 00:10:00+00:00,R,N,1,109,119,Arizona Diamondbacks,Los Angeles Dodgers
2016,2016-07-16,448230,2016-07-17 00:40:00+00:00,R,N,1,135,137,San Diego Padres,San Francisco Giants
2016,2016-07-16,448220,2016-07-17 01:05:00+00:00,R,N,1,108,145,Los Angeles Angels,Chicago White Sox
2016,2016-07-17,448239,2016-07-17 17:10:00+00:00,R,N,1,116,118,Detroit Tigers,Kansas City Royals
2016,2016-07-17,448233,2016-07-17 17:10:00+00:00,R,N,1,139,110,Tampa Bay Rays,Baltimore Orioles
2016,2016-07-17,448242,2016-07-17 17:10:00+00:00,R,N,1,113,158,Cincinnati Reds,Milwaukee Brewers
2016,2016-07-17,448244,2016-07-17 17:35:00+00:00,R,N,1,120,134,Washington Nationals,Pittsburgh Pirates
2016,2016-07-17,448243,2016-07-17 17:35:00+00:00,R,N,1,143,121,Philadelphia Phillies,New York Mets
2016,2016-07-17,448237,2016-07-17 17:35:00+00:00,R,N,1,144,115,Atlanta Braves,Colorado Rockies
2016,2016-07-17,448236,2016-07-17 18:10:00+00:00,R,N,1,142,114,Minnesota Twins,Cleveland Indians
2016,2016-07-17,448241,2016-07-17 18:15:00+00:00,R,N,1,138,146,St. Louis Cardinals,Miami Marlins
2016,2016-07-17,448246,2016-07-17 18:20:00+00:00,R,N,1,112,140,Chicago Cubs,Texas Rangers
2016,2016-07-17,448235,2016-07-17 19:35:00+00:00,R,N,1,108,145,Los Angeles Angels,Chicago White Sox
2016,2016-07-17,448247,2016-07-17 20:05:00+00:00,R,N,1,133,141,Oakland Athletics,Toronto Blue Jays
2016,2016-07-17,448240,2016-07-17 20:10:00+00:00,R,N,1,109,119,Arizona Diamondbacks,Los Angeles Dodgers
2016,2016-07-17,448238,2016-07-17 20:10:00+00:00,R,N,1,136,117,Seattle Mariners,Houston Astros
2016,2016-07-17,448245,2016-07-17 20:40:00+00:00,R,N,1,135,137,San Diego Padres,San Francisco Giants
2016,2016-07-17,448234,2016-07-18 00:05:00+00:00,R,N,1,147,111,New York Yankees,Boston Red Sox
2016,2016-07-18,448255,2016-07-18 23:05:00+00:00,R,N,1,112,121,Chicago Cubs,New York Mets
2016,2016-07-18,448253,2016-07-18 23:05:00+00:00,R,N,1,143,146,Philadelphia Phillies,Miami Marlins
2016,2016-07-18,448249,2016-07-18 23:05:00+00:00,R,N,1,147,110,New York Yankees,Baltimore Orioles
2016,2016-07-18,448254,2016-07-18 23:10:00+00:00,R,N,1,116,142,Detroit Tigers,Minnesota Twins
2016,2016-07-18,448248,2016-07-18 23:10:00+00:00,R,N,1,113,144,Cincinnati Reds,Atlanta Braves
2016,2016-07-18,448251,2016-07-19 00:15:00+00:00,R,N,1,118,114,Kansas City Royals,Cleveland Indians
2016,2016-07-18,448256,2016-07-19 00:15:00+00:00,R,N,1,138,135,St. Louis Cardinals,San Diego Padres
2016,2016-07-18,448257,2016-07-19 00:40:00+00:00,R,N,1,115,139,Colorado Rockies,Tampa Bay Rays
2016,2016-07-18,448252,2016-07-19 02:05:00+00:00,R,N,1,133,117,Oakland Athletics,Houston Astros
2016,2016-07-18,448258,2016-07-19 02:05:00+00:00,R,N,1,108,140,Los Angeles Angels,Texas Rangers
2016,2016-07-18,448250,2016-07-19 02:10:00+00:00,R,N,1,136,145,Seattle Mariners,Chicago White Sox
2016,2016-07-19,448264,2016-07-19 23:05:00+00:00,R,N,1,120,119,Washington Nationals,Los Angeles Dodgers
2016,2016-07-19,448268,2016-07-19 23:05:00+00:00,R,N,1,112,121,Chicago Cubs,New York Mets
2016,2016-07-19,448265,2016-07-19 23:05:00+00:00,R,N,1,143,146,Philadelphia Phillies,Miami Marlins
2016,2016-07-19,448260,2016-07-19 23:05:00+00:00,R,N,1,147,110,New York Yankees,Baltimore Orioles
2016,2016-07-19,448266,2016-07-19 23:05:00+00:00,R,N,1,134,158,Pittsburgh Pirates,Milwaukee Brewers
2016,2016-07-19,448270,2016-07-19 23:10:00+00:00,R,N,1,111,137,Boston Red Sox,San Francisco Giants
2016,2016-07-19,448267,2016-07-19 23:10:00+00:00,R,N,1,116,142,Detroit Tigers,Minnesota Twins
2016,2016-07-19,448259,2016-07-19 23:10:00+00:00,R,N,1,113,144,Cincinnati Reds,Atlanta Braves
2016,2016-07-19,448262,2016-07-20 00:15:00+00:00,R,N,1,118,114,Kansas City Royals,Cleveland Indians
2016,2016-07-19,448271,2016-07-20 00:40:00+00:00,R,N,1,115,139,Colorado Rockies,Tampa Bay Rays
2016,2016-07-19,448273,2016-07-20 01:40:00+00:00,R,N,1,109,141,Arizona Diamondbacks,Toronto Blue Jays
2016,2016-07-19,448263,2016-07-20 02:05:00+00:00,R,N,1,133,117,Oakland Athletics,Houston Astros
2016,2016-07-19,448272,2016-07-20 02:05:00+00:00,R,N,1,108,140,Los Angeles Angels,Texas Rangers
2016,2016-07-19,448261,2016-07-20 02:10:00+00:00,R,N,1,136,145,Seattle Mariners,Chicago White Sox
2016,2016-07-20,448269,2016-07-20 00:15:00+00:00,R,N,1,138,135,St. Louis Cardinals,San Diego Padres
2016,2016-07-20,448274,2016-07-20 16:35:00+00:00,R,N,1,113,144,Cincinnati Reds,Atlanta Braves
2016,2016-07-20,448282,2016-07-20 17:10:00+00:00,R,N,1,116,142,Detroit Tigers,Minnesota Twins
2016,2016-07-20,448277,2016-07-20 18:15:00+00:00,R,N,1,118,114,Kansas City Royals,Cleveland Indians
2016,2016-07-20,448269,2016-07-20 18:15:00+00:00,R,S,1,138,135,St. Louis Cardinals,San Diego Padres
2016,2016-07-20,448284,2016-07-21 00:15:00+00:00,R,S,2,138,135,St. Louis Cardinals,San Diego Padres
2016,2016-07-20,448283,2016-07-20 18:20:00+00:00,R,N,1,112,121,Chicago Cubs,New York Mets
2016,2016-07-20,448286,2016-07-20 19:10:00+00:00,R,N,1,115,139,Colorado Rockies,Tampa Bay Rays
2016,2016-07-20,448278,2016-07-20 19:35:00+00:00,R,N,1,133,117,Oakland Athletics,Houston Astros
2016,2016-07-20,448288,2016-07-20 19:40:00+00:00,R,N,1,109,141,Arizona Diamondbacks,Toronto Blue Jays
2016,2016-07-20,448276,2016-07-20 19:40:00+00:00,R,N,1,136,145,Seattle Mariners,Chicago White Sox
2016,2016-07-20,448279,2016-07-20 23:05:00+00:00,R,N,1,120,119,Washington Nationals,Los Angeles Dodgers
2016,2016-07-20,448280,2016-07-20 23:05:00+00:00,R,N,1,143,146,Philadelphia Phillies,Miami Marlins
2016,2016-07-20,448275,2016-07-20 23:05:00+00:00,R,N,1,147,110,New York Yankees,Baltimore Orioles
2016,2016-07-20,448281,2016-07-20 23:05:00+00:00,R,N,1,134,158,Pittsburgh Pirates,Milwaukee Brewers
2016,2016-07-20,448285,2016-07-20 23:10:00+00:00,R,N,1,111,137,Boston Red Sox,San Francisco Giants
2016,2016-07-20,448287,2016-07-21 02:05:00+00:00,R,N,1,108,140,Los Angeles Angels,Texas Rangers
2016,2016-07-21,448292,2016-07-21 16:05:00+00:00,R,N,1,120,119,Washington Nationals,Los Angeles Dodgers
2016,2016-07-21,448290,2016-07-21 17:05:00+00:00,R,N,1,147,110,New York Yankees,Baltimore Orioles
2016,2016-07-21,448293,2016-07-21 23:05:00+00:00,R,N,1,143,146,Philadelphia Phillies,Miami Marlins
2016,2016-07-21,448294,2016-07-21 23:05:00+00:00,R,N,1,134,158,Pittsburgh Pirates,Milwaukee Brewers
2016,2016-07-21,448295,2016-07-21 23:10:00+00:00,R,N,1,111,142,Boston Red Sox,Minnesota Twins
2016,2016-07-21,448296,2016-07-21 23:15:00+00:00,R,N,1,138,135,St. Louis Cardinals,San Diego Padres
2016,2016-07-21,448291,2016-07-22 00:10:00+00:00,R,N,1,145,116,Chicago White Sox,Detroit Tigers
2016,2016-07-21,448289,2016-07-22 00:40:00+00:00,R,N,1,115,144,Colorado Rockies,Atlanta Braves
2016,2016-07-21,448297,2016-07-22 02:05:00+00:00,R,N,1,133,139,Oakland Athletics,Tampa Bay Rays
2016,2016-07-22,448302,2016-07-22 23:05:00+00:00,R,N,1,110,114,Baltimore Orioles,Cleveland Indians
2016,2016-07-22,448309,2016-07-22 23:05:00+00:00,R,N,1,120,135,Washington Nationals,San Diego Padres
2016,2016-07-22,448308,2016-07-22 23:05:00+00:00,R,N,1,134,143,Pittsburgh Pirates,Philadelphia Phillies
2016,2016-07-22,448310,2016-07-22 23:05:00+00:00,R,N,1,147,137,New York Yankees,San Francisco Giants
2016,2016-07-22,448311,2016-07-22 23:07:00+00:00,R,N,1,141,136,Toronto Blue Jays,Seattle Mariners
2016,2016-07-22,448299,2016-07-22 23:10:00+00:00,R,N,1,113,109,Cincinnati Reds,Arizona Diamondbacks
2016,2016-07-22,448306,2016-07-22 23:10:00+00:00,R,N,1,111,142,Boston Red Sox,Minnesota Twins
2016,2016-07-22,448307,2016-07-22 23:10:00+00:00,R,N,1,146,121,Miami Marlins,New York Mets
2016,2016-07-22,448304,2016-07-23 00:10:00+00:00,R,N,1,117,108,Houston Astros,Los Angeles Angels
2016,2016-07-22,448303,2016-07-23 00:10:00+00:00,R,N,1,145,116,Chicago White Sox,Detroit Tigers
2016,2016-07-22,448301,2016-07-23 00:10:00+00:00,R,N,1,158,112,Milwaukee Brewers,Chicago Cubs
2016,2016-07-22,448305,2016-07-23 00:15:00+00:00,R,N,1,138,119,St. Louis Cardinals,Los Angeles Dodgers
2016,2016-07-22,448313,2016-07-23 00:15:00+00:00,R,N,1,118,140,Kansas City Royals,Texas Rangers
2016,2016-07-22,448300,2016-07-23 00:40:00+00:00,R,N,1,115,144,Colorado Rockies,Atlanta Braves
2016,2016-07-22,448312,2016-07-23 02:05:00+00:00,R,N,1,133,139,Oakland Athletics,Tampa Bay Rays
2016,2016-07-23,448326,2016-07-23 17:07:00+00:00,R,N,1,141,136,Toronto Blue Jays,Seattle Mariners
2016,2016-07-23,448323,2016-07-23 20:05:00+00:00,R,N,1,134,143,Pittsburgh Pirates,Philadelphia Phillies
2016,2016-07-23,448325,2016-07-23 20:05:00+00:00,R,N,1,147,137,New York Yankees,San Francisco Giants
2016,2016-07-23,448317,2016-07-23 23:05:00+00:00,R,N,1,110,114,Baltimore Orioles,Cleveland Indians
2016,2016-07-23,448324,2016-07-23 23:05:00+00:00,R,N,1,120,135,Washington Nationals,San Diego Padres
2016,2016-07-23,448314,2016-07-23 23:10:00+00:00,R,N,1,113,109,Cincinnati Reds,Arizona Diamondbacks
2016,2016-07-23,448319,2016-07-23 23:10:00+00:00,R,N,1,117,108,Houston Astros,Los Angeles Angels
2016,2016-07-23,448321,2016-07-23 23:10:00+00:00,R,N,1,111,142,Boston Red Sox,Minnesota Twins
2016,2016-07-23,448318,2016-07-23 23:10:00+00:00,R,N,1,145,116,Chicago White Sox,Detroit Tigers
2016,2016-07-23,448322,2016-07-23 23:10:00+00:00,R,N,1,146,121,Miami Marlins,New York Mets
2016,2016-07-23,448316,2016-07-23 23:10:00+00:00,R,N,1,158,112,Milwaukee Brewers,Chicago Cubs
2016,2016-07-23,448320,2016-07-23 23:15:00+00:00,R,N,1,138,119,St. Louis Cardinals,Los Angeles Dodgers
2016,2016-07-23,448328,2016-07-23 23:15:00+00:00,R,N,1,118,140,Kansas City Royals,Texas Rangers
2016,2016-07-23,448315,2016-07-24 00:10:00+00:00,R,N,1,115,144,Colorado Rockies,Atlanta Braves
2016,2016-07-23,448327,2016-07-24 01:05:00+00:00,R,N,1,133,139,Oakland Athletics,Tampa Bay Rays
2016,2016-07-24,448340,2016-07-24 17:05:00+00:00,R,N,1,147,137,New York Yankees,San Francisco Giants
2016,2016-07-24,448341,2016-07-24 17:07:00+00:00,R,N,1,141,136,Toronto Blue Jays,Seattle Mariners
2016,2016-07-24,448329,2016-07-24 17:10:00+00:00,R,N,1,113,109,Cincinnati Reds,Arizona Diamondbacks
2016,2016-07-24,448337,2016-07-24 17:10:00+00:00,R,N,1,146,121,Miami Marlins,New York Mets
2016,2016-07-24,448332,2016-07-24 17:35:00+00:00,R,N,1,110,114,Baltimore Orioles,Cleveland Indians
2016,2016-07-24,448339,2016-07-24 17:35:00+00:00,R,N,1,120,135,Washington Nationals,San Diego Padres
2016,2016-07-24,448336,2016-07-24 17:35:00+00:00,R,N,1,111,142,Boston Red Sox,Minnesota Twins
2016,2016-07-24,448338,2016-07-24 17:35:00+00:00,R,N,1,134,143,Pittsburgh Pirates,Philadelphia Phillies
2016,2016-07-24,448334,2016-07-24 18:10:00+00:00,R,N,1,117,108,Houston Astros,Los Angeles Angels
2016,2016-07-23,448318,2016-07-24 18:10:00+00:00,R,N,1,145,116,Chicago White Sox,Detroit Tigers
2016,2016-07-24,448333,2016-07-24 18:10:00+00:00,R,N,1,145,116,Chicago White Sox,Detroit Tigers
2016,2016-07-24,448331,2016-07-24 18:10:00+00:00,R,N,1,158,112,Milwaukee Brewers,Chicago Cubs
2016,2016-07-24,448343,2016-07-24 18:15:00+00:00,R,N,1,118,140,Kansas City Royals,Texas Rangers
2016,2016-07-24,448342,2016-07-24 20:05:00+00:00,R,N,1,133,139,Oakland Athletics,Tampa Bay Rays
2016,2016-07-24,448330,2016-07-24 20:10:00+00:00,R,N,1,115,144,Colorado Rockies,Atlanta Braves
2016,2016-07-24,448335,2016-07-25 00:08:00+00:00,R,N,1,138,119,St. Louis Cardinals,Los Angeles Dodgers
2016,2016-07-25,448347,2016-07-25 23:05:00+00:00,R,N,1,110,115,Baltimore Orioles,Colorado Rockies
2016,2016-07-25,448353,2016-07-25 23:07:00+00:00,R,N,1,141,135,Toronto Blue Jays,San Diego Padres
2016,2016-07-25,448348,2016-07-25 23:10:00+00:00,R,N,1,111,116,Boston Red Sox,Detroit Tigers
2016,2016-07-25,448352,2016-07-25 23:10:00+00:00,R,N,1,146,143,Miami Marlins,Philadelphia Phillies
2016,2016-07-25,448344,2016-07-25 23:20:00+00:00,R,N,1,158,109,Milwaukee Brewers,Arizona Diamondbacks
2016,2016-07-25,448351,2016-07-26 00:05:00+00:00,R,N,1,140,133,Texas Rangers,Oakland Athletics
2016,2016-07-25,448345,2016-07-26 00:10:00+00:00,R,N,1,145,112,Chicago White Sox,Chicago Cubs
2016,2016-07-25,448350,2016-07-26 00:10:00+00:00,R,N,1,117,147,Houston Astros,New York Yankees
2016,2016-07-25,448349,2016-07-26 00:15:00+00:00,R,N,1,118,108,Kansas City Royals,Los Angeles Angels
2016,2016-07-25,448346,2016-07-26 02:15:00+00:00,R,N,1,137,113,San Francisco Giants,Cincinnati Reds
2016,2016-07-26,448354,2016-07-25 23:10:00+00:00,R,N,1,121,138,New York Mets,St. Louis Cardinals
2016,2016-07-26,448367,2016-07-26 20:10:00+00:00,R,Y,1,121,138,New York Mets,St. Louis Cardinals
2016,2016-07-26,448354,2016-07-26 20:15:00+00:00,R,Y,2,121,138,New York Mets,St. Louis Cardinals
2016,2016-07-26,448359,2016-07-26 23:05:00+00:00,R,N,1,110,115,Baltimore Orioles,Colorado Rockies
2016,2016-07-26,448366,2016-07-26 23:05:00+00:00,R,N,1,134,136,Pittsburgh Pirates,Seattle Mariners
2016,2016-07-26,448365,2016-07-26 23:07:00+00:00,R,N,1,141,135,Toronto Blue Jays,San Diego Padres
2016,2016-07-26,448360,2016-07-26 23:10:00+00:00,R,N,1,111,116,Boston Red Sox,Detroit Tigers
2016,2016-07-26,448369,2016-07-26 23:10:00+00:00,R,N,1,114,120,Cleveland Indians,Washington Nationals
2016,2016-07-26,448357,2016-07-26 23:10:00+00:00,R,N,1,145,112,Chicago White Sox,Chicago Cubs
2016,2016-07-26,448364,2016-07-26 23:10:00+00:00,R,N,1,146,143,Miami Marlins,Philadelphia Phillies
2016,2016-07-26,448363,2016-07-27 00:05:00+00:00,R,N,1,140,133,Texas Rangers,Oakland Athletics
2016,2016-07-26,448356,2016-07-27 00:10:00+00:00,R,N,1,142,144,Minnesota Twins,Atlanta Braves
2016,2016-07-26,448362,2016-07-27 00:10:00+00:00,R,N,1,117,147,Houston Astros,New York Yankees
2016,2016-07-26,448355,2016-07-27 00:10:00+00:00,R,N,1,158,109,Milwaukee Brewers,Arizona Diamondbacks
2016,2016-07-26,448361,2016-07-27 00:15:00+00:00,R,N,1,118,108,Kansas City Royals,Los Angeles Angels
2016,2016-07-26,448368,2016-07-27 02:10:00+00:00,R,N,1,119,139,Los Angeles Dodgers,Tampa Bay Rays
2016,2016-07-26,448358,2016-07-27 02:15:00+00:00,R,N,1,137,113,San Francisco Giants,Cincinnati Reds
2016,2016-07-27,448384,2016-07-27 16:10:00+00:00,R,N,1,114,120,Cleveland Indians,Washington Nationals
2016,2016-07-27,448379,2016-07-27 16:10:00+00:00,R,N,1,146,143,Miami Marlins,Philadelphia Phillies
2016,2016-07-27,448380,2016-07-27 16:37:00+00:00,R,N,1,141,135,Toronto Blue Jays,San Diego Padres
2016,2016-07-27,448375,2016-07-27 17:35:00+00:00,R,N,1,111,116,Boston Red Sox,Detroit Tigers
2016,2016-07-27,448383,2016-07-27 19:10:00+00:00,R,N,1,119,139,Los Angeles Dodgers,Tampa Bay Rays
2016,2016-07-27,448373,2016-07-27 19:45:00+00:00,R,N,1,137,113,San Francisco Giants,Cincinnati Reds
2016,2016-07-27,448374,2016-07-27 23:05:00+00:00,R,N,1,110,115,Baltimore Orioles,Colorado Rockies
2016,2016-07-27,448381,2016-07-27 23:05:00+00:00,R,N,1,134,136,Pittsburgh Pirates,Seattle Mariners
2016,2016-07-27,448382,2016-07-27 23:10:00+00:00,R,N,1,121,138,New York Mets,St. Louis Cardinals
2016,2016-07-27,448378,2016-07-28 00:05:00+00:00,R,N,1,140,133,Texas Rangers,Oakland Athletics
2016,2016-07-27,448372,2016-07-28 00:05:00+00:00,R,N,1,112,145,Chicago Cubs,Chicago White Sox
2016,2016-07-27,448371,2016-07-28 00:10:00+00:00,R,N,1,142,144,Minnesota Twins,Atlanta Braves
2016,2016-07-27,448377,2016-07-28 00:10:00+00:00,R,N,1,117,147,Houston Astros,New York Yankees
2016,2016-07-27,448370,2016-07-28 00:10:00+00:00,R,N,1,158,109,Milwaukee Brewers,Arizona Diamondbacks
2016,2016-07-27,448376,2016-07-28 00:15:00+00:00,R,N,1,118,108,Kansas City Royals,Los Angeles Angels
2016,2016-07-28,448388,2016-07-28 17:10:00+00:00,R,N,1,121,115,New York Mets,Colorado Rockies
2016,2016-07-28,448385,2016-07-28 18:10:00+00:00,R,N,1,158,109,Milwaukee Brewers,Arizona Diamondbacks
2016,2016-07-28,447341,2016-07-28 23:10:00+00:00,R,N,1,142,110,Minnesota Twins,Baltimore Orioles
2016,2016-07-28,448390,2016-07-28 23:10:00+00:00,R,N,1,144,143,Atlanta Braves,Philadelphia Phillies
2016,2016-07-28,448391,2016-07-28 23:10:00+00:00,R,N,1,146,138,Miami Marlins,St. Louis Cardinals
2016,2016-07-28,448389,2016-07-29 00:05:00+00:00,R,N,1,140,118,Texas Rangers,Kansas City Royals
2016,2016-07-28,448387,2016-07-29 00:05:00+00:00,R,N,1,112,145,Chicago Cubs,Chicago White Sox
2016,2016-07-28,448386,2016-07-29 02:05:00+00:00,R,N,1,108,111,Los Angeles Angels,Boston Red Sox
2016,2016-07-28,448392,2016-07-29 02:15:00+00:00,R,N,1,137,120,San Francisco Giants,Washington Nationals
2016,2016-07-29,448405,2016-07-29 18:20:00+00:00,R,N,1,112,136,Chicago Cubs,Seattle Mariners
2016,2016-07-29,448394,2016-07-29 23:07:00+00:00,R,N,1,141,110,Toronto Blue Jays,Baltimore Orioles
2016,2016-07-29,448399,2016-07-29 23:10:00+00:00,R,N,1,116,117,Detroit Tigers,Houston Astros
2016,2016-07-29,448398,2016-07-29 23:10:00+00:00,R,N,1,121,115,New York Mets,Colorado Rockies
2016,2016-07-29,448402,2016-07-29 23:10:00+00:00,R,N,1,114,133,Cleveland Indians,Oakland Athletics
2016,2016-07-29,448406,2016-07-29 23:10:00+00:00,R,N,1,146,138,Miami Marlins,St. Louis Cardinals
2016,2016-07-29,448401,2016-07-29 23:10:00+00:00,R,N,1,139,147,Tampa Bay Rays,New York Yankees
2016,2016-07-29,448403,2016-07-29 23:35:00+00:00,R,N,1,144,143,Atlanta Braves,Philadelphia Phillies
2016,2016-07-29,448400,2016-07-30 00:05:00+00:00,R,N,1,140,118,Texas Rangers,Kansas City Royals
2016,2016-07-29,448396,2016-07-30 00:10:00+00:00,R,N,1,142,145,Minnesota Twins,Chicago White Sox
2016,2016-07-29,448404,2016-07-30 00:10:00+00:00,R,N,1,158,134,Milwaukee Brewers,Pittsburgh Pirates
2016,2016-07-29,448395,2016-07-30 02:05:00+00:00,R,N,1,108,111,Los Angeles Angels,Boston Red Sox
2016,2016-07-29,448393,2016-07-30 02:10:00+00:00,R,N,1,119,109,Los Angeles Dodgers,Arizona Diamondbacks
2016,2016-07-29,448407,2016-07-30 02:15:00+00:00,R,N,1,137,120,San Francisco Giants,Washington Nationals
2016,2016-07-29,448397,2016-07-30 02:40:00+00:00,R,N,1,135,113,San Diego Padres,Cincinnati Reds
2016,2016-07-30,448409,2016-07-30 17:07:00+00:00,R,N,1,141,110,Toronto Blue Jays,Baltimore Orioles
2016,2016-07-30,448420,2016-07-30 18:20:00+00:00,R,N,1,112,136,Chicago Cubs,Seattle Mariners
2016,2016-07-30,448422,2016-07-30 20:05:00+00:00,R,N,1,137,120,San Francisco Giants,Washington Nationals
2016,2016-07-30,448416,2016-07-30 22:10:00+00:00,R,N,1,139,147,Tampa Bay Rays,New York Yankees
2016,2016-07-30,448414,2016-07-30 23:10:00+00:00,R,N,1,116,117,Detroit Tigers,Houston Astros
2016,2016-07-30,448413,2016-07-30 23:10:00+00:00,R,N,1,121,115,New York Mets,Colorado Rockies
2016,2016-07-30,448417,2016-07-30 23:10:00+00:00,R,N,1,114,133,Cleveland Indians,Oakland Athletics
2016,2016-07-30,448418,2016-07-30 23:10:00+00:00,R,N,1,144,143,Atlanta Braves,Philadelphia Phillies
2016,2016-07-30,448411,2016-07-30 23:10:00+00:00,R,N,1,142,145,Minnesota Twins,Chicago White Sox
2016,2016-07-30,448421,2016-07-30 23:10:00+00:00,R,N,1,146,138,Miami Marlins,St. Louis Cardinals
2016,2016-07-30,448419,2016-07-30 23:10:00+00:00,R,N,1,158,134,Milwaukee Brewers,Pittsburgh Pirates
2016,2016-07-30,448415,2016-07-31 00:05:00+00:00,R,N,1,140,118,Texas Rangers,Kansas City Royals
2016,2016-07-30,448412,2016-07-31 00:40:00+00:00,R,N,1,135,113,San Diego Padres,Cincinnati Reds
2016,2016-07-30,448410,2016-07-31 01:05:00+00:00,R,N,1,108,111,Los Angeles Angels,Boston Red Sox
2016,2016-07-30,448408,2016-07-31 01:10:00+00:00,R,N,1,119,109,Los Angeles Dodgers,Arizona Diamondbacks
2016,2016-07-31,448424,2016-07-31 17:07:00+00:00,R,N,1,141,110,Toronto Blue Jays,Baltimore Orioles
2016,2016-07-31,448429,2016-07-31 17:10:00+00:00,R,N,1,116,117,Detroit Tigers,Houston Astros
2016,2016-07-31,448428,2016-07-31 17:10:00+00:00,R,N,1,121,115,New York Mets,Colorado Rockies
2016,2016-07-31,448432,2016-07-31 17:10:00+00:00,R,N,1,114,133,Cleveland Indians,Oakland Athletics
2016,2016-07-31,448436,2016-07-31 17:10:00+00:00,R,N,1,146,138,Miami Marlins,St. Louis Cardinals
2016,2016-07-31,448431,2016-07-31 17:10:00+00:00,R,N,1,139,147,Tampa Bay Rays,New York Yankees
2016,2016-07-31,448433,2016-07-31 17:35:00+00:00,R,N,1,144,143,Atlanta Braves,Philadelphia Phillies
2016,2016-07-31,448426,2016-07-31 18:10:00+00:00,R,N,1,142,145,Minnesota Twins,Chicago White Sox
2016,2016-07-31,448434,2016-07-31 18:10:00+00:00,R,N,1,158,134,Milwaukee Brewers,Pittsburgh Pirates
2016,2016-07-31,448430,2016-07-31 19:05:00+00:00,R,N,1,140,118,Texas Rangers,Kansas City Royals
2016,2016-07-31,448425,2016-07-31 19:35:00+00:00,R,N,1,108,111,Los Angeles Angels,Boston Red Sox
2016,2016-07-31,448437,2016-07-31 20:05:00+00:00,R,N,1,137,120,San Francisco Giants,Washington Nationals
2016,2016-07-31,448423,2016-07-31 20:10:00+00:00,R,N,1,119,109,Los Angeles Dodgers,Arizona Diamondbacks
2016,2016-07-31,448427,2016-07-31 20:40:00+00:00,R,N,1,135,113,San Diego Padres,Cincinnati Reds
2016,2016-07-31,448435,2016-08-01 00:08:00+00:00,R,N,1,112,136,Chicago Cubs,Seattle Mariners
2016,2016-08-01,448439,2016-08-01 23:10:00+00:00,R,N,1,139,118,Tampa Bay Rays,Kansas City Royals
2016,2016-08-01,448442,2016-08-01 23:10:00+00:00,R,N,1,114,142,Cleveland Indians,Minnesota Twins
2016,2016-08-01,448443,2016-08-01 23:10:00+00:00,R,N,1,121,147,New York Mets,New York Yankees
2016,2016-08-01,448440,2016-08-02 00:05:00+00:00,R,N,1,112,146,Chicago Cubs,Miami Marlins
2016,2016-08-01,448444,2016-08-02 00:10:00+00:00,R,N,1,117,141,Houston Astros,Toronto Blue Jays
2016,2016-08-01,448445,2016-08-02 01:40:00+00:00,R,N,1,109,120,Arizona Diamondbacks,Washington Nationals
2016,2016-08-01,448438,2016-08-02 02:10:00+00:00,R,N,1,136,111,Seattle Mariners,Boston Red Sox
2016,2016-08-01,448441,2016-08-02 02:10:00+00:00,R,N,1,135,158,San Diego Padres,Milwaukee Brewers
2016,2016-08-02,448458,2016-08-02 23:05:00+00:00,R,N,1,110,140,Baltimore Orioles,Texas Rangers
2016,2016-08-02,448456,2016-08-02 23:05:00+00:00,R,N,1,143,137,Philadelphia Phillies,San Francisco Giants
2016,2016-08-02,448457,2016-08-02 23:10:00+00:00,R,N,1,113,138,Cincinnati Reds,St. Louis Cardinals
2016,2016-08-02,448448,2016-08-02 23:10:00+00:00,R,N,1,139,118,Tampa Bay Rays,Kansas City Royals
2016,2016-08-02,448452,2016-08-02 23:10:00+00:00,R,N,1,114,142,Cleveland Indians,Minnesota Twins
2016,2016-08-02,448455,2016-08-02 23:10:00+00:00,R,N,1,144,134,Atlanta Braves,Pittsburgh Pirates
2016,2016-08-02,448447,2016-08-02 23:10:00+00:00,R,N,1,116,145,Detroit Tigers,Chicago White Sox
2016,2016-08-02,448453,2016-08-02 23:10:00+00:00,R,N,1,121,147,New York Mets,New York Yankees
2016,2016-08-02,448450,2016-08-03 00:05:00+00:00,R,N,1,112,146,Chicago Cubs,Miami Marlins
2016,2016-08-02,448459,2016-08-03 00:10:00+00:00,R,N,1,117,141,Houston Astros,Toronto Blue Jays
2016,2016-08-02,448449,2016-08-03 00:40:00+00:00,R,N,1,115,119,Colorado Rockies,Los Angeles Dodgers
2016,2016-08-02,448460,2016-08-03 01:40:00+00:00,R,N,1,109,120,Arizona Diamondbacks,Washington Nationals
2016,2016-08-02,448454,2016-08-03 02:05:00+00:00,R,N,1,108,133,Los Angeles Angels,Oakland Athletics
2016,2016-08-02,448446,2016-08-03 02:10:00+00:00,R,N,1,136,111,Seattle Mariners,Boston Red Sox
2016,2016-08-02,448451,2016-08-03 02:10:00+00:00,R,N,1,135,158,San Diego Padres,Milwaukee Brewers
2016,2016-08-03,448465,2016-08-03 18:20:00+00:00,R,N,1,112,146,Chicago Cubs,Miami Marlins
2016,2016-08-03,448475,2016-08-03 19:40:00+00:00,R,N,1,109,120,Arizona Diamondbacks,Washington Nationals
2016,2016-08-03,448466,2016-08-03 19:40:00+00:00,R,N,1,135,158,San Diego Padres,Milwaukee Brewers
2016,2016-08-03,448473,2016-08-03 23:05:00+00:00,R,N,1,110,140,Baltimore Orioles,Texas Rangers
2016,2016-08-03,448471,2016-08-03 23:05:00+00:00,R,N,1,143,137,Philadelphia Phillies,San Francisco Giants
2016,2016-08-03,448468,2016-08-03 23:05:00+00:00,R,N,1,147,121,New York Yankees,New York Mets
2016,2016-08-03,448472,2016-08-03 23:10:00+00:00,R,N,1,113,138,Cincinnati Reds,St. Louis Cardinals
2016,2016-08-03,448463,2016-08-03 23:10:00+00:00,R,N,1,139,118,Tampa Bay Rays,Kansas City Royals
2016,2016-08-03,448467,2016-08-03 23:10:00+00:00,R,N,1,114,142,Cleveland Indians,Minnesota Twins
2016,2016-08-03,448470,2016-08-03 23:10:00+00:00,R,N,1,144,134,Atlanta Braves,Pittsburgh Pirates
2016,2016-08-03,448462,2016-08-03 23:10:00+00:00,R,N,1,116,145,Detroit Tigers,Chicago White Sox
2016,2016-08-03,448474,2016-08-04 00:10:00+00:00,R,N,1,117,141,Houston Astros,Toronto Blue Jays
2016,2016-08-03,448464,2016-08-04 00:40:00+00:00,R,N,1,115,119,Colorado Rockies,Los Angeles Dodgers
2016,2016-08-03,448469,2016-08-04 02:05:00+00:00,R,N,1,108,133,Los Angeles Angels,Oakland Athletics
2016,2016-08-03,448461,2016-08-04 02:10:00+00:00,R,N,1,136,111,Seattle Mariners,Boston Red Sox
2016,2016-08-04,448478,2016-08-04 16:10:00+00:00,R,N,1,139,118,Tampa Bay Rays,Kansas City Royals
2016,2016-08-04,448480,2016-08-04 16:10:00+00:00,R,N,1,114,142,Cleveland Indians,Minnesota Twins
2016,2016-08-04,448485,2016-08-04 16:35:00+00:00,R,N,1,113,138,Cincinnati Reds,St. Louis Cardinals
2016,2016-08-04,448484,2016-08-04 17:05:00+00:00,R,N,1,143,137,Philadelphia Phillies,San Francisco Giants
2016,2016-08-04,448477,2016-08-04 17:10:00+00:00,R,N,1,116,145,Detroit Tigers,Chicago White Sox
2016,2016-08-04,448482,2016-08-04 23:05:00+00:00,R,N,1,108,133,Los Angeles Angels,Oakland Athletics
2016,2016-08-04,448486,2016-08-04 23:05:00+00:00,R,N,1,110,140,Baltimore Orioles,Texas Rangers
2016,2016-08-04,448481,2016-08-04 23:05:00+00:00,R,N,1,147,121,New York Yankees,New York Mets
2016,2016-08-04,448483,2016-08-04 23:10:00+00:00,R,N,1,144,134,Atlanta Braves,Pittsburgh Pirates
2016,2016-08-04,448487,2016-08-05 00:10:00+00:00,R,N,1,117,141,Houston Astros,Toronto Blue Jays
2016,2016-08-04,448479,2016-08-05 00:40:00+00:00,R,N,1,115,119,Colorado Rockies,Los Angeles Dodgers
2016,2016-08-04,448476,2016-08-05 02:10:00+00:00,R,N,1,136,111,Seattle Mariners,Boston Red Sox
2016,2016-08-05,448492,2016-08-05 23:05:00+00:00,R,N,1,134,113,Pittsburgh Pirates,Cincinnati Reds
2016,2016-08-05,448500,2016-08-05 23:05:00+00:00,R,N,1,120,137,Washington Nationals,San Francisco Giants
2016,2016-08-05,448493,2016-08-05 23:05:00+00:00,R,N,1,147,114,New York Yankees,Cleveland Indians
2016,2016-08-05,448498,2016-08-05 23:10:00+00:00,R,N,1,116,121,Detroit Tigers,New York Mets
2016,2016-08-05,448497,2016-08-05 23:10:00+00:00,R,N,1,139,142,Tampa Bay Rays,Minnesota Twins
2016,2016-08-05,448501,2016-08-06 00:10:00+00:00,R,N,1,117,140,Houston Astros,Texas Rangers
2016,2016-08-05,448489,2016-08-06 00:10:00+00:00,R,N,1,145,110,Chicago White Sox,Baltimore Orioles
2016,2016-08-05,448502,2016-08-06 00:15:00+00:00,R,N,1,118,141,Kansas City Royals,Toronto Blue Jays
2016,2016-08-05,448488,2016-08-06 00:15:00+00:00,R,N,1,138,144,St. Louis Cardinals,Atlanta Braves
2016,2016-08-05,448495,2016-08-06 00:40:00+00:00,R,N,1,115,146,Colorado Rockies,Miami Marlins
2016,2016-08-05,448496,2016-08-06 01:40:00+00:00,R,N,1,109,158,Arizona Diamondbacks,Milwaukee Brewers
2016,2016-08-05,448491,2016-08-06 02:05:00+00:00,R,N,1,133,112,Oakland Athletics,Chicago Cubs
2016,2016-08-05,448490,2016-08-06 02:10:00+00:00,R,N,1,119,111,Los Angeles Dodgers,Boston Red Sox
2016,2016-08-05,448494,2016-08-06 02:10:00+00:00,R,N,1,136,108,Seattle Mariners,Los Angeles Angels
2016,2016-08-05,448499,2016-08-06 02:40:00+00:00,R,N,1,135,143,San Diego Padres,Philadelphia Phillies
2016,2016-08-06,448508,2016-08-06 17:05:00+00:00,R,N,1,147,114,New York Yankees,Cleveland Indians
2016,2016-08-06,448505,2016-08-06 20:05:00+00:00,R,N,1,119,111,Los Angeles Dodgers,Boston Red Sox
2016,2016-08-06,448506,2016-08-06 20:05:00+00:00,R,N,1,133,112,Oakland Athletics,Chicago Cubs
2016,2016-08-06,448512,2016-08-06 22:10:00+00:00,R,N,1,139,142,Tampa Bay Rays,Minnesota Twins
2016,2016-08-06,448507,2016-08-06 23:05:00+00:00,R,N,1,134,113,Pittsburgh Pirates,Cincinnati Reds
2016,2016-08-06,448515,2016-08-06 23:05:00+00:00,R,N,1,120,137,Washington Nationals,San Francisco Giants
2016,2016-08-06,448513,2016-08-06 23:10:00+00:00,R,N,1,116,121,Detroit Tigers,New York Mets
2016,2016-08-06,448516,2016-08-06 23:10:00+00:00,R,N,1,117,140,Houston Astros,Texas Rangers
2016,2016-08-06,448504,2016-08-06 23:10:00+00:00,R,N,1,145,110,Chicago White Sox,Baltimore Orioles
2016,2016-08-06,448517,2016-08-06 23:15:00+00:00,R,N,1,118,141,Kansas City Royals,Toronto Blue Jays
2016,2016-08-06,448503,2016-08-06 23:15:00+00:00,R,N,1,138,144,St. Louis Cardinals,Atlanta Braves
2016,2016-08-06,448510,2016-08-07 00:10:00+00:00,R,N,1,115,146,Colorado Rockies,Miami Marlins
2016,2016-08-06,448511,2016-08-07 00:10:00+00:00,R,N,1,109,158,Arizona Diamondbacks,Milwaukee Brewers
2016,2016-08-06,448514,2016-08-07 00:40:00+00:00,R,N,1,135,143,San Diego Padres,Philadelphia Phillies
2016,2016-08-06,448509,2016-08-07 01:10:00+00:00,R,N,1,136,108,Seattle Mariners,Los Angeles Angels
2016,2016-08-07,448523,2016-08-07 17:05:00+00:00,R,N,1,147,114,New York Yankees,Cleveland Indians
2016,2016-08-07,448528,2016-08-07 17:10:00+00:00,R,N,1,116,121,Detroit Tigers,New York Mets
2016,2016-08-07,448527,2016-08-07 17:10:00+00:00,R,N,1,139,142,Tampa Bay Rays,Minnesota Twins
2016,2016-08-07,448522,2016-08-07 17:35:00+00:00,R,N,1,134,113,Pittsburgh Pirates,Cincinnati Reds
2016,2016-08-07,448530,2016-08-07 17:35:00+00:00,R,N,1,120,137,Washington Nationals,San Francisco Giants
2016,2016-08-07,448531,2016-08-07 18:10:00+00:00,R,N,1,117,140,Houston Astros,Texas Rangers
2016,2016-08-07,448519,2016-08-07 18:10:00+00:00,R,N,1,145,110,Chicago White Sox,Baltimore Orioles
2016,2016-08-07,448532,2016-08-07 18:15:00+00:00,R,N,1,118,141,Kansas City Royals,Toronto Blue Jays
2016,2016-08-07,448518,2016-08-07 18:15:00+00:00,R,N,1,138,144,St. Louis Cardinals,Atlanta Braves
2016,2016-08-07,448521,2016-08-07 20:05:00+00:00,R,N,1,133,112,Oakland Athletics,Chicago Cubs
2016,2016-08-07,448524,2016-08-07 20:10:00+00:00,R,N,1,136,108,Seattle Mariners,Los Angeles Angels
2016,2016-08-07,448525,2016-08-07 20:10:00+00:00,R,N,1,115,146,Colorado Rockies,Miami Marlins
2016,2016-08-07,448526,2016-08-07 20:10:00+00:00,R,N,1,109,158,Arizona Diamondbacks,Milwaukee Brewers
2016,2016-08-07,448529,2016-08-07 20:40:00+00:00,R,N,1,135,143,San Diego Padres,Philadelphia Phillies
2016,2016-08-07,448520,2016-08-07 23:10:00+00:00,R,N,1,119,111,Los Angeles Dodgers,Boston Red Sox
2016,2016-08-08,448539,2016-08-08 23:07:00+00:00,R,N,1,141,139,Toronto Blue Jays,Tampa Bay Rays
2016,2016-08-08,448553,2016-08-08 23:10:00+00:00,R,N,1,146,137,Miami Marlins,San Francisco Giants
2016,2016-08-08,448533,2016-08-08 23:20:00+00:00,R,N,1,158,144,Milwaukee Brewers,Atlanta Braves
2016,2016-08-08,448537,2016-08-09 00:10:00+00:00,R,N,1,142,117,Minnesota Twins,Houston Astros
2016,2016-08-08,448535,2016-08-09 00:15:00+00:00,R,N,1,138,113,St. Louis Cardinals,Cincinnati Reds
2016,2016-08-08,448540,2016-08-09 00:40:00+00:00,R,N,1,115,140,Colorado Rockies,Texas Rangers
2016,2016-08-08,448534,2016-08-09 02:05:00+00:00,R,N,1,133,110,Oakland Athletics,Baltimore Orioles
2016,2016-08-08,448536,2016-08-09 02:10:00+00:00,R,N,1,136,116,Seattle Mariners,Detroit Tigers
2016,2016-08-08,448538,2016-08-09 02:10:00+00:00,R,N,1,119,143,Los Angeles Dodgers,Philadelphia Phillies
2016,2016-08-09,448555,2016-08-09 19:10:00+00:00,R,N,1,115,140,Colorado Rockies,Texas Rangers
2016,2016-08-09,448546,2016-08-09 23:05:00+00:00,R,N,1,120,114,Washington Nationals,Cleveland Indians
2016,2016-08-09,448552,2016-08-09 23:05:00+00:00,R,N,1,134,135,Pittsburgh Pirates,San Diego Padres
2016,2016-08-09,448554,2016-08-09 23:07:00+00:00,R,N,1,141,139,Toronto Blue Jays,Tampa Bay Rays
2016,2016-08-09,448541,2016-08-09 23:10:00+00:00,R,N,1,121,109,New York Mets,Arizona Diamondbacks
2016,2016-08-09,448569,2016-08-09 23:10:00+00:00,R,N,1,146,137,Miami Marlins,San Francisco Giants
2016,2016-08-09,448550,2016-08-09 23:10:00+00:00,R,N,1,111,147,Boston Red Sox,New York Yankees
2016,2016-08-09,448549,2016-08-10 00:05:00+00:00,R,N,1,112,108,Chicago Cubs,Los Angeles Angels
2016,2016-08-09,448548,2016-08-10 00:10:00+00:00,R,N,1,142,117,Minnesota Twins,Houston Astros
2016,2016-08-09,448542,2016-08-10 00:10:00+00:00,R,N,1,158,144,Milwaukee Brewers,Atlanta Braves
2016,2016-08-09,448545,2016-08-10 00:15:00+00:00,R,N,1,138,113,St. Louis Cardinals,Cincinnati Reds
2016,2016-08-09,448544,2016-08-10 00:15:00+00:00,R,N,1,118,145,Kansas City Royals,Chicago White Sox
2016,2016-08-09,448543,2016-08-10 02:05:00+00:00,R,N,1,133,110,Oakland Athletics,Baltimore Orioles
2016,2016-08-09,448547,2016-08-10 02:10:00+00:00,R,N,1,136,116,Seattle Mariners,Detroit Tigers
2016,2016-08-09,448551,2016-08-10 02:10:00+00:00,R,N,1,119,143,Los Angeles Dodgers,Philadelphia Phillies
2016,2016-08-10,448580,2016-08-10 16:10:00+00:00,R,N,1,146,137,Miami Marlins,San Francisco Giants
2016,2016-08-10,448567,2016-08-10 19:10:00+00:00,R,N,1,119,143,Los Angeles Dodgers,Philadelphia Phillies
2016,2016-08-10,448561,2016-08-10 20:05:00+00:00,R,N,1,120,114,Washington Nationals,Cleveland Indians
2016,2016-08-10,448568,2016-08-10 23:05:00+00:00,R,N,1,134,135,Pittsburgh Pirates,San Diego Padres
2016,2016-08-10,448570,2016-08-10 23:07:00+00:00,R,N,1,141,139,Toronto Blue Jays,Tampa Bay Rays
2016,2016-08-10,448556,2016-08-10 23:10:00+00:00,R,N,1,121,109,New York Mets,Arizona Diamondbacks
2016,2016-08-10,448566,2016-08-10 23:10:00+00:00,R,N,1,111,147,Boston Red Sox,New York Yankees
2016,2016-08-10,448560,2016-08-10 23:15:00+00:00,R,N,1,138,113,St. Louis Cardinals,Cincinnati Reds
2016,2016-08-10,448565,2016-08-11 00:05:00+00:00,R,N,1,112,108,Chicago Cubs,Los Angeles Angels
2016,2016-08-10,448562,2016-08-11 00:05:00+00:00,R,N,1,140,115,Texas Rangers,Colorado Rockies
2016,2016-08-10,448557,2016-08-11 00:10:00+00:00,R,N,1,158,144,Milwaukee Brewers,Atlanta Braves
2016,2016-08-10,448559,2016-08-11 00:15:00+00:00,R,N,1,118,145,Kansas City Royals,Chicago White Sox
2016,2016-08-10,448558,2016-08-11 02:05:00+00:00,R,N,1,133,110,Oakland Athletics,Baltimore Orioles
2016,2016-08-10,448563,2016-08-11 02:10:00+00:00,R,N,1,136,116,Seattle Mariners,Detroit Tigers
2016,2016-08-11,448564,2016-08-11 00:10:00+00:00,R,N,1,142,117,Minnesota Twins,Houston Astros
2016,2016-08-11,448571,2016-08-11 16:10:00+00:00,R,N,1,121,109,New York Mets,Arizona Diamondbacks
2016,2016-08-11,448579,2016-08-11 16:35:00+00:00,R,N,1,134,135,Pittsburgh Pirates,San Diego Padres
2016,2016-08-11,448576,2016-08-11 17:10:00+00:00,R,S,1,142,117,Minnesota Twins,Houston Astros
2016,2016-08-11,448564,2016-08-11 23:10:00+00:00,R,S,2,142,117,Minnesota Twins,Houston Astros
2016,2016-08-11,448575,2016-08-11 18:05:00+00:00,R,N,1,140,115,Texas Rangers,Colorado Rockies
2016,2016-08-11,448572,2016-08-11 18:10:00+00:00,R,N,1,158,144,Milwaukee Brewers,Atlanta Braves
2016,2016-08-11,448573,2016-08-11 19:35:00+00:00,R,N,1,133,110,Oakland Athletics,Baltimore Orioles
2016,2016-08-11,448577,2016-08-11 23:10:00+00:00,R,N,1,114,108,Cleveland Indians,Los Angeles Angels
2016,2016-08-11,448578,2016-08-11 23:10:00+00:00,R,N,1,111,147,Boston Red Sox,New York Yankees
2016,2016-08-11,448581,2016-08-12 00:05:00+00:00,R,N,1,112,138,Chicago Cubs,St. Louis Cardinals
2016,2016-08-11,448574,2016-08-12 00:15:00+00:00,R,N,1,118,145,Kansas City Royals,Chicago White Sox
2016,2016-08-12,448595,2016-08-12 18:20:00+00:00,R,N,1,112,138,Chicago Cubs,St. Louis Cardinals
2016,2016-08-12,448587,2016-08-12 23:05:00+00:00,R,N,1,143,115,Philadelphia Phillies,Colorado Rockies
2016,2016-08-12,448583,2016-08-12 23:05:00+00:00,R,N,1,120,144,Washington Nationals,Atlanta Braves
2016,2016-08-12,448596,2016-08-12 23:05:00+00:00,R,N,1,147,139,New York Yankees,Tampa Bay Rays
2016,2016-08-12,448589,2016-08-12 23:07:00+00:00,R,N,1,141,117,Toronto Blue Jays,Houston Astros
2016,2016-08-12,448582,2016-08-12 23:10:00+00:00,R,N,1,111,109,Boston Red Sox,Arizona Diamondbacks
2016,2016-08-12,448591,2016-08-12 23:10:00+00:00,R,N,1,114,108,Cleveland Indians,Los Angeles Angels
2016,2016-08-12,448593,2016-08-12 23:10:00+00:00,R,N,1,121,135,New York Mets,San Diego Padres
2016,2016-08-12,448585,2016-08-12 23:10:00+00:00,R,N,1,146,145,Miami Marlins,Chicago White Sox
2016,2016-08-12,448588,2016-08-13 00:05:00+00:00,R,N,1,140,116,Texas Rangers,Detroit Tigers
2016,2016-08-12,448590,2016-08-13 00:10:00+00:00,R,N,1,142,118,Minnesota Twins,Kansas City Royals
2016,2016-08-12,448586,2016-08-13 00:10:00+00:00,R,N,1,158,113,Milwaukee Brewers,Cincinnati Reds
2016,2016-08-12,448594,2016-08-13 02:05:00+00:00,R,N,1,133,136,Oakland Athletics,Seattle Mariners
2016,2016-08-12,448592,2016-08-13 02:10:00+00:00,R,N,1,119,134,Los Angeles Dodgers,Pittsburgh Pirates
2016,2016-08-12,448584,2016-08-13 02:15:00+00:00,R,N,1,137,110,San Francisco Giants,Baltimore Orioles
2016,2016-08-13,448611,2016-08-13 17:05:00+00:00,R,N,1,147,139,New York Yankees,Tampa Bay Rays
2016,2016-08-13,448604,2016-08-13 17:07:00+00:00,R,N,1,141,117,Toronto Blue Jays,Houston Astros
2016,2016-08-13,448610,2016-08-13 18:20:00+00:00,R,N,1,112,138,Chicago Cubs,St. Louis Cardinals
2016,2016-08-13,448607,2016-08-13 20:05:00+00:00,R,N,1,119,134,Los Angeles Dodgers,Pittsburgh Pirates
2016,2016-08-13,448602,2016-08-13 23:05:00+00:00,R,N,1,143,115,Philadelphia Phillies,Colorado Rockies
2016,2016-08-13,448598,2016-08-13 23:05:00+00:00,R,N,1,120,144,Washington Nationals,Atlanta Braves
2016,2016-08-13,448597,2016-08-13 23:10:00+00:00,R,N,1,111,109,Boston Red Sox,Arizona Diamondbacks
2016,2016-08-13,448606,2016-08-13 23:10:00+00:00,R,N,1,114,108,Cleveland Indians,Los Angeles Angels
2016,2016-08-13,448608,2016-08-13 23:10:00+00:00,R,N,1,121,135,New York Mets,San Diego Padres
2016,2016-08-13,448605,2016-08-13 23:10:00+00:00,R,N,1,142,118,Minnesota Twins,Kansas City Royals
2016,2016-08-13,448600,2016-08-13 23:10:00+00:00,R,N,1,146,145,Miami Marlins,Chicago White Sox
2016,2016-08-13,448601,2016-08-13 23:10:00+00:00,R,N,1,158,113,Milwaukee Brewers,Cincinnati Reds
2016,2016-08-13,448603,2016-08-14 00:05:00+00:00,R,N,1,140,116,Texas Rangers,Detroit Tigers
2016,2016-08-13,448609,2016-08-14 01:05:00+00:00,R,N,1,133,136,Oakland Athletics,Seattle Mariners
2016,2016-08-13,448599,2016-08-14 01:05:00+00:00,R,N,1,137,110,San Francisco Giants,Baltimore Orioles
2016,2016-08-14,448626,2016-08-14 17:05:00+00:00,R,N,1,147,139,New York Yankees,Tampa Bay Rays
2016,2016-08-14,448619,2016-08-14 17:07:00+00:00,R,N,1,141,117,Toronto Blue Jays,Houston Astros
2016,2016-08-14,448621,2016-08-14 17:10:00+00:00,R,N,1,114,108,Cleveland Indians,Los Angeles Angels
2016,2016-08-14,448623,2016-08-14 17:10:00+00:00,R,N,1,121,135,New York Mets,San Diego Padres
2016,2016-08-14,448615,2016-08-14 17:10:00+00:00,R,N,1,146,145,Miami Marlins,Chicago White Sox
2016,2016-08-14,448612,2016-08-14 17:35:00+00:00,R,N,1,111,109,Boston Red Sox,Arizona Diamondbacks
2016,2016-08-14,448617,2016-08-14 17:35:00+00:00,R,N,1,143,115,Philadelphia Phillies,Colorado Rockies
2016,2016-08-14,448613,2016-08-14 17:35:00+00:00,R,N,1,120,144,Washington Nationals,Atlanta Braves
2016,2016-08-14,448620,2016-08-14 18:10:00+00:00,R,N,1,142,118,Minnesota Twins,Kansas City Royals
2016,2016-08-14,448616,2016-08-14 18:10:00+00:00,R,N,1,158,113,Milwaukee Brewers,Cincinnati Reds
2016,2016-08-14,448618,2016-08-14 19:05:00+00:00,R,N,1,140,116,Texas Rangers,Detroit Tigers
2016,2016-08-14,448624,2016-08-14 20:05:00+00:00,R,N,1,133,136,Oakland Athletics,Seattle Mariners
2016,2016-08-14,448614,2016-08-14 20:05:00+00:00,R,N,1,137,110,San Francisco Giants,Baltimore Orioles
2016,2016-08-14,448622,2016-08-14 20:10:00+00:00,R,N,1,119,134,Los Angeles Dodgers,Pittsburgh Pirates
2016,2016-08-14,448625,2016-08-15 00:08:00+00:00,R,N,1,112,138,Chicago Cubs,St. Louis Cardinals
2016,2016-08-15,446903,2016-08-15 17:10:00+00:00,R,N,1,114,111,Cleveland Indians,Boston Red Sox
2016,2016-08-15,448633,2016-08-15 23:05:00+00:00,R,N,1,147,141,New York Yankees,Toronto Blue Jays
2016,2016-08-15,448627,2016-08-15 23:10:00+00:00,R,N,1,116,118,Detroit Tigers,Kansas City Royals
2016,2016-08-15,448631,2016-08-15 23:10:00+00:00,R,N,1,139,135,Tampa Bay Rays,San Diego Padres
2016,2016-08-15,448628,2016-08-15 23:10:00+00:00,R,N,1,113,146,Cincinnati Reds,Miami Marlins
2016,2016-08-15,448643,2016-08-16 00:05:00+00:00,R,N,1,140,133,Texas Rangers,Oakland Athletics
2016,2016-08-15,448634,2016-08-16 00:40:00+00:00,R,N,1,115,120,Colorado Rockies,Washington Nationals
2016,2016-08-15,448629,2016-08-16 01:40:00+00:00,R,N,1,109,121,Arizona Diamondbacks,New York Mets
2016,2016-08-15,448632,2016-08-16 02:05:00+00:00,R,N,1,108,136,Los Angeles Angels,Seattle Mariners
2016,2016-08-15,448630,2016-08-16 02:15:00+00:00,R,N,1,137,134,San Francisco Giants,Pittsburgh Pirates
2016,2016-08-16,447184,2016-08-16 17:20:00+00:00,R,S,1,112,158,Chicago Cubs,Milwaukee Brewers
2016,2016-08-16,448640,2016-08-17 00:05:00+00:00,R,S,2,112,158,Chicago Cubs,Milwaukee Brewers
2016,2016-08-16,448635,2016-08-16 23:05:00+00:00,R,N,1,110,111,Baltimore Orioles,Boston Red Sox
2016,2016-08-16,448638,2016-08-16 23:05:00+00:00,R,N,1,143,119,Philadelphia Phillies,Los Angeles Dodgers
2016,2016-08-16,448648,2016-08-16 23:05:00+00:00,R,N,1,147,141,New York Yankees,Toronto Blue Jays
2016,2016-08-16,448637,2016-08-16 23:10:00+00:00,R,N,1,116,118,Detroit Tigers,Kansas City Royals
2016,2016-08-16,448645,2016-08-16 23:10:00+00:00,R,N,1,139,135,Tampa Bay Rays,San Diego Padres
2016,2016-08-16,448641,2016-08-16 23:10:00+00:00,R,N,1,144,142,Atlanta Braves,Minnesota Twins
2016,2016-08-16,448636,2016-08-16 23:10:00+00:00,R,N,1,114,145,Cleveland Indians,Chicago White Sox
2016,2016-08-16,448639,2016-08-16 23:10:00+00:00,R,N,1,113,146,Cincinnati Reds,Miami Marlins
2016,2016-08-16,448658,2016-08-17 00:05:00+00:00,R,N,1,140,133,Texas Rangers,Oakland Athletics
2016,2016-08-16,448647,2016-08-17 00:10:00+00:00,R,N,1,117,138,Houston Astros,St. Louis Cardinals
2016,2016-08-16,448649,2016-08-17 00:40:00+00:00,R,N,1,115,120,Colorado Rockies,Washington Nationals
2016,2016-08-16,448642,2016-08-17 01:40:00+00:00,R,N,1,109,121,Arizona Diamondbacks,New York Mets
2016,2016-08-16,448646,2016-08-17 02:05:00+00:00,R,N,1,108,136,Los Angeles Angels,Seattle Mariners
2016,2016-08-16,448644,2016-08-17 02:15:00+00:00,R,N,1,137,134,San Francisco Giants,Pittsburgh Pirates
2016,2016-08-17,448663,2016-08-17 17:05:00+00:00,R,N,1,147,141,New York Yankees,Toronto Blue Jays
2016,2016-08-17,448660,2016-08-17 17:10:00+00:00,R,N,1,139,135,Tampa Bay Rays,San Diego Padres
2016,2016-08-17,448662,2016-08-17 18:10:00+00:00,R,N,1,117,138,Houston Astros,St. Louis Cardinals
2016,2016-08-17,448664,2016-08-17 19:10:00+00:00,R,N,1,115,120,Colorado Rockies,Washington Nationals
2016,2016-08-17,448659,2016-08-17 19:45:00+00:00,R,N,1,137,134,San Francisco Giants,Pittsburgh Pirates
2016,2016-08-17,448650,2016-08-17 23:05:00+00:00,R,N,1,110,111,Baltimore Orioles,Boston Red Sox
2016,2016-08-17,448653,2016-08-17 23:05:00+00:00,R,N,1,143,119,Philadelphia Phillies,Los Angeles Dodgers
2016,2016-08-17,448652,2016-08-17 23:10:00+00:00,R,N,1,116,118,Detroit Tigers,Kansas City Royals
2016,2016-08-17,448656,2016-08-17 23:10:00+00:00,R,N,1,144,142,Atlanta Braves,Minnesota Twins
2016,2016-08-17,448651,2016-08-17 23:10:00+00:00,R,N,1,114,145,Cleveland Indians,Chicago White Sox
2016,2016-08-17,448654,2016-08-17 23:10:00+00:00,R,N,1,113,146,Cincinnati Reds,Miami Marlins
2016,2016-08-17,448674,2016-08-18 00:05:00+00:00,R,N,1,140,133,Texas Rangers,Oakland Athletics
2016,2016-08-17,448655,2016-08-18 00:05:00+00:00,R,N,1,112,158,Chicago Cubs,Milwaukee Brewers
2016,2016-08-17,448657,2016-08-18 01:40:00+00:00,R,N,1,109,121,Arizona Diamondbacks,New York Mets
2016,2016-08-17,448661,2016-08-18 02:05:00+00:00,R,N,1,108,136,Los Angeles Angels,Seattle Mariners
2016,2016-08-18,448666,2016-08-18 17:10:00+00:00,R,N,1,116,111,Detroit Tigers,Boston Red Sox
2016,2016-08-18,448671,2016-08-18 18:20:00+00:00,R,N,1,112,158,Chicago Cubs,Milwaukee Brewers
2016,2016-08-18,448668,2016-08-18 23:05:00+00:00,R,N,1,110,117,Baltimore Orioles,Houston Astros
2016,2016-08-18,448669,2016-08-18 23:05:00+00:00,R,N,1,143,119,Philadelphia Phillies,Los Angeles Dodgers
2016,2016-08-18,448676,2016-08-18 23:10:00+00:00,R,N,1,144,120,Atlanta Braves,Washington Nationals
2016,2016-08-18,448667,2016-08-18 23:10:00+00:00,R,N,1,114,145,Cleveland Indians,Chicago White Sox
2016,2016-08-18,448670,2016-08-18 23:10:00+00:00,R,N,1,113,146,Cincinnati Reds,Miami Marlins
2016,2016-08-18,448672,2016-08-19 00:15:00+00:00,R,N,1,118,142,Kansas City Royals,Minnesota Twins
2016,2016-08-18,448675,2016-08-19 02:05:00+00:00,R,N,1,108,136,Los Angeles Angels,Seattle Mariners
2016,2016-08-18,448665,2016-08-19 02:10:00+00:00,R,N,1,135,109,San Diego Padres,Arizona Diamondbacks
2016,2016-08-18,448673,2016-08-19 02:15:00+00:00,R,N,1,137,121,San Francisco Giants,New York Mets
2016,2016-08-19,448680,2016-08-19 23:05:00+00:00,R,N,1,110,117,Baltimore Orioles,Houston Astros
2016,2016-08-19,448688,2016-08-19 23:05:00+00:00,R,N,1,143,138,Philadelphia Phillies,St. Louis Cardinals
2016,2016-08-19,448682,2016-08-19 23:05:00+00:00,R,N,1,134,146,Pittsburgh Pirates,Miami Marlins
2016,2016-08-19,448678,2016-08-19 23:10:00+00:00,R,N,1,116,111,Detroit Tigers,Boston Red Sox
2016,2016-08-19,448681,2016-08-19 23:10:00+00:00,R,N,1,113,119,Cincinnati Reds,Los Angeles Dodgers
2016,2016-08-19,448689,2016-08-19 23:10:00+00:00,R,N,1,139,140,Tampa Bay Rays,Texas Rangers
2016,2016-08-19,448690,2016-08-19 23:10:00+00:00,R,N,1,114,141,Cleveland Indians,Toronto Blue Jays
2016,2016-08-19,448691,2016-08-19 23:35:00+00:00,R,N,1,144,120,Atlanta Braves,Washington Nationals
2016,2016-08-19,448687,2016-08-20 00:10:00+00:00,R,N,1,145,133,Chicago White Sox,Oakland Athletics
2016,2016-08-19,448684,2016-08-20 00:15:00+00:00,R,N,1,118,142,Kansas City Royals,Minnesota Twins
2016,2016-08-19,448679,2016-08-20 00:40:00+00:00,R,N,1,115,112,Colorado Rockies,Chicago Cubs
2016,2016-08-19,448686,2016-08-20 02:05:00+00:00,R,N,1,108,147,Los Angeles Angels,New York Yankees
2016,2016-08-19,448683,2016-08-20 02:10:00+00:00,R,N,1,136,158,Seattle Mariners,Milwaukee Brewers
2016,2016-08-19,448685,2016-08-20 02:15:00+00:00,R,N,1,137,121,San Francisco Giants,New York Mets
2016,2016-08-19,448677,2016-08-20 02:40:00+00:00,R,N,1,135,109,San Diego Padres,Arizona Diamondbacks
2016,2016-08-20,448700,2016-08-20 20:05:00+00:00,R,N,1,137,121,San Francisco Giants,New York Mets
2016,2016-08-20,448704,2016-08-20 22:10:00+00:00,R,N,1,139,140,Tampa Bay Rays,Texas Rangers
2016,2016-08-20,448695,2016-08-20 23:05:00+00:00,R,N,1,110,117,Baltimore Orioles,Houston Astros
2016,2016-08-20,448703,2016-08-20 23:05:00+00:00,R,N,1,143,138,Philadelphia Phillies,St. Louis Cardinals
2016,2016-08-20,448697,2016-08-20 23:05:00+00:00,R,N,1,134,146,Pittsburgh Pirates,Miami Marlins
2016,2016-08-20,448693,2016-08-20 23:10:00+00:00,R,N,1,116,111,Detroit Tigers,Boston Red Sox
2016,2016-08-20,448696,2016-08-20 23:10:00+00:00,R,N,1,113,119,Cincinnati Reds,Los Angeles Dodgers
2016,2016-08-20,448705,2016-08-20 23:10:00+00:00,R,N,1,114,141,Cleveland Indians,Toronto Blue Jays
2016,2016-08-20,448706,2016-08-20 23:10:00+00:00,R,N,1,144,120,Atlanta Braves,Washington Nationals
2016,2016-08-20,448702,2016-08-20 23:10:00+00:00,R,N,1,145,133,Chicago White Sox,Oakland Athletics
2016,2016-08-20,448699,2016-08-20 23:15:00+00:00,R,N,1,118,142,Kansas City Royals,Minnesota Twins
2016,2016-08-20,448694,2016-08-21 00:10:00+00:00,R,N,1,115,112,Colorado Rockies,Chicago Cubs
2016,2016-08-20,448692,2016-08-21 00:40:00+00:00,R,N,1,135,109,San Diego Padres,Arizona Diamondbacks
2016,2016-08-20,448698,2016-08-21 01:10:00+00:00,R,N,1,136,158,Seattle Mariners,Milwaukee Brewers
2016,2016-08-20,448701,2016-08-21 01:35:00+00:00,R,N,1,108,147,Los Angeles Angels,New York Yankees
2016,2016-08-21,448708,2016-08-21 17:10:00+00:00,R,N,1,116,111,Detroit Tigers,Boston Red Sox
2016,2016-08-21,448711,2016-08-21 17:10:00+00:00,R,N,1,113,119,Cincinnati Reds,Los Angeles Dodgers
2016,2016-08-21,448719,2016-08-21 17:10:00+00:00,R,N,1,139,140,Tampa Bay Rays,Texas Rangers
2016,2016-08-21,448720,2016-08-21 17:10:00+00:00,R,N,1,114,141,Cleveland Indians,Toronto Blue Jays
2016,2016-08-21,448710,2016-08-21 17:35:00+00:00,R,N,1,110,117,Baltimore Orioles,Houston Astros
2016,2016-08-21,448718,2016-08-21 17:35:00+00:00,R,N,1,143,138,Philadelphia Phillies,St. Louis Cardinals
2016,2016-08-21,448721,2016-08-21 17:35:00+00:00,R,N,1,144,120,Atlanta Braves,Washington Nationals
2016,2016-08-21,448712,2016-08-21 17:35:00+00:00,R,N,1,134,146,Pittsburgh Pirates,Miami Marlins
2016,2016-08-21,448717,2016-08-21 18:10:00+00:00,R,N,1,145,133,Chicago White Sox,Oakland Athletics
2016,2016-08-21,448714,2016-08-21 18:15:00+00:00,R,N,1,118,142,Kansas City Royals,Minnesota Twins
2016,2016-08-21,448716,2016-08-21 19:35:00+00:00,R,N,1,108,147,Los Angeles Angels,New York Yankees
2016,2016-08-21,448709,2016-08-21 20:10:00+00:00,R,N,1,115,112,Colorado Rockies,Chicago Cubs
2016,2016-08-21,448713,2016-08-21 20:10:00+00:00,R,N,1,136,158,Seattle Mariners,Milwaukee Brewers
2016,2016-08-21,448707,2016-08-21 20:40:00+00:00,R,N,1,135,109,San Diego Padres,Arizona Diamondbacks
2016,2016-08-21,448715,2016-08-22 00:05:00+00:00,R,N,1,137,121,San Francisco Giants,New York Mets
2016,2016-08-22,448728,2016-08-22 16:35:00+00:00,R,N,1,113,119,Cincinnati Reds,Los Angeles Dodgers
2016,2016-08-22,448730,2016-08-22 23:05:00+00:00,R,N,1,110,120,Baltimore Orioles,Washington Nationals
2016,2016-08-22,448727,2016-08-22 23:05:00+00:00,R,N,1,134,117,Pittsburgh Pirates,Houston Astros
2016,2016-08-22,448723,2016-08-22 23:10:00+00:00,R,N,1,139,111,Tampa Bay Rays,Boston Red Sox
2016,2016-08-22,448726,2016-08-22 23:20:00+00:00,R,N,1,158,115,Milwaukee Brewers,Colorado Rockies
2016,2016-08-22,448722,2016-08-23 01:40:00+00:00,R,N,1,109,144,Arizona Diamondbacks,Atlanta Braves
2016,2016-08-22,448725,2016-08-23 02:05:00+00:00,R,N,1,133,114,Oakland Athletics,Cleveland Indians
2016,2016-08-22,448724,2016-08-23 02:10:00+00:00,R,N,1,135,112,San Diego Padres,Chicago Cubs
2016,2016-08-22,448729,2016-08-23 02:10:00+00:00,R,N,1,136,147,Seattle Mariners,New York Yankees
2016,2016-08-23,448745,2016-08-23 23:05:00+00:00,R,N,1,110,120,Baltimore Orioles,Washington Nationals
2016,2016-08-23,448737,2016-08-23 23:05:00+00:00,R,N,1,134,117,Pittsburgh Pirates,Houston Astros
2016,2016-08-23,448739,2016-08-23 23:07:00+00:00,R,N,1,141,108,Toronto Blue Jays,Los Angeles Angels
2016,2016-08-23,448732,2016-08-23 23:10:00+00:00,R,N,1,139,111,Tampa Bay Rays,Boston Red Sox
2016,2016-08-23,448744,2016-08-23 23:10:00+00:00,R,N,1,113,140,Cincinnati Reds,Texas Rangers
2016,2016-08-23,448738,2016-08-23 23:10:00+00:00,R,N,1,146,118,Miami Marlins,Kansas City Royals
2016,2016-08-23,448736,2016-08-24 00:10:00+00:00,R,N,1,142,116,Minnesota Twins,Detroit Tigers
2016,2016-08-23,448742,2016-08-24 00:10:00+00:00,R,N,1,145,143,Chicago White Sox,Philadelphia Phillies
2016,2016-08-23,448735,2016-08-24 00:10:00+00:00,R,N,1,158,115,Milwaukee Brewers,Colorado Rockies
2016,2016-08-23,448740,2016-08-24 00:15:00+00:00,R,N,1,138,121,St. Louis Cardinals,New York Mets
2016,2016-08-23,448731,2016-08-24 01:40:00+00:00,R,N,1,109,144,Arizona Diamondbacks,Atlanta Braves
2016,2016-08-23,448734,2016-08-24 02:05:00+00:00,R,N,1,133,114,Oakland Athletics,Cleveland Indians
2016,2016-08-23,448733,2016-08-24 02:10:00+00:00,R,N,1,135,112,San Diego Padres,Chicago Cubs
2016,2016-08-23,448743,2016-08-24 02:10:00+00:00,R,N,1,119,137,Los Angeles Dodgers,San Francisco Giants
2016,2016-08-23,448741,2016-08-24 02:10:00+00:00,R,N,1,136,147,Seattle Mariners,New York Yankees
2016,2016-08-24,448753,2016-08-24 16:35:00+00:00,R,N,1,134,117,Pittsburgh Pirates,Houston Astros
2016,2016-08-24,448751,2016-08-24 18:10:00+00:00,R,N,1,158,115,Milwaukee Brewers,Colorado Rockies
2016,2016-08-24,448750,2016-08-24 19:35:00+00:00,R,N,1,133,114,Oakland Athletics,Cleveland Indians
2016,2016-08-24,448749,2016-08-24 19:40:00+00:00,R,N,1,135,112,San Diego Padres,Chicago Cubs
2016,2016-08-24,448757,2016-08-24 19:40:00+00:00,R,N,1,136,147,Seattle Mariners,New York Yankees
2016,2016-08-24,448747,2016-08-24 23:05:00+00:00,R,N,1,120,110,Washington Nationals,Baltimore Orioles
2016,2016-08-24,448755,2016-08-24 23:07:00+00:00,R,N,1,141,108,Toronto Blue Jays,Los Angeles Angels
2016,2016-08-24,448748,2016-08-24 23:10:00+00:00,R,N,1,139,111,Tampa Bay Rays,Boston Red Sox
2016,2016-08-24,448760,2016-08-24 23:10:00+00:00,R,N,1,113,140,Cincinnati Reds,Texas Rangers
2016,2016-08-24,448754,2016-08-24 23:10:00+00:00,R,N,1,146,118,Miami Marlins,Kansas City Royals
2016,2016-08-24,448752,2016-08-25 00:10:00+00:00,R,N,1,142,116,Minnesota Twins,Detroit Tigers
2016,2016-08-24,448758,2016-08-25 00:10:00+00:00,R,N,1,145,143,Chicago White Sox,Philadelphia Phillies
2016,2016-08-24,448756,2016-08-25 00:15:00+00:00,R,N,1,138,121,St. Louis Cardinals,New York Mets
2016,2016-08-24,448746,2016-08-25 01:40:00+00:00,R,N,1,109,144,Arizona Diamondbacks,Atlanta Braves
2016,2016-08-24,448759,2016-08-25 02:10:00+00:00,R,N,1,119,137,Los Angeles Dodgers,San Francisco Giants
2016,2016-08-25,448763,2016-08-25 17:10:00+00:00,R,N,1,139,111,Tampa Bay Rays,Boston Red Sox
2016,2016-08-25,448765,2016-08-25 17:10:00+00:00,R,N,1,142,116,Minnesota Twins,Detroit Tigers
2016,2016-08-25,448762,2016-08-25 23:05:00+00:00,R,N,1,120,110,Washington Nationals,Baltimore Orioles
2016,2016-08-25,448767,2016-08-25 23:07:00+00:00,R,N,1,141,108,Toronto Blue Jays,Los Angeles Angels
2016,2016-08-25,448766,2016-08-25 23:10:00+00:00,R,N,1,146,118,Miami Marlins,Kansas City Royals
2016,2016-08-25,448768,2016-08-25 23:15:00+00:00,R,N,1,138,121,St. Louis Cardinals,New York Mets
2016,2016-08-25,448764,2016-08-26 00:05:00+00:00,R,N,1,140,114,Texas Rangers,Cleveland Indians
2016,2016-08-25,448771,2016-08-26 00:10:00+00:00,R,N,1,145,136,Chicago White Sox,Seattle Mariners
2016,2016-08-25,448769,2016-08-26 00:10:00+00:00,R,N,1,158,134,Milwaukee Brewers,Pittsburgh Pirates
2016,2016-08-25,448761,2016-08-26 01:40:00+00:00,R,N,1,109,144,Arizona Diamondbacks,Atlanta Braves
2016,2016-08-25,448770,2016-08-26 02:10:00+00:00,R,N,1,119,137,Los Angeles Dodgers,San Francisco Giants
2016,2016-08-26,448777,2016-08-26 23:05:00+00:00,R,N,1,120,115,Washington Nationals,Colorado Rockies
2016,2016-08-26,448773,2016-08-26 23:05:00+00:00,R,N,1,147,110,New York Yankees,Baltimore Orioles
2016,2016-08-26,448780,2016-08-26 23:07:00+00:00,R,N,1,141,142,Toronto Blue Jays,Minnesota Twins
2016,2016-08-26,448779,2016-08-26 23:10:00+00:00,R,N,1,116,108,Detroit Tigers,Los Angeles Angels
2016,2016-08-26,448778,2016-08-26 23:10:00+00:00,R,N,1,111,118,Boston Red Sox,Kansas City Royals
2016,2016-08-26,448782,2016-08-26 23:10:00+00:00,R,N,1,121,143,New York Mets,Philadelphia Phillies
2016,2016-08-26,448784,2016-08-26 23:10:00+00:00,R,N,1,146,135,Miami Marlins,San Diego Padres
2016,2016-08-26,448776,2016-08-27 00:05:00+00:00,R,N,1,140,114,Texas Rangers,Cleveland Indians
2016,2016-08-26,448786,2016-08-27 00:10:00+00:00,R,N,1,117,139,Houston Astros,Tampa Bay Rays
2016,2016-08-26,448785,2016-08-27 00:10:00+00:00,R,N,1,145,136,Chicago White Sox,Seattle Mariners
2016,2016-08-26,448783,2016-08-27 00:10:00+00:00,R,N,1,158,134,Milwaukee Brewers,Pittsburgh Pirates
2016,2016-08-26,448781,2016-08-27 00:15:00+00:00,R,N,1,138,133,St. Louis Cardinals,Oakland Athletics
2016,2016-08-26,448775,2016-08-27 01:40:00+00:00,R,N,1,109,113,Arizona Diamondbacks,Cincinnati Reds
2016,2016-08-26,448774,2016-08-27 02:10:00+00:00,R,N,1,119,112,Los Angeles Dodgers,Chicago Cubs
2016,2016-08-26,448772,2016-08-27 02:15:00+00:00,R,N,1,137,144,San Francisco Giants,Atlanta Braves
2016,2016-08-27,448792,2016-08-27 17:05:00+00:00,R,N,1,120,115,Washington Nationals,Colorado Rockies
2016,2016-08-27,448788,2016-08-27 17:05:00+00:00,R,N,1,147,110,New York Yankees,Baltimore Orioles
2016,2016-08-27,448795,2016-08-27 17:07:00+00:00,R,N,1,141,142,Toronto Blue Jays,Minnesota Twins
2016,2016-08-27,448789,2016-08-27 20:05:00+00:00,R,N,1,119,112,Los Angeles Dodgers,Chicago Cubs
2016,2016-08-27,448794,2016-08-27 23:10:00+00:00,R,N,1,116,108,Detroit Tigers,Los Angeles Angels
2016,2016-08-27,448793,2016-08-27 23:10:00+00:00,R,N,1,111,118,Boston Red Sox,Kansas City Royals
2016,2016-08-27,448801,2016-08-27 23:10:00+00:00,R,N,1,117,139,Houston Astros,Tampa Bay Rays
2016,2016-08-27,448797,2016-08-27 23:10:00+00:00,R,N,1,121,143,New York Mets,Philadelphia Phillies
2016,2016-08-27,448800,2016-08-27 23:10:00+00:00,R,N,1,145,136,Chicago White Sox,Seattle Mariners
2016,2016-08-27,448799,2016-08-27 23:10:00+00:00,R,N,1,146,135,Miami Marlins,San Diego Padres
2016,2016-08-27,448798,2016-08-27 23:10:00+00:00,R,N,1,158,134,Milwaukee Brewers,Pittsburgh Pirates
2016,2016-08-27,448796,2016-08-27 23:15:00+00:00,R,N,1,138,133,St. Louis Cardinals,Oakland Athletics
2016,2016-08-27,448791,2016-08-28 00:05:00+00:00,R,N,1,140,114,Texas Rangers,Cleveland Indians
2016,2016-08-27,448790,2016-08-28 00:10:00+00:00,R,N,1,109,113,Arizona Diamondbacks,Cincinnati Reds
2016,2016-08-27,448787,2016-08-28 01:05:00+00:00,R,N,1,137,144,San Francisco Giants,Atlanta Braves
2016,2016-08-28,448803,2016-08-28 17:05:00+00:00,R,N,1,147,110,New York Yankees,Baltimore Orioles
2016,2016-08-28,448810,2016-08-28 17:07:00+00:00,R,N,1,141,142,Toronto Blue Jays,Minnesota Twins
2016,2016-08-28,448809,2016-08-28 17:10:00+00:00,R,N,1,116,108,Detroit Tigers,Los Angeles Angels
2016,2016-08-28,448812,2016-08-28 17:10:00+00:00,R,N,1,121,143,New York Mets,Philadelphia Phillies
2016,2016-08-28,448814,2016-08-28 17:10:00+00:00,R,N,1,146,135,Miami Marlins,San Diego Padres
2016,2016-08-28,448807,2016-08-28 17:35:00+00:00,R,N,1,120,115,Washington Nationals,Colorado Rockies
2016,2016-08-28,448816,2016-08-28 18:10:00+00:00,R,N,1,117,139,Houston Astros,Tampa Bay Rays
2016,2016-08-28,448815,2016-08-28 18:10:00+00:00,R,N,1,145,136,Chicago White Sox,Seattle Mariners
2016,2016-08-28,448813,2016-08-28 18:10:00+00:00,R,N,1,158,134,Milwaukee Brewers,Pittsburgh Pirates
2016,2016-08-28,448811,2016-08-28 18:15:00+00:00,R,N,1,138,133,St. Louis Cardinals,Oakland Athletics
2016,2016-08-28,448806,2016-08-28 19:05:00+00:00,R,N,1,140,114,Texas Rangers,Cleveland Indians
2016,2016-08-28,448802,2016-08-28 20:05:00+00:00,R,N,1,137,144,San Francisco Giants,Atlanta Braves
2016,2016-08-28,448805,2016-08-28 20:10:00+00:00,R,N,1,109,113,Arizona Diamondbacks,Cincinnati Reds
2016,2016-08-28,448804,2016-08-28 20:10:00+00:00,R,N,1,119,112,Los Angeles Dodgers,Chicago Cubs
2016,2016-08-28,448808,2016-08-29 00:08:00+00:00,R,N,1,111,118,Boston Red Sox,Kansas City Royals
2016,2016-08-29,448828,2016-08-29 23:05:00+00:00,R,N,1,110,141,Baltimore Orioles,Toronto Blue Jays
2016,2016-08-29,448829,2016-08-29 23:05:00+00:00,R,N,1,143,120,Philadelphia Phillies,Washington Nationals
2016,2016-08-29,448827,2016-08-29 23:10:00+00:00,R,N,1,111,139,Boston Red Sox,Tampa Bay Rays
2016,2016-08-29,448821,2016-08-29 23:10:00+00:00,R,N,1,114,142,Cleveland Indians,Minnesota Twins
2016,2016-08-29,448817,2016-08-29 23:10:00+00:00,R,N,1,116,145,Detroit Tigers,Chicago White Sox
2016,2016-08-29,448820,2016-08-29 23:10:00+00:00,R,N,1,121,146,New York Mets,Miami Marlins
2016,2016-08-29,448826,2016-08-29 23:20:00+00:00,R,N,1,158,138,Milwaukee Brewers,St. Louis Cardinals
2016,2016-08-29,448824,2016-08-30 00:05:00+00:00,R,N,1,112,134,Chicago Cubs,Pittsburgh Pirates
2016,2016-08-29,448825,2016-08-30 00:05:00+00:00,R,N,1,140,136,Texas Rangers,Seattle Mariners
2016,2016-08-29,448823,2016-08-30 00:10:00+00:00,R,N,1,117,133,Houston Astros,Oakland Athletics
2016,2016-08-29,448822,2016-08-30 00:15:00+00:00,R,N,1,118,147,Kansas City Royals,New York Yankees
2016,2016-08-29,448819,2016-08-30 00:40:00+00:00,R,N,1,115,119,Colorado Rockies,Los Angeles Dodgers
2016,2016-08-29,448818,2016-08-30 02:05:00+00:00,R,N,1,108,113,Los Angeles Angels,Cincinnati Reds
2016,2016-08-30,448843,2016-08-30 23:05:00+00:00,R,N,1,110,141,Baltimore Orioles,Toronto Blue Jays
2016,2016-08-30,448844,2016-08-30 23:05:00+00:00,R,N,1,143,120,Philadelphia Phillies,Washington Nationals
2016,2016-08-30,448842,2016-08-30 23:10:00+00:00,R,N,1,111,139,Boston Red Sox,Tampa Bay Rays
2016,2016-08-30,448835,2016-08-30 23:10:00+00:00,R,N,1,114,142,Cleveland Indians,Minnesota Twins
2016,2016-08-30,448839,2016-08-30 23:10:00+00:00,R,N,1,144,135,Atlanta Braves,San Diego Padres
2016,2016-08-30,448831,2016-08-30 23:10:00+00:00,R,N,1,116,145,Detroit Tigers,Chicago White Sox
2016,2016-08-30,448834,2016-08-30 23:10:00+00:00,R,N,1,121,146,New York Mets,Miami Marlins
2016,2016-08-30,448838,2016-08-31 00:05:00+00:00,R,N,1,112,134,Chicago Cubs,Pittsburgh Pirates
2016,2016-08-30,448840,2016-08-31 00:05:00+00:00,R,N,1,140,136,Texas Rangers,Seattle Mariners
2016,2016-08-30,448837,2016-08-31 00:10:00+00:00,R,N,1,117,133,Houston Astros,Oakland Athletics
2016,2016-08-30,448841,2016-08-31 00:10:00+00:00,R,N,1,158,138,Milwaukee Brewers,St. Louis Cardinals
2016,2016-08-30,448836,2016-08-31 00:15:00+00:00,R,N,1,118,147,Kansas City Royals,New York Yankees
2016,2016-08-30,448832,2016-08-31 02:05:00+00:00,R,N,1,108,113,Los Angeles Angels,Cincinnati Reds
2016,2016-08-30,448830,2016-08-31 02:15:00+00:00,R,N,1,137,109,San Francisco Giants,Arizona Diamondbacks
2016,2016-08-31,448833,2016-08-31 00:40:00+00:00,R,N,1,115,119,Colorado Rockies,Los Angeles Dodgers
2016,2016-08-31,448846,2016-08-31 17:10:00+00:00,R,N,1,116,145,Detroit Tigers,Chicago White Sox
2016,2016-08-31,448857,2016-08-31 17:35:00+00:00,R,N,1,111,139,Boston Red Sox,Tampa Bay Rays
2016,2016-08-31,448855,2016-08-31 18:05:00+00:00,R,N,1,140,136,Texas Rangers,Seattle Mariners
2016,2016-08-31,448852,2016-08-31 18:10:00+00:00,R,N,1,117,133,Houston Astros,Oakland Athletics
2016,2016-08-31,448848,2016-08-31 19:10:00+00:00,R,S,1,115,119,Colorado Rockies,Los Angeles Dodgers
2016,2016-08-31,448833,2016-09-01 00:10:00+00:00,R,S,2,115,119,Colorado Rockies,Los Angeles Dodgers
2016,2016-08-31,448845,2016-08-31 19:45:00+00:00,R,N,1,137,109,San Francisco Giants,Arizona Diamondbacks
2016,2016-08-31,448847,2016-08-31 23:05:00+00:00,R,N,1,108,113,Los Angeles Angels,Cincinnati Reds
2016,2016-08-31,448858,2016-08-31 23:05:00+00:00,R,N,1,110,141,Baltimore Orioles,Toronto Blue Jays
2016,2016-08-31,448859,2016-08-31 23:05:00+00:00,R,N,1,143,120,Philadelphia Phillies,Washington Nationals
2016,2016-08-31,448850,2016-08-31 23:10:00+00:00,R,N,1,114,142,Cleveland Indians,Minnesota Twins
2016,2016-08-31,448854,2016-08-31 23:10:00+00:00,R,N,1,144,135,Atlanta Braves,San Diego Padres
2016,2016-08-31,448849,2016-08-31 23:10:00+00:00,R,N,1,121,146,New York Mets,Miami Marlins
2016,2016-08-31,448853,2016-09-01 00:05:00+00:00,R,N,1,112,134,Chicago Cubs,Pittsburgh Pirates
2016,2016-08-31,448856,2016-09-01 00:10:00+00:00,R,N,1,158,138,Milwaukee Brewers,St. Louis Cardinals
2016,2016-08-31,448851,2016-09-01 00:15:00+00:00,R,N,1,118,147,Kansas City Royals,New York Yankees
2016,2016-09-01,448862,2016-09-01 16:10:00+00:00,R,N,1,144,135,Atlanta Braves,San Diego Padres
2016,2016-09-01,448861,2016-09-01 23:10:00+00:00,R,N,1,121,146,New York Mets,Miami Marlins
2016,2016-09-01,448863,2016-09-02 00:05:00+00:00,R,N,1,112,137,Chicago Cubs,San Francisco Giants
2016,2016-09-01,448860,2016-09-02 00:10:00+00:00,R,N,1,142,145,Minnesota Twins,Chicago White Sox
2016,2016-09-02,448875,2016-09-02 18:20:00+00:00,R,N,1,112,137,Chicago Cubs,San Francisco Giants
2016,2016-09-02,448865,2016-09-02 23:05:00+00:00,R,N,1,143,144,Philadelphia Phillies,Atlanta Braves
2016,2016-09-02,448873,2016-09-02 23:05:00+00:00,R,N,1,110,147,Baltimore Orioles,New York Yankees
2016,2016-09-02,448872,2016-09-02 23:05:00+00:00,R,N,1,134,158,Pittsburgh Pirates,Milwaukee Brewers
2016,2016-09-02,448878,2016-09-02 23:10:00+00:00,R,N,1,121,120,New York Mets,Washington Nationals
2016,2016-09-02,448876,2016-09-02 23:10:00+00:00,R,N,1,113,138,Cincinnati Reds,St. Louis Cardinals
2016,2016-09-02,448877,2016-09-02 23:10:00+00:00,R,N,1,139,141,Tampa Bay Rays,Toronto Blue Jays
2016,2016-09-02,448871,2016-09-02 23:10:00+00:00,R,N,1,114,146,Cleveland Indians,Miami Marlins
2016,2016-09-02,448869,2016-09-03 00:05:00+00:00,R,N,1,140,117,Texas Rangers,Houston Astros
2016,2016-09-02,448867,2016-09-03 00:10:00+00:00,R,N,1,142,145,Minnesota Twins,Chicago White Sox
2016,2016-09-02,448868,2016-09-03 00:15:00+00:00,R,N,1,118,116,Kansas City Royals,Detroit Tigers
2016,2016-09-02,448864,2016-09-03 00:40:00+00:00,R,N,1,115,109,Colorado Rockies,Arizona Diamondbacks
2016,2016-09-02,448866,2016-09-03 02:05:00+00:00,R,N,1,133,111,Oakland Athletics,Boston Red Sox
2016,2016-09-02,448874,2016-09-03 02:10:00+00:00,R,N,1,119,135,Los Angeles Dodgers,San Diego Padres
2016,2016-09-02,448870,2016-09-03 02:10:00+00:00,R,N,1,136,108,Seattle Mariners,Los Angeles Angels
2016,2016-09-03,448890,2016-09-03 18:20:00+00:00,R,N,1,112,137,Chicago Cubs,San Francisco Giants
2016,2016-09-03,448884,2016-09-03 20:05:00+00:00,R,N,1,140,117,Texas Rangers,Houston Astros
2016,2016-09-03,448891,2016-09-03 20:10:00+00:00,R,N,1,113,138,Cincinnati Reds,St. Louis Cardinals
2016,2016-09-03,448892,2016-09-03 22:10:00+00:00,R,N,1,139,141,Tampa Bay Rays,Toronto Blue Jays
2016,2016-09-03,448880,2016-09-03 23:05:00+00:00,R,N,1,143,144,Philadelphia Phillies,Atlanta Braves
2016,2016-09-03,448888,2016-09-03 23:05:00+00:00,R,N,1,110,147,Baltimore Orioles,New York Yankees
2016,2016-09-03,448887,2016-09-03 23:05:00+00:00,R,N,1,134,158,Pittsburgh Pirates,Milwaukee Brewers
2016,2016-09-03,448893,2016-09-03 23:10:00+00:00,R,N,1,121,120,New York Mets,Washington Nationals
2016,2016-09-03,448882,2016-09-03 23:10:00+00:00,R,N,1,142,145,Minnesota Twins,Chicago White Sox
2016,2016-09-03,448886,2016-09-03 23:10:00+00:00,R,N,1,114,146,Cleveland Indians,Miami Marlins
2016,2016-09-03,448883,2016-09-03 23:15:00+00:00,R,N,1,118,116,Kansas City Royals,Detroit Tigers
2016,2016-09-03,448879,2016-09-04 00:10:00+00:00,R,N,1,115,109,Colorado Rockies,Arizona Diamondbacks
2016,2016-09-03,448881,2016-09-04 01:05:00+00:00,R,N,1,133,111,Oakland Athletics,Boston Red Sox
2016,2016-09-03,448889,2016-09-04 01:10:00+00:00,R,N,1,119,135,Los Angeles Dodgers,San Diego Padres
2016,2016-09-03,448885,2016-09-04 01:10:00+00:00,R,N,1,136,108,Seattle Mariners,Los Angeles Angels
2016,2016-09-04,448906,2016-09-04 17:10:00+00:00,R,N,1,113,138,Cincinnati Reds,St. Louis Cardinals
2016,2016-09-04,448907,2016-09-04 17:10:00+00:00,R,N,1,139,141,Tampa Bay Rays,Toronto Blue Jays
2016,2016-09-04,448895,2016-09-04 17:35:00+00:00,R,N,1,143,144,Philadelphia Phillies,Atlanta Braves
2016,2016-09-04,448903,2016-09-04 17:35:00+00:00,R,N,1,110,147,Baltimore Orioles,New York Yankees
2016,2016-09-04,448902,2016-09-04 17:35:00+00:00,R,N,1,134,158,Pittsburgh Pirates,Milwaukee Brewers
2016,2016-09-04,448897,2016-09-04 18:10:00+00:00,R,N,1,142,145,Minnesota Twins,Chicago White Sox
2016,2016-09-04,448898,2016-09-04 18:15:00+00:00,R,N,1,118,116,Kansas City Royals,Detroit Tigers
2016,2016-09-04,448905,2016-09-04 18:20:00+00:00,R,N,1,112,137,Chicago Cubs,San Francisco Giants
2016,2016-09-04,448899,2016-09-04 19:05:00+00:00,R,N,1,140,117,Texas Rangers,Houston Astros
2016,2016-09-04,448896,2016-09-04 20:05:00+00:00,R,N,1,133,111,Oakland Athletics,Boston Red Sox
2016,2016-09-04,448894,2016-09-04 20:10:00+00:00,R,N,1,115,109,Colorado Rockies,Arizona Diamondbacks
2016,2016-09-04,448904,2016-09-04 20:10:00+00:00,R,N,1,119,135,Los Angeles Dodgers,San Diego Padres
2016,2016-09-04,448900,2016-09-04 20:10:00+00:00,R,N,1,136,108,Seattle Mariners,Los Angeles Angels
2016,2016-09-04,448901,2016-09-04 20:10:00+00:00,R,N,1,114,146,Cleveland Indians,Miami Marlins
2016,2016-09-04,448908,2016-09-05 00:08:00+00:00,R,N,1,121,120,New York Mets,Washington Nationals
2016,2016-09-05,448923,2016-09-05 17:05:00+00:00,R,N,1,147,141,New York Yankees,Toronto Blue Jays
2016,2016-09-05,448918,2016-09-05 17:10:00+00:00,R,N,1,113,121,Cincinnati Reds,New York Mets
2016,2016-09-05,448911,2016-09-05 17:10:00+00:00,R,N,1,139,110,Tampa Bay Rays,Baltimore Orioles
2016,2016-09-05,448919,2016-09-05 17:10:00+00:00,R,N,1,146,143,Miami Marlins,Philadelphia Phillies
2016,2016-09-05,448913,2016-09-05 17:10:00+00:00,R,N,1,158,112,Milwaukee Brewers,Chicago Cubs
2016,2016-09-05,448916,2016-09-05 18:10:00+00:00,R,N,1,142,118,Minnesota Twins,Kansas City Royals
2016,2016-09-05,448917,2016-09-05 20:05:00+00:00,R,N,1,133,108,Oakland Athletics,Los Angeles Angels
2016,2016-09-05,448921,2016-09-05 20:05:00+00:00,R,N,1,134,138,Pittsburgh Pirates,St. Louis Cardinals
2016,2016-09-05,448910,2016-09-05 20:05:00+00:00,R,N,1,120,144,Washington Nationals,Atlanta Braves
2016,2016-09-05,448920,2016-09-05 20:10:00+00:00,R,N,1,115,137,Colorado Rockies,San Francisco Giants
2016,2016-09-05,448922,2016-09-05 20:10:00+00:00,R,N,1,136,140,Seattle Mariners,Texas Rangers
2016,2016-09-05,448914,2016-09-05 20:10:00+00:00,R,N,1,145,116,Chicago White Sox,Detroit Tigers
2016,2016-09-05,448912,2016-09-05 20:40:00+00:00,R,N,1,135,111,San Diego Padres,Boston Red Sox
2016,2016-09-05,448915,2016-09-05 23:10:00+00:00,R,N,1,114,117,Cleveland Indians,Houston Astros
2016,2016-09-05,448909,2016-09-06 00:10:00+00:00,R,N,1,119,109,Los Angeles Dodgers,Arizona Diamondbacks
2016,2016-09-06,448936,2016-09-06 23:05:00+00:00,R,N,1,134,138,Pittsburgh Pirates,St. Louis Cardinals
2016,2016-09-06,448925,2016-09-06 23:05:00+00:00,R,N,1,120,144,Washington Nationals,Atlanta Braves
2016,2016-09-06,448938,2016-09-06 23:05:00+00:00,R,N,1,147,141,New York Yankees,Toronto Blue Jays
2016,2016-09-06,448930,2016-09-06 23:10:00+00:00,R,N,1,114,117,Cleveland Indians,Houston Astros
2016,2016-09-06,448933,2016-09-06 23:10:00+00:00,R,N,1,113,121,Cincinnati Reds,New York Mets
2016,2016-09-06,448926,2016-09-06 23:10:00+00:00,R,N,1,139,110,Tampa Bay Rays,Baltimore Orioles
2016,2016-09-06,448934,2016-09-06 23:10:00+00:00,R,N,1,146,143,Miami Marlins,Philadelphia Phillies
2016,2016-09-06,448931,2016-09-07 00:10:00+00:00,R,N,1,142,118,Minnesota Twins,Kansas City Royals
2016,2016-09-06,448929,2016-09-07 00:10:00+00:00,R,N,1,145,116,Chicago White Sox,Detroit Tigers
2016,2016-09-06,448928,2016-09-07 00:10:00+00:00,R,N,1,158,112,Milwaukee Brewers,Chicago Cubs
2016,2016-09-06,448935,2016-09-07 00:40:00+00:00,R,N,1,115,137,Colorado Rockies,San Francisco Giants
2016,2016-09-06,448932,2016-09-07 02:05:00+00:00,R,N,1,133,108,Oakland Athletics,Los Angeles Angels
2016,2016-09-06,448924,2016-09-07 02:10:00+00:00,R,N,1,119,109,Los Angeles Dodgers,Arizona Diamondbacks
2016,2016-09-06,448927,2016-09-07 02:10:00+00:00,R,N,1,135,111,San Diego Padres,Boston Red Sox
2016,2016-09-06,448937,2016-09-07 02:10:00+00:00,R,N,1,136,140,Seattle Mariners,Texas Rangers
2016,2016-09-07,448948,2016-09-07 16:35:00+00:00,R,N,1,113,121,Cincinnati Reds,New York Mets
2016,2016-09-07,448941,2016-09-07 17:10:00+00:00,R,N,1,139,110,Tampa Bay Rays,Baltimore Orioles
2016,2016-09-07,448944,2016-09-07 18:10:00+00:00,R,N,1,145,116,Chicago White Sox,Detroit Tigers
2016,2016-09-07,448947,2016-09-07 19:35:00+00:00,R,N,1,133,108,Oakland Athletics,Los Angeles Angels
2016,2016-09-07,448951,2016-09-07 23:05:00+00:00,R,N,1,134,138,Pittsburgh Pirates,St. Louis Cardinals
2016,2016-09-07,448940,2016-09-07 23:05:00+00:00,R,N,1,120,144,Washington Nationals,Atlanta Braves
2016,2016-09-07,448953,2016-09-07 23:05:00+00:00,R,N,1,147,141,New York Yankees,Toronto Blue Jays
2016,2016-09-07,448945,2016-09-07 23:10:00+00:00,R,N,1,114,117,Cleveland Indians,Houston Astros
2016,2016-09-07,448949,2016-09-07 23:10:00+00:00,R,N,1,146,143,Miami Marlins,Philadelphia Phillies
2016,2016-09-07,448946,2016-09-08 00:10:00+00:00,R,N,1,142,118,Minnesota Twins,Kansas City Royals
2016,2016-09-07,448943,2016-09-08 00:10:00+00:00,R,N,1,158,112,Milwaukee Brewers,Chicago Cubs
2016,2016-09-07,448950,2016-09-08 00:40:00+00:00,R,N,1,115,137,Colorado Rockies,San Francisco Giants
2016,2016-09-07,448942,2016-09-08 01:10:00+00:00,R,N,1,135,111,San Diego Padres,Boston Red Sox
2016,2016-09-07,448939,2016-09-08 02:10:00+00:00,R,N,1,119,109,Los Angeles Dodgers,Arizona Diamondbacks
2016,2016-09-07,448952,2016-09-08 02:10:00+00:00,R,N,1,136,140,Seattle Mariners,Texas Rangers
2016,2016-09-08,448956,2016-09-08 16:10:00+00:00,R,N,1,114,117,Cleveland Indians,Houston Astros
2016,2016-09-08,448954,2016-09-08 23:05:00+00:00,R,N,1,134,113,Pittsburgh Pirates,Cincinnati Reds
2016,2016-09-08,448958,2016-09-08 23:05:00+00:00,R,N,1,120,143,Washington Nationals,Philadelphia Phillies
2016,2016-09-08,448959,2016-09-08 23:05:00+00:00,R,N,1,147,139,New York Yankees,Tampa Bay Rays
2016,2016-09-08,448957,2016-09-08 23:15:00+00:00,R,N,1,138,158,St. Louis Cardinals,Milwaukee Brewers
2016,2016-09-08,448955,2016-09-09 02:10:00+00:00,R,N,1,135,115,San Diego Padres,Colorado Rockies
2016,2016-09-08,448960,2016-09-09 02:10:00+00:00,R,N,1,136,140,Seattle Mariners,Texas Rangers
2016,2016-09-09,448964,2016-09-09 23:05:00+00:00,R,N,1,134,113,Pittsburgh Pirates,Cincinnati Reds
2016,2016-09-09,448971,2016-09-09 23:05:00+00:00,R,N,1,120,143,Washington Nationals,Philadelphia Phillies
2016,2016-09-09,448974,2016-09-09 23:05:00+00:00,R,N,1,147,139,New York Yankees,Tampa Bay Rays
2016,2016-09-09,448962,2016-09-09 23:07:00+00:00,R,N,1,141,111,Toronto Blue Jays,Boston Red Sox
2016,2016-09-09,448961,2016-09-09 23:10:00+00:00,R,N,1,116,110,Detroit Tigers,Baltimore Orioles
2016,2016-09-09,448968,2016-09-09 23:10:00+00:00,R,N,1,146,119,Miami Marlins,Los Angeles Dodgers
2016,2016-09-09,448970,2016-09-09 23:35:00+00:00,R,N,1,144,121,Atlanta Braves,New York Mets
2016,2016-09-09,448963,2016-09-10 00:10:00+00:00,R,N,1,117,112,Houston Astros,Chicago Cubs
2016,2016-09-09,448965,2016-09-10 00:10:00+00:00,R,N,1,142,114,Minnesota Twins,Cleveland Indians
2016,2016-09-09,448967,2016-09-10 00:10:00+00:00,R,N,1,145,118,Chicago White Sox,Kansas City Royals
2016,2016-09-09,448969,2016-09-10 00:15:00+00:00,R,N,1,138,158,St. Louis Cardinals,Milwaukee Brewers
2016,2016-09-09,448972,2016-09-10 01:40:00+00:00,R,N,1,109,137,Arizona Diamondbacks,San Francisco Giants
2016,2016-09-09,448973,2016-09-10 02:05:00+00:00,R,N,1,133,136,Oakland Athletics,Seattle Mariners
2016,2016-09-09,448975,2016-09-10 02:05:00+00:00,R,N,1,108,140,Los Angeles Angels,Texas Rangers
2016,2016-09-09,448966,2016-09-10 02:40:00+00:00,R,N,1,135,115,San Diego Padres,Colorado Rockies
2016,2016-09-10,448978,2016-09-10 17:05:00+00:00,R,N,1,117,112,Houston Astros,Chicago Cubs
2016,2016-09-10,448977,2016-09-10 17:05:00+00:00,R,N,1,141,111,Toronto Blue Jays,Boston Red Sox
2016,2016-09-10,448988,2016-09-10 20:05:00+00:00,R,N,1,133,136,Oakland Athletics,Seattle Mariners
2016,2016-09-10,448989,2016-09-10 20:05:00+00:00,R,N,1,147,139,New York Yankees,Tampa Bay Rays
2016,2016-09-10,448979,2016-09-10 23:05:00+00:00,R,N,1,134,113,Pittsburgh Pirates,Cincinnati Reds
2016,2016-09-10,448986,2016-09-10 23:05:00+00:00,R,N,1,120,143,Washington Nationals,Philadelphia Phillies
2016,2016-09-10,448976,2016-09-10 23:10:00+00:00,R,N,1,116,110,Detroit Tigers,Baltimore Orioles
2016,2016-09-10,448980,2016-09-10 23:10:00+00:00,R,N,1,142,114,Minnesota Twins,Cleveland Indians
2016,2016-09-10,448985,2016-09-10 23:10:00+00:00,R,N,1,144,121,Atlanta Braves,New York Mets
2016,2016-09-10,448982,2016-09-10 23:10:00+00:00,R,N,1,145,118,Chicago White Sox,Kansas City Royals
2016,2016-09-10,448983,2016-09-10 23:10:00+00:00,R,N,1,146,119,Miami Marlins,Los Angeles Dodgers
2016,2016-09-10,448984,2016-09-10 23:15:00+00:00,R,N,1,138,158,St. Louis Cardinals,Milwaukee Brewers
2016,2016-09-10,448987,2016-09-11 00:10:00+00:00,R,N,1,109,137,Arizona Diamondbacks,San Francisco Giants
2016,2016-09-10,448981,2016-09-11 00:40:00+00:00,R,N,1,135,115,San Diego Padres,Colorado Rockies
2016,2016-09-10,448990,2016-09-11 01:05:00+00:00,R,N,1,108,140,Los Angeles Angels,Texas Rangers
2016,2016-09-11,449004,2016-09-11 17:05:00+00:00,R,N,1,147,139,New York Yankees,Tampa Bay Rays
2016,2016-09-11,448992,2016-09-11 17:07:00+00:00,R,N,1,141,111,Toronto Blue Jays,Boston Red Sox
2016,2016-09-11,448991,2016-09-11 17:10:00+00:00,R,N,1,116,110,Detroit Tigers,Baltimore Orioles
2016,2016-09-11,448998,2016-09-11 17:10:00+00:00,R,N,1,146,119,Miami Marlins,Los Angeles Dodgers
2016,2016-09-11,448994,2016-09-11 17:35:00+00:00,R,N,1,134,113,Pittsburgh Pirates,Cincinnati Reds
2016,2016-09-11,449001,2016-09-11 17:35:00+00:00,R,N,1,120,143,Washington Nationals,Philadelphia Phillies
2016,2016-09-11,449000,2016-09-11 17:35:00+00:00,R,N,1,144,121,Atlanta Braves,New York Mets
2016,2016-09-11,448995,2016-09-11 18:10:00+00:00,R,N,1,142,114,Minnesota Twins,Cleveland Indians
2016,2016-09-11,448997,2016-09-11 18:10:00+00:00,R,N,1,145,118,Chicago White Sox,Kansas City Royals
2016,2016-09-11,448999,2016-09-11 18:15:00+00:00,R,N,1,138,158,St. Louis Cardinals,Milwaukee Brewers
2016,2016-09-11,449005,2016-09-11 19:35:00+00:00,R,N,1,108,140,Los Angeles Angels,Texas Rangers
2016,2016-09-11,449003,2016-09-11 20:05:00+00:00,R,N,1,133,136,Oakland Athletics,Seattle Mariners
2016,2016-09-11,449002,2016-09-11 20:10:00+00:00,R,N,1,109,137,Arizona Diamondbacks,San Francisco Giants
2016,2016-09-11,448996,2016-09-11 20:40:00+00:00,R,N,1,135,115,San Diego Padres,Colorado Rockies
2016,2016-09-11,448993,2016-09-12 00:05:00+00:00,R,N,1,117,112,Houston Astros,Chicago Cubs
2016,2016-09-12,449014,2016-09-12 23:05:00+00:00,R,N,1,120,121,Washington Nationals,New York Mets
2016,2016-09-12,449016,2016-09-12 23:05:00+00:00,R,N,1,143,134,Philadelphia Phillies,Pittsburgh Pirates
2016,2016-09-12,449010,2016-09-12 23:05:00+00:00,R,N,1,147,119,New York Yankees,Los Angeles Dodgers
2016,2016-09-12,449019,2016-09-12 23:07:00+00:00,R,N,1,141,139,Toronto Blue Jays,Tampa Bay Rays
2016,2016-09-12,449006,2016-09-12 23:10:00+00:00,R,N,1,111,110,Boston Red Sox,Baltimore Orioles
2016,2016-09-12,449013,2016-09-12 23:10:00+00:00,R,N,1,116,142,Detroit Tigers,Minnesota Twins
2016,2016-09-12,449011,2016-09-12 23:10:00+00:00,R,N,1,144,146,Atlanta Braves,Miami Marlins
2016,2016-09-12,449012,2016-09-12 23:10:00+00:00,R,N,1,113,158,Cincinnati Reds,Milwaukee Brewers
2016,2016-09-12,449015,2016-09-12 23:15:00+00:00,R,N,1,118,133,Kansas City Royals,Oakland Athletics
2016,2016-09-12,449020,2016-09-13 00:10:00+00:00,R,N,1,117,140,Houston Astros,Texas Rangers
2016,2016-09-12,449008,2016-09-13 00:10:00+00:00,R,N,1,145,114,Chicago White Sox,Cleveland Indians
2016,2016-09-12,449007,2016-09-13 00:15:00+00:00,R,N,1,138,112,St. Louis Cardinals,Chicago Cubs
2016,2016-09-12,449009,2016-09-13 01:40:00+00:00,R,N,1,109,115,Arizona Diamondbacks,Colorado Rockies
2016,2016-09-12,449018,2016-09-13 02:05:00+00:00,R,N,1,108,136,Los Angeles Angels,Seattle Mariners
2016,2016-09-12,449017,2016-09-13 02:15:00+00:00,R,N,1,137,135,San Francisco Giants,San Diego Padres
2016,2016-09-13,449029,2016-09-13 23:05:00+00:00,R,N,1,120,121,Washington Nationals,New York Mets
2016,2016-09-13,449031,2016-09-13 23:05:00+00:00,R,N,1,143,134,Philadelphia Phillies,Pittsburgh Pirates
2016,2016-09-13,449025,2016-09-13 23:05:00+00:00,R,N,1,147,119,New York Yankees,Los Angeles Dodgers
2016,2016-09-13,449034,2016-09-13 23:07:00+00:00,R,N,1,141,139,Toronto Blue Jays,Tampa Bay Rays
2016,2016-09-13,449021,2016-09-13 23:10:00+00:00,R,N,1,111,110,Boston Red Sox,Baltimore Orioles
2016,2016-09-13,449028,2016-09-13 23:10:00+00:00,R,N,1,116,142,Detroit Tigers,Minnesota Twins
2016,2016-09-13,449026,2016-09-13 23:10:00+00:00,R,N,1,144,146,Atlanta Braves,Miami Marlins
2016,2016-09-13,449027,2016-09-13 23:10:00+00:00,R,N,1,113,158,Cincinnati Reds,Milwaukee Brewers
2016,2016-09-13,449030,2016-09-13 23:15:00+00:00,R,N,1,118,133,Kansas City Royals,Oakland Athletics
2016,2016-09-13,449035,2016-09-14 00:10:00+00:00,R,N,1,117,140,Houston Astros,Texas Rangers
2016,2016-09-13,449023,2016-09-14 00:10:00+00:00,R,N,1,145,114,Chicago White Sox,Cleveland Indians
2016,2016-09-13,449022,2016-09-14 00:15:00+00:00,R,N,1,138,112,St. Louis Cardinals,Chicago Cubs
2016,2016-09-13,449024,2016-09-14 01:40:00+00:00,R,N,1,109,115,Arizona Diamondbacks,Colorado Rockies
2016,2016-09-13,449033,2016-09-14 02:05:00+00:00,R,N,1,108,136,Los Angeles Angels,Seattle Mariners
2016,2016-09-13,449032,2016-09-14 02:15:00+00:00,R,N,1,137,135,San Francisco Giants,San Diego Padres
2016,2016-09-14,449049,2016-09-14 16:37:00+00:00,R,N,1,141,139,Toronto Blue Jays,Tampa Bay Rays
2016,2016-09-14,449037,2016-09-14 17:45:00+00:00,R,N,1,138,112,St. Louis Cardinals,Chicago Cubs
2016,2016-09-14,449047,2016-09-14 19:45:00+00:00,R,N,1,137,135,San Francisco Giants,San Diego Padres
2016,2016-09-14,449044,2016-09-14 20:05:00+00:00,R,N,1,120,121,Washington Nationals,New York Mets
2016,2016-09-14,449040,2016-09-14 20:05:00+00:00,R,N,1,147,119,New York Yankees,Los Angeles Dodgers
2016,2016-09-14,449046,2016-09-14 23:05:00+00:00,R,N,1,143,134,Philadelphia Phillies,Pittsburgh Pirates
2016,2016-09-14,449036,2016-09-14 23:10:00+00:00,R,N,1,111,110,Boston Red Sox,Baltimore Orioles
2016,2016-09-14,449043,2016-09-14 23:10:00+00:00,R,N,1,116,142,Detroit Tigers,Minnesota Twins
2016,2016-09-14,449041,2016-09-14 23:10:00+00:00,R,N,1,144,146,Atlanta Braves,Miami Marlins
2016,2016-09-14,449042,2016-09-14 23:10:00+00:00,R,N,1,113,158,Cincinnati Reds,Milwaukee Brewers
2016,2016-09-14,449045,2016-09-14 23:15:00+00:00,R,N,1,118,133,Kansas City Royals,Oakland Athletics
2016,2016-09-14,449050,2016-09-15 00:10:00+00:00,R,N,1,117,140,Houston Astros,Texas Rangers
2016,2016-09-14,449038,2016-09-15 00:10:00+00:00,R,N,1,145,114,Chicago White Sox,Cleveland Indians
2016,2016-09-14,449039,2016-09-15 01:40:00+00:00,R,N,1,109,115,Arizona Diamondbacks,Colorado Rockies
2016,2016-09-14,449048,2016-09-15 02:05:00+00:00,R,N,1,108,136,Los Angeles Angels,Seattle Mariners
2016,2016-09-15,449054,2016-09-15 17:10:00+00:00,R,N,1,116,142,Detroit Tigers,Minnesota Twins
2016,2016-09-15,449051,2016-09-15 18:10:00+00:00,R,N,1,145,114,Chicago White Sox,Cleveland Indians
2016,2016-09-15,449059,2016-09-15 23:05:00+00:00,R,N,1,110,139,Baltimore Orioles,Tampa Bay Rays
2016,2016-09-15,449057,2016-09-15 23:05:00+00:00,R,N,1,143,134,Philadelphia Phillies,Pittsburgh Pirates
2016,2016-09-15,449055,2016-09-15 23:10:00+00:00,R,N,1,111,147,Boston Red Sox,New York Yankees
2016,2016-09-15,449056,2016-09-15 23:15:00+00:00,R,N,1,118,133,Kansas City Royals,Oakland Athletics
2016,2016-09-15,449053,2016-09-16 00:05:00+00:00,R,N,1,112,158,Chicago Cubs,Milwaukee Brewers
2016,2016-09-15,449052,2016-09-16 01:40:00+00:00,R,N,1,109,119,Arizona Diamondbacks,Los Angeles Dodgers
2016,2016-09-15,449060,2016-09-16 02:05:00+00:00,R,N,1,108,141,Los Angeles Angels,Toronto Blue Jays
2016,2016-09-15,449058,2016-09-16 02:15:00+00:00,R,N,1,137,138,San Francisco Giants,St. Louis Cardinals
2016,2016-09-16,449066,2016-09-16 18:20:00+00:00,R,N,1,112,158,Chicago Cubs,Milwaukee Brewers
2016,2016-09-16,449073,2016-09-16 23:05:00+00:00,R,N,1,110,139,Baltimore Orioles,Tampa Bay Rays
2016,2016-09-16,449065,2016-09-16 23:05:00+00:00,R,N,1,143,146,Philadelphia Phillies,Miami Marlins
2016,2016-09-16,449062,2016-09-16 23:10:00+00:00,R,N,1,114,116,Cleveland Indians,Detroit Tigers
2016,2016-09-16,449070,2016-09-16 23:10:00+00:00,R,N,1,113,134,Cincinnati Reds,Pittsburgh Pirates
2016,2016-09-16,449067,2016-09-16 23:10:00+00:00,R,N,1,121,142,New York Mets,Minnesota Twins
2016,2016-09-16,449068,2016-09-16 23:10:00+00:00,R,N,1,111,147,Boston Red Sox,New York Yankees
2016,2016-09-16,449075,2016-09-16 23:35:00+00:00,R,N,1,144,120,Atlanta Braves,Washington Nationals
2016,2016-09-16,449069,2016-09-17 00:05:00+00:00,R,N,1,140,133,Texas Rangers,Oakland Athletics
2016,2016-09-16,449061,2016-09-17 00:15:00+00:00,R,N,1,118,145,Kansas City Royals,Chicago White Sox
2016,2016-09-16,449071,2016-09-17 00:40:00+00:00,R,N,1,115,135,Colorado Rockies,San Diego Padres
2016,2016-09-16,449064,2016-09-17 01:40:00+00:00,R,N,1,109,119,Arizona Diamondbacks,Los Angeles Dodgers
2016,2016-09-16,449074,2016-09-17 02:05:00+00:00,R,N,1,108,141,Los Angeles Angels,Toronto Blue Jays
2016,2016-09-16,449063,2016-09-17 02:10:00+00:00,R,N,1,136,117,Seattle Mariners,Houston Astros
2016,2016-09-16,449072,2016-09-17 02:15:00+00:00,R,N,1,137,138,San Francisco Giants,St. Louis Cardinals
2016,2016-09-17,447363,2016-09-17 16:10:00+00:00,R,S,1,113,134,Cincinnati Reds,Pittsburgh Pirates
2016,2016-09-17,449085,2016-09-17 22:10:00+00:00,R,S,2,113,134,Cincinnati Reds,Pittsburgh Pirates
2016,2016-09-17,449090,2016-09-17 17:05:00+00:00,R,N,1,144,120,Atlanta Braves,Washington Nationals
2016,2016-09-17,449083,2016-09-17 17:05:00+00:00,R,N,1,111,147,Boston Red Sox,New York Yankees
2016,2016-09-17,449081,2016-09-17 20:05:00+00:00,R,N,1,112,158,Chicago Cubs,Milwaukee Brewers
2016,2016-09-17,449077,2016-09-17 20:10:00+00:00,R,N,1,114,116,Cleveland Indians,Detroit Tigers
2016,2016-09-17,449088,2016-09-17 23:05:00+00:00,R,N,1,110,139,Baltimore Orioles,Tampa Bay Rays
2016,2016-09-17,449080,2016-09-17 23:05:00+00:00,R,N,1,143,146,Philadelphia Phillies,Miami Marlins
2016,2016-09-17,449082,2016-09-17 23:10:00+00:00,R,N,1,121,142,New York Mets,Minnesota Twins
2016,2016-09-17,449076,2016-09-17 23:15:00+00:00,R,N,1,118,145,Kansas City Royals,Chicago White Sox
2016,2016-09-17,449084,2016-09-18 00:05:00+00:00,R,N,1,140,133,Texas Rangers,Oakland Athletics
2016,2016-09-17,449079,2016-09-18 00:10:00+00:00,R,N,1,109,119,Arizona Diamondbacks,Los Angeles Dodgers
2016,2016-09-17,449086,2016-09-18 00:10:00+00:00,R,N,1,115,135,Colorado Rockies,San Diego Padres
2016,2016-09-17,449087,2016-09-18 01:05:00+00:00,R,N,1,137,138,San Francisco Giants,St. Louis Cardinals
2016,2016-09-17,449089,2016-09-18 01:05:00+00:00,R,N,1,108,141,Los Angeles Angels,Toronto Blue Jays
2016,2016-09-17,449078,2016-09-18 01:10:00+00:00,R,N,1,136,117,Seattle Mariners,Houston Astros
2016,2016-09-18,449092,2016-09-18 17:10:00+00:00,R,N,1,114,116,Cleveland Indians,Detroit Tigers
2016,2016-09-18,449100,2016-09-18 17:10:00+00:00,R,N,1,113,134,Cincinnati Reds,Pittsburgh Pirates
2016,2016-09-18,449097,2016-09-18 17:10:00+00:00,R,N,1,121,142,New York Mets,Minnesota Twins
2016,2016-09-18,449103,2016-09-18 17:35:00+00:00,R,N,1,110,139,Baltimore Orioles,Tampa Bay Rays
2016,2016-09-18,449105,2016-09-18 17:35:00+00:00,R,N,1,144,120,Atlanta Braves,Washington Nationals
2016,2016-09-18,449095,2016-09-18 17:35:00+00:00,R,N,1,143,146,Philadelphia Phillies,Miami Marlins
2016,2016-09-18,449091,2016-09-18 18:15:00+00:00,R,N,1,118,145,Kansas City Royals,Chicago White Sox
2016,2016-09-18,449096,2016-09-18 18:20:00+00:00,R,N,1,112,158,Chicago Cubs,Milwaukee Brewers
2016,2016-09-18,449099,2016-09-18 19:05:00+00:00,R,N,1,140,133,Texas Rangers,Oakland Athletics
2016,2016-09-18,449104,2016-09-18 19:35:00+00:00,R,N,1,108,141,Los Angeles Angels,Toronto Blue Jays
2016,2016-09-18,449102,2016-09-18 20:05:00+00:00,R,N,1,137,138,San Francisco Giants,St. Louis Cardinals
2016,2016-09-18,449094,2016-09-18 20:10:00+00:00,R,N,1,109,119,Arizona Diamondbacks,Los Angeles Dodgers
2016,2016-09-18,449101,2016-09-18 20:10:00+00:00,R,N,1,115,135,Colorado Rockies,San Diego Padres
2016,2016-09-18,449093,2016-09-18 20:10:00+00:00,R,N,1,136,117,Seattle Mariners,Houston Astros
2016,2016-09-18,449098,2016-09-19 00:08:00+00:00,R,N,1,111,147,Boston Red Sox,New York Yankees
2016,2016-09-19,447572,2016-09-19 18:15:00+00:00,R,N,1,118,145,Kansas City Royals,Chicago White Sox
2016,2016-09-19,449108,2016-09-19 23:05:00+00:00,R,N,1,110,111,Baltimore Orioles,Boston Red Sox
2016,2016-09-19,449107,2016-09-19 23:10:00+00:00,R,N,1,121,144,New York Mets,Atlanta Braves
2016,2016-09-19,449115,2016-09-19 23:10:00+00:00,R,N,1,146,120,Miami Marlins,Washington Nationals
2016,2016-09-19,449109,2016-09-20 00:05:00+00:00,R,N,1,112,113,Chicago Cubs,Cincinnati Reds
2016,2016-09-19,449111,2016-09-20 00:05:00+00:00,R,N,1,140,108,Texas Rangers,Los Angeles Angels
2016,2016-09-19,449113,2016-09-20 00:40:00+00:00,R,N,1,115,138,Colorado Rockies,St. Louis Cardinals
2016,2016-09-19,449110,2016-09-20 02:05:00+00:00,R,N,1,133,117,Oakland Athletics,Houston Astros
2016,2016-09-19,449106,2016-09-20 02:10:00+00:00,R,N,1,135,109,San Diego Padres,Arizona Diamondbacks
2016,2016-09-19,449112,2016-09-20 02:10:00+00:00,R,N,1,119,137,Los Angeles Dodgers,San Francisco Giants
2016,2016-09-19,449114,2016-09-20 02:10:00+00:00,R,N,1,136,141,Seattle Mariners,Toronto Blue Jays
2016,2016-09-20,449118,2016-09-20 23:05:00+00:00,R,N,1,110,111,Baltimore Orioles,Boston Red Sox
2016,2016-09-20,449119,2016-09-20 23:05:00+00:00,R,N,1,143,145,Philadelphia Phillies,Chicago White Sox
2016,2016-09-20,449123,2016-09-20 23:10:00+00:00,R,N,1,114,118,Cleveland Indians,Kansas City Royals
2016,2016-09-20,449117,2016-09-20 23:10:00+00:00,R,N,1,121,144,New York Mets,Atlanta Braves
2016,2016-09-20,449130,2016-09-20 23:10:00+00:00,R,N,1,146,120,Miami Marlins,Washington Nationals
2016,2016-09-20,449125,2016-09-20 23:10:00+00:00,R,N,1,139,147,Tampa Bay Rays,New York Yankees
2016,2016-09-20,449120,2016-09-21 00:05:00+00:00,R,N,1,112,113,Chicago Cubs,Cincinnati Reds
2016,2016-09-20,449124,2016-09-21 00:05:00+00:00,R,N,1,140,108,Texas Rangers,Los Angeles Angels
2016,2016-09-20,449121,2016-09-21 00:10:00+00:00,R,N,1,142,116,Minnesota Twins,Detroit Tigers
2016,2016-09-20,449126,2016-09-21 00:10:00+00:00,R,N,1,158,134,Milwaukee Brewers,Pittsburgh Pirates
2016,2016-09-20,449128,2016-09-21 00:40:00+00:00,R,N,1,115,138,Colorado Rockies,St. Louis Cardinals
2016,2016-09-20,449122,2016-09-21 02:05:00+00:00,R,N,1,133,117,Oakland Athletics,Houston Astros
2016,2016-09-20,449116,2016-09-21 02:10:00+00:00,R,N,1,135,109,San Diego Padres,Arizona Diamondbacks
2016,2016-09-20,449127,2016-09-21 02:10:00+00:00,R,N,1,119,137,Los Angeles Dodgers,San Francisco Giants
2016,2016-09-20,449129,2016-09-21 02:10:00+00:00,R,N,1,136,141,Seattle Mariners,Toronto Blue Jays
2016,2016-09-21,449143,2016-09-21 19:10:00+00:00,R,N,1,115,138,Colorado Rockies,St. Louis Cardinals
2016,2016-09-21,449137,2016-09-21 19:35:00+00:00,R,N,1,133,117,Oakland Athletics,Houston Astros
2016,2016-09-21,449144,2016-09-21 19:40:00+00:00,R,N,1,136,141,Seattle Mariners,Toronto Blue Jays
2016,2016-09-21,449133,2016-09-21 23:05:00+00:00,R,N,1,110,111,Baltimore Orioles,Boston Red Sox
2016,2016-09-21,449134,2016-09-21 23:05:00+00:00,R,N,1,143,145,Philadelphia Phillies,Chicago White Sox
2016,2016-09-21,449138,2016-09-21 23:10:00+00:00,R,N,1,114,118,Cleveland Indians,Kansas City Royals
2016,2016-09-21,449132,2016-09-21 23:10:00+00:00,R,N,1,121,144,New York Mets,Atlanta Braves
2016,2016-09-21,449145,2016-09-21 23:10:00+00:00,R,N,1,146,120,Miami Marlins,Washington Nationals
2016,2016-09-21,449140,2016-09-21 23:10:00+00:00,R,N,1,139,147,Tampa Bay Rays,New York Yankees
2016,2016-09-21,449135,2016-09-22 00:05:00+00:00,R,N,1,112,113,Chicago Cubs,Cincinnati Reds
2016,2016-09-21,449139,2016-09-22 00:05:00+00:00,R,N,1,140,108,Texas Rangers,Los Angeles Angels
2016,2016-09-21,449141,2016-09-22 00:10:00+00:00,R,N,1,158,134,Milwaukee Brewers,Pittsburgh Pirates
2016,2016-09-21,449131,2016-09-22 01:10:00+00:00,R,N,1,135,109,San Diego Padres,Arizona Diamondbacks
2016,2016-09-21,449142,2016-09-22 02:10:00+00:00,R,N,1,119,137,Los Angeles Dodgers,San Francisco Giants
2016,2016-09-22,449136,2016-09-22 00:10:00+00:00,R,N,1,142,116,Minnesota Twins,Detroit Tigers
2016,2016-09-22,449136,2016-09-22 18:10:00+00:00,R,S,1,142,116,Minnesota Twins,Detroit Tigers
2016,2016-09-22,449149,2016-09-23 00:10:00+00:00,R,Y,2,142,116,Minnesota Twins,Detroit Tigers
2016,2016-09-22,449147,2016-09-22 23:05:00+00:00,R,N,1,110,111,Baltimore Orioles,Boston Red Sox
2016,2016-09-22,449150,2016-09-22 23:10:00+00:00,R,N,1,114,118,Cleveland Indians,Kansas City Royals
2016,2016-09-22,449153,2016-09-22 23:10:00+00:00,R,N,1,121,143,New York Mets,Philadelphia Phillies
2016,2016-09-22,449146,2016-09-22 23:10:00+00:00,R,N,1,146,144,Miami Marlins,Atlanta Braves
2016,2016-09-22,449152,2016-09-22 23:10:00+00:00,R,N,1,139,147,Tampa Bay Rays,New York Yankees
2016,2016-09-22,449151,2016-09-23 00:10:00+00:00,R,N,1,117,108,Houston Astros,Los Angeles Angels
2016,2016-09-22,449154,2016-09-23 00:10:00+00:00,R,N,1,158,134,Milwaukee Brewers,Pittsburgh Pirates
2016,2016-09-22,449148,2016-09-23 02:10:00+00:00,R,N,1,119,115,Los Angeles Dodgers,Colorado Rockies
2016,2016-09-22,449155,2016-09-23 02:10:00+00:00,R,N,1,135,137,San Diego Padres,San Francisco Giants
2016,2016-09-23,449168,2016-09-23 18:20:00+00:00,R,N,1,112,138,Chicago Cubs,St. Louis Cardinals
2016,2016-09-23,449156,2016-09-23 23:05:00+00:00,R,N,1,110,109,Baltimore Orioles,Arizona Diamondbacks
2016,2016-09-23,449170,2016-09-23 23:05:00+00:00,R,N,1,134,120,Pittsburgh Pirates,Washington Nationals
2016,2016-09-23,449164,2016-09-23 23:07:00+00:00,R,N,1,141,147,Toronto Blue Jays,New York Yankees
2016,2016-09-23,449162,2016-09-23 23:10:00+00:00,R,N,1,116,118,Detroit Tigers,Kansas City Royals
2016,2016-09-23,449158,2016-09-23 23:10:00+00:00,R,N,1,139,111,Tampa Bay Rays,Boston Red Sox
2016,2016-09-23,449165,2016-09-23 23:10:00+00:00,R,N,1,121,143,New York Mets,Philadelphia Phillies
2016,2016-09-23,449159,2016-09-23 23:10:00+00:00,R,N,1,114,145,Cleveland Indians,Chicago White Sox
2016,2016-09-23,449157,2016-09-23 23:10:00+00:00,R,N,1,146,144,Miami Marlins,Atlanta Braves
2016,2016-09-23,449163,2016-09-24 00:10:00+00:00,R,N,1,117,108,Houston Astros,Los Angeles Angels
2016,2016-09-23,449167,2016-09-24 00:10:00+00:00,R,N,1,142,136,Minnesota Twins,Seattle Mariners
2016,2016-09-23,449160,2016-09-24 00:10:00+00:00,R,N,1,158,113,Milwaukee Brewers,Cincinnati Reds
2016,2016-09-23,449169,2016-09-24 01:35:00+00:00,R,N,1,133,140,Oakland Athletics,Texas Rangers
2016,2016-09-23,449161,2016-09-24 02:10:00+00:00,R,N,1,119,115,Los Angeles Dodgers,Colorado Rockies
2016,2016-09-23,449166,2016-09-24 02:40:00+00:00,R,N,1,135,137,San Diego Padres,San Francisco Giants
2016,2016-09-24,449177,2016-09-24 17:05:00+00:00,R,N,1,116,118,Detroit Tigers,Kansas City Royals
2016,2016-09-24,449183,2016-09-24 17:05:00+00:00,R,N,1,112,138,Chicago Cubs,St. Louis Cardinals
2016,2016-09-24,449184,2016-09-24 20:05:00+00:00,R,N,1,133,140,Oakland Athletics,Texas Rangers
2016,2016-09-24,449179,2016-09-24 20:07:00+00:00,R,N,1,141,147,Toronto Blue Jays,New York Yankees
2016,2016-09-24,449173,2016-09-24 22:10:00+00:00,R,N,1,139,111,Tampa Bay Rays,Boston Red Sox
2016,2016-09-24,449171,2016-09-24 23:05:00+00:00,R,N,1,110,109,Baltimore Orioles,Arizona Diamondbacks
2016,2016-09-24,449185,2016-09-24 23:05:00+00:00,R,N,1,134,120,Pittsburgh Pirates,Washington Nationals
2016,2016-09-24,449178,2016-09-24 23:10:00+00:00,R,N,1,117,108,Houston Astros,Los Angeles Angels
2016,2016-09-24,449182,2016-09-24 23:10:00+00:00,R,N,1,142,136,Minnesota Twins,Seattle Mariners
2016,2016-09-24,449180,2016-09-24 23:10:00+00:00,R,N,1,121,143,New York Mets,Philadelphia Phillies
2016,2016-09-24,449174,2016-09-24 23:10:00+00:00,R,N,1,114,145,Cleveland Indians,Chicago White Sox
2016,2016-09-24,449172,2016-09-24 23:10:00+00:00,R,N,1,146,144,Miami Marlins,Atlanta Braves
2016,2016-09-24,449175,2016-09-24 23:10:00+00:00,R,N,1,158,113,Milwaukee Brewers,Cincinnati Reds
2016,2016-09-24,449181,2016-09-25 00:40:00+00:00,R,N,1,135,137,San Diego Padres,San Francisco Giants
2016,2016-09-24,449176,2016-09-25 01:10:00+00:00,R,N,1,119,115,Los Angeles Dodgers,Colorado Rockies
2016,2016-09-25,449194,2016-09-25 17:07:00+00:00,R,N,1,141,147,Toronto Blue Jays,New York Yankees
2016,2016-09-25,449192,2016-09-25 17:10:00+00:00,R,N,1,116,118,Detroit Tigers,Kansas City Royals
2016,2016-09-25,449188,2016-09-25 17:10:00+00:00,R,N,1,139,111,Tampa Bay Rays,Boston Red Sox
2016,2016-09-25,449195,2016-09-25 17:10:00+00:00,R,N,1,121,143,New York Mets,Philadelphia Phillies
2016,2016-09-25,449189,2016-09-25 17:10:00+00:00,R,N,1,114,145,Cleveland Indians,Chicago White Sox
2016,2016-09-25,449186,2016-09-25 17:35:00+00:00,R,N,1,110,109,Baltimore Orioles,Arizona Diamondbacks
2016,2016-09-25,449200,2016-09-25 17:35:00+00:00,R,N,1,134,120,Pittsburgh Pirates,Washington Nationals
2016,2016-09-25,449193,2016-09-25 18:10:00+00:00,R,N,1,117,108,Houston Astros,Los Angeles Angels
2016,2016-09-25,449197,2016-09-25 18:10:00+00:00,R,N,1,142,136,Minnesota Twins,Seattle Mariners
2016,2016-09-25,449190,2016-09-25 18:10:00+00:00,R,N,1,158,113,Milwaukee Brewers,Cincinnati Reds
2016,2016-09-25,449199,2016-09-25 20:05:00+00:00,R,N,1,133,140,Oakland Athletics,Texas Rangers
2016,2016-09-25,449191,2016-09-25 20:10:00+00:00,R,N,1,119,115,Los Angeles Dodgers,Colorado Rockies
2016,2016-09-25,449196,2016-09-25 20:40:00+00:00,R,N,1,135,137,San Diego Padres,San Francisco Giants
2016,2016-09-25,449198,2016-09-26 00:08:00+00:00,R,N,1,112,138,Chicago Cubs,St. Louis Cardinals
2016,2016-09-25,449187,2016-09-25 17:10:00+00:00,R,N,1,146,144,Miami Marlins,Atlanta Braves
2016,2016-09-26,449201,2016-09-26 23:05:00+00:00,R,N,1,120,109,Washington Nationals,Arizona Diamondbacks
2016,2016-09-26,449202,2016-09-26 23:05:00+00:00,R,N,1,134,112,Pittsburgh Pirates,Chicago Cubs
2016,2016-09-26,449207,2016-09-26 23:07:00+00:00,R,N,1,141,147,Toronto Blue Jays,New York Yankees
2016,2016-09-26,449204,2016-09-26 23:10:00+00:00,R,N,1,116,114,Detroit Tigers,Cleveland Indians
2016,2016-09-26,449206,2016-09-26 23:10:00+00:00,R,N,1,146,121,Miami Marlins,New York Mets
2016,2016-09-26,449205,2016-09-27 00:05:00+00:00,R,N,1,140,158,Texas Rangers,Milwaukee Brewers
2016,2016-09-26,449209,2016-09-27 00:10:00+00:00,R,N,1,117,136,Houston Astros,Seattle Mariners
2016,2016-09-26,449210,2016-09-27 00:10:00+00:00,R,N,1,145,139,Chicago White Sox,Tampa Bay Rays
2016,2016-09-26,449203,2016-09-27 00:15:00+00:00,R,N,1,138,113,St. Louis Cardinals,Cincinnati Reds
2016,2016-09-26,449208,2016-09-27 02:05:00+00:00,R,N,1,108,133,Los Angeles Angels,Oakland Athletics
2016,2016-09-27,449211,2016-09-27 23:05:00+00:00,R,N,1,120,109,Washington Nationals,Arizona Diamondbacks
2016,2016-09-27,449214,2016-09-27 23:05:00+00:00,R,N,1,134,112,Pittsburgh Pirates,Chicago Cubs
2016,2016-09-27,449213,2016-09-27 23:05:00+00:00,R,N,1,147,111,New York Yankees,Boston Red Sox
2016,2016-09-27,449212,2016-09-27 23:07:00+00:00,R,N,1,141,110,Toronto Blue Jays,Baltimore Orioles
2016,2016-09-27,449216,2016-09-27 23:10:00+00:00,R,N,1,116,114,Detroit Tigers,Cleveland Indians
2016,2016-09-27,449223,2016-09-27 23:10:00+00:00,R,N,1,144,143,Atlanta Braves,Philadelphia Phillies
2016,2016-09-27,449221,2016-09-27 23:10:00+00:00,R,N,1,146,121,Miami Marlins,New York Mets
2016,2016-09-27,449220,2016-09-27 23:15:00+00:00,R,N,1,118,142,Kansas City Royals,Minnesota Twins
2016,2016-09-27,449219,2016-09-28 00:05:00+00:00,R,N,1,140,158,Texas Rangers,Milwaukee Brewers
2016,2016-09-27,449224,2016-09-28 00:10:00+00:00,R,N,1,117,136,Houston Astros,Seattle Mariners
2016,2016-09-27,449225,2016-09-28 00:10:00+00:00,R,N,1,145,139,Chicago White Sox,Tampa Bay Rays
2016,2016-09-27,449215,2016-09-28 00:15:00+00:00,R,N,1,138,113,St. Louis Cardinals,Cincinnati Reds
2016,2016-09-27,449222,2016-09-28 02:05:00+00:00,R,N,1,108,133,Los Angeles Angels,Oakland Athletics
2016,2016-09-27,449218,2016-09-28 02:10:00+00:00,R,N,1,135,119,San Diego Padres,Los Angeles Dodgers
2016,2016-09-27,449217,2016-09-28 02:15:00+00:00,R,N,1,137,115,San Francisco Giants,Colorado Rockies
2016,2016-09-28,449239,2016-09-28 18:10:00+00:00,R,N,1,117,136,Houston Astros,Seattle Mariners
2016,2016-09-28,449226,2016-09-28 23:05:00+00:00,R,N,1,120,109,Washington Nationals,Arizona Diamondbacks
2016,2016-09-28,449229,2016-09-28 23:05:00+00:00,R,N,1,134,112,Pittsburgh Pirates,Chicago Cubs
2016,2016-09-28,449228,2016-09-28 23:05:00+00:00,R,N,1,147,111,New York Yankees,Boston Red Sox
2016,2016-09-28,449227,2016-09-28 23:07:00+00:00,R,N,1,141,110,Toronto Blue Jays,Baltimore Orioles
2016,2016-09-28,449231,2016-09-28 23:10:00+00:00,R,N,1,116,114,Detroit Tigers,Cleveland Indians
2016,2016-09-28,449238,2016-09-28 23:10:00+00:00,R,N,1,144,143,Atlanta Braves,Philadelphia Phillies
2016,2016-09-28,449236,2016-09-28 23:10:00+00:00,R,N,1,146,121,Miami Marlins,New York Mets
2016,2016-09-28,449235,2016-09-28 23:15:00+00:00,R,N,1,118,142,Kansas City Royals,Minnesota Twins
2016,2016-09-28,449234,2016-09-29 00:05:00+00:00,R,N,1,140,158,Texas Rangers,Milwaukee Brewers
2016,2016-09-28,449240,2016-09-29 00:10:00+00:00,R,N,1,145,139,Chicago White Sox,Tampa Bay Rays
2016,2016-09-28,449230,2016-09-29 00:15:00+00:00,R,N,1,138,113,St. Louis Cardinals,Cincinnati Reds
2016,2016-09-28,449237,2016-09-29 02:05:00+00:00,R,N,1,108,133,Los Angeles Angels,Oakland Athletics
2016,2016-09-28,449233,2016-09-29 02:10:00+00:00,R,N,1,135,119,San Diego Padres,Los Angeles Dodgers
2016,2016-09-28,449232,2016-09-29 02:15:00+00:00,R,N,1,137,115,San Francisco Giants,Colorado Rockies
2016,2016-09-29,449241,2016-09-29 17:05:00+00:00,R,N,1,120,109,Washington Nationals,Arizona Diamondbacks
2016,2016-09-29,449244,2016-09-29 23:05:00+00:00,R,N,1,134,112,Pittsburgh Pirates,Chicago Cubs
2016,2016-09-29,449243,2016-09-29 23:05:00+00:00,R,N,1,147,111,New York Yankees,Boston Red Sox
2016,2016-09-29,449242,2016-09-29 23:07:00+00:00,R,N,1,141,110,Toronto Blue Jays,Baltimore Orioles
2016,2016-09-29,449251,2016-09-29 23:10:00+00:00,R,N,1,144,143,Atlanta Braves,Philadelphia Phillies
2016,2016-09-29,449245,2016-09-29 23:15:00+00:00,R,N,1,138,113,St. Louis Cardinals,Cincinnati Reds
2016,2016-09-29,449249,2016-09-29 23:15:00+00:00,R,N,1,118,142,Kansas City Royals,Minnesota Twins
2016,2016-09-29,449252,2016-09-30 00:10:00+00:00,R,N,1,145,139,Chicago White Sox,Tampa Bay Rays
2016,2016-09-29,449248,2016-09-30 01:10:00+00:00,R,N,1,135,119,San Diego Padres,Los Angeles Dodgers
2016,2016-09-29,449250,2016-09-30 02:10:00+00:00,R,N,1,136,133,Seattle Mariners,Oakland Athletics
2016,2016-09-29,449247,2016-09-30 02:15:00+00:00,R,N,1,137,115,San Francisco Giants,Colorado Rockies
2016,2016-10-03,449246,2016-09-29 17:10:00+00:00,R,N,1,116,114,Detroit Tigers,Cleveland Indians
2016,2016-09-30,449262,2016-09-30 23:05:00+00:00,R,N,1,143,121,Philadelphia Phillies,New York Mets
2016,2016-09-30,449259,2016-09-30 23:05:00+00:00,R,N,1,120,146,Washington Nationals,Miami Marlins
2016,2016-09-30,449253,2016-09-30 23:05:00+00:00,R,N,1,147,110,New York Yankees,Baltimore Orioles
2016,2016-09-30,449254,2016-09-30 23:10:00+00:00,R,N,1,113,112,Cincinnati Reds,Chicago Cubs
2016,2016-09-30,449267,2016-09-30 23:10:00+00:00,R,N,1,111,141,Boston Red Sox,Toronto Blue Jays
2016,2016-09-30,449256,2016-09-30 23:35:00+00:00,R,N,1,144,116,Atlanta Braves,Detroit Tigers
2016,2016-09-30,449266,2016-10-01 00:05:00+00:00,R,N,1,140,139,Texas Rangers,Tampa Bay Rays
2016,2016-09-30,449261,2016-10-01 00:10:00+00:00,R,N,1,145,142,Chicago White Sox,Minnesota Twins
2016,2016-09-30,449260,2016-10-01 00:10:00+00:00,R,N,1,115,158,Colorado Rockies,Milwaukee Brewers
2016,2016-09-30,449255,2016-10-01 00:15:00+00:00,R,N,1,118,114,Kansas City Royals,Cleveland Indians
2016,2016-09-30,449264,2016-10-01 00:15:00+00:00,R,N,1,138,134,St. Louis Cardinals,Pittsburgh Pirates
2016,2016-09-30,449265,2016-10-01 01:40:00+00:00,R,N,1,109,135,Arizona Diamondbacks,San Diego Padres
2016,2016-09-30,449257,2016-10-01 02:05:00+00:00,R,N,1,108,117,Los Angeles Angels,Houston Astros
2016,2016-09-30,449263,2016-10-01 02:10:00+00:00,R,N,1,136,133,Seattle Mariners,Oakland Athletics
2016,2016-09-30,449258,2016-10-01 02:15:00+00:00,R,N,1,137,119,San Francisco Giants,Los Angeles Dodgers
2016,2016-10-01,449279,2016-10-01 17:05:00+00:00,R,N,1,138,134,St. Louis Cardinals,Pittsburgh Pirates
2016,2016-10-01,449277,2016-10-01 17:05:00+00:00,R,N,1,143,121,Philadelphia Phillies,New York Mets
2016,2016-10-01,449273,2016-10-01 20:05:00+00:00,R,N,1,137,119,San Francisco Giants,Los Angeles Dodgers
2016,2016-10-01,449274,2016-10-01 20:05:00+00:00,R,N,1,120,146,Washington Nationals,Miami Marlins
2016,2016-10-01,449268,2016-10-01 20:05:00+00:00,R,N,1,147,110,New York Yankees,Baltimore Orioles
2016,2016-10-01,449269,2016-10-01 20:10:00+00:00,R,N,1,113,112,Cincinnati Reds,Chicago Cubs
2016,2016-10-01,449270,2016-10-01 20:15:00+00:00,R,N,1,118,114,Kansas City Royals,Cleveland Indians
2016,2016-10-01,449282,2016-10-01 23:10:00+00:00,R,N,1,111,141,Boston Red Sox,Toronto Blue Jays
2016,2016-10-01,449271,2016-10-01 23:10:00+00:00,R,N,1,144,116,Atlanta Braves,Detroit Tigers
2016,2016-10-01,449276,2016-10-01 23:10:00+00:00,R,N,1,145,142,Chicago White Sox,Minnesota Twins
2016,2016-10-01,449281,2016-10-02 00:05:00+00:00,R,N,1,140,139,Texas Rangers,Tampa Bay Rays
2016,2016-10-01,449280,2016-10-02 00:10:00+00:00,R,N,1,109,135,Arizona Diamondbacks,San Diego Padres
2016,2016-10-01,449275,2016-10-02 00:10:00+00:00,R,N,1,115,158,Colorado Rockies,Milwaukee Brewers
2016,2016-10-01,449272,2016-10-02 01:05:00+00:00,R,N,1,108,117,Los Angeles Angels,Houston Astros
2016,2016-10-01,449278,2016-10-02 01:10:00+00:00,R,N,1,136,133,Seattle Mariners,Oakland Athletics
2016,2016-10-02,449287,2016-10-02 19:05:00+00:00,R,N,1,108,117,Los Angeles Angels,Houston Astros
2016,2016-10-02,449288,2016-10-02 19:05:00+00:00,R,N,1,137,119,San Francisco Giants,Los Angeles Dodgers
2016,2016-10-02,449296,2016-10-02 19:05:00+00:00,R,N,1,140,139,Texas Rangers,Tampa Bay Rays
2016,2016-10-02,449297,2016-10-02 19:05:00+00:00,R,N,1,111,141,Boston Red Sox,Toronto Blue Jays
2016,2016-10-02,449292,2016-10-02 19:05:00+00:00,R,N,1,143,121,Philadelphia Phillies,New York Mets
2016,2016-10-02,449289,2016-10-02 19:05:00+00:00,R,N,1,120,146,Washington Nationals,Miami Marlins
2016,2016-10-02,449283,2016-10-02 19:05:00+00:00,R,N,1,147,110,New York Yankees,Baltimore Orioles
2016,2016-10-02,449284,2016-10-02 19:10:00+00:00,R,N,1,113,112,Cincinnati Reds,Chicago Cubs
2016,2016-10-02,449295,2016-10-02 19:10:00+00:00,R,N,1,109,135,Arizona Diamondbacks,San Diego Padres
2016,2016-10-02,449293,2016-10-02 19:10:00+00:00,R,N,1,136,133,Seattle Mariners,Oakland Athletics
2016,2016-10-02,449286,2016-10-02 19:10:00+00:00,R,N,1,144,116,Atlanta Braves,Detroit Tigers
2016,2016-10-02,449291,2016-10-02 19:10:00+00:00,R,N,1,145,142,Chicago White Sox,Minnesota Twins
2016,2016-10-02,449290,2016-10-02 19:10:00+00:00,R,N,1,115,158,Colorado Rockies,Milwaukee Brewers
2016,2016-10-02,449285,2016-10-02 19:15:00+00:00,R,N,1,118,114,Kansas City Royals,Cleveland Indians
2016,2016-10-02,449294,2016-10-02 19:15:00+00:00,R,N,1,138,134,St. Louis Cardinals,Pittsburgh Pirates
2016,2016-10-03,449246,2016-10-03 17:10:00+00:00,R,N,1,116,114,Detroit Tigers,Cleveland Indians
