season,game_date_et,game_pk,start_utc,game_type,doubleheader,game_number,home_team_id,away_team_id,home_team,away_team
2017,2017-04-02,490106,2017-04-02 17:10:00+00:00,R,N,1,139,147,Tampa Bay Rays,New York Yankees
2017,2017-04-02,490110,2017-04-02 20:10:00+00:00,R,N,1,109,137,Arizona Diamondbacks,San Francisco Giants
2017,2017-04-02,490099,2017-04-03 00:35:00+00:00,R,N,1,138,112,St. Louis Cardinals,Chicago Cubs
2017,2017-04-03,490105,2017-04-03 17:05:00+00:00,R,N,1,120,146,Washington Nationals,Miami Marlins
2017,2017-04-03,490098,2017-04-03 17:10:00+00:00,R,N,1,121,144,New York Mets,Atlanta Braves
2017,2017-04-03,490108,2017-04-03 18:05:00+00:00,R,N,1,111,134,Boston Red Sox,Pittsburgh Pirates
2017,2017-04-03,490101,2017-04-03 18:10:00+00:00,R,N,1,158,115,Milwaukee Brewers,Colorado Rockies
2017,2017-04-03,490112,2017-04-03 19:05:00+00:00,R,N,1,110,141,Baltimore Orioles,Toronto Blue Jays
2017,2017-04-03,490109,2017-04-03 20:10:00+00:00,R,N,1,119,135,Los Angeles Dodgers,San Diego Padres
2017,2017-04-03,490103,2017-04-03 20:10:00+00:00,R,N,1,142,118,Minnesota Twins,Kansas City Royals
2017,2017-04-03,490107,2017-04-03 20:10:00+00:00,R,N,1,113,143,Cincinnati Reds,Philadelphia Phillies
2017,2017-04-03,490100,2017-04-03 23:05:00+00:00,R,N,1,140,114,Texas Rangers,Cleveland Indians
2017,2017-04-03,490111,2017-04-04 00:10:00+00:00,R,N,1,117,136,Houston Astros,Seattle Mariners
2017,2017-04-03,490104,2017-04-04 02:05:00+00:00,R,N,1,133,108,Oakland Athletics,Los Angeles Angels
2017,2017-04-04,490102,2017-04-03 20:10:00+00:00,R,N,1,145,116,Chicago White Sox,Detroit Tigers
2017,2017-04-04,490102,2017-04-04 18:10:00+00:00,R,N,1,145,116,Chicago White Sox,Detroit Tigers
2017,2017-04-04,490116,2017-04-04 23:10:00+00:00,R,N,1,139,147,Tampa Bay Rays,New York Yankees
2017,2017-04-04,490114,2017-04-04 23:40:00+00:00,R,N,1,158,115,Milwaukee Brewers,Colorado Rockies
2017,2017-04-04,490113,2017-04-05 00:05:00+00:00,R,N,1,140,114,Texas Rangers,Cleveland Indians
2017,2017-04-04,490119,2017-04-05 00:10:00+00:00,R,N,1,117,136,Houston Astros,Seattle Mariners
2017,2017-04-04,490136,2017-04-05 00:15:00+00:00,R,N,1,138,112,St. Louis Cardinals,Chicago Cubs
2017,2017-04-04,490118,2017-04-05 01:40:00+00:00,R,N,1,109,137,Arizona Diamondbacks,San Francisco Giants
2017,2017-04-04,490115,2017-04-05 02:05:00+00:00,R,N,1,133,108,Oakland Athletics,Los Angeles Angels
2017,2017-04-04,490117,2017-04-05 02:10:00+00:00,R,N,1,119,135,Los Angeles Dodgers,San Diego Padres
2017,2017-04-05,490125,2017-04-05 17:10:00+00:00,R,N,1,142,118,Minnesota Twins,Kansas City Royals
2017,2017-04-05,490134,2017-04-05 23:05:00+00:00,R,N,1,110,141,Baltimore Orioles,Toronto Blue Jays
2017,2017-04-05,490127,2017-04-05 23:05:00+00:00,R,N,1,120,146,Washington Nationals,Miami Marlins
2017,2017-04-05,490130,2017-04-05 23:10:00+00:00,R,N,1,111,134,Boston Red Sox,Pittsburgh Pirates
2017,2017-04-05,490129,2017-04-05 23:10:00+00:00,R,N,1,113,143,Cincinnati Reds,Philadelphia Phillies
2017,2017-04-05,490120,2017-04-05 23:10:00+00:00,R,N,1,121,144,New York Mets,Atlanta Braves
2017,2017-04-05,490128,2017-04-05 23:10:00+00:00,R,N,1,139,147,Tampa Bay Rays,New York Yankees
2017,2017-04-05,490122,2017-04-06 00:05:00+00:00,R,N,1,140,114,Texas Rangers,Cleveland Indians
2017,2017-04-05,490133,2017-04-06 00:10:00+00:00,R,N,1,117,136,Houston Astros,Seattle Mariners
2017,2017-04-05,490123,2017-04-06 00:10:00+00:00,R,N,1,158,115,Milwaukee Brewers,Colorado Rockies
2017,2017-04-05,490132,2017-04-06 01:40:00+00:00,R,N,1,109,137,Arizona Diamondbacks,San Francisco Giants
2017,2017-04-05,490126,2017-04-06 02:05:00+00:00,R,N,1,133,108,Oakland Athletics,Los Angeles Angels
2017,2017-04-05,490131,2017-04-06 02:10:00+00:00,R,N,1,119,135,Los Angeles Dodgers,San Diego Padres
2017,2017-04-06,490121,2017-04-05 17:45:00+00:00,R,N,1,138,112,St. Louis Cardinals,Chicago Cubs
2017,2017-05-27,490124,2017-04-05 18:10:00+00:00,R,N,1,145,116,Chicago White Sox,Detroit Tigers
2017,2017-04-06,490142,2017-04-06 16:35:00+00:00,R,N,1,113,143,Cincinnati Reds,Philadelphia Phillies
2017,2017-04-06,490139,2017-04-06 17:10:00+00:00,R,N,1,142,118,Minnesota Twins,Kansas City Royals
2017,2017-04-06,490137,2017-04-06 17:40:00+00:00,R,N,1,158,115,Milwaukee Brewers,Colorado Rockies
2017,2017-04-06,490121,2017-04-06 17:45:00+00:00,R,N,1,138,112,St. Louis Cardinals,Chicago Cubs
2017,2017-04-06,490138,2017-04-06 18:10:00+00:00,R,N,1,145,116,Chicago White Sox,Detroit Tigers
2017,2017-04-06,490144,2017-04-06 19:10:00+00:00,R,N,1,119,135,Los Angeles Dodgers,San Diego Padres
2017,2017-04-06,490140,2017-04-06 19:35:00+00:00,R,N,1,133,108,Oakland Athletics,Los Angeles Angels
2017,2017-04-06,490141,2017-04-06 20:05:00+00:00,R,N,1,120,146,Washington Nationals,Miami Marlins
2017,2017-04-06,490147,2017-04-06 23:10:00+00:00,R,N,1,139,141,Tampa Bay Rays,Toronto Blue Jays
2017,2017-04-06,490135,2017-04-06 23:10:00+00:00,R,N,1,121,144,New York Mets,Atlanta Braves
2017,2017-04-06,490146,2017-04-07 00:10:00+00:00,R,N,1,117,136,Houston Astros,Seattle Mariners
2017,2017-04-06,490145,2017-04-07 01:40:00+00:00,R,N,1,109,137,Arizona Diamondbacks,San Francisco Giants
2017,2017-04-13,490143,2017-04-06 17:35:00+00:00,R,N,1,111,134,Boston Red Sox,Pittsburgh Pirates
2017,2017-04-07,490148,2017-04-07 17:05:00+00:00,R,N,1,134,144,Pittsburgh Pirates,Atlanta Braves
2017,2017-04-07,490149,2017-04-07 17:10:00+00:00,R,N,1,116,111,Detroit Tigers,Boston Red Sox
2017,2017-04-07,490162,2017-04-07 19:05:00+00:00,R,N,1,143,120,Philadelphia Phillies,Washington Nationals
2017,2017-04-07,490154,2017-04-07 20:10:00+00:00,R,N,1,115,119,Colorado Rockies,Los Angeles Dodgers
2017,2017-04-07,490159,2017-04-07 22:40:00+00:00,R,N,1,135,137,San Diego Padres,San Francisco Giants
2017,2017-04-07,490157,2017-04-07 23:05:00+00:00,R,N,1,110,147,Baltimore Orioles,New York Yankees
2017,2017-04-07,490161,2017-04-07 23:10:00+00:00,R,N,1,139,141,Tampa Bay Rays,Toronto Blue Jays
2017,2017-04-07,490155,2017-04-07 23:10:00+00:00,R,N,1,121,146,New York Mets,Miami Marlins
2017,2017-04-07,490158,2017-04-08 00:05:00+00:00,R,N,1,140,133,Texas Rangers,Oakland Athletics
2017,2017-04-07,490153,2017-04-08 00:10:00+00:00,R,N,1,117,118,Houston Astros,Kansas City Royals
2017,2017-04-07,490156,2017-04-08 00:10:00+00:00,R,N,1,145,142,Chicago White Sox,Minnesota Twins
2017,2017-04-07,490150,2017-04-08 00:10:00+00:00,R,N,1,158,112,Milwaukee Brewers,Chicago Cubs
2017,2017-04-07,490151,2017-04-08 00:15:00+00:00,R,N,1,138,113,St. Louis Cardinals,Cincinnati Reds
2017,2017-04-07,490152,2017-04-08 01:40:00+00:00,R,N,1,109,114,Arizona Diamondbacks,Cleveland Indians
2017,2017-04-07,490160,2017-04-08 02:07:00+00:00,R,N,1,108,136,Los Angeles Angels,Seattle Mariners
2017,2017-04-08,490164,2017-04-08 17:10:00+00:00,R,N,1,116,111,Detroit Tigers,Boston Red Sox
2017,2017-04-08,490171,2017-04-08 18:10:00+00:00,R,N,1,145,142,Chicago White Sox,Minnesota Twins
2017,2017-04-08,490166,2017-04-08 18:15:00+00:00,R,N,1,138,113,St. Louis Cardinals,Cincinnati Reds
2017,2017-04-08,490172,2017-04-08 20:05:00+00:00,R,N,1,110,147,Baltimore Orioles,New York Yankees
2017,2017-04-08,490176,2017-04-08 22:10:00+00:00,R,N,1,139,141,Tampa Bay Rays,Toronto Blue Jays
2017,2017-04-08,490177,2017-04-08 23:05:00+00:00,R,N,1,143,120,Philadelphia Phillies,Washington Nationals
2017,2017-04-08,490163,2017-04-08 23:05:00+00:00,R,N,1,134,144,Pittsburgh Pirates,Atlanta Braves
2017,2017-04-08,490168,2017-04-08 23:10:00+00:00,R,N,1,117,118,Houston Astros,Kansas City Royals
2017,2017-04-08,490170,2017-04-08 23:10:00+00:00,R,N,1,121,146,New York Mets,Miami Marlins
2017,2017-04-08,490165,2017-04-08 23:10:00+00:00,R,N,1,158,112,Milwaukee Brewers,Chicago Cubs
2017,2017-04-08,490173,2017-04-09 00:05:00+00:00,R,N,1,140,133,Texas Rangers,Oakland Athletics
2017,2017-04-08,490167,2017-04-09 00:10:00+00:00,R,N,1,109,114,Arizona Diamondbacks,Cleveland Indians
2017,2017-04-08,490169,2017-04-09 00:10:00+00:00,R,N,1,115,119,Colorado Rockies,Los Angeles Dodgers
2017,2017-04-08,490174,2017-04-09 00:40:00+00:00,R,N,1,135,137,San Diego Padres,San Francisco Giants
2017,2017-04-08,490175,2017-04-09 02:07:00+00:00,R,N,1,108,136,Los Angeles Angels,Seattle Mariners
2017,2017-04-09,490179,2017-04-09 17:10:00+00:00,R,N,1,116,111,Detroit Tigers,Boston Red Sox
2017,2017-04-09,490191,2017-04-09 17:10:00+00:00,R,N,1,139,141,Tampa Bay Rays,Toronto Blue Jays
2017,2017-04-09,490192,2017-04-09 17:35:00+00:00,R,N,1,143,120,Philadelphia Phillies,Washington Nationals
2017,2017-04-09,490178,2017-04-09 17:35:00+00:00,R,N,1,134,144,Pittsburgh Pirates,Atlanta Braves
2017,2017-04-09,490187,2017-04-09 17:35:00+00:00,R,N,1,110,147,Baltimore Orioles,New York Yankees
2017,2017-04-09,490183,2017-04-09 18:10:00+00:00,R,N,1,117,118,Houston Astros,Kansas City Royals
2017,2017-04-09,490186,2017-04-09 18:10:00+00:00,R,N,1,145,142,Chicago White Sox,Minnesota Twins
2017,2017-04-09,490180,2017-04-09 18:10:00+00:00,R,N,1,158,112,Milwaukee Brewers,Chicago Cubs
2017,2017-04-09,490181,2017-04-09 18:15:00+00:00,R,N,1,138,113,St. Louis Cardinals,Cincinnati Reds
2017,2017-04-09,490188,2017-04-09 19:05:00+00:00,R,N,1,140,133,Texas Rangers,Oakland Athletics
2017,2017-04-09,490184,2017-04-09 19:10:00+00:00,R,N,1,115,119,Colorado Rockies,Los Angeles Dodgers
2017,2017-04-09,490190,2017-04-09 19:37:00+00:00,R,N,1,108,136,Los Angeles Angels,Seattle Mariners
2017,2017-04-09,490182,2017-04-09 20:10:00+00:00,R,N,1,109,114,Arizona Diamondbacks,Cleveland Indians
2017,2017-04-09,490189,2017-04-09 20:40:00+00:00,R,N,1,135,137,San Diego Padres,San Francisco Giants
2017,2017-04-09,490185,2017-04-10 00:00:00+00:00,R,N,1,121,146,New York Mets,Miami Marlins
2017,2017-04-10,490202,2017-04-10 17:05:00+00:00,R,N,1,147,139,New York Yankees,Tampa Bay Rays
2017,2017-04-10,490194,2017-04-10 17:10:00+00:00,R,N,1,116,111,Detroit Tigers,Boston Red Sox
2017,2017-04-10,490199,2017-04-10 20:15:00+00:00,R,N,1,118,133,Kansas City Royals,Oakland Athletics
2017,2017-04-10,490193,2017-04-10 20:35:00+00:00,R,N,1,137,109,San Francisco Giants,Arizona Diamondbacks
2017,2017-04-10,490196,2017-04-10 21:10:00+00:00,R,N,1,136,117,Seattle Mariners,Houston Astros
2017,2017-04-10,490195,2017-04-10 23:05:00+00:00,R,N,1,134,113,Pittsburgh Pirates,Cincinnati Reds
2017,2017-04-10,490201,2017-04-10 23:05:00+00:00,R,N,1,120,138,Washington Nationals,St. Louis Cardinals
2017,2017-04-10,490198,2017-04-10 23:05:00+00:00,R,N,1,143,121,Philadelphia Phillies,New York Mets
2017,2017-04-10,490197,2017-04-11 00:05:00+00:00,R,N,1,112,119,Chicago Cubs,Los Angeles Dodgers
2017,2017-04-10,490200,2017-04-11 00:40:00+00:00,R,N,1,115,135,Colorado Rockies,San Diego Padres
2017,2017-04-11,490210,2017-04-11 17:10:00+00:00,R,N,1,116,142,Detroit Tigers,Minnesota Twins
2017,2017-04-11,490206,2017-04-11 20:10:00+00:00,R,N,1,114,145,Cleveland Indians,Chicago White Sox
2017,2017-04-11,490207,2017-04-11 23:05:00+00:00,R,N,1,134,113,Pittsburgh Pirates,Cincinnati Reds
2017,2017-04-11,490213,2017-04-11 23:05:00+00:00,R,N,1,120,138,Washington Nationals,St. Louis Cardinals
2017,2017-04-11,490211,2017-04-11 23:05:00+00:00,R,N,1,143,121,Philadelphia Phillies,New York Mets
2017,2017-04-11,490209,2017-04-11 23:07:00+00:00,R,N,1,141,158,Toronto Blue Jays,Milwaukee Brewers
2017,2017-04-11,490205,2017-04-11 23:10:00+00:00,R,N,1,111,110,Boston Red Sox,Baltimore Orioles
2017,2017-04-11,490204,2017-04-11 23:10:00+00:00,R,N,1,146,144,Miami Marlins,Atlanta Braves
2017,2017-04-11,490212,2017-04-12 00:40:00+00:00,R,N,1,115,135,Colorado Rockies,San Diego Padres
2017,2017-04-11,490214,2017-04-12 02:07:00+00:00,R,N,1,108,140,Los Angeles Angels,Texas Rangers
2017,2017-04-11,490208,2017-04-12 02:10:00+00:00,R,N,1,136,117,Seattle Mariners,Houston Astros
2017,2017-04-11,490203,2017-04-12 02:15:00+00:00,R,N,1,137,109,San Francisco Giants,Arizona Diamondbacks
2017,2017-04-12,490228,2017-04-12 17:05:00+00:00,R,N,1,147,139,New York Yankees,Tampa Bay Rays
2017,2017-04-12,490223,2017-04-12 17:10:00+00:00,R,N,1,116,142,Detroit Tigers,Minnesota Twins
2017,2017-04-12,490226,2017-04-12 19:10:00+00:00,R,N,1,115,135,Colorado Rockies,San Diego Padres
2017,2017-04-12,490227,2017-04-12 20:05:00+00:00,R,N,1,120,138,Washington Nationals,St. Louis Cardinals
2017,2017-04-12,490218,2017-04-12 22:10:00+00:00,R,N,1,114,145,Cleveland Indians,Chicago White Sox
2017,2017-04-12,490219,2017-04-12 23:05:00+00:00,R,N,1,134,113,Pittsburgh Pirates,Cincinnati Reds
2017,2017-04-12,490224,2017-04-12 23:05:00+00:00,R,N,1,143,121,Philadelphia Phillies,New York Mets
2017,2017-04-12,490222,2017-04-12 23:07:00+00:00,R,N,1,141,158,Toronto Blue Jays,Milwaukee Brewers
2017,2017-04-12,490217,2017-04-12 23:10:00+00:00,R,N,1,111,110,Boston Red Sox,Baltimore Orioles
2017,2017-04-12,490216,2017-04-12 23:10:00+00:00,R,N,1,146,144,Miami Marlins,Atlanta Braves
2017,2017-04-12,490221,2017-04-13 00:05:00+00:00,R,N,1,112,119,Chicago Cubs,Los Angeles Dodgers
2017,2017-04-12,490225,2017-04-13 00:15:00+00:00,R,N,1,118,133,Kansas City Royals,Oakland Athletics
2017,2017-04-12,490229,2017-04-13 02:07:00+00:00,R,N,1,108,140,Los Angeles Angels,Texas Rangers
2017,2017-04-12,490220,2017-04-13 02:10:00+00:00,R,N,1,136,117,Seattle Mariners,Houston Astros
2017,2017-04-12,490215,2017-04-13 02:15:00+00:00,R,N,1,137,109,San Francisco Giants,Arizona Diamondbacks
2017,2017-04-13,490235,2017-04-13 17:10:00+00:00,R,N,1,116,142,Detroit Tigers,Minnesota Twins
2017,2017-04-13,490143,2017-04-13 18:05:00+00:00,R,N,1,111,134,Boston Red Sox,Pittsburgh Pirates
2017,2017-04-13,490233,2017-04-13 18:20:00+00:00,R,N,1,112,119,Chicago Cubs,Los Angeles Dodgers
2017,2017-04-13,490239,2017-04-13 19:37:00+00:00,R,N,1,108,140,Los Angeles Angels,Texas Rangers
2017,2017-04-13,490231,2017-04-13 22:10:00+00:00,R,N,1,114,145,Cleveland Indians,Chicago White Sox
2017,2017-04-13,490238,2017-04-13 23:05:00+00:00,R,N,1,147,139,New York Yankees,Tampa Bay Rays
2017,2017-04-13,490230,2017-04-13 23:07:00+00:00,R,N,1,141,110,Toronto Blue Jays,Baltimore Orioles
2017,2017-04-13,490236,2017-04-13 23:10:00+00:00,R,N,1,146,121,Miami Marlins,New York Mets
2017,2017-04-13,490234,2017-04-13 23:10:00+00:00,R,N,1,113,158,Cincinnati Reds,Milwaukee Brewers
2017,2017-04-13,490237,2017-04-14 00:15:00+00:00,R,N,1,118,133,Kansas City Royals,Oakland Athletics
2017,2017-04-13,490232,2017-04-14 02:15:00+00:00,R,N,1,137,115,San Francisco Giants,Colorado Rockies
2017,2017-04-14,490250,2017-04-14 18:20:00+00:00,R,N,1,112,134,Chicago Cubs,Pittsburgh Pirates
2017,2017-04-14,490249,2017-04-14 20:05:00+00:00,R,N,1,120,143,Washington Nationals,Philadelphia Phillies
2017,2017-04-14,490252,2017-04-14 23:05:00+00:00,R,N,1,147,138,New York Yankees,St. Louis Cardinals
2017,2017-04-14,490241,2017-04-14 23:07:00+00:00,R,N,1,141,110,Toronto Blue Jays,Baltimore Orioles
2017,2017-04-14,490244,2017-04-14 23:10:00+00:00,R,N,1,114,116,Cleveland Indians,Detroit Tigers
2017,2017-04-14,490253,2017-04-14 23:10:00+00:00,R,N,1,111,139,Boston Red Sox,Tampa Bay Rays
2017,2017-04-14,490248,2017-04-14 23:10:00+00:00,R,N,1,146,121,Miami Marlins,New York Mets
2017,2017-04-14,490247,2017-04-14 23:10:00+00:00,R,N,1,113,158,Cincinnati Reds,Milwaukee Brewers
2017,2017-04-14,490251,2017-04-14 23:35:00+00:00,R,N,1,144,135,Atlanta Braves,San Diego Padres
2017,2017-04-14,490242,2017-04-15 00:10:00+00:00,R,N,1,142,145,Minnesota Twins,Chicago White Sox
2017,2017-04-14,490246,2017-04-15 00:15:00+00:00,R,N,1,118,108,Kansas City Royals,Los Angeles Angels
2017,2017-04-14,490245,2017-04-15 02:05:00+00:00,R,N,1,133,117,Oakland Athletics,Houston Astros
2017,2017-04-14,490240,2017-04-15 02:10:00+00:00,R,N,1,119,109,Los Angeles Dodgers,Arizona Diamondbacks
2017,2017-04-14,490254,2017-04-15 02:10:00+00:00,R,N,1,136,140,Seattle Mariners,Texas Rangers
2017,2017-04-14,490243,2017-04-15 02:15:00+00:00,R,N,1,137,115,San Francisco Giants,Colorado Rockies
2017,2017-04-15,490264,2017-04-15 17:05:00+00:00,R,N,1,120,143,Washington Nationals,Philadelphia Phillies
2017,2017-04-15,490267,2017-04-15 17:05:00+00:00,R,N,1,147,138,New York Yankees,St. Louis Cardinals
2017,2017-04-15,490256,2017-04-15 17:07:00+00:00,R,N,1,141,110,Toronto Blue Jays,Baltimore Orioles
2017,2017-04-15,490262,2017-04-15 17:10:00+00:00,R,N,1,113,158,Cincinnati Reds,Milwaukee Brewers
2017,2017-04-15,490257,2017-04-15 18:10:00+00:00,R,N,1,142,145,Minnesota Twins,Chicago White Sox
2017,2017-04-15,490265,2017-04-15 18:20:00+00:00,R,N,1,112,134,Chicago Cubs,Pittsburgh Pirates
2017,2017-04-15,490260,2017-04-15 20:05:00+00:00,R,N,1,133,117,Oakland Athletics,Houston Astros
2017,2017-04-15,490258,2017-04-15 20:05:00+00:00,R,N,1,137,115,San Francisco Giants,Colorado Rockies
2017,2017-04-15,490268,2017-04-15 20:05:00+00:00,R,N,1,111,139,Boston Red Sox,Tampa Bay Rays
2017,2017-04-15,490259,2017-04-15 20:10:00+00:00,R,N,1,114,116,Cleveland Indians,Detroit Tigers
2017,2017-04-15,490266,2017-04-15 23:10:00+00:00,R,N,1,144,135,Atlanta Braves,San Diego Padres
2017,2017-04-15,490263,2017-04-15 23:10:00+00:00,R,N,1,146,121,Miami Marlins,New York Mets
2017,2017-04-15,490261,2017-04-15 23:15:00+00:00,R,N,1,118,108,Kansas City Royals,Los Angeles Angels
2017,2017-04-15,490255,2017-04-16 01:10:00+00:00,R,N,1,119,109,Los Angeles Dodgers,Arizona Diamondbacks
2017,2017-04-15,490269,2017-04-16 01:10:00+00:00,R,N,1,136,140,Seattle Mariners,Texas Rangers
2017,2017-04-16,490271,2017-04-16 17:07:00+00:00,R,N,1,141,110,Toronto Blue Jays,Baltimore Orioles
2017,2017-04-16,490274,2017-04-16 17:10:00+00:00,R,N,1,114,116,Cleveland Indians,Detroit Tigers
2017,2017-04-16,490278,2017-04-16 17:10:00+00:00,R,N,1,146,121,Miami Marlins,New York Mets
2017,2017-04-16,490277,2017-04-16 17:10:00+00:00,R,N,1,113,158,Cincinnati Reds,Milwaukee Brewers
2017,2017-04-16,490283,2017-04-16 17:35:00+00:00,R,N,1,111,139,Boston Red Sox,Tampa Bay Rays
2017,2017-04-16,490279,2017-04-16 17:35:00+00:00,R,N,1,120,143,Washington Nationals,Philadelphia Phillies
2017,2017-04-16,490281,2017-04-16 17:35:00+00:00,R,N,1,144,135,Atlanta Braves,San Diego Padres
2017,2017-04-16,490276,2017-04-16 18:15:00+00:00,R,N,1,118,108,Kansas City Royals,Los Angeles Angels
2017,2017-04-16,490280,2017-04-16 18:20:00+00:00,R,N,1,112,134,Chicago Cubs,Pittsburgh Pirates
2017,2017-04-16,490273,2017-04-16 20:05:00+00:00,R,N,1,137,115,San Francisco Giants,Colorado Rockies
2017,2017-04-16,490270,2017-04-16 20:10:00+00:00,R,N,1,119,109,Los Angeles Dodgers,Arizona Diamondbacks
2017,2017-04-16,490284,2017-04-16 20:10:00+00:00,R,N,1,136,140,Seattle Mariners,Texas Rangers
2017,2017-04-16,490272,2017-04-16 20:10:00+00:00,R,N,1,142,145,Minnesota Twins,Chicago White Sox
2017,2017-04-16,490282,2017-04-17 00:05:00+00:00,R,N,1,147,138,New York Yankees,St. Louis Cardinals
2017,2017-09-09,490275,2017-04-16 20:05:00+00:00,R,N,1,133,117,Oakland Athletics,Houston Astros
2017,2017-04-17,490293,2017-04-17 15:05:00+00:00,R,N,1,111,139,Boston Red Sox,Tampa Bay Rays
2017,2017-04-17,490291,2017-04-17 23:05:00+00:00,R,N,1,138,134,St. Louis Cardinals,Pittsburgh Pirates
2017,2017-04-17,490286,2017-04-17 23:05:00+00:00,R,N,1,147,145,New York Yankees,Chicago White Sox
2017,2017-04-17,490292,2017-04-17 23:35:00+00:00,R,N,1,144,135,Atlanta Braves,San Diego Padres
2017,2017-04-17,490290,2017-04-18 00:05:00+00:00,R,N,1,112,158,Chicago Cubs,Milwaukee Brewers
2017,2017-04-17,490288,2017-04-18 00:10:00+00:00,R,N,1,117,108,Houston Astros,Los Angeles Angels
2017,2017-04-17,490287,2017-04-18 00:10:00+00:00,R,N,1,142,114,Minnesota Twins,Cleveland Indians
2017,2017-04-17,490294,2017-04-18 02:05:00+00:00,R,N,1,133,140,Oakland Athletics,Texas Rangers
2017,2017-04-17,490285,2017-04-18 02:10:00+00:00,R,N,1,119,109,Los Angeles Dodgers,Arizona Diamondbacks
2017,2017-04-17,490289,2017-04-18 02:10:00+00:00,R,N,1,136,146,Seattle Mariners,Miami Marlins
2017,2017-04-18,490298,2017-04-18 23:05:00+00:00,R,N,1,147,145,New York Yankees,Chicago White Sox
2017,2017-04-18,490297,2017-04-18 23:07:00+00:00,R,N,1,141,111,Toronto Blue Jays,Boston Red Sox
2017,2017-04-18,490296,2017-04-18 23:10:00+00:00,R,N,1,113,110,Cincinnati Reds,Baltimore Orioles
2017,2017-04-18,490301,2017-04-18 23:10:00+00:00,R,N,1,139,116,Tampa Bay Rays,Detroit Tigers
2017,2017-04-18,490305,2017-04-18 23:10:00+00:00,R,N,1,121,143,New York Mets,Philadelphia Phillies
2017,2017-04-18,490309,2017-04-18 23:35:00+00:00,R,N,1,144,120,Atlanta Braves,Washington Nationals
2017,2017-04-18,490304,2017-04-19 00:05:00+00:00,R,N,1,112,158,Chicago Cubs,Milwaukee Brewers
2017,2017-04-18,490302,2017-04-19 00:10:00+00:00,R,N,1,117,108,Houston Astros,Los Angeles Angels
2017,2017-04-18,490299,2017-04-19 00:10:00+00:00,R,N,1,142,114,Minnesota Twins,Cleveland Indians
2017,2017-04-18,490307,2017-04-19 00:15:00+00:00,R,N,1,118,137,Kansas City Royals,San Francisco Giants
2017,2017-04-18,490306,2017-04-19 00:15:00+00:00,R,N,1,138,134,St. Louis Cardinals,Pittsburgh Pirates
2017,2017-04-18,490308,2017-04-19 02:05:00+00:00,R,N,1,133,140,Oakland Athletics,Texas Rangers
2017,2017-04-18,490300,2017-04-19 02:10:00+00:00,R,N,1,119,115,Los Angeles Dodgers,Colorado Rockies
2017,2017-04-18,490295,2017-04-19 02:10:00+00:00,R,N,1,135,109,San Diego Padres,Arizona Diamondbacks
2017,2017-04-18,490303,2017-04-19 02:10:00+00:00,R,N,1,136,146,Seattle Mariners,Miami Marlins
2017,2017-04-19,490321,2017-04-19 17:45:00+00:00,R,N,1,138,134,St. Louis Cardinals,Pittsburgh Pirates
2017,2017-04-19,490319,2017-04-19 18:20:00+00:00,R,N,1,112,158,Chicago Cubs,Milwaukee Brewers
2017,2017-04-19,490323,2017-04-19 19:35:00+00:00,R,N,1,133,140,Oakland Athletics,Texas Rangers
2017,2017-04-19,490318,2017-04-19 19:40:00+00:00,R,N,1,136,146,Seattle Mariners,Miami Marlins
2017,2017-04-19,490313,2017-04-19 23:05:00+00:00,R,N,1,147,145,New York Yankees,Chicago White Sox
2017,2017-04-19,490312,2017-04-19 23:07:00+00:00,R,N,1,141,111,Toronto Blue Jays,Boston Red Sox
2017,2017-04-19,490311,2017-04-19 23:10:00+00:00,R,N,1,113,110,Cincinnati Reds,Baltimore Orioles
2017,2017-04-19,490316,2017-04-19 23:10:00+00:00,R,N,1,139,116,Tampa Bay Rays,Detroit Tigers
2017,2017-04-19,490320,2017-04-19 23:10:00+00:00,R,N,1,121,143,New York Mets,Philadelphia Phillies
2017,2017-04-19,490324,2017-04-19 23:35:00+00:00,R,N,1,144,120,Atlanta Braves,Washington Nationals
2017,2017-04-19,490317,2017-04-20 00:10:00+00:00,R,N,1,117,108,Houston Astros,Los Angeles Angels
2017,2017-04-19,490322,2017-04-20 00:15:00+00:00,R,N,1,118,137,Kansas City Royals,San Francisco Giants
2017,2017-04-19,490315,2017-04-20 02:10:00+00:00,R,N,1,119,115,Los Angeles Dodgers,Colorado Rockies
2017,2017-04-19,490310,2017-04-20 02:10:00+00:00,R,N,1,135,109,San Diego Padres,Arizona Diamondbacks
2017,2017-06-17,490314,2017-04-20 00:10:00+00:00,R,N,1,142,114,Minnesota Twins,Cleveland Indians
2017,2017-04-20,490327,2017-04-20 16:37:00+00:00,R,N,1,141,111,Toronto Blue Jays,Boston Red Sox
2017,2017-04-20,490329,2017-04-20 17:10:00+00:00,R,N,1,139,116,Tampa Bay Rays,Detroit Tigers
2017,2017-04-20,490328,2017-04-20 17:10:00+00:00,R,N,1,142,114,Minnesota Twins,Cleveland Indians
2017,2017-04-20,490331,2017-04-20 18:10:00+00:00,R,N,1,117,108,Houston Astros,Los Angeles Angels
2017,2017-04-20,490326,2017-04-20 23:10:00+00:00,R,N,1,113,110,Cincinnati Reds,Baltimore Orioles
2017,2017-04-20,490332,2017-04-20 23:10:00+00:00,R,N,1,121,143,New York Mets,Philadelphia Phillies
2017,2017-04-20,490335,2017-04-20 23:35:00+00:00,R,N,1,144,120,Atlanta Braves,Washington Nationals
2017,2017-04-20,490330,2017-04-21 00:05:00+00:00,R,N,1,140,118,Texas Rangers,Kansas City Royals
2017,2017-04-20,490334,2017-04-21 00:10:00+00:00,R,N,1,158,138,Milwaukee Brewers,St. Louis Cardinals
2017,2017-04-20,490325,2017-04-21 01:10:00+00:00,R,N,1,135,109,San Diego Padres,Arizona Diamondbacks
2017,2017-04-20,490333,2017-04-21 02:05:00+00:00,R,N,1,133,136,Oakland Athletics,Seattle Mariners
2017,2017-04-21,490337,2017-04-21 23:05:00+00:00,R,N,1,110,111,Baltimore Orioles,Boston Red Sox
2017,2017-04-21,490336,2017-04-21 23:05:00+00:00,R,N,1,143,144,Philadelphia Phillies,Atlanta Braves
2017,2017-04-21,490345,2017-04-21 23:05:00+00:00,R,N,1,134,147,Pittsburgh Pirates,New York Yankees
2017,2017-04-21,490338,2017-04-21 23:10:00+00:00,R,N,1,113,112,Cincinnati Reds,Chicago Cubs
2017,2017-04-21,490350,2017-04-21 23:10:00+00:00,R,N,1,121,120,New York Mets,Washington Nationals
2017,2017-04-21,490341,2017-04-21 23:10:00+00:00,R,N,1,139,117,Tampa Bay Rays,Houston Astros
2017,2017-04-21,490342,2017-04-22 00:05:00+00:00,R,N,1,140,118,Texas Rangers,Kansas City Royals
2017,2017-04-21,490340,2017-04-22 00:10:00+00:00,R,N,1,142,116,Minnesota Twins,Detroit Tigers
2017,2017-04-21,490339,2017-04-22 00:10:00+00:00,R,N,1,145,114,Chicago White Sox,Cleveland Indians
2017,2017-04-21,490348,2017-04-22 00:10:00+00:00,R,N,1,158,138,Milwaukee Brewers,St. Louis Cardinals
2017,2017-04-21,490346,2017-04-22 00:40:00+00:00,R,N,1,115,137,Colorado Rockies,San Francisco Giants
2017,2017-04-21,490343,2017-04-22 01:40:00+00:00,R,N,1,109,119,Arizona Diamondbacks,Los Angeles Dodgers
2017,2017-04-21,490347,2017-04-22 02:05:00+00:00,R,N,1,133,136,Oakland Athletics,Seattle Mariners
2017,2017-04-21,490349,2017-04-22 02:07:00+00:00,R,N,1,108,141,Los Angeles Angels,Toronto Blue Jays
2017,2017-04-21,490344,2017-04-22 02:10:00+00:00,R,N,1,135,146,San Diego Padres,Miami Marlins
2017,2017-04-22,490353,2017-04-22 17:10:00+00:00,R,N,1,113,112,Cincinnati Reds,Chicago Cubs
2017,2017-04-22,490355,2017-04-22 18:10:00+00:00,R,N,1,142,116,Minnesota Twins,Detroit Tigers
2017,2017-04-22,490365,2017-04-22 20:05:00+00:00,R,N,1,121,120,New York Mets,Washington Nationals
2017,2017-04-22,490362,2017-04-22 20:05:00+00:00,R,N,1,133,136,Oakland Athletics,Seattle Mariners
2017,2017-04-22,490360,2017-04-22 20:05:00+00:00,R,N,1,134,147,Pittsburgh Pirates,New York Yankees
2017,2017-04-22,490356,2017-04-22 22:10:00+00:00,R,N,1,139,117,Tampa Bay Rays,Houston Astros
2017,2017-04-22,490352,2017-04-22 23:05:00+00:00,R,N,1,110,111,Baltimore Orioles,Boston Red Sox
2017,2017-04-22,490351,2017-04-22 23:05:00+00:00,R,N,1,143,144,Philadelphia Phillies,Atlanta Braves
2017,2017-04-22,490354,2017-04-22 23:10:00+00:00,R,N,1,145,114,Chicago White Sox,Cleveland Indians
2017,2017-04-22,490363,2017-04-22 23:10:00+00:00,R,N,1,158,138,Milwaukee Brewers,St. Louis Cardinals
2017,2017-04-22,490357,2017-04-23 00:05:00+00:00,R,N,1,140,118,Texas Rangers,Kansas City Royals
2017,2017-04-22,490358,2017-04-23 00:10:00+00:00,R,N,1,109,119,Arizona Diamondbacks,Los Angeles Dodgers
2017,2017-04-22,490361,2017-04-23 00:10:00+00:00,R,N,1,115,137,Colorado Rockies,San Francisco Giants
2017,2017-04-22,490359,2017-04-23 00:40:00+00:00,R,N,1,135,146,San Diego Padres,Miami Marlins
2017,2017-04-22,490364,2017-04-23 01:07:00+00:00,R,N,1,108,141,Los Angeles Angels,Toronto Blue Jays
2017,2017-04-23,490368,2017-04-23 17:10:00+00:00,R,N,1,113,112,Cincinnati Reds,Chicago Cubs
2017,2017-04-23,490371,2017-04-23 17:10:00+00:00,R,N,1,139,117,Tampa Bay Rays,Houston Astros
2017,2017-04-23,490367,2017-04-23 17:35:00+00:00,R,N,1,110,111,Baltimore Orioles,Boston Red Sox
2017,2017-04-23,490366,2017-04-23 17:35:00+00:00,R,N,1,143,144,Philadelphia Phillies,Atlanta Braves
2017,2017-04-23,490375,2017-04-23 17:35:00+00:00,R,N,1,134,147,Pittsburgh Pirates,New York Yankees
2017,2017-04-23,490370,2017-04-23 18:10:00+00:00,R,N,1,142,116,Minnesota Twins,Detroit Tigers
2017,2017-04-23,490369,2017-04-23 18:10:00+00:00,R,N,1,145,114,Chicago White Sox,Cleveland Indians
2017,2017-04-23,490378,2017-04-23 18:10:00+00:00,R,N,1,158,138,Milwaukee Brewers,St. Louis Cardinals
2017,2017-04-23,490372,2017-04-23 19:05:00+00:00,R,N,1,140,118,Texas Rangers,Kansas City Royals
2017,2017-04-23,490376,2017-04-23 19:10:00+00:00,R,N,1,115,137,Colorado Rockies,San Francisco Giants
2017,2017-04-23,490379,2017-04-23 19:37:00+00:00,R,N,1,108,141,Los Angeles Angels,Toronto Blue Jays
2017,2017-04-23,490377,2017-04-23 20:05:00+00:00,R,N,1,133,136,Oakland Athletics,Seattle Mariners
2017,2017-04-23,490373,2017-04-23 20:10:00+00:00,R,N,1,109,119,Arizona Diamondbacks,Los Angeles Dodgers
2017,2017-04-23,490374,2017-04-23 20:40:00+00:00,R,N,1,135,146,San Diego Padres,Miami Marlins
2017,2017-04-23,490380,2017-04-24 00:00:00+00:00,R,N,1,121,120,New York Mets,Washington Nationals
2017,2017-04-24,490381,2017-04-24 23:05:00+00:00,R,N,1,134,112,Pittsburgh Pirates,Chicago Cubs
2017,2017-04-24,490387,2017-04-24 23:05:00+00:00,R,N,1,110,139,Baltimore Orioles,Tampa Bay Rays
2017,2017-04-24,490382,2017-04-24 23:40:00+00:00,R,N,1,158,113,Milwaukee Brewers,Cincinnati Reds
2017,2017-04-24,490385,2017-04-25 00:05:00+00:00,R,N,1,140,142,Texas Rangers,Minnesota Twins
2017,2017-04-24,490383,2017-04-25 00:10:00+00:00,R,N,1,145,118,Chicago White Sox,Kansas City Royals
2017,2017-04-24,490389,2017-04-25 00:40:00+00:00,R,N,1,115,120,Colorado Rockies,Washington Nationals
2017,2017-04-24,490386,2017-04-25 01:40:00+00:00,R,N,1,109,135,Arizona Diamondbacks,San Diego Padres
2017,2017-04-24,490388,2017-04-25 02:07:00+00:00,R,N,1,108,141,Los Angeles Angels,Toronto Blue Jays
2017,2017-04-24,490384,2017-04-25 02:15:00+00:00,R,N,1,137,119,San Francisco Giants,Los Angeles Dodgers
2017,2017-04-25,490393,2017-04-25 22:10:00+00:00,R,N,1,114,117,Cleveland Indians,Houston Astros
2017,2017-04-25,490391,2017-04-25 23:05:00+00:00,R,N,1,134,112,Pittsburgh Pirates,Chicago Cubs
2017,2017-04-25,490402,2017-04-25 23:05:00+00:00,R,N,1,110,139,Baltimore Orioles,Tampa Bay Rays
2017,2017-04-25,490401,2017-04-25 23:10:00+00:00,R,N,1,116,136,Detroit Tigers,Seattle Mariners
2017,2017-04-25,490392,2017-04-25 23:40:00+00:00,R,N,1,158,113,Milwaukee Brewers,Cincinnati Reds
2017,2017-04-25,490397,2017-04-26 00:05:00+00:00,R,N,1,140,142,Texas Rangers,Minnesota Twins
2017,2017-04-25,490394,2017-04-26 00:10:00+00:00,R,N,1,145,118,Chicago White Sox,Kansas City Royals
2017,2017-04-25,490403,2017-04-26 00:15:00+00:00,R,N,1,138,141,St. Louis Cardinals,Toronto Blue Jays
2017,2017-04-25,490404,2017-04-26 00:40:00+00:00,R,N,1,115,120,Colorado Rockies,Washington Nationals
2017,2017-04-25,490400,2017-04-26 01:40:00+00:00,R,N,1,109,135,Arizona Diamondbacks,San Diego Padres
2017,2017-04-25,490399,2017-04-26 02:07:00+00:00,R,N,1,108,133,Los Angeles Angels,Oakland Athletics
2017,2017-04-25,490395,2017-04-26 02:15:00+00:00,R,N,1,137,119,San Francisco Giants,Los Angeles Dodgers
2017,2017-08-22,490396,2017-04-25 23:05:00+00:00,R,N,1,143,146,Philadelphia Phillies,Miami Marlins
2017,2017-09-25,490390,2017-04-25 23:10:00+00:00,R,N,1,121,144,New York Mets,Atlanta Braves
2017,2017-07-16,490398,2017-04-25 23:10:00+00:00,R,N,1,111,147,Boston Red Sox,New York Yankees
2017,2017-04-26,490407,2017-04-26 17:40:00+00:00,R,N,1,158,113,Milwaukee Brewers,Cincinnati Reds
2017,2017-04-26,490409,2017-04-26 18:10:00+00:00,R,N,1,145,118,Chicago White Sox,Kansas City Royals
2017,2017-04-26,490408,2017-04-26 22:10:00+00:00,R,N,1,114,117,Cleveland Indians,Houston Astros
2017,2017-04-26,490406,2017-04-26 23:05:00+00:00,R,N,1,134,112,Pittsburgh Pirates,Chicago Cubs
2017,2017-04-26,490417,2017-04-26 23:05:00+00:00,R,N,1,110,139,Baltimore Orioles,Tampa Bay Rays
2017,2017-04-26,490411,2017-04-26 23:05:00+00:00,R,N,1,143,146,Philadelphia Phillies,Miami Marlins
2017,2017-04-26,490416,2017-04-26 23:10:00+00:00,R,N,1,116,136,Detroit Tigers,Seattle Mariners
2017,2017-04-26,490405,2017-04-26 23:10:00+00:00,R,N,1,121,144,New York Mets,Atlanta Braves
2017,2017-04-26,490413,2017-04-26 23:10:00+00:00,R,N,1,111,147,Boston Red Sox,New York Yankees
2017,2017-04-26,490412,2017-04-27 00:05:00+00:00,R,N,1,140,142,Texas Rangers,Minnesota Twins
2017,2017-04-26,490419,2017-04-27 00:40:00+00:00,R,N,1,115,120,Colorado Rockies,Washington Nationals
2017,2017-04-26,490415,2017-04-27 01:40:00+00:00,R,N,1,109,135,Arizona Diamondbacks,San Diego Padres
2017,2017-04-26,490414,2017-04-27 02:07:00+00:00,R,N,1,108,133,Los Angeles Angels,Oakland Athletics
2017,2017-04-26,490410,2017-04-27 02:15:00+00:00,R,N,1,137,119,San Francisco Giants,Los Angeles Dodgers
2017,2017-04-27,490418,2017-04-27 00:15:00+00:00,R,N,1,138,141,St. Louis Cardinals,Toronto Blue Jays
2017,2017-04-27,490423,2017-04-27 17:05:00+00:00,R,N,1,143,146,Philadelphia Phillies,Miami Marlins
2017,2017-04-27,490427,2017-04-27 17:10:00+00:00,R,N,1,116,136,Detroit Tigers,Seattle Mariners
2017,2017-04-27,490420,2017-04-27 17:10:00+00:00,R,N,1,121,144,New York Mets,Atlanta Braves
2017,2017-04-27,490428,2017-04-27 17:45:00+00:00,R,S,1,138,141,St. Louis Cardinals,Toronto Blue Jays
2017,2017-04-27,490418,2017-04-27 23:15:00+00:00,R,S,2,138,141,St. Louis Cardinals,Toronto Blue Jays
2017,2017-04-27,490429,2017-04-27 19:10:00+00:00,R,N,1,115,120,Colorado Rockies,Washington Nationals
2017,2017-04-27,490422,2017-04-27 19:45:00+00:00,R,N,1,137,119,San Francisco Giants,Los Angeles Dodgers
2017,2017-04-27,490421,2017-04-27 22:10:00+00:00,R,N,1,114,117,Cleveland Indians,Houston Astros
2017,2017-04-27,490424,2017-04-27 23:10:00+00:00,R,N,1,111,147,Boston Red Sox,New York Yankees
2017,2017-04-27,490426,2017-04-28 01:40:00+00:00,R,N,1,109,135,Arizona Diamondbacks,San Diego Padres
2017,2017-04-27,490425,2017-04-28 02:07:00+00:00,R,N,1,108,133,Los Angeles Angels,Oakland Athletics
2017,2017-04-28,490438,2017-04-28 23:05:00+00:00,R,N,1,120,121,Washington Nationals,New York Mets
2017,2017-04-28,490431,2017-04-28 23:05:00+00:00,R,N,1,147,110,New York Yankees,Baltimore Orioles
2017,2017-04-28,490444,2017-04-28 23:07:00+00:00,R,N,1,141,139,Toronto Blue Jays,Tampa Bay Rays
2017,2017-04-28,490432,2017-04-28 23:10:00+00:00,R,N,1,111,112,Boston Red Sox,Chicago Cubs
2017,2017-04-28,490443,2017-04-28 23:10:00+00:00,R,N,1,114,136,Cleveland Indians,Seattle Mariners
2017,2017-04-28,490433,2017-04-28 23:10:00+00:00,R,N,1,116,145,Detroit Tigers,Chicago White Sox
2017,2017-04-28,490441,2017-04-28 23:10:00+00:00,R,N,1,146,134,Miami Marlins,Pittsburgh Pirates
2017,2017-04-28,490436,2017-04-29 00:05:00+00:00,R,N,1,140,108,Texas Rangers,Los Angeles Angels
2017,2017-04-28,490439,2017-04-29 00:10:00+00:00,R,N,1,117,133,Houston Astros,Oakland Athletics
2017,2017-04-28,490430,2017-04-29 00:10:00+00:00,R,N,1,158,144,Milwaukee Brewers,Atlanta Braves
2017,2017-04-28,490434,2017-04-29 00:15:00+00:00,R,N,1,138,113,St. Louis Cardinals,Cincinnati Reds
2017,2017-04-28,490437,2017-04-29 00:15:00+00:00,R,N,1,118,142,Kansas City Royals,Minnesota Twins
2017,2017-04-28,490435,2017-04-29 01:40:00+00:00,R,N,1,109,115,Arizona Diamondbacks,Colorado Rockies
2017,2017-04-28,490440,2017-04-29 02:10:00+00:00,R,N,1,119,143,Los Angeles Dodgers,Philadelphia Phillies
2017,2017-04-28,490442,2017-04-29 02:15:00+00:00,R,N,1,137,135,San Francisco Giants,San Diego Padres
2017,2017-04-29,490453,2017-04-29 17:05:00+00:00,R,N,1,120,121,Washington Nationals,New York Mets
2017,2017-04-29,490446,2017-04-29 17:05:00+00:00,R,N,1,147,110,New York Yankees,Baltimore Orioles
2017,2017-04-29,490459,2017-04-29 17:07:00+00:00,R,N,1,141,139,Toronto Blue Jays,Tampa Bay Rays
2017,2017-04-29,490448,2017-04-29 17:10:00+00:00,R,N,1,116,145,Detroit Tigers,Chicago White Sox
2017,2017-04-29,490447,2017-04-29 20:05:00+00:00,R,N,1,111,112,Boston Red Sox,Chicago Cubs
2017,2017-04-29,490458,2017-04-29 20:10:00+00:00,R,N,1,114,136,Cleveland Indians,Seattle Mariners
2017,2017-04-29,490454,2017-04-29 23:10:00+00:00,R,N,1,117,133,Houston Astros,Oakland Athletics
2017,2017-04-29,490456,2017-04-29 23:10:00+00:00,R,N,1,146,134,Miami Marlins,Pittsburgh Pirates
2017,2017-04-29,490445,2017-04-29 23:10:00+00:00,R,N,1,158,144,Milwaukee Brewers,Atlanta Braves
2017,2017-04-29,490451,2017-04-29 23:15:00+00:00,R,N,1,140,108,Texas Rangers,Los Angeles Angels
2017,2017-04-29,490450,2017-04-30 00:10:00+00:00,R,N,1,109,115,Arizona Diamondbacks,Colorado Rockies
2017,2017-04-29,490457,2017-04-30 01:05:00+00:00,R,N,1,137,135,San Francisco Giants,San Diego Padres
2017,2017-04-29,490455,2017-04-30 01:10:00+00:00,R,N,1,119,143,Los Angeles Dodgers,Philadelphia Phillies
2017,2017-06-26,490449,2017-04-29 18:15:00+00:00,R,N,1,138,113,St. Louis Cardinals,Cincinnati Reds
2017,2017-07-01,490452,2017-04-29 23:15:00+00:00,R,N,1,118,142,Kansas City Royals,Minnesota Twins
2017,2017-04-30,490461,2017-04-30 17:05:00+00:00,R,N,1,147,110,New York Yankees,Baltimore Orioles
2017,2017-04-30,490474,2017-04-30 17:07:00+00:00,R,N,1,141,139,Toronto Blue Jays,Tampa Bay Rays
2017,2017-04-30,490473,2017-04-30 17:10:00+00:00,R,N,1,114,136,Cleveland Indians,Seattle Mariners
2017,2017-04-30,490463,2017-04-30 17:10:00+00:00,R,N,1,116,145,Detroit Tigers,Chicago White Sox
2017,2017-04-30,490471,2017-04-30 17:10:00+00:00,R,N,1,146,134,Miami Marlins,Pittsburgh Pirates
2017,2017-04-30,490468,2017-04-30 17:35:00+00:00,R,N,1,120,121,Washington Nationals,New York Mets
2017,2017-04-30,490469,2017-04-30 18:10:00+00:00,R,N,1,117,133,Houston Astros,Oakland Athletics
2017,2017-04-30,490460,2017-04-30 18:10:00+00:00,R,N,1,158,144,Milwaukee Brewers,Atlanta Braves
2017,2017-04-30,490464,2017-04-30 18:15:00+00:00,R,N,1,138,113,St. Louis Cardinals,Cincinnati Reds
2017,2017-04-30,490467,2017-04-30 18:15:00+00:00,R,N,1,118,142,Kansas City Royals,Minnesota Twins
2017,2017-04-30,490466,2017-04-30 19:05:00+00:00,R,N,1,140,108,Texas Rangers,Los Angeles Angels
2017,2017-04-30,490472,2017-04-30 20:05:00+00:00,R,N,1,137,135,San Francisco Giants,San Diego Padres
2017,2017-04-30,490465,2017-04-30 20:10:00+00:00,R,N,1,109,115,Arizona Diamondbacks,Colorado Rockies
2017,2017-04-30,490470,2017-04-30 20:10:00+00:00,R,N,1,119,143,Los Angeles Dodgers,Philadelphia Phillies
2017,2017-04-30,490462,2017-05-01 00:05:00+00:00,R,N,1,111,112,Boston Red Sox,Chicago Cubs
2017,2017-05-01,490485,2017-05-01 23:05:00+00:00,R,N,1,147,141,New York Yankees,Toronto Blue Jays
2017,2017-05-01,490475,2017-05-01 23:10:00+00:00,R,N,1,111,110,Boston Red Sox,Baltimore Orioles
2017,2017-05-01,490477,2017-05-01 23:10:00+00:00,R,N,1,116,114,Detroit Tigers,Cleveland Indians
2017,2017-05-01,490481,2017-05-01 23:10:00+00:00,R,N,1,113,134,Cincinnati Reds,Pittsburgh Pirates
2017,2017-05-01,490483,2017-05-01 23:10:00+00:00,R,N,1,146,139,Miami Marlins,Tampa Bay Rays
2017,2017-05-01,490479,2017-05-01 23:35:00+00:00,R,N,1,144,121,Atlanta Braves,New York Mets
2017,2017-05-01,490480,2017-05-02 00:05:00+00:00,R,N,1,112,143,Chicago Cubs,Philadelphia Phillies
2017,2017-05-01,490484,2017-05-02 00:10:00+00:00,R,N,1,117,140,Houston Astros,Texas Rangers
2017,2017-05-01,490476,2017-05-02 00:15:00+00:00,R,N,1,118,145,Kansas City Royals,Chicago White Sox
2017,2017-05-01,490478,2017-05-02 00:15:00+00:00,R,N,1,138,158,St. Louis Cardinals,Milwaukee Brewers
2017,2017-05-01,490482,2017-05-02 02:10:00+00:00,R,N,1,119,137,Los Angeles Dodgers,San Francisco Giants
2017,2017-05-02,490486,2017-05-02 23:05:00+00:00,R,N,1,120,109,Washington Nationals,Arizona Diamondbacks
2017,2017-05-02,490500,2017-05-02 23:05:00+00:00,R,N,1,147,141,New York Yankees,Toronto Blue Jays
2017,2017-05-02,490487,2017-05-02 23:10:00+00:00,R,N,1,111,110,Boston Red Sox,Baltimore Orioles
2017,2017-05-02,490489,2017-05-02 23:10:00+00:00,R,N,1,116,114,Detroit Tigers,Cleveland Indians
2017,2017-05-02,490496,2017-05-02 23:10:00+00:00,R,N,1,113,134,Cincinnati Reds,Pittsburgh Pirates
2017,2017-05-02,490498,2017-05-02 23:10:00+00:00,R,N,1,146,139,Miami Marlins,Tampa Bay Rays
2017,2017-05-02,490493,2017-05-02 23:35:00+00:00,R,N,1,144,121,Atlanta Braves,New York Mets
2017,2017-05-02,490495,2017-05-03 00:05:00+00:00,R,N,1,112,143,Chicago Cubs,Philadelphia Phillies
2017,2017-05-02,490499,2017-05-03 00:10:00+00:00,R,N,1,117,140,Houston Astros,Texas Rangers
2017,2017-05-02,490494,2017-05-03 00:10:00+00:00,R,N,1,142,133,Minnesota Twins,Oakland Athletics
2017,2017-05-02,490488,2017-05-03 00:15:00+00:00,R,N,1,118,145,Kansas City Royals,Chicago White Sox
2017,2017-05-02,490492,2017-05-03 00:15:00+00:00,R,N,1,138,158,St. Louis Cardinals,Milwaukee Brewers
2017,2017-05-02,490490,2017-05-03 02:10:00+00:00,R,N,1,135,115,San Diego Padres,Colorado Rockies
2017,2017-05-02,490491,2017-05-03 02:10:00+00:00,R,N,1,136,108,Seattle Mariners,Los Angeles Angels
2017,2017-05-02,490497,2017-05-03 02:10:00+00:00,R,N,1,119,137,Los Angeles Dodgers,San Francisco Giants
2017,2017-05-03,490501,2017-05-03 23:05:00+00:00,R,N,1,120,109,Washington Nationals,Arizona Diamondbacks
2017,2017-05-03,490515,2017-05-03 23:05:00+00:00,R,N,1,147,141,New York Yankees,Toronto Blue Jays
2017,2017-05-03,490502,2017-05-03 23:10:00+00:00,R,N,1,111,110,Boston Red Sox,Baltimore Orioles
2017,2017-05-03,490504,2017-05-03 23:10:00+00:00,R,N,1,116,114,Detroit Tigers,Cleveland Indians
2017,2017-05-03,490512,2017-05-03 23:10:00+00:00,R,N,1,113,134,Cincinnati Reds,Pittsburgh Pirates
2017,2017-05-03,490507,2017-05-03 23:10:00+00:00,R,N,1,139,146,Tampa Bay Rays,Miami Marlins
2017,2017-05-03,490509,2017-05-03 23:35:00+00:00,R,N,1,144,121,Atlanta Braves,New York Mets
2017,2017-05-03,490511,2017-05-04 00:05:00+00:00,R,N,1,112,143,Chicago Cubs,Philadelphia Phillies
2017,2017-05-03,490514,2017-05-04 00:10:00+00:00,R,N,1,117,140,Houston Astros,Texas Rangers
2017,2017-05-03,490510,2017-05-04 00:10:00+00:00,R,N,1,142,133,Minnesota Twins,Oakland Athletics
2017,2017-05-03,490503,2017-05-04 00:15:00+00:00,R,N,1,118,145,Kansas City Royals,Chicago White Sox
2017,2017-05-03,490505,2017-05-04 02:10:00+00:00,R,N,1,135,115,San Diego Padres,Colorado Rockies
2017,2017-05-03,490506,2017-05-04 02:10:00+00:00,R,N,1,136,108,Seattle Mariners,Los Angeles Angels
2017,2017-05-03,490513,2017-05-04 02:10:00+00:00,R,N,1,119,137,Los Angeles Dodgers,San Francisco Giants
2017,2017-06-13,490508,2017-05-04 00:15:00+00:00,R,N,1,138,158,St. Louis Cardinals,Milwaukee Brewers
2017,2017-05-04,490527,2017-05-04 16:35:00+00:00,R,N,1,113,134,Cincinnati Reds,Pittsburgh Pirates
2017,2017-05-04,490516,2017-05-04 17:05:00+00:00,R,N,1,120,109,Washington Nationals,Arizona Diamondbacks
2017,2017-05-04,490525,2017-05-04 17:10:00+00:00,R,N,1,142,133,Minnesota Twins,Oakland Athletics
2017,2017-05-04,490528,2017-05-04 18:10:00+00:00,R,N,1,117,140,Houston Astros,Texas Rangers
2017,2017-05-04,490518,2017-05-04 18:15:00+00:00,R,N,1,118,145,Kansas City Royals,Chicago White Sox
2017,2017-05-04,490526,2017-05-04 18:20:00+00:00,R,N,1,112,143,Chicago Cubs,Philadelphia Phillies
2017,2017-05-04,490520,2017-05-04 19:40:00+00:00,R,N,1,135,115,San Diego Padres,Colorado Rockies
2017,2017-05-04,490517,2017-05-04 23:10:00+00:00,R,N,1,111,110,Boston Red Sox,Baltimore Orioles
2017,2017-05-04,490522,2017-05-04 23:10:00+00:00,R,N,1,139,146,Tampa Bay Rays,Miami Marlins
2017,2017-05-04,490523,2017-05-04 23:15:00+00:00,R,N,1,138,158,St. Louis Cardinals,Milwaukee Brewers
2017,2017-05-04,490521,2017-05-05 02:10:00+00:00,R,N,1,136,108,Seattle Mariners,Los Angeles Angels
2017,2017-07-01,490519,2017-05-04 17:10:00+00:00,R,N,1,116,114,Detroit Tigers,Cleveland Indians
2017,2017-06-10,490524,2017-05-04 23:35:00+00:00,R,N,1,144,121,Atlanta Braves,New York Mets
2017,2017-05-05,490538,2017-05-05 18:20:00+00:00,R,N,1,112,147,Chicago Cubs,New York Yankees
2017,2017-05-05,490539,2017-05-05 22:40:00+00:00,R,N,1,113,137,Cincinnati Reds,San Francisco Giants
2017,2017-05-05,490543,2017-05-05 23:05:00+00:00,R,N,1,143,120,Philadelphia Phillies,Washington Nationals
2017,2017-05-05,490531,2017-05-05 23:05:00+00:00,R,N,1,110,145,Baltimore Orioles,Chicago White Sox
2017,2017-05-05,490537,2017-05-05 23:05:00+00:00,R,N,1,134,158,Pittsburgh Pirates,Milwaukee Brewers
2017,2017-05-05,490542,2017-05-05 23:10:00+00:00,R,N,1,139,141,Tampa Bay Rays,Toronto Blue Jays
2017,2017-05-05,490536,2017-05-05 23:10:00+00:00,R,N,1,121,146,New York Mets,Miami Marlins
2017,2017-05-05,490540,2017-05-05 23:35:00+00:00,R,N,1,144,138,Atlanta Braves,St. Louis Cardinals
2017,2017-05-05,490530,2017-05-06 00:10:00+00:00,R,N,1,142,111,Minnesota Twins,Boston Red Sox
2017,2017-05-05,490532,2017-05-06 00:15:00+00:00,R,N,1,118,114,Kansas City Royals,Cleveland Indians
2017,2017-05-05,490529,2017-05-06 00:40:00+00:00,R,N,1,115,109,Colorado Rockies,Arizona Diamondbacks
2017,2017-05-05,490533,2017-05-06 02:05:00+00:00,R,N,1,133,116,Oakland Athletics,Detroit Tigers
2017,2017-05-05,490534,2017-05-06 02:07:00+00:00,R,N,1,108,117,Los Angeles Angels,Houston Astros
2017,2017-05-05,490535,2017-05-06 02:10:00+00:00,R,N,1,135,119,San Diego Padres,Los Angeles Dodgers
2017,2017-05-05,490541,2017-05-06 02:10:00+00:00,R,N,1,136,140,Seattle Mariners,Texas Rangers
2017,2017-05-06,490545,2017-05-06 18:10:00+00:00,R,N,1,142,111,Minnesota Twins,Boston Red Sox
2017,2017-05-06,490557,2017-05-06 20:10:00+00:00,R,N,1,139,141,Tampa Bay Rays,Toronto Blue Jays
2017,2017-05-06,490547,2017-05-06 20:15:00+00:00,R,N,1,118,114,Kansas City Royals,Cleveland Indians
2017,2017-05-06,490558,2017-05-06 23:05:00+00:00,R,N,1,143,120,Philadelphia Phillies,Washington Nationals
2017,2017-05-06,490546,2017-05-06 23:05:00+00:00,R,N,1,110,145,Baltimore Orioles,Chicago White Sox
2017,2017-05-06,490552,2017-05-06 23:05:00+00:00,R,N,1,134,158,Pittsburgh Pirates,Milwaukee Brewers
2017,2017-05-06,490554,2017-05-06 23:10:00+00:00,R,N,1,113,137,Cincinnati Reds,San Francisco Giants
2017,2017-05-06,490555,2017-05-06 23:10:00+00:00,R,N,1,144,138,Atlanta Braves,St. Louis Cardinals
2017,2017-05-06,490551,2017-05-06 23:10:00+00:00,R,N,1,121,146,New York Mets,Miami Marlins
2017,2017-05-06,490553,2017-05-06 23:15:00+00:00,R,N,1,112,147,Chicago Cubs,New York Yankees
2017,2017-05-06,490544,2017-05-07 00:10:00+00:00,R,N,1,115,109,Colorado Rockies,Arizona Diamondbacks
2017,2017-05-06,490550,2017-05-07 00:40:00+00:00,R,N,1,135,119,San Diego Padres,Los Angeles Dodgers
2017,2017-05-06,490548,2017-05-07 01:05:00+00:00,R,N,1,133,116,Oakland Athletics,Detroit Tigers
2017,2017-05-06,490549,2017-05-07 01:07:00+00:00,R,N,1,108,117,Los Angeles Angels,Houston Astros
2017,2017-05-06,490556,2017-05-07 01:10:00+00:00,R,N,1,136,140,Seattle Mariners,Texas Rangers
2017,2017-05-07,490572,2017-05-07 17:10:00+00:00,R,N,1,139,141,Tampa Bay Rays,Toronto Blue Jays
2017,2017-05-07,490566,2017-05-07 17:10:00+00:00,R,N,1,121,146,New York Mets,Miami Marlins
2017,2017-05-07,490570,2017-05-07 17:35:00+00:00,R,N,1,144,138,Atlanta Braves,St. Louis Cardinals
2017,2017-05-07,490561,2017-05-07 17:35:00+00:00,R,N,1,110,145,Baltimore Orioles,Chicago White Sox
2017,2017-05-07,490567,2017-05-07 17:35:00+00:00,R,N,1,134,158,Pittsburgh Pirates,Milwaukee Brewers
2017,2017-05-07,490560,2017-05-07 18:10:00+00:00,R,N,1,142,111,Minnesota Twins,Boston Red Sox
2017,2017-05-07,490562,2017-05-07 18:15:00+00:00,R,N,1,118,114,Kansas City Royals,Cleveland Indians
2017,2017-05-07,490573,2017-05-07 18:35:00+00:00,R,N,1,143,120,Philadelphia Phillies,Washington Nationals
2017,2017-05-07,490559,2017-05-07 19:10:00+00:00,R,N,1,115,109,Colorado Rockies,Arizona Diamondbacks
2017,2017-05-07,490564,2017-05-07 19:37:00+00:00,R,N,1,108,117,Los Angeles Angels,Houston Astros
2017,2017-05-07,490563,2017-05-07 20:05:00+00:00,R,N,1,133,116,Oakland Athletics,Detroit Tigers
2017,2017-05-07,490569,2017-05-07 20:10:00+00:00,R,N,1,113,137,Cincinnati Reds,San Francisco Giants
2017,2017-05-07,490571,2017-05-07 20:10:00+00:00,R,N,1,136,140,Seattle Mariners,Texas Rangers
2017,2017-05-07,490568,2017-05-08 00:05:00+00:00,R,N,1,112,147,Chicago Cubs,New York Yankees
2017,2017-09-02,490565,2017-05-07 20:40:00+00:00,R,N,1,135,119,San Diego Padres,Los Angeles Dodgers
2017,2017-05-08,490582,2017-05-08 23:05:00+00:00,R,N,1,110,120,Baltimore Orioles,Washington Nationals
2017,2017-05-08,490575,2017-05-08 23:07:00+00:00,R,N,1,141,114,Toronto Blue Jays,Cleveland Indians
2017,2017-05-08,490580,2017-05-08 23:10:00+00:00,R,N,1,121,137,New York Mets,San Francisco Giants
2017,2017-05-08,490576,2017-05-08 23:10:00+00:00,R,N,1,139,118,Tampa Bay Rays,Kansas City Royals
2017,2017-05-08,490623,2017-05-08 23:10:00+00:00,R,N,1,146,138,Miami Marlins,St. Louis Cardinals
2017,2017-05-08,490578,2017-05-08 23:10:00+00:00,R,N,1,113,147,Cincinnati Reds,New York Yankees
2017,2017-05-08,490577,2017-05-09 02:05:00+00:00,R,N,1,133,108,Oakland Athletics,Los Angeles Angels
2017,2017-05-08,490579,2017-05-09 02:10:00+00:00,R,N,1,119,134,Los Angeles Dodgers,Pittsburgh Pirates
2017,2017-05-08,490581,2017-05-09 02:10:00+00:00,R,N,1,135,140,San Diego Padres,Texas Rangers
2017,2017-05-09,490574,2017-05-09 00:40:00+00:00,R,S,1,115,112,Colorado Rockies,Chicago Cubs
2017,2017-05-09,490574,2017-05-09 18:10:00+00:00,R,S,1,115,112,Colorado Rockies,Chicago Cubs
2017,2017-05-09,490585,2017-05-10 00:40:00+00:00,R,S,2,115,112,Colorado Rockies,Chicago Cubs
2017,2017-05-09,490596,2017-05-09 19:40:00+00:00,R,N,1,135,140,San Diego Padres,Texas Rangers
2017,2017-05-09,490597,2017-05-09 23:05:00+00:00,R,N,1,110,120,Baltimore Orioles,Washington Nationals
2017,2017-05-09,490594,2017-05-09 23:05:00+00:00,R,N,1,143,136,Philadelphia Phillies,Seattle Mariners
2017,2017-05-09,490586,2017-05-09 23:07:00+00:00,R,N,1,141,114,Toronto Blue Jays,Cleveland Indians
2017,2017-05-09,490593,2017-05-09 23:10:00+00:00,R,N,1,121,137,New York Mets,San Francisco Giants
2017,2017-05-09,490588,2017-05-09 23:10:00+00:00,R,N,1,139,118,Tampa Bay Rays,Kansas City Royals
2017,2017-05-09,490595,2017-05-09 23:10:00+00:00,R,N,1,146,138,Miami Marlins,St. Louis Cardinals
2017,2017-05-09,490591,2017-05-09 23:10:00+00:00,R,N,1,113,147,Cincinnati Reds,New York Yankees
2017,2017-05-09,490584,2017-05-09 23:40:00+00:00,R,N,1,158,111,Milwaukee Brewers,Boston Red Sox
2017,2017-05-09,490583,2017-05-10 00:10:00+00:00,R,N,1,117,144,Houston Astros,Atlanta Braves
2017,2017-05-09,490590,2017-05-10 00:10:00+00:00,R,N,1,145,142,Chicago White Sox,Minnesota Twins
2017,2017-05-09,490587,2017-05-10 01:40:00+00:00,R,N,1,109,116,Arizona Diamondbacks,Detroit Tigers
2017,2017-05-09,490589,2017-05-10 02:05:00+00:00,R,N,1,133,108,Oakland Athletics,Los Angeles Angels
2017,2017-05-09,490592,2017-05-10 02:10:00+00:00,R,N,1,119,134,Los Angeles Dodgers,Pittsburgh Pirates
2017,2017-05-10,490610,2017-05-10 17:05:00+00:00,R,N,1,143,136,Philadelphia Phillies,Seattle Mariners
2017,2017-05-10,490609,2017-05-10 17:10:00+00:00,R,N,1,121,137,New York Mets,San Francisco Giants
2017,2017-05-10,490598,2017-05-10 18:10:00+00:00,R,N,1,117,144,Houston Astros,Atlanta Braves
2017,2017-05-10,490601,2017-05-10 19:10:00+00:00,R,N,1,115,112,Colorado Rockies,Chicago Cubs
2017,2017-05-10,490605,2017-05-10 19:35:00+00:00,R,N,1,133,108,Oakland Athletics,Los Angeles Angels
2017,2017-05-10,490599,2017-05-10 23:05:00+00:00,R,N,1,120,110,Washington Nationals,Baltimore Orioles
2017,2017-05-10,490602,2017-05-10 23:07:00+00:00,R,N,1,141,114,Toronto Blue Jays,Cleveland Indians
2017,2017-05-10,490604,2017-05-10 23:10:00+00:00,R,N,1,139,118,Tampa Bay Rays,Kansas City Royals
2017,2017-05-10,490611,2017-05-10 23:10:00+00:00,R,N,1,146,138,Miami Marlins,St. Louis Cardinals
2017,2017-05-10,490608,2017-05-11 00:05:00+00:00,R,N,1,140,135,Texas Rangers,San Diego Padres
2017,2017-05-10,490600,2017-05-11 00:10:00+00:00,R,N,1,158,111,Milwaukee Brewers,Boston Red Sox
2017,2017-05-10,490603,2017-05-11 01:40:00+00:00,R,N,1,109,116,Arizona Diamondbacks,Detroit Tigers
2017,2017-05-10,490607,2017-05-11 02:10:00+00:00,R,N,1,119,134,Los Angeles Dodgers,Pittsburgh Pirates
2017,2017-08-21,490606,2017-05-11 00:10:00+00:00,R,N,1,145,142,Chicago White Sox,Minnesota Twins
2017,2017-05-11,490617,2017-05-11 17:10:00+00:00,R,N,1,139,118,Tampa Bay Rays,Kansas City Royals
2017,2017-05-11,490613,2017-05-11 17:10:00+00:00,R,N,1,158,111,Milwaukee Brewers,Boston Red Sox
2017,2017-05-11,490616,2017-05-11 23:05:00+00:00,R,N,1,147,117,New York Yankees,Houston Astros
2017,2017-05-11,490622,2017-05-11 23:07:00+00:00,R,N,1,141,136,Toronto Blue Jays,Seattle Mariners
2017,2017-05-11,490621,2017-05-12 00:05:00+00:00,R,N,1,140,135,Texas Rangers,San Diego Padres
2017,2017-05-11,490619,2017-05-12 00:10:00+00:00,R,N,1,145,142,Chicago White Sox,Minnesota Twins
2017,2017-05-11,490618,2017-05-12 00:40:00+00:00,R,N,1,115,119,Colorado Rockies,Los Angeles Dodgers
2017,2017-05-11,490620,2017-05-12 01:40:00+00:00,R,N,1,109,134,Arizona Diamondbacks,Pittsburgh Pirates
2017,2017-05-11,490615,2017-05-12 02:07:00+00:00,R,N,1,108,116,Los Angeles Angels,Detroit Tigers
2017,2017-05-11,490614,2017-05-12 02:15:00+00:00,R,N,1,137,113,San Francisco Giants,Cincinnati Reds
2017,2017-06-08,490612,2017-05-11 23:05:00+00:00,R,N,1,120,110,Washington Nationals,Baltimore Orioles
2017,2017-05-12,490629,2017-05-12 23:05:00+00:00,R,N,1,147,117,New York Yankees,Houston Astros
2017,2017-05-12,490637,2017-05-12 23:07:00+00:00,R,N,1,141,136,Toronto Blue Jays,Seattle Mariners
2017,2017-05-12,490638,2017-05-12 23:10:00+00:00,R,N,1,111,139,Boston Red Sox,Tampa Bay Rays
2017,2017-05-12,490631,2017-05-12 23:10:00+00:00,R,N,1,114,142,Cleveland Indians,Minnesota Twins
2017,2017-05-12,490624,2017-05-12 23:10:00+00:00,R,N,1,146,144,Miami Marlins,Atlanta Braves
2017,2017-05-12,490633,2017-05-13 00:05:00+00:00,R,N,1,140,133,Texas Rangers,Oakland Athletics
2017,2017-05-12,490636,2017-05-13 00:10:00+00:00,R,N,1,145,135,Chicago White Sox,San Diego Padres
2017,2017-05-12,490632,2017-05-13 00:10:00+00:00,R,N,1,158,121,Milwaukee Brewers,New York Mets
2017,2017-05-12,490625,2017-05-13 00:15:00+00:00,R,N,1,118,110,Kansas City Royals,Baltimore Orioles
2017,2017-05-12,490626,2017-05-13 00:15:00+00:00,R,N,1,138,112,St. Louis Cardinals,Chicago Cubs
2017,2017-05-12,490630,2017-05-13 00:40:00+00:00,R,N,1,115,119,Colorado Rockies,Los Angeles Dodgers
2017,2017-05-12,490635,2017-05-13 01:40:00+00:00,R,N,1,109,134,Arizona Diamondbacks,Pittsburgh Pirates
2017,2017-05-12,490628,2017-05-13 02:07:00+00:00,R,N,1,108,116,Los Angeles Angels,Detroit Tigers
2017,2017-05-12,490627,2017-05-13 02:15:00+00:00,R,N,1,137,113,San Francisco Giants,Cincinnati Reds
2017,2017-05-14,490634,2017-05-12 23:05:00+00:00,R,N,1,120,143,Washington Nationals,Philadelphia Phillies
2017,2017-05-13,490653,2017-05-13 17:05:00+00:00,R,N,1,111,139,Boston Red Sox,Tampa Bay Rays
2017,2017-05-13,490652,2017-05-13 17:07:00+00:00,R,N,1,141,136,Toronto Blue Jays,Seattle Mariners
2017,2017-05-13,490642,2017-05-13 20:05:00+00:00,R,N,1,137,113,San Francisco Giants,Cincinnati Reds
2017,2017-05-13,490641,2017-05-13 20:05:00+00:00,R,N,1,138,112,St. Louis Cardinals,Chicago Cubs
2017,2017-05-13,490646,2017-05-13 20:10:00+00:00,R,N,1,114,142,Cleveland Indians,Minnesota Twins
2017,2017-05-13,490649,2017-05-13 23:05:00+00:00,R,N,1,120,143,Washington Nationals,Philadelphia Phillies
2017,2017-05-13,490651,2017-05-13 23:10:00+00:00,R,N,1,145,135,Chicago White Sox,San Diego Padres
2017,2017-05-13,490639,2017-05-13 23:10:00+00:00,R,N,1,146,144,Miami Marlins,Atlanta Braves
2017,2017-05-13,490647,2017-05-13 23:10:00+00:00,R,N,1,158,121,Milwaukee Brewers,New York Mets
2017,2017-05-13,490640,2017-05-13 23:15:00+00:00,R,N,1,118,110,Kansas City Royals,Baltimore Orioles
2017,2017-05-13,490648,2017-05-14 00:05:00+00:00,R,N,1,140,133,Texas Rangers,Oakland Athletics
2017,2017-05-13,490645,2017-05-14 00:10:00+00:00,R,N,1,115,119,Colorado Rockies,Los Angeles Dodgers
2017,2017-05-13,490650,2017-05-14 00:10:00+00:00,R,N,1,109,134,Arizona Diamondbacks,Pittsburgh Pirates
2017,2017-05-13,490643,2017-05-14 01:07:00+00:00,R,N,1,108,116,Los Angeles Angels,Detroit Tigers
2017,2017-05-14,490644,2017-05-13 17:05:00+00:00,R,N,1,147,117,New York Yankees,Houston Astros
2017,2017-05-14,490667,2017-05-14 17:07:00+00:00,R,N,1,141,136,Toronto Blue Jays,Seattle Mariners
2017,2017-05-14,490661,2017-05-14 17:10:00+00:00,R,N,1,114,142,Cleveland Indians,Minnesota Twins
2017,2017-05-14,490654,2017-05-14 17:10:00+00:00,R,N,1,146,144,Miami Marlins,Atlanta Braves
2017,2017-05-14,490668,2017-05-14 17:35:00+00:00,R,N,1,111,139,Boston Red Sox,Tampa Bay Rays
2017,2017-05-14,490664,2017-05-14 17:35:00+00:00,R,S,1,120,143,Washington Nationals,Philadelphia Phillies
2017,2017-05-14,490634,2017-05-14 23:05:00+00:00,R,S,2,120,143,Washington Nationals,Philadelphia Phillies
2017,2017-05-14,490659,2017-05-14 18:05:00+00:00,R,Y,1,147,117,New York Yankees,Houston Astros
2017,2017-05-14,490644,2017-05-14 18:10:00+00:00,R,Y,2,147,117,New York Yankees,Houston Astros
2017,2017-05-14,490666,2017-05-14 18:10:00+00:00,R,N,1,145,135,Chicago White Sox,San Diego Padres
2017,2017-05-14,490662,2017-05-14 18:10:00+00:00,R,N,1,158,121,Milwaukee Brewers,New York Mets
2017,2017-05-14,490655,2017-05-14 18:15:00+00:00,R,N,1,118,110,Kansas City Royals,Baltimore Orioles
2017,2017-05-14,490656,2017-05-14 18:15:00+00:00,R,N,1,138,112,St. Louis Cardinals,Chicago Cubs
2017,2017-05-14,490663,2017-05-14 19:05:00+00:00,R,N,1,140,133,Texas Rangers,Oakland Athletics
2017,2017-05-14,490660,2017-05-14 19:10:00+00:00,R,N,1,115,119,Colorado Rockies,Los Angeles Dodgers
2017,2017-05-14,490658,2017-05-14 19:37:00+00:00,R,N,1,108,116,Los Angeles Angels,Detroit Tigers
2017,2017-05-14,490657,2017-05-14 20:05:00+00:00,R,N,1,137,113,San Francisco Giants,Cincinnati Reds
2017,2017-05-14,490665,2017-05-14 20:10:00+00:00,R,N,1,109,134,Arizona Diamondbacks,Pittsburgh Pirates
2017,2017-05-15,490676,2017-05-15 22:10:00+00:00,R,N,1,114,139,Cleveland Indians,Tampa Bay Rays
2017,2017-05-15,490669,2017-05-15 23:07:00+00:00,R,N,1,141,144,Toronto Blue Jays,Atlanta Braves
2017,2017-05-15,490671,2017-05-15 23:10:00+00:00,R,N,1,146,117,Miami Marlins,Houston Astros
2017,2017-05-15,490674,2017-05-16 01:40:00+00:00,R,N,1,109,121,Arizona Diamondbacks,New York Mets
2017,2017-05-15,490670,2017-05-16 02:07:00+00:00,R,N,1,108,145,Los Angeles Angels,Chicago White Sox
2017,2017-05-15,490675,2017-05-16 02:10:00+00:00,R,N,1,136,133,Seattle Mariners,Oakland Athletics
2017,2017-05-15,490673,2017-05-16 02:10:00+00:00,R,N,1,135,158,San Diego Padres,Milwaukee Brewers
2017,2017-05-15,490672,2017-05-16 02:15:00+00:00,R,N,1,137,119,San Francisco Giants,Los Angeles Dodgers
2017,2017-05-16,490677,2017-05-16 20:07:00+00:00,R,N,1,141,144,Toronto Blue Jays,Atlanta Braves
2017,2017-05-16,490690,2017-05-16 22:10:00+00:00,R,N,1,114,139,Cleveland Indians,Tampa Bay Rays
2017,2017-05-16,490691,2017-05-16 23:05:00+00:00,R,N,1,134,120,Pittsburgh Pirates,Washington Nationals
2017,2017-05-16,490678,2017-05-16 23:10:00+00:00,R,N,1,116,110,Detroit Tigers,Baltimore Orioles
2017,2017-05-16,490683,2017-05-16 23:10:00+00:00,R,N,1,146,117,Miami Marlins,Houston Astros
2017,2017-05-16,490681,2017-05-17 00:05:00+00:00,R,N,1,112,113,Chicago Cubs,Cincinnati Reds
2017,2017-05-16,490689,2017-05-17 00:05:00+00:00,R,N,1,140,143,Texas Rangers,Philadelphia Phillies
2017,2017-05-16,490682,2017-05-17 00:10:00+00:00,R,N,1,142,115,Minnesota Twins,Colorado Rockies
2017,2017-05-16,490679,2017-05-17 00:15:00+00:00,R,N,1,138,111,St. Louis Cardinals,Boston Red Sox
2017,2017-05-16,490687,2017-05-17 00:15:00+00:00,R,N,1,118,147,Kansas City Royals,New York Yankees
2017,2017-05-16,490686,2017-05-17 01:40:00+00:00,R,N,1,109,121,Arizona Diamondbacks,New York Mets
2017,2017-05-16,490680,2017-05-17 02:07:00+00:00,R,N,1,108,145,Los Angeles Angels,Chicago White Sox
2017,2017-05-16,490688,2017-05-17 02:10:00+00:00,R,N,1,136,133,Seattle Mariners,Oakland Athletics
2017,2017-05-16,490685,2017-05-17 02:10:00+00:00,R,N,1,135,158,San Diego Padres,Milwaukee Brewers
2017,2017-05-16,490684,2017-05-17 02:15:00+00:00,R,N,1,137,119,San Francisco Giants,Los Angeles Dodgers
2017,2017-05-17,490704,2017-05-17 16:10:00+00:00,R,N,1,114,139,Cleveland Indians,Tampa Bay Rays
2017,2017-05-17,490697,2017-05-17 16:10:00+00:00,R,N,1,146,117,Miami Marlins,Houston Astros
2017,2017-05-17,490700,2017-05-17 19:40:00+00:00,R,N,1,109,121,Arizona Diamondbacks,New York Mets
2017,2017-05-17,490698,2017-05-17 19:45:00+00:00,R,N,1,137,119,San Francisco Giants,Los Angeles Dodgers
2017,2017-05-17,490706,2017-05-17 23:05:00+00:00,R,N,1,134,120,Pittsburgh Pirates,Washington Nationals
2017,2017-05-17,490692,2017-05-17 23:10:00+00:00,R,N,1,116,110,Detroit Tigers,Baltimore Orioles
2017,2017-05-17,490705,2017-05-17 23:35:00+00:00,R,N,1,144,141,Atlanta Braves,Toronto Blue Jays
2017,2017-05-17,490695,2017-05-18 00:05:00+00:00,R,N,1,112,113,Chicago Cubs,Cincinnati Reds
2017,2017-05-17,490703,2017-05-18 00:05:00+00:00,R,N,1,140,143,Texas Rangers,Philadelphia Phillies
2017,2017-05-17,490693,2017-05-18 00:15:00+00:00,R,N,1,138,111,St. Louis Cardinals,Boston Red Sox
2017,2017-05-17,490701,2017-05-18 00:15:00+00:00,R,N,1,118,147,Kansas City Royals,New York Yankees
2017,2017-05-17,490694,2017-05-18 02:07:00+00:00,R,N,1,108,145,Los Angeles Angels,Chicago White Sox
2017,2017-05-17,490702,2017-05-18 02:10:00+00:00,R,N,1,136,133,Seattle Mariners,Oakland Athletics
2017,2017-05-17,490699,2017-05-18 02:10:00+00:00,R,N,1,135,158,San Diego Padres,Milwaukee Brewers
2017,2017-05-18,490696,2017-05-18 00:10:00+00:00,R,N,1,142,115,Minnesota Twins,Colorado Rockies
2017,2017-05-18,490717,2017-05-18 16:35:00+00:00,R,N,1,134,120,Pittsburgh Pirates,Washington Nationals
2017,2017-05-18,490707,2017-05-18 17:10:00+00:00,R,N,1,116,110,Detroit Tigers,Baltimore Orioles
2017,2017-05-18,490711,2017-05-18 17:10:00+00:00,R,S,1,142,115,Minnesota Twins,Colorado Rockies
2017,2017-05-18,490696,2017-05-18 23:10:00+00:00,R,S,2,142,115,Minnesota Twins,Colorado Rockies
2017,2017-05-18,490715,2017-05-18 18:05:00+00:00,R,N,1,140,143,Texas Rangers,Philadelphia Phillies
2017,2017-05-18,490710,2017-05-18 18:20:00+00:00,R,N,1,112,113,Chicago Cubs,Cincinnati Reds
2017,2017-05-18,490713,2017-05-18 19:40:00+00:00,R,N,1,135,158,San Diego Padres,Milwaukee Brewers
2017,2017-05-18,490716,2017-05-18 23:35:00+00:00,R,N,1,144,141,Atlanta Braves,Toronto Blue Jays
2017,2017-05-18,490714,2017-05-19 00:15:00+00:00,R,N,1,118,147,Kansas City Royals,New York Yankees
2017,2017-05-18,490708,2017-05-19 02:05:00+00:00,R,N,1,133,111,Oakland Athletics,Boston Red Sox
2017,2017-05-18,490709,2017-05-19 02:10:00+00:00,R,N,1,136,145,Seattle Mariners,Chicago White Sox
2017,2017-05-18,490712,2017-05-19 02:10:00+00:00,R,N,1,119,146,Los Angeles Dodgers,Miami Marlins
2017,2017-05-19,490726,2017-05-19 18:20:00+00:00,R,N,1,112,158,Chicago Cubs,Milwaukee Brewers
2017,2017-05-19,490731,2017-05-19 23:05:00+00:00,R,N,1,110,141,Baltimore Orioles,Toronto Blue Jays
2017,2017-05-19,490728,2017-05-19 23:05:00+00:00,R,N,1,134,143,Pittsburgh Pirates,Philadelphia Phillies
2017,2017-05-19,490722,2017-05-19 23:10:00+00:00,R,N,1,113,115,Cincinnati Reds,Colorado Rockies
2017,2017-05-19,490724,2017-05-19 23:10:00+00:00,R,N,1,121,108,New York Mets,Los Angeles Angels
2017,2017-05-19,490730,2017-05-19 23:10:00+00:00,R,N,1,116,140,Detroit Tigers,Texas Rangers
2017,2017-05-19,490727,2017-05-19 23:10:00+00:00,R,N,1,139,147,Tampa Bay Rays,New York Yankees
2017,2017-05-19,490732,2017-05-19 23:35:00+00:00,R,N,1,144,120,Atlanta Braves,Washington Nationals
2017,2017-05-19,490721,2017-05-20 00:10:00+00:00,R,N,1,117,114,Houston Astros,Cleveland Indians
2017,2017-05-19,490723,2017-05-20 00:10:00+00:00,R,N,1,142,118,Minnesota Twins,Kansas City Royals
2017,2017-05-19,490729,2017-05-20 00:15:00+00:00,R,N,1,138,137,St. Louis Cardinals,San Francisco Giants
2017,2017-05-19,490719,2017-05-20 01:35:00+00:00,R,N,1,133,111,Oakland Athletics,Boston Red Sox
2017,2017-05-19,490718,2017-05-20 02:10:00+00:00,R,N,1,135,109,San Diego Padres,Arizona Diamondbacks
2017,2017-05-19,490720,2017-05-20 02:10:00+00:00,R,N,1,136,145,Seattle Mariners,Chicago White Sox
2017,2017-05-19,490725,2017-05-20 02:10:00+00:00,R,N,1,119,146,Los Angeles Dodgers,Miami Marlins
2017,2017-05-20,490734,2017-05-20 20:05:00+00:00,R,N,1,133,111,Oakland Athletics,Boston Red Sox
2017,2017-05-20,490743,2017-05-20 20:05:00+00:00,R,N,1,134,143,Pittsburgh Pirates,Philadelphia Phillies
2017,2017-05-20,490737,2017-05-20 20:10:00+00:00,R,N,1,113,115,Cincinnati Reds,Colorado Rockies
2017,2017-05-20,490736,2017-05-20 20:10:00+00:00,R,N,1,117,114,Houston Astros,Cleveland Indians
2017,2017-05-20,490747,2017-05-20 20:10:00+00:00,R,N,1,144,120,Atlanta Braves,Washington Nationals
2017,2017-05-20,490742,2017-05-20 20:10:00+00:00,R,N,1,139,147,Tampa Bay Rays,New York Yankees
2017,2017-05-20,490739,2017-05-20 23:15:00+00:00,R,N,1,121,108,New York Mets,Los Angeles Angels
2017,2017-05-20,490744,2017-05-20 23:15:00+00:00,R,N,1,138,137,St. Louis Cardinals,San Francisco Giants
2017,2017-05-20,490745,2017-05-20 23:15:00+00:00,R,N,1,116,140,Detroit Tigers,Texas Rangers
2017,2017-05-20,490746,2017-05-20 23:35:00+00:00,R,N,1,110,141,Baltimore Orioles,Toronto Blue Jays
2017,2017-05-20,490733,2017-05-21 02:10:00+00:00,R,N,1,135,109,San Diego Padres,Arizona Diamondbacks
2017,2017-05-20,490735,2017-05-21 02:10:00+00:00,R,N,1,136,145,Seattle Mariners,Chicago White Sox
2017,2017-05-20,490740,2017-05-21 02:10:00+00:00,R,N,1,119,146,Los Angeles Dodgers,Miami Marlins
2017,2017-05-21,490738,2017-05-20 18:10:00+00:00,R,N,1,142,118,Minnesota Twins,Kansas City Royals
2017,2017-07-06,490741,2017-05-20 18:20:00+00:00,R,N,1,112,158,Chicago Cubs,Milwaukee Brewers
2017,2017-05-21,490752,2017-05-21 17:10:00+00:00,R,N,1,113,115,Cincinnati Reds,Colorado Rockies
2017,2017-05-21,490754,2017-05-21 17:10:00+00:00,R,N,1,121,108,New York Mets,Los Angeles Angels
2017,2017-05-21,490757,2017-05-21 17:10:00+00:00,R,N,1,139,147,Tampa Bay Rays,New York Yankees
2017,2017-05-21,490761,2017-05-21 17:35:00+00:00,R,N,1,110,141,Baltimore Orioles,Toronto Blue Jays
2017,2017-05-21,490758,2017-05-21 17:35:00+00:00,R,N,1,134,143,Pittsburgh Pirates,Philadelphia Phillies
2017,2017-05-21,490762,2017-05-21 17:35:00+00:00,R,N,1,144,120,Atlanta Braves,Washington Nationals
2017,2017-05-21,490751,2017-05-21 18:10:00+00:00,R,N,1,117,114,Houston Astros,Cleveland Indians
2017,2017-05-21,490753,2017-05-21 18:10:00+00:00,R,Y,1,142,118,Minnesota Twins,Kansas City Royals
2017,2017-05-21,490738,2017-05-21 18:15:00+00:00,R,Y,2,142,118,Minnesota Twins,Kansas City Royals
2017,2017-05-21,490759,2017-05-21 18:15:00+00:00,R,N,1,138,137,St. Louis Cardinals,San Francisco Giants
2017,2017-05-21,490756,2017-05-21 18:20:00+00:00,R,N,1,112,158,Chicago Cubs,Milwaukee Brewers
2017,2017-05-21,490749,2017-05-21 20:05:00+00:00,R,N,1,133,111,Oakland Athletics,Boston Red Sox
2017,2017-05-21,490750,2017-05-21 20:10:00+00:00,R,N,1,136,145,Seattle Mariners,Chicago White Sox
2017,2017-05-21,490755,2017-05-21 20:10:00+00:00,R,N,1,119,146,Los Angeles Dodgers,Miami Marlins
2017,2017-05-21,490748,2017-05-21 20:40:00+00:00,R,N,1,135,109,San Diego Padres,Arizona Diamondbacks
2017,2017-05-21,490760,2017-05-22 00:05:00+00:00,R,N,1,116,140,Detroit Tigers,Texas Rangers
2017,2017-05-22,490769,2017-05-22 23:05:00+00:00,R,N,1,110,142,Baltimore Orioles,Minnesota Twins
2017,2017-05-22,490765,2017-05-22 23:05:00+00:00,R,N,1,143,115,Philadelphia Phillies,Colorado Rockies
2017,2017-05-22,490767,2017-05-22 23:05:00+00:00,R,N,1,147,118,New York Yankees,Kansas City Royals
2017,2017-05-22,490764,2017-05-22 23:10:00+00:00,R,N,1,113,114,Cincinnati Reds,Cleveland Indians
2017,2017-05-22,490768,2017-05-22 23:10:00+00:00,R,N,1,139,108,Tampa Bay Rays,Los Angeles Angels
2017,2017-05-22,490770,2017-05-22 23:35:00+00:00,R,N,1,144,134,Atlanta Braves,Pittsburgh Pirates
2017,2017-05-22,490771,2017-05-23 00:05:00+00:00,R,N,1,112,137,Chicago Cubs,San Francisco Giants
2017,2017-05-22,490766,2017-05-23 00:10:00+00:00,R,N,1,117,116,Houston Astros,Detroit Tigers
2017,2017-05-22,490763,2017-05-23 01:40:00+00:00,R,N,1,109,145,Arizona Diamondbacks,Chicago White Sox
2017,2017-05-23,490783,2017-05-23 23:05:00+00:00,R,N,1,120,136,Washington Nationals,Seattle Mariners
2017,2017-05-23,490782,2017-05-23 23:05:00+00:00,R,N,1,112,137,Chicago Cubs,San Francisco Giants
2017,2017-05-23,490779,2017-05-23 23:05:00+00:00,R,N,1,110,142,Baltimore Orioles,Minnesota Twins
2017,2017-05-23,490774,2017-05-23 23:05:00+00:00,R,N,1,143,115,Philadelphia Phillies,Colorado Rockies
2017,2017-05-23,490776,2017-05-23 23:05:00+00:00,R,N,1,147,118,New York Yankees,Kansas City Royals
2017,2017-05-23,490773,2017-05-23 23:10:00+00:00,R,N,1,113,114,Cincinnati Reds,Cleveland Indians
2017,2017-05-23,490781,2017-05-23 23:10:00+00:00,R,N,1,121,135,New York Mets,San Diego Padres
2017,2017-05-23,490777,2017-05-23 23:10:00+00:00,R,N,1,139,108,Tampa Bay Rays,Los Angeles Angels
2017,2017-05-23,490785,2017-05-23 23:10:00+00:00,R,N,1,111,140,Boston Red Sox,Texas Rangers
2017,2017-05-23,490780,2017-05-23 23:35:00+00:00,R,N,1,144,134,Atlanta Braves,Pittsburgh Pirates
2017,2017-05-23,490786,2017-05-23 23:40:00+00:00,R,N,1,158,141,Milwaukee Brewers,Toronto Blue Jays
2017,2017-05-23,490775,2017-05-24 00:10:00+00:00,R,N,1,117,116,Houston Astros,Detroit Tigers
2017,2017-05-23,490772,2017-05-24 01:40:00+00:00,R,N,1,109,145,Arizona Diamondbacks,Chicago White Sox
2017,2017-05-23,490778,2017-05-24 02:05:00+00:00,R,N,1,133,146,Oakland Athletics,Miami Marlins
2017,2017-05-23,490784,2017-05-24 02:10:00+00:00,R,N,1,119,138,Los Angeles Dodgers,St. Louis Cardinals
2017,2017-05-24,490794,2017-05-24 16:35:00+00:00,R,N,1,110,142,Baltimore Orioles,Minnesota Twins
2017,2017-05-24,490801,2017-05-24 17:10:00+00:00,R,N,1,158,141,Milwaukee Brewers,Toronto Blue Jays
2017,2017-05-24,490793,2017-05-24 19:35:00+00:00,R,N,1,133,146,Oakland Athletics,Miami Marlins
2017,2017-05-24,490787,2017-05-24 19:40:00+00:00,R,N,1,109,145,Arizona Diamondbacks,Chicago White Sox
2017,2017-05-24,490788,2017-05-24 22:10:00+00:00,R,N,1,114,113,Cleveland Indians,Cincinnati Reds
2017,2017-05-24,490798,2017-05-24 23:05:00+00:00,R,N,1,120,136,Washington Nationals,Seattle Mariners
2017,2017-05-24,490789,2017-05-24 23:05:00+00:00,R,N,1,143,115,Philadelphia Phillies,Colorado Rockies
2017,2017-05-24,490791,2017-05-24 23:05:00+00:00,R,N,1,147,118,New York Yankees,Kansas City Royals
2017,2017-05-24,490796,2017-05-24 23:10:00+00:00,R,N,1,121,135,New York Mets,San Diego Padres
2017,2017-05-24,490792,2017-05-24 23:10:00+00:00,R,N,1,139,108,Tampa Bay Rays,Los Angeles Angels
2017,2017-05-24,490800,2017-05-24 23:10:00+00:00,R,N,1,111,140,Boston Red Sox,Texas Rangers
2017,2017-05-24,490795,2017-05-24 23:35:00+00:00,R,N,1,144,134,Atlanta Braves,Pittsburgh Pirates
2017,2017-05-24,490797,2017-05-25 00:05:00+00:00,R,N,1,112,137,Chicago Cubs,San Francisco Giants
2017,2017-05-24,490790,2017-05-25 00:10:00+00:00,R,N,1,117,116,Houston Astros,Detroit Tigers
2017,2017-05-24,490799,2017-05-25 02:10:00+00:00,R,N,1,119,138,Los Angeles Dodgers,St. Louis Cardinals
2017,2017-05-25,490811,2017-05-25 16:05:00+00:00,R,N,1,120,136,Washington Nationals,Seattle Mariners
2017,2017-05-25,490808,2017-05-25 16:10:00+00:00,R,N,1,144,134,Atlanta Braves,Pittsburgh Pirates
2017,2017-05-25,490804,2017-05-25 17:05:00+00:00,R,N,1,143,115,Philadelphia Phillies,Colorado Rockies
2017,2017-05-25,490807,2017-05-25 17:10:00+00:00,R,N,1,139,108,Tampa Bay Rays,Los Angeles Angels
2017,2017-05-25,490810,2017-05-25 18:20:00+00:00,R,N,1,112,137,Chicago Cubs,San Francisco Giants
2017,2017-05-25,490809,2017-05-25 23:10:00+00:00,R,N,1,121,135,New York Mets,San Diego Padres
2017,2017-05-25,490813,2017-05-25 23:10:00+00:00,R,N,1,111,140,Boston Red Sox,Texas Rangers
2017,2017-05-25,490805,2017-05-26 00:10:00+00:00,R,N,1,117,116,Houston Astros,Detroit Tigers
2017,2017-05-25,490802,2017-05-26 00:10:00+00:00,R,N,1,158,109,Milwaukee Brewers,Arizona Diamondbacks
2017,2017-05-25,490812,2017-05-26 02:10:00+00:00,R,N,1,119,138,Los Angeles Dodgers,St. Louis Cardinals
2017,2017-09-25,490806,2017-05-25 17:05:00+00:00,R,N,1,147,118,New York Yankees,Kansas City Royals
2017,2017-07-24,490803,2017-05-25 22:10:00+00:00,R,N,1,114,113,Cleveland Indians,Cincinnati Reds
2017,2017-05-26,490822,2017-05-26 23:05:00+00:00,R,N,1,134,121,Pittsburgh Pirates,New York Mets
2017,2017-05-26,490824,2017-05-26 23:05:00+00:00,R,N,1,120,135,Washington Nationals,San Diego Padres
2017,2017-05-26,490818,2017-05-26 23:05:00+00:00,R,N,1,143,113,Philadelphia Phillies,Cincinnati Reds
2017,2017-05-26,490823,2017-05-26 23:05:00+00:00,R,N,1,147,133,New York Yankees,Oakland Athletics
2017,2017-05-26,490828,2017-05-26 23:07:00+00:00,R,N,1,141,140,Toronto Blue Jays,Texas Rangers
2017,2017-05-26,490820,2017-05-26 23:10:00+00:00,R,N,1,114,118,Cleveland Indians,Kansas City Royals
2017,2017-05-26,490825,2017-05-26 23:10:00+00:00,R,N,1,111,136,Boston Red Sox,Seattle Mariners
2017,2017-05-26,490821,2017-05-26 23:10:00+00:00,R,N,1,146,108,Miami Marlins,Los Angeles Angels
2017,2017-05-26,490816,2017-05-27 00:10:00+00:00,R,N,1,117,110,Houston Astros,Baltimore Orioles
2017,2017-05-26,490827,2017-05-27 00:10:00+00:00,R,N,1,142,139,Minnesota Twins,Tampa Bay Rays
2017,2017-05-26,490819,2017-05-27 00:10:00+00:00,R,Y,1,145,116,Chicago White Sox,Detroit Tigers
2017,2017-05-26,490814,2017-05-27 00:10:00+00:00,R,N,1,158,109,Milwaukee Brewers,Arizona Diamondbacks
2017,2017-05-26,490826,2017-05-27 00:40:00+00:00,R,N,1,115,138,Colorado Rockies,St. Louis Cardinals
2017,2017-05-26,490817,2017-05-27 02:10:00+00:00,R,N,1,119,112,Los Angeles Dodgers,Chicago Cubs
2017,2017-05-26,490815,2017-05-27 02:15:00+00:00,R,N,1,137,144,San Francisco Giants,Atlanta Braves
2017,2017-05-27,490124,2017-05-27 00:15:00+00:00,R,Y,2,145,116,Chicago White Sox,Detroit Tigers
2017,2017-05-27,490838,2017-05-27 17:05:00+00:00,R,N,1,147,133,New York Yankees,Oakland Athletics
2017,2017-05-27,490843,2017-05-27 17:07:00+00:00,R,N,1,141,140,Toronto Blue Jays,Texas Rangers
2017,2017-05-27,490842,2017-05-27 18:10:00+00:00,R,N,1,142,139,Minnesota Twins,Tampa Bay Rays
2017,2017-05-27,490834,2017-05-27 18:10:00+00:00,R,Y,1,145,116,Chicago White Sox,Detroit Tigers
2017,2017-05-27,490124,2017-05-27 18:15:00+00:00,R,Y,2,145,116,Chicago White Sox,Detroit Tigers
2017,2017-05-27,490839,2017-05-27 20:05:00+00:00,R,N,1,120,135,Washington Nationals,San Diego Padres
2017,2017-05-27,490840,2017-05-27 20:05:00+00:00,R,N,1,111,136,Boston Red Sox,Seattle Mariners
2017,2017-05-27,490833,2017-05-27 20:05:00+00:00,R,N,1,143,113,Philadelphia Phillies,Cincinnati Reds
2017,2017-05-27,490835,2017-05-27 20:10:00+00:00,R,N,1,114,118,Cleveland Indians,Kansas City Royals
2017,2017-05-27,490836,2017-05-27 20:10:00+00:00,R,N,1,146,108,Miami Marlins,Los Angeles Angels
2017,2017-05-27,490829,2017-05-27 20:10:00+00:00,R,N,1,158,109,Milwaukee Brewers,Arizona Diamondbacks
2017,2017-05-27,490831,2017-05-27 23:15:00+00:00,R,N,1,117,110,Houston Astros,Baltimore Orioles
2017,2017-05-27,490832,2017-05-27 23:15:00+00:00,R,N,1,119,112,Los Angeles Dodgers,Chicago Cubs
2017,2017-05-27,490837,2017-05-27 23:15:00+00:00,R,N,1,134,121,Pittsburgh Pirates,New York Mets
2017,2017-05-27,490841,2017-05-28 01:10:00+00:00,R,N,1,115,138,Colorado Rockies,St. Louis Cardinals
2017,2017-05-27,490830,2017-05-28 02:05:00+00:00,R,N,1,137,144,San Francisco Giants,Atlanta Braves
2017,2017-05-28,490853,2017-05-28 17:05:00+00:00,R,N,1,147,133,New York Yankees,Oakland Athletics
2017,2017-05-28,490858,2017-05-28 17:07:00+00:00,R,N,1,141,140,Toronto Blue Jays,Texas Rangers
2017,2017-05-28,490850,2017-05-28 17:10:00+00:00,R,N,1,114,118,Cleveland Indians,Kansas City Royals
2017,2017-05-28,490851,2017-05-28 17:10:00+00:00,R,N,1,146,108,Miami Marlins,Los Angeles Angels
2017,2017-05-28,490854,2017-05-28 17:35:00+00:00,R,N,1,120,135,Washington Nationals,San Diego Padres
2017,2017-05-28,490855,2017-05-28 17:35:00+00:00,R,N,1,111,136,Boston Red Sox,Seattle Mariners
2017,2017-05-28,490848,2017-05-28 17:35:00+00:00,R,N,1,143,113,Philadelphia Phillies,Cincinnati Reds
2017,2017-05-28,490846,2017-05-28 18:10:00+00:00,R,N,1,117,110,Houston Astros,Baltimore Orioles
2017,2017-05-28,490857,2017-05-28 18:10:00+00:00,R,N,1,142,139,Minnesota Twins,Tampa Bay Rays
2017,2017-05-28,490849,2017-05-28 18:10:00+00:00,R,N,1,145,116,Chicago White Sox,Detroit Tigers
2017,2017-05-28,490844,2017-05-28 18:10:00+00:00,R,N,1,158,109,Milwaukee Brewers,Arizona Diamondbacks
2017,2017-05-28,490856,2017-05-28 19:10:00+00:00,R,N,1,115,138,Colorado Rockies,St. Louis Cardinals
2017,2017-05-28,490845,2017-05-28 20:05:00+00:00,R,N,1,137,144,San Francisco Giants,Atlanta Braves
2017,2017-05-28,490847,2017-05-28 20:10:00+00:00,R,N,1,119,112,Los Angeles Dodgers,Chicago Cubs
2017,2017-05-28,490852,2017-05-29 00:00:00+00:00,R,N,1,134,121,Pittsburgh Pirates,New York Mets
2017,2017-05-29,490868,2017-05-29 17:05:00+00:00,R,N,1,110,147,Baltimore Orioles,New York Yankees
2017,2017-05-29,490865,2017-05-29 18:10:00+00:00,R,N,1,142,117,Minnesota Twins,Houston Astros
2017,2017-05-29,490861,2017-05-29 18:10:00+00:00,R,N,1,145,111,Chicago White Sox,Boston Red Sox
2017,2017-05-29,490866,2017-05-29 18:15:00+00:00,R,N,1,138,119,St. Louis Cardinals,Los Angeles Dodgers
2017,2017-05-29,490871,2017-05-29 19:10:00+00:00,R,N,1,115,136,Colorado Rockies,Seattle Mariners
2017,2017-05-29,490859,2017-05-29 20:05:00+00:00,R,N,1,134,109,Pittsburgh Pirates,Arizona Diamondbacks
2017,2017-05-29,490873,2017-05-29 20:05:00+00:00,R,N,1,137,120,San Francisco Giants,Washington Nationals
2017,2017-05-29,490869,2017-05-29 20:10:00+00:00,R,N,1,114,133,Cleveland Indians,Oakland Athletics
2017,2017-05-29,490867,2017-05-29 20:10:00+00:00,R,N,1,121,158,New York Mets,Milwaukee Brewers
2017,2017-05-29,490862,2017-05-29 20:40:00+00:00,R,N,1,135,112,San Diego Padres,Chicago Cubs
2017,2017-05-29,490863,2017-05-29 23:07:00+00:00,R,N,1,141,113,Toronto Blue Jays,Cincinnati Reds
2017,2017-05-29,490870,2017-05-29 23:10:00+00:00,R,N,1,146,143,Miami Marlins,Philadelphia Phillies
2017,2017-05-29,490864,2017-05-29 23:15:00+00:00,R,N,1,118,116,Kansas City Royals,Detroit Tigers
2017,2017-05-29,490872,2017-05-30 00:05:00+00:00,R,N,1,140,139,Texas Rangers,Tampa Bay Rays
2017,2017-05-29,490860,2017-05-30 01:07:00+00:00,R,N,1,108,144,Los Angeles Angels,Atlanta Braves
2017,2017-05-30,490884,2017-05-30 22:10:00+00:00,R,N,1,114,133,Cleveland Indians,Oakland Athletics
2017,2017-05-30,490874,2017-05-30 23:05:00+00:00,R,N,1,134,109,Pittsburgh Pirates,Arizona Diamondbacks
2017,2017-05-30,490881,2017-05-30 23:05:00+00:00,R,N,1,138,119,St. Louis Cardinals,Los Angeles Dodgers
2017,2017-05-30,490883,2017-05-30 23:05:00+00:00,R,N,1,110,147,Baltimore Orioles,New York Yankees
2017,2017-05-30,490878,2017-05-30 23:07:00+00:00,R,N,1,141,113,Toronto Blue Jays,Cincinnati Reds
2017,2017-05-30,490886,2017-05-30 23:10:00+00:00,R,N,1,115,136,Colorado Rockies,Seattle Mariners
2017,2017-05-30,490885,2017-05-30 23:10:00+00:00,R,N,1,146,143,Miami Marlins,Philadelphia Phillies
2017,2017-05-30,490882,2017-05-30 23:10:00+00:00,R,N,1,121,158,New York Mets,Milwaukee Brewers
2017,2017-05-30,490887,2017-05-31 00:05:00+00:00,R,N,1,140,139,Texas Rangers,Tampa Bay Rays
2017,2017-05-30,490880,2017-05-31 00:10:00+00:00,R,N,1,142,117,Minnesota Twins,Houston Astros
2017,2017-05-30,490876,2017-05-31 00:10:00+00:00,R,N,1,145,111,Chicago White Sox,Boston Red Sox
2017,2017-05-30,490879,2017-05-31 00:15:00+00:00,R,N,1,118,116,Kansas City Royals,Detroit Tigers
2017,2017-05-30,490875,2017-05-31 02:07:00+00:00,R,N,1,108,144,Los Angeles Angels,Atlanta Braves
2017,2017-05-30,490877,2017-05-31 02:10:00+00:00,R,N,1,135,112,San Diego Padres,Chicago Cubs
2017,2017-05-30,490888,2017-05-31 02:15:00+00:00,R,N,1,137,120,San Francisco Giants,Washington Nationals
2017,2017-05-31,490889,2017-05-31 16:35:00+00:00,R,N,1,134,109,Pittsburgh Pirates,Arizona Diamondbacks
2017,2017-05-31,490893,2017-05-31 16:37:00+00:00,R,N,1,141,113,Toronto Blue Jays,Cincinnati Reds
2017,2017-05-31,490896,2017-05-31 17:10:00+00:00,R,N,1,142,117,Minnesota Twins,Houston Astros
2017,2017-05-31,490901,2017-05-31 17:10:00+00:00,R,N,1,146,143,Miami Marlins,Philadelphia Phillies
2017,2017-05-31,490892,2017-05-31 19:40:00+00:00,R,N,1,135,112,San Diego Padres,Chicago Cubs
2017,2017-05-31,490900,2017-05-31 22:10:00+00:00,R,N,1,114,133,Cleveland Indians,Oakland Athletics
2017,2017-05-31,490899,2017-05-31 23:05:00+00:00,R,N,1,110,147,Baltimore Orioles,New York Yankees
2017,2017-05-31,490898,2017-05-31 23:10:00+00:00,R,N,1,121,158,New York Mets,Milwaukee Brewers
2017,2017-05-31,490902,2017-06-01 00:05:00+00:00,R,N,1,140,139,Texas Rangers,Tampa Bay Rays
2017,2017-05-31,490891,2017-06-01 00:10:00+00:00,R,N,1,145,111,Chicago White Sox,Boston Red Sox
2017,2017-05-31,490895,2017-06-01 00:15:00+00:00,R,N,1,118,116,Kansas City Royals,Detroit Tigers
2017,2017-05-31,490897,2017-06-01 00:15:00+00:00,R,N,1,138,119,St. Louis Cardinals,Los Angeles Dodgers
2017,2017-05-31,490890,2017-06-01 02:07:00+00:00,R,N,1,108,144,Los Angeles Angels,Atlanta Braves
2017,2017-05-31,490894,2017-06-01 02:10:00+00:00,R,N,1,136,115,Seattle Mariners,Colorado Rockies
2017,2017-05-31,490903,2017-06-01 02:15:00+00:00,R,N,1,137,120,San Francisco Giants,Washington Nationals
2017,2017-06-01,490911,2017-06-01 16:10:00+00:00,R,N,1,114,133,Cleveland Indians,Oakland Athletics
2017,2017-06-01,490908,2017-06-01 17:10:00+00:00,R,N,1,121,158,New York Mets,Milwaukee Brewers
2017,2017-06-01,490907,2017-06-01 17:45:00+00:00,R,N,1,138,119,St. Louis Cardinals,Los Angeles Dodgers
2017,2017-06-01,490906,2017-06-01 19:40:00+00:00,R,N,1,136,115,Seattle Mariners,Colorado Rockies
2017,2017-06-01,490905,2017-06-01 23:05:00+00:00,R,N,1,110,111,Baltimore Orioles,Boston Red Sox
2017,2017-06-01,490910,2017-06-01 23:07:00+00:00,R,N,1,141,147,Toronto Blue Jays,New York Yankees
2017,2017-06-01,490904,2017-06-01 23:10:00+00:00,R,N,1,146,109,Miami Marlins,Arizona Diamondbacks
2017,2017-06-01,490909,2017-06-02 02:07:00+00:00,R,N,1,108,142,Los Angeles Angels,Minnesota Twins
2017,2017-06-02,490924,2017-06-02 18:20:00+00:00,R,N,1,112,138,Chicago Cubs,St. Louis Cardinals
2017,2017-06-02,490914,2017-06-02 23:05:00+00:00,R,N,1,110,111,Baltimore Orioles,Boston Red Sox
2017,2017-06-02,490923,2017-06-02 23:05:00+00:00,R,N,1,143,137,Philadelphia Phillies,San Francisco Giants
2017,2017-06-02,490921,2017-06-02 23:07:00+00:00,R,N,1,141,147,Toronto Blue Jays,New York Yankees
2017,2017-06-02,490922,2017-06-02 23:10:00+00:00,R,N,1,121,134,New York Mets,Pittsburgh Pirates
2017,2017-06-02,490913,2017-06-02 23:10:00+00:00,R,N,1,113,144,Cincinnati Reds,Atlanta Braves
2017,2017-06-02,490915,2017-06-02 23:10:00+00:00,R,N,1,116,145,Detroit Tigers,Chicago White Sox
2017,2017-06-02,490912,2017-06-02 23:10:00+00:00,R,N,1,146,109,Miami Marlins,Arizona Diamondbacks
2017,2017-06-02,490918,2017-06-03 00:05:00+00:00,R,N,1,140,117,Texas Rangers,Houston Astros
2017,2017-06-02,490919,2017-06-03 00:10:00+00:00,R,N,1,158,119,Milwaukee Brewers,Los Angeles Dodgers
2017,2017-06-02,490916,2017-06-03 00:15:00+00:00,R,N,1,118,114,Kansas City Royals,Cleveland Indians
2017,2017-06-02,490926,2017-06-03 02:05:00+00:00,R,N,1,133,120,Oakland Athletics,Washington Nationals
2017,2017-06-02,490920,2017-06-03 02:07:00+00:00,R,N,1,108,142,Los Angeles Angels,Minnesota Twins
2017,2017-06-02,490917,2017-06-03 02:10:00+00:00,R,N,1,135,115,San Diego Padres,Colorado Rockies
2017,2017-06-02,490925,2017-06-03 02:10:00+00:00,R,N,1,136,139,Seattle Mariners,Tampa Bay Rays
2017,2017-06-03,490936,2017-06-03 17:07:00+00:00,R,N,1,141,147,Toronto Blue Jays,New York Yankees
2017,2017-06-03,490931,2017-06-03 18:15:00+00:00,R,N,1,118,114,Kansas City Royals,Cleveland Indians
2017,2017-06-03,490939,2017-06-03 18:20:00+00:00,R,N,1,112,138,Chicago Cubs,St. Louis Cardinals
2017,2017-06-03,490941,2017-06-03 20:05:00+00:00,R,N,1,133,120,Oakland Athletics,Washington Nationals
2017,2017-06-03,490938,2017-06-03 20:05:00+00:00,R,N,1,143,137,Philadelphia Phillies,San Francisco Giants
2017,2017-06-03,490932,2017-06-03 20:10:00+00:00,R,N,1,135,115,San Diego Padres,Colorado Rockies
2017,2017-06-03,490928,2017-06-03 20:10:00+00:00,R,N,1,113,144,Cincinnati Reds,Atlanta Braves
2017,2017-06-03,490930,2017-06-03 20:10:00+00:00,R,N,1,116,145,Detroit Tigers,Chicago White Sox
2017,2017-06-03,490927,2017-06-03 20:10:00+00:00,R,N,1,146,109,Miami Marlins,Arizona Diamondbacks
2017,2017-06-03,490934,2017-06-03 20:10:00+00:00,R,N,1,158,119,Milwaukee Brewers,Los Angeles Dodgers
2017,2017-06-03,490929,2017-06-03 23:15:00+00:00,R,N,1,110,111,Baltimore Orioles,Boston Red Sox
2017,2017-06-03,490937,2017-06-03 23:15:00+00:00,R,N,1,121,134,New York Mets,Pittsburgh Pirates
2017,2017-06-03,490933,2017-06-03 23:15:00+00:00,R,N,1,140,117,Texas Rangers,Houston Astros
2017,2017-06-03,490935,2017-06-04 02:07:00+00:00,R,N,1,108,142,Los Angeles Angels,Minnesota Twins
2017,2017-06-03,490940,2017-06-04 02:10:00+00:00,R,N,1,136,139,Seattle Mariners,Tampa Bay Rays
2017,2017-06-04,490951,2017-06-04 17:07:00+00:00,R,N,1,141,147,Toronto Blue Jays,New York Yankees
2017,2017-06-04,490952,2017-06-04 17:10:00+00:00,R,N,1,121,134,New York Mets,Pittsburgh Pirates
2017,2017-06-04,490943,2017-06-04 17:10:00+00:00,R,N,1,113,144,Cincinnati Reds,Atlanta Braves
2017,2017-06-04,490945,2017-06-04 17:10:00+00:00,R,N,1,116,145,Detroit Tigers,Chicago White Sox
2017,2017-06-04,490942,2017-06-04 17:10:00+00:00,R,N,1,146,109,Miami Marlins,Arizona Diamondbacks
2017,2017-06-04,490944,2017-06-04 17:35:00+00:00,R,N,1,110,111,Baltimore Orioles,Boston Red Sox
2017,2017-06-04,490953,2017-06-04 17:35:00+00:00,R,N,1,143,137,Philadelphia Phillies,San Francisco Giants
2017,2017-06-04,490949,2017-06-04 18:10:00+00:00,R,N,1,158,119,Milwaukee Brewers,Los Angeles Dodgers
2017,2017-06-04,490946,2017-06-04 18:15:00+00:00,R,N,1,118,114,Kansas City Royals,Cleveland Indians
2017,2017-06-04,490948,2017-06-04 19:05:00+00:00,R,N,1,140,117,Texas Rangers,Houston Astros
2017,2017-06-04,490950,2017-06-04 19:37:00+00:00,R,N,1,108,142,Los Angeles Angels,Minnesota Twins
2017,2017-06-04,490956,2017-06-04 20:05:00+00:00,R,N,1,133,120,Oakland Athletics,Washington Nationals
2017,2017-06-04,490955,2017-06-04 20:10:00+00:00,R,N,1,136,139,Seattle Mariners,Tampa Bay Rays
2017,2017-06-04,490947,2017-06-04 20:40:00+00:00,R,N,1,135,115,San Diego Padres,Colorado Rockies
2017,2017-06-04,490954,2017-06-04 23:35:00+00:00,R,N,1,112,138,Chicago Cubs,St. Louis Cardinals
2017,2017-06-05,490961,2017-06-05 23:10:00+00:00,R,N,1,113,138,Cincinnati Reds,St. Louis Cardinals
2017,2017-06-05,490959,2017-06-05 23:35:00+00:00,R,N,1,144,143,Atlanta Braves,Philadelphia Phillies
2017,2017-06-05,490960,2017-06-05 23:40:00+00:00,R,N,1,158,137,Milwaukee Brewers,San Francisco Giants
2017,2017-06-05,490958,2017-06-06 00:05:00+00:00,R,N,1,112,146,Chicago Cubs,Miami Marlins
2017,2017-06-05,490957,2017-06-06 00:15:00+00:00,R,N,1,118,117,Kansas City Royals,Houston Astros
2017,2017-06-05,490962,2017-06-06 02:05:00+00:00,R,N,1,133,141,Oakland Athletics,Toronto Blue Jays
2017,2017-06-05,490963,2017-06-06 02:10:00+00:00,R,N,1,119,120,Los Angeles Dodgers,Washington Nationals
2017,2017-06-06,490973,2017-06-06 23:05:00+00:00,R,N,1,110,134,Baltimore Orioles,Pittsburgh Pirates
2017,2017-06-06,490964,2017-06-06 23:05:00+00:00,R,N,1,147,111,New York Yankees,Boston Red Sox
2017,2017-06-06,490968,2017-06-06 23:10:00+00:00,R,N,1,116,108,Detroit Tigers,Los Angeles Angels
2017,2017-06-06,490976,2017-06-06 23:10:00+00:00,R,N,1,113,138,Cincinnati Reds,St. Louis Cardinals
2017,2017-06-06,490965,2017-06-06 23:10:00+00:00,R,N,1,139,145,Tampa Bay Rays,Chicago White Sox
2017,2017-06-06,490972,2017-06-06 23:35:00+00:00,R,N,1,144,143,Atlanta Braves,Philadelphia Phillies
2017,2017-06-06,490975,2017-06-06 23:40:00+00:00,R,N,1,158,137,Milwaukee Brewers,San Francisco Giants
2017,2017-06-06,490971,2017-06-07 00:05:00+00:00,R,N,1,140,121,Texas Rangers,New York Mets
2017,2017-06-06,490969,2017-06-07 00:05:00+00:00,R,N,1,112,146,Chicago Cubs,Miami Marlins
2017,2017-06-06,490967,2017-06-07 00:15:00+00:00,R,N,1,118,117,Kansas City Royals,Houston Astros
2017,2017-06-06,490966,2017-06-07 00:40:00+00:00,R,N,1,115,114,Colorado Rockies,Cleveland Indians
2017,2017-06-06,490974,2017-06-07 01:40:00+00:00,R,N,1,109,135,Arizona Diamondbacks,San Diego Padres
2017,2017-06-06,490977,2017-06-07 02:05:00+00:00,R,N,1,133,141,Oakland Athletics,Toronto Blue Jays
2017,2017-06-06,490978,2017-06-07 02:10:00+00:00,R,N,1,119,120,Los Angeles Dodgers,Washington Nationals
2017,2017-06-06,490970,2017-06-07 02:10:00+00:00,R,N,1,136,142,Seattle Mariners,Minnesota Twins
2017,2017-06-07,490981,2017-06-07 19:10:00+00:00,R,N,1,115,114,Colorado Rockies,Cleveland Indians
2017,2017-06-07,490993,2017-06-07 19:10:00+00:00,R,N,1,119,120,Los Angeles Dodgers,Washington Nationals
2017,2017-06-07,490992,2017-06-07 19:35:00+00:00,R,N,1,133,141,Oakland Athletics,Toronto Blue Jays
2017,2017-06-07,490988,2017-06-07 23:05:00+00:00,R,N,1,110,134,Baltimore Orioles,Pittsburgh Pirates
2017,2017-06-07,490979,2017-06-07 23:05:00+00:00,R,N,1,147,111,New York Yankees,Boston Red Sox
2017,2017-06-07,490983,2017-06-07 23:10:00+00:00,R,N,1,116,108,Detroit Tigers,Los Angeles Angels
2017,2017-06-07,490991,2017-06-07 23:10:00+00:00,R,N,1,113,138,Cincinnati Reds,St. Louis Cardinals
2017,2017-06-07,490980,2017-06-07 23:10:00+00:00,R,N,1,139,145,Tampa Bay Rays,Chicago White Sox
2017,2017-06-07,490987,2017-06-07 23:35:00+00:00,R,N,1,144,143,Atlanta Braves,Philadelphia Phillies
2017,2017-06-07,490986,2017-06-08 00:05:00+00:00,R,N,1,140,121,Texas Rangers,New York Mets
2017,2017-06-07,490984,2017-06-08 00:05:00+00:00,R,N,1,112,146,Chicago Cubs,Miami Marlins
2017,2017-06-07,490990,2017-06-08 00:10:00+00:00,R,N,1,158,137,Milwaukee Brewers,San Francisco Giants
2017,2017-06-07,490982,2017-06-08 00:15:00+00:00,R,N,1,118,117,Kansas City Royals,Houston Astros
2017,2017-06-07,490989,2017-06-08 01:40:00+00:00,R,N,1,109,135,Arizona Diamondbacks,San Diego Padres
2017,2017-06-07,490985,2017-06-08 02:10:00+00:00,R,N,1,136,142,Seattle Mariners,Minnesota Twins
2017,2017-06-08,491004,2017-06-08 16:35:00+00:00,R,N,1,113,138,Cincinnati Reds,St. Louis Cardinals
2017,2017-06-08,490998,2017-06-08 17:10:00+00:00,R,N,1,116,108,Detroit Tigers,Los Angeles Angels
2017,2017-06-08,491003,2017-06-08 18:10:00+00:00,R,N,1,158,137,Milwaukee Brewers,San Francisco Giants
2017,2017-06-08,491002,2017-06-08 19:40:00+00:00,R,N,1,109,135,Arizona Diamondbacks,San Diego Padres
2017,2017-06-08,490612,2017-06-08 23:05:00+00:00,R,N,1,120,110,Washington Nationals,Baltimore Orioles
2017,2017-06-08,490999,2017-06-08 23:05:00+00:00,R,N,1,134,146,Pittsburgh Pirates,Miami Marlins
2017,2017-06-08,490994,2017-06-08 23:05:00+00:00,R,N,1,147,111,New York Yankees,Boston Red Sox
2017,2017-06-08,490995,2017-06-08 23:10:00+00:00,R,N,1,139,145,Tampa Bay Rays,Chicago White Sox
2017,2017-06-08,491001,2017-06-08 23:35:00+00:00,R,N,1,144,143,Atlanta Braves,Philadelphia Phillies
2017,2017-06-08,490996,2017-06-09 00:05:00+00:00,R,N,1,112,115,Chicago Cubs,Colorado Rockies
2017,2017-06-08,490997,2017-06-09 00:15:00+00:00,R,N,1,118,117,Kansas City Royals,Houston Astros
2017,2017-06-08,491000,2017-06-09 02:10:00+00:00,R,N,1,136,142,Seattle Mariners,Minnesota Twins
2017,2017-06-09,491008,2017-06-09 18:20:00+00:00,R,N,1,112,115,Chicago Cubs,Colorado Rockies
2017,2017-06-09,491018,2017-06-09 23:05:00+00:00,R,N,1,120,140,Washington Nationals,Texas Rangers
2017,2017-06-09,491012,2017-06-09 23:05:00+00:00,R,N,1,134,146,Pittsburgh Pirates,Miami Marlins
2017,2017-06-09,491009,2017-06-09 23:10:00+00:00,R,N,1,111,116,Boston Red Sox,Detroit Tigers
2017,2017-06-09,491016,2017-06-09 23:10:00+00:00,R,N,1,139,133,Tampa Bay Rays,Oakland Athletics
2017,2017-06-09,491006,2017-06-09 23:10:00+00:00,R,N,1,114,145,Cleveland Indians,Chicago White Sox
2017,2017-06-09,491015,2017-06-09 23:35:00+00:00,R,N,1,144,121,Atlanta Braves,New York Mets
2017,2017-06-09,491005,2017-06-09 23:35:00+00:00,R,N,1,147,110,New York Yankees,Baltimore Orioles
2017,2017-06-09,491011,2017-06-10 00:10:00+00:00,R,N,1,117,108,Houston Astros,Los Angeles Angels
2017,2017-06-09,491017,2017-06-10 00:15:00+00:00,R,N,1,138,143,St. Louis Cardinals,Philadelphia Phillies
2017,2017-06-09,491013,2017-06-10 01:40:00+00:00,R,N,1,109,158,Arizona Diamondbacks,Milwaukee Brewers
2017,2017-06-09,491007,2017-06-10 02:10:00+00:00,R,N,1,119,113,Los Angeles Dodgers,Cincinnati Reds
2017,2017-06-09,491010,2017-06-10 02:10:00+00:00,R,N,1,135,118,San Diego Padres,Kansas City Royals
2017,2017-06-09,491019,2017-06-10 02:10:00+00:00,R,N,1,136,141,Seattle Mariners,Toronto Blue Jays
2017,2017-06-09,491014,2017-06-10 02:15:00+00:00,R,N,1,137,142,San Francisco Giants,Minnesota Twins
2017,2017-06-10,491034,2017-06-10 16:05:00+00:00,R,N,1,120,140,Washington Nationals,Texas Rangers
2017,2017-06-10,490524,2017-06-10 17:00:00+00:00,R,S,1,144,121,Atlanta Braves,New York Mets
2017,2017-06-10,491030,2017-06-10 22:00:00+00:00,R,S,2,144,121,Atlanta Braves,New York Mets
2017,2017-06-10,491031,2017-06-10 18:10:00+00:00,R,Y,1,139,133,Tampa Bay Rays,Oakland Athletics
2017,2017-06-10,491032,2017-06-10 18:15:00+00:00,R,Y,2,139,133,Tampa Bay Rays,Oakland Athletics
2017,2017-06-10,491033,2017-06-10 18:15:00+00:00,R,N,1,138,143,St. Louis Cardinals,Philadelphia Phillies
2017,2017-06-10,491023,2017-06-10 18:20:00+00:00,R,N,1,112,115,Chicago Cubs,Colorado Rockies
2017,2017-06-10,491029,2017-06-10 20:05:00+00:00,R,N,1,137,142,San Francisco Giants,Minnesota Twins
2017,2017-06-10,491027,2017-06-10 20:05:00+00:00,R,N,1,134,146,Pittsburgh Pirates,Miami Marlins
2017,2017-06-10,491026,2017-06-10 20:10:00+00:00,R,N,1,117,108,Houston Astros,Los Angeles Angels
2017,2017-06-10,491025,2017-06-10 20:10:00+00:00,R,N,1,135,118,San Diego Padres,Kansas City Royals
2017,2017-06-10,491024,2017-06-10 23:15:00+00:00,R,N,1,111,116,Boston Red Sox,Detroit Tigers
2017,2017-06-10,491021,2017-06-10 23:15:00+00:00,R,N,1,114,145,Cleveland Indians,Chicago White Sox
2017,2017-06-10,491020,2017-06-10 23:15:00+00:00,R,N,1,147,110,New York Yankees,Baltimore Orioles
2017,2017-06-10,491022,2017-06-11 02:10:00+00:00,R,N,1,119,113,Los Angeles Dodgers,Cincinnati Reds
2017,2017-06-10,491035,2017-06-11 02:10:00+00:00,R,N,1,136,141,Seattle Mariners,Toronto Blue Jays
2017,2017-06-10,491028,2017-06-11 02:10:00+00:00,R,N,1,109,158,Arizona Diamondbacks,Milwaukee Brewers
2017,2017-06-11,491036,2017-06-11 17:05:00+00:00,R,N,1,147,110,New York Yankees,Baltimore Orioles
2017,2017-06-11,491047,2017-06-11 17:10:00+00:00,R,N,1,139,133,Tampa Bay Rays,Oakland Athletics
2017,2017-06-11,491037,2017-06-11 17:10:00+00:00,R,N,1,114,145,Cleveland Indians,Chicago White Sox
2017,2017-06-11,491046,2017-06-11 17:35:00+00:00,R,N,1,144,121,Atlanta Braves,New York Mets
2017,2017-06-11,491043,2017-06-11 17:35:00+00:00,R,N,1,134,146,Pittsburgh Pirates,Miami Marlins
2017,2017-06-11,491042,2017-06-11 18:10:00+00:00,R,N,1,117,108,Houston Astros,Los Angeles Angels
2017,2017-06-11,491048,2017-06-11 18:15:00+00:00,R,N,1,138,143,St. Louis Cardinals,Philadelphia Phillies
2017,2017-06-11,491039,2017-06-11 18:20:00+00:00,R,N,1,112,115,Chicago Cubs,Colorado Rockies
2017,2017-06-11,491049,2017-06-11 20:05:00+00:00,R,N,1,120,140,Washington Nationals,Texas Rangers
2017,2017-06-11,491045,2017-06-11 20:05:00+00:00,R,N,1,137,142,San Francisco Giants,Minnesota Twins
2017,2017-06-11,491038,2017-06-11 20:10:00+00:00,R,N,1,119,113,Los Angeles Dodgers,Cincinnati Reds
2017,2017-06-11,491050,2017-06-11 20:10:00+00:00,R,N,1,136,141,Seattle Mariners,Toronto Blue Jays
2017,2017-06-11,491044,2017-06-11 20:10:00+00:00,R,N,1,109,158,Arizona Diamondbacks,Milwaukee Brewers
2017,2017-06-11,491041,2017-06-11 20:40:00+00:00,R,N,1,135,118,San Diego Padres,Kansas City Royals
2017,2017-06-11,491040,2017-06-12 00:05:00+00:00,R,N,1,111,116,Boston Red Sox,Detroit Tigers
2017,2017-06-12,491055,2017-06-12 23:05:00+00:00,R,N,1,134,115,Pittsburgh Pirates,Colorado Rockies
2017,2017-06-12,491051,2017-06-12 23:05:00+00:00,R,N,1,120,144,Washington Nationals,Atlanta Braves
2017,2017-06-12,491053,2017-06-12 23:10:00+00:00,R,N,1,121,112,New York Mets,Chicago Cubs
2017,2017-06-12,491057,2017-06-12 23:10:00+00:00,R,N,1,111,143,Boston Red Sox,Philadelphia Phillies
2017,2017-06-12,491059,2017-06-13 00:10:00+00:00,R,N,1,117,140,Houston Astros,Texas Rangers
2017,2017-06-12,491058,2017-06-13 00:10:00+00:00,R,N,1,142,136,Minnesota Twins,Seattle Mariners
2017,2017-06-12,491052,2017-06-13 00:10:00+00:00,R,N,1,145,110,Chicago White Sox,Baltimore Orioles
2017,2017-06-12,491056,2017-06-13 02:07:00+00:00,R,N,1,108,147,Los Angeles Angels,New York Yankees
2017,2017-06-12,491054,2017-06-13 02:10:00+00:00,R,N,1,135,113,San Diego Padres,Cincinnati Reds
2017,2017-06-13,490508,2017-06-13 18:15:00+00:00,R,S,1,138,158,St. Louis Cardinals,Milwaukee Brewers
2017,2017-06-13,491068,2017-06-14 00:15:00+00:00,R,S,2,138,158,St. Louis Cardinals,Milwaukee Brewers
2017,2017-06-13,491065,2017-06-13 23:05:00+00:00,R,N,1,134,115,Pittsburgh Pirates,Colorado Rockies
2017,2017-06-13,491061,2017-06-13 23:05:00+00:00,R,N,1,120,144,Washington Nationals,Atlanta Braves
2017,2017-06-13,491073,2017-06-13 23:07:00+00:00,R,N,1,141,139,Toronto Blue Jays,Tampa Bay Rays
2017,2017-06-13,491060,2017-06-13 23:10:00+00:00,R,N,1,116,109,Detroit Tigers,Arizona Diamondbacks
2017,2017-06-13,491067,2017-06-13 23:10:00+00:00,R,N,1,114,119,Cleveland Indians,Los Angeles Dodgers
2017,2017-06-13,491063,2017-06-13 23:10:00+00:00,R,N,1,121,112,New York Mets,Chicago Cubs
2017,2017-06-13,491071,2017-06-13 23:10:00+00:00,R,N,1,111,143,Boston Red Sox,Philadelphia Phillies
2017,2017-06-13,491070,2017-06-13 23:10:00+00:00,R,N,1,146,133,Miami Marlins,Oakland Athletics
2017,2017-06-13,491074,2017-06-14 00:10:00+00:00,R,N,1,117,140,Houston Astros,Texas Rangers
2017,2017-06-13,491072,2017-06-14 00:10:00+00:00,R,N,1,142,136,Minnesota Twins,Seattle Mariners
2017,2017-06-13,491062,2017-06-14 00:10:00+00:00,R,N,1,145,110,Chicago White Sox,Baltimore Orioles
2017,2017-06-13,491069,2017-06-14 02:07:00+00:00,R,N,1,108,147,Los Angeles Angels,New York Yankees
2017,2017-06-13,491064,2017-06-14 02:10:00+00:00,R,N,1,135,113,San Diego Padres,Cincinnati Reds
2017,2017-06-13,491066,2017-06-14 02:15:00+00:00,R,N,1,137,118,San Francisco Giants,Kansas City Royals
2017,2017-06-14,491086,2017-06-14 16:10:00+00:00,R,N,1,146,133,Miami Marlins,Oakland Athletics
2017,2017-06-14,491080,2017-06-14 19:40:00+00:00,R,N,1,135,113,San Diego Padres,Cincinnati Reds
2017,2017-06-14,491082,2017-06-14 19:45:00+00:00,R,N,1,137,118,San Francisco Giants,Kansas City Royals
2017,2017-06-14,491076,2017-06-14 20:05:00+00:00,R,N,1,120,144,Washington Nationals,Atlanta Braves
2017,2017-06-14,491081,2017-06-14 23:05:00+00:00,R,N,1,134,115,Pittsburgh Pirates,Colorado Rockies
2017,2017-06-14,491078,2017-06-14 23:05:00+00:00,R,N,1,143,111,Philadelphia Phillies,Boston Red Sox
2017,2017-06-14,491088,2017-06-14 23:07:00+00:00,R,N,1,141,139,Toronto Blue Jays,Tampa Bay Rays
2017,2017-06-14,491075,2017-06-14 23:10:00+00:00,R,N,1,116,109,Detroit Tigers,Arizona Diamondbacks
2017,2017-06-14,491083,2017-06-14 23:10:00+00:00,R,N,1,114,119,Cleveland Indians,Los Angeles Dodgers
2017,2017-06-14,491079,2017-06-14 23:10:00+00:00,R,N,1,121,112,New York Mets,Chicago Cubs
2017,2017-06-14,491089,2017-06-15 00:10:00+00:00,R,N,1,117,140,Houston Astros,Texas Rangers
2017,2017-06-14,491087,2017-06-15 00:10:00+00:00,R,N,1,142,136,Minnesota Twins,Seattle Mariners
2017,2017-06-14,491077,2017-06-15 00:10:00+00:00,R,N,1,145,110,Chicago White Sox,Baltimore Orioles
2017,2017-06-14,491084,2017-06-15 00:15:00+00:00,R,N,1,138,158,St. Louis Cardinals,Milwaukee Brewers
2017,2017-06-14,491085,2017-06-15 02:07:00+00:00,R,N,1,108,147,Los Angeles Angels,New York Yankees
2017,2017-06-15,491093,2017-06-15 16:10:00+00:00,R,N,1,114,119,Cleveland Indians,Los Angeles Dodgers
2017,2017-06-15,491097,2017-06-15 17:10:00+00:00,R,N,1,142,136,Minnesota Twins,Seattle Mariners
2017,2017-06-15,491090,2017-06-15 18:10:00+00:00,R,N,1,145,110,Chicago White Sox,Baltimore Orioles
2017,2017-06-15,491091,2017-06-15 23:05:00+00:00,R,N,1,143,111,Philadelphia Phillies,Boston Red Sox
2017,2017-06-15,491099,2017-06-15 23:10:00+00:00,R,N,1,121,120,New York Mets,Washington Nationals
2017,2017-06-15,491098,2017-06-15 23:10:00+00:00,R,N,1,116,139,Detroit Tigers,Tampa Bay Rays
2017,2017-06-15,491094,2017-06-15 23:15:00+00:00,R,N,1,138,158,St. Louis Cardinals,Milwaukee Brewers
2017,2017-06-15,491096,2017-06-16 00:40:00+00:00,R,N,1,115,137,Colorado Rockies,San Francisco Giants
2017,2017-06-15,491095,2017-06-16 02:05:00+00:00,R,N,1,133,147,Oakland Athletics,New York Yankees
2017,2017-06-15,491092,2017-06-16 02:07:00+00:00,R,N,1,108,118,Los Angeles Angels,Kansas City Royals
2017,2017-06-16,491102,2017-06-16 23:05:00+00:00,R,N,1,134,112,Pittsburgh Pirates,Chicago Cubs
2017,2017-06-16,491112,2017-06-16 23:05:00+00:00,R,N,1,110,138,Baltimore Orioles,St. Louis Cardinals
2017,2017-06-16,491100,2017-06-16 23:05:00+00:00,R,N,1,143,109,Philadelphia Phillies,Arizona Diamondbacks
2017,2017-06-16,491103,2017-06-16 23:07:00+00:00,R,N,1,141,145,Toronto Blue Jays,Chicago White Sox
2017,2017-06-16,491106,2017-06-16 23:10:00+00:00,R,N,1,113,119,Cincinnati Reds,Los Angeles Dodgers
2017,2017-06-16,491114,2017-06-16 23:10:00+00:00,R,N,1,121,120,New York Mets,Washington Nationals
2017,2017-06-16,491113,2017-06-16 23:10:00+00:00,R,N,1,116,139,Detroit Tigers,Tampa Bay Rays
2017,2017-06-16,491107,2017-06-16 23:35:00+00:00,R,N,1,144,146,Atlanta Braves,Miami Marlins
2017,2017-06-16,491111,2017-06-17 00:05:00+00:00,R,N,1,140,136,Texas Rangers,Seattle Mariners
2017,2017-06-16,491101,2017-06-17 00:10:00+00:00,R,N,1,117,111,Houston Astros,Boston Red Sox
2017,2017-06-16,491104,2017-06-17 00:10:00+00:00,R,N,1,142,114,Minnesota Twins,Cleveland Indians
2017,2017-06-16,491109,2017-06-17 00:10:00+00:00,R,N,1,158,135,Milwaukee Brewers,San Diego Padres
2017,2017-06-16,491110,2017-06-17 00:40:00+00:00,R,N,1,115,137,Colorado Rockies,San Francisco Giants
2017,2017-06-16,491108,2017-06-17 01:35:00+00:00,R,N,1,133,147,Oakland Athletics,New York Yankees
2017,2017-06-16,491105,2017-06-17 02:07:00+00:00,R,N,1,108,118,Los Angeles Angels,Kansas City Royals
2017,2017-06-17,491118,2017-06-17 17:07:00+00:00,R,N,1,141,145,Toronto Blue Jays,Chicago White Sox
2017,2017-06-17,491119,2017-06-17 18:10:00+00:00,R,S,1,142,114,Minnesota Twins,Cleveland Indians
2017,2017-06-17,490314,2017-06-18 00:10:00+00:00,R,S,2,142,114,Minnesota Twins,Cleveland Indians
2017,2017-06-17,491125,2017-06-17 19:10:00+00:00,R,N,1,115,137,Colorado Rockies,San Francisco Giants
2017,2017-06-17,491127,2017-06-17 20:05:00+00:00,R,N,1,110,138,Baltimore Orioles,St. Louis Cardinals
2017,2017-06-17,491115,2017-06-17 20:05:00+00:00,R,N,1,143,109,Philadelphia Phillies,Arizona Diamondbacks
2017,2017-06-17,491123,2017-06-17 20:05:00+00:00,R,N,1,133,147,Oakland Athletics,New York Yankees
2017,2017-06-17,491121,2017-06-17 20:10:00+00:00,R,N,1,113,119,Cincinnati Reds,Los Angeles Dodgers
2017,2017-06-17,491129,2017-06-17 20:10:00+00:00,R,N,1,121,120,New York Mets,Washington Nationals
2017,2017-06-17,491128,2017-06-17 20:10:00+00:00,R,N,1,116,139,Detroit Tigers,Tampa Bay Rays
2017,2017-06-17,491122,2017-06-17 20:10:00+00:00,R,N,1,144,146,Atlanta Braves,Miami Marlins
2017,2017-06-17,491124,2017-06-17 20:10:00+00:00,R,N,1,158,135,Milwaukee Brewers,San Diego Padres
2017,2017-06-17,491126,2017-06-17 21:05:00+00:00,R,N,1,140,136,Texas Rangers,Seattle Mariners
2017,2017-06-17,491116,2017-06-18 00:15:00+00:00,R,N,1,117,111,Houston Astros,Boston Red Sox
2017,2017-06-17,491120,2017-06-18 00:15:00+00:00,R,N,1,108,118,Los Angeles Angels,Kansas City Royals
2017,2017-06-17,491117,2017-06-18 00:15:00+00:00,R,N,1,134,112,Pittsburgh Pirates,Chicago Cubs
2017,2017-06-18,491133,2017-06-18 17:07:00+00:00,R,N,1,141,145,Toronto Blue Jays,Chicago White Sox
2017,2017-06-18,491136,2017-06-18 17:10:00+00:00,R,N,1,113,119,Cincinnati Reds,Los Angeles Dodgers
2017,2017-06-18,491144,2017-06-18 17:10:00+00:00,R,N,1,121,120,New York Mets,Washington Nationals
2017,2017-06-18,491143,2017-06-18 17:10:00+00:00,R,N,1,116,139,Detroit Tigers,Tampa Bay Rays
2017,2017-06-18,491132,2017-06-18 17:35:00+00:00,R,N,1,134,112,Pittsburgh Pirates,Chicago Cubs
2017,2017-06-18,491142,2017-06-18 17:35:00+00:00,R,N,1,110,138,Baltimore Orioles,St. Louis Cardinals
2017,2017-06-18,491130,2017-06-18 17:35:00+00:00,R,N,1,143,109,Philadelphia Phillies,Arizona Diamondbacks
2017,2017-06-18,491137,2017-06-18 17:35:00+00:00,R,N,1,144,146,Atlanta Braves,Miami Marlins
2017,2017-06-18,491134,2017-06-18 18:10:00+00:00,R,N,1,142,114,Minnesota Twins,Cleveland Indians
2017,2017-06-18,491139,2017-06-18 18:10:00+00:00,R,N,1,158,135,Milwaukee Brewers,San Diego Padres
2017,2017-06-18,491141,2017-06-18 19:05:00+00:00,R,N,1,140,136,Texas Rangers,Seattle Mariners
2017,2017-06-18,491140,2017-06-18 19:10:00+00:00,R,N,1,115,137,Colorado Rockies,San Francisco Giants
2017,2017-06-18,491135,2017-06-18 19:37:00+00:00,R,N,1,108,118,Los Angeles Angels,Kansas City Royals
2017,2017-06-18,491138,2017-06-18 20:05:00+00:00,R,N,1,133,147,Oakland Athletics,New York Yankees
2017,2017-06-18,491131,2017-06-19 00:05:00+00:00,R,N,1,117,111,Houston Astros,Boston Red Sox
2017,2017-06-19,491147,2017-06-19 23:05:00+00:00,R,N,1,110,114,Baltimore Orioles,Cleveland Indians
2017,2017-06-19,491146,2017-06-19 23:10:00+00:00,R,N,1,139,113,Tampa Bay Rays,Cincinnati Reds
2017,2017-06-19,491155,2017-06-19 23:10:00+00:00,R,N,1,146,120,Miami Marlins,Washington Nationals
2017,2017-06-19,491153,2017-06-19 23:35:00+00:00,R,N,1,144,137,Atlanta Braves,San Francisco Giants
2017,2017-06-19,491151,2017-06-19 23:40:00+00:00,R,N,1,158,134,Milwaukee Brewers,Pittsburgh Pirates
2017,2017-06-19,491152,2017-06-20 00:05:00+00:00,R,N,1,112,135,Chicago Cubs,San Diego Padres
2017,2017-06-19,491154,2017-06-20 00:05:00+00:00,R,N,1,140,141,Texas Rangers,Toronto Blue Jays
2017,2017-06-19,491145,2017-06-20 00:15:00+00:00,R,N,1,118,111,Kansas City Royals,Boston Red Sox
2017,2017-06-19,491149,2017-06-20 02:05:00+00:00,R,N,1,133,117,Oakland Athletics,Houston Astros
2017,2017-06-19,491150,2017-06-20 02:10:00+00:00,R,N,1,119,121,Los Angeles Dodgers,New York Mets
2017,2017-06-19,491148,2017-06-20 02:10:00+00:00,R,N,1,136,116,Seattle Mariners,Detroit Tigers
2017,2017-06-20,491160,2017-06-20 23:05:00+00:00,R,N,1,110,114,Baltimore Orioles,Cleveland Indians
2017,2017-06-20,491168,2017-06-20 23:05:00+00:00,R,N,1,143,138,Philadelphia Phillies,St. Louis Cardinals
2017,2017-06-20,491163,2017-06-20 23:05:00+00:00,R,N,1,147,108,New York Yankees,Los Angeles Angels
2017,2017-06-20,491159,2017-06-20 23:10:00+00:00,R,N,1,139,113,Tampa Bay Rays,Cincinnati Reds
2017,2017-06-20,491170,2017-06-20 23:10:00+00:00,R,N,1,146,120,Miami Marlins,Washington Nationals
2017,2017-06-20,491167,2017-06-20 23:35:00+00:00,R,N,1,144,137,Atlanta Braves,San Francisco Giants
2017,2017-06-20,491165,2017-06-20 23:40:00+00:00,R,N,1,158,134,Milwaukee Brewers,Pittsburgh Pirates
2017,2017-06-20,491166,2017-06-21 00:05:00+00:00,R,N,1,112,135,Chicago Cubs,San Diego Padres
2017,2017-06-20,491169,2017-06-21 00:05:00+00:00,R,N,1,140,141,Texas Rangers,Toronto Blue Jays
2017,2017-06-20,491158,2017-06-21 00:10:00+00:00,R,N,1,142,145,Minnesota Twins,Chicago White Sox
2017,2017-06-20,491157,2017-06-21 00:15:00+00:00,R,N,1,118,111,Kansas City Royals,Boston Red Sox
2017,2017-06-20,491156,2017-06-21 00:40:00+00:00,R,N,1,115,109,Colorado Rockies,Arizona Diamondbacks
2017,2017-06-20,491162,2017-06-21 02:05:00+00:00,R,N,1,133,117,Oakland Athletics,Houston Astros
2017,2017-06-20,491164,2017-06-21 02:10:00+00:00,R,N,1,119,121,Los Angeles Dodgers,New York Mets
2017,2017-06-20,491161,2017-06-21 02:10:00+00:00,R,N,1,136,116,Seattle Mariners,Detroit Tigers
2017,2017-06-21,491174,2017-06-21 16:10:00+00:00,R,N,1,139,113,Tampa Bay Rays,Cincinnati Reds
2017,2017-06-21,491185,2017-06-21 16:10:00+00:00,R,N,1,146,120,Miami Marlins,Washington Nationals
2017,2017-06-21,491172,2017-06-21 18:15:00+00:00,R,N,1,118,111,Kansas City Royals,Boston Red Sox
2017,2017-06-21,491181,2017-06-21 18:20:00+00:00,R,N,1,112,135,Chicago Cubs,San Diego Padres
2017,2017-06-21,491175,2017-06-21 23:05:00+00:00,R,N,1,110,114,Baltimore Orioles,Cleveland Indians
2017,2017-06-21,491183,2017-06-21 23:05:00+00:00,R,N,1,143,138,Philadelphia Phillies,St. Louis Cardinals
2017,2017-06-21,491178,2017-06-21 23:05:00+00:00,R,N,1,147,108,New York Yankees,Los Angeles Angels
2017,2017-06-21,491182,2017-06-21 23:35:00+00:00,R,N,1,144,137,Atlanta Braves,San Francisco Giants
2017,2017-06-21,491184,2017-06-22 00:05:00+00:00,R,N,1,140,141,Texas Rangers,Toronto Blue Jays
2017,2017-06-21,491173,2017-06-22 00:10:00+00:00,R,N,1,142,145,Minnesota Twins,Chicago White Sox
2017,2017-06-21,491180,2017-06-22 00:10:00+00:00,R,N,1,158,134,Milwaukee Brewers,Pittsburgh Pirates
2017,2017-06-21,491171,2017-06-22 00:40:00+00:00,R,N,1,115,109,Colorado Rockies,Arizona Diamondbacks
2017,2017-06-21,491177,2017-06-22 02:05:00+00:00,R,N,1,133,117,Oakland Athletics,Houston Astros
2017,2017-06-21,491179,2017-06-22 02:10:00+00:00,R,N,1,119,121,Los Angeles Dodgers,New York Mets
2017,2017-06-21,491176,2017-06-22 02:10:00+00:00,R,N,1,136,116,Seattle Mariners,Detroit Tigers
2017,2017-06-22,491196,2017-06-22 17:05:00+00:00,R,N,1,143,138,Philadelphia Phillies,St. Louis Cardinals
2017,2017-06-22,491188,2017-06-22 17:10:00+00:00,R,N,1,142,145,Minnesota Twins,Chicago White Sox
2017,2017-06-22,491197,2017-06-22 18:05:00+00:00,R,N,1,140,141,Texas Rangers,Toronto Blue Jays
2017,2017-06-22,491194,2017-06-22 18:10:00+00:00,R,N,1,158,134,Milwaukee Brewers,Pittsburgh Pirates
2017,2017-06-22,491186,2017-06-22 19:10:00+00:00,R,N,1,115,109,Colorado Rockies,Arizona Diamondbacks
2017,2017-06-22,491191,2017-06-22 19:35:00+00:00,R,N,1,133,117,Oakland Athletics,Houston Astros
2017,2017-06-22,491189,2017-06-22 23:05:00+00:00,R,N,1,110,114,Baltimore Orioles,Cleveland Indians
2017,2017-06-22,491192,2017-06-22 23:05:00+00:00,R,N,1,147,108,New York Yankees,Los Angeles Angels
2017,2017-06-22,491187,2017-06-22 23:10:00+00:00,R,N,1,146,112,Miami Marlins,Chicago Cubs
2017,2017-06-22,491195,2017-06-22 23:35:00+00:00,R,N,1,144,137,Atlanta Braves,San Francisco Giants
2017,2017-06-22,491193,2017-06-23 02:10:00+00:00,R,N,1,119,121,Los Angeles Dodgers,New York Mets
2017,2017-06-22,491190,2017-06-23 02:10:00+00:00,R,N,1,136,116,Seattle Mariners,Detroit Tigers
2017,2017-06-23,491200,2017-06-23 23:05:00+00:00,R,N,1,120,113,Washington Nationals,Cincinnati Reds
2017,2017-06-23,491211,2017-06-23 23:05:00+00:00,R,N,1,147,140,New York Yankees,Texas Rangers
2017,2017-06-23,491204,2017-06-23 23:10:00+00:00,R,N,1,111,108,Boston Red Sox,Los Angeles Angels
2017,2017-06-23,491198,2017-06-23 23:10:00+00:00,R,N,1,139,110,Tampa Bay Rays,Baltimore Orioles
2017,2017-06-23,491206,2017-06-23 23:10:00+00:00,R,N,1,114,142,Cleveland Indians,Minnesota Twins
2017,2017-06-23,491199,2017-06-23 23:10:00+00:00,R,N,1,146,112,Miami Marlins,Chicago Cubs
2017,2017-06-23,491205,2017-06-23 23:35:00+00:00,R,N,1,144,158,Atlanta Braves,Milwaukee Brewers
2017,2017-06-23,491208,2017-06-24 00:10:00+00:00,R,N,1,145,133,Chicago White Sox,Oakland Athletics
2017,2017-06-23,491210,2017-06-24 00:15:00+00:00,R,N,1,138,134,St. Louis Cardinals,Pittsburgh Pirates
2017,2017-06-23,491212,2017-06-24 00:15:00+00:00,R,N,1,118,141,Kansas City Royals,Toronto Blue Jays
2017,2017-06-23,491209,2017-06-24 01:40:00+00:00,R,N,1,109,143,Arizona Diamondbacks,Philadelphia Phillies
2017,2017-06-23,491201,2017-06-24 02:10:00+00:00,R,N,1,119,115,Los Angeles Dodgers,Colorado Rockies
2017,2017-06-23,491202,2017-06-24 02:10:00+00:00,R,N,1,135,116,San Diego Padres,Detroit Tigers
2017,2017-06-23,491203,2017-06-24 02:10:00+00:00,R,N,1,136,117,Seattle Mariners,Houston Astros
2017,2017-06-23,491207,2017-06-24 02:15:00+00:00,R,N,1,137,121,San Francisco Giants,New York Mets
2017,2017-06-24,491226,2017-06-24 17:05:00+00:00,R,N,1,147,140,New York Yankees,Texas Rangers
2017,2017-06-24,491223,2017-06-24 18:10:00+00:00,R,N,1,145,133,Chicago White Sox,Oakland Athletics
2017,2017-06-24,491227,2017-06-24 18:15:00+00:00,R,N,1,118,141,Kansas City Royals,Toronto Blue Jays
2017,2017-06-24,491215,2017-06-24 20:05:00+00:00,R,N,1,120,113,Washington Nationals,Cincinnati Reds
2017,2017-06-24,491213,2017-06-24 20:10:00+00:00,R,N,1,139,110,Tampa Bay Rays,Baltimore Orioles
2017,2017-06-24,491221,2017-06-24 20:10:00+00:00,R,N,1,114,142,Cleveland Indians,Minnesota Twins
2017,2017-06-24,491214,2017-06-24 20:10:00+00:00,R,N,1,146,112,Miami Marlins,Chicago Cubs
2017,2017-06-24,491220,2017-06-24 20:10:00+00:00,R,N,1,144,158,Atlanta Braves,Milwaukee Brewers
2017,2017-06-24,491219,2017-06-24 23:15:00+00:00,R,N,1,111,108,Boston Red Sox,Los Angeles Angels
2017,2017-06-24,491222,2017-06-24 23:15:00+00:00,R,N,1,137,121,San Francisco Giants,New York Mets
2017,2017-06-24,491225,2017-06-24 23:15:00+00:00,R,N,1,138,134,St. Louis Cardinals,Pittsburgh Pirates
2017,2017-06-24,491216,2017-06-25 02:10:00+00:00,R,N,1,119,115,Los Angeles Dodgers,Colorado Rockies
2017,2017-06-24,491217,2017-06-25 02:10:00+00:00,R,N,1,135,116,San Diego Padres,Detroit Tigers
2017,2017-06-24,491218,2017-06-25 02:10:00+00:00,R,N,1,136,117,Seattle Mariners,Houston Astros
2017,2017-06-24,491224,2017-06-25 02:10:00+00:00,R,N,1,109,143,Arizona Diamondbacks,Philadelphia Phillies
2017,2017-06-25,491228,2017-06-25 17:10:00+00:00,R,N,1,139,110,Tampa Bay Rays,Baltimore Orioles
2017,2017-06-25,491236,2017-06-25 17:10:00+00:00,R,N,1,114,142,Cleveland Indians,Minnesota Twins
2017,2017-06-25,491229,2017-06-25 17:10:00+00:00,R,N,1,146,112,Miami Marlins,Chicago Cubs
2017,2017-06-25,491234,2017-06-25 17:35:00+00:00,R,N,1,111,108,Boston Red Sox,Los Angeles Angels
2017,2017-06-25,491230,2017-06-25 17:35:00+00:00,R,N,1,120,113,Washington Nationals,Cincinnati Reds
2017,2017-06-25,491235,2017-06-25 17:35:00+00:00,R,N,1,144,158,Atlanta Braves,Milwaukee Brewers
2017,2017-06-25,491241,2017-06-25 18:05:00+00:00,R,N,1,147,140,New York Yankees,Texas Rangers
2017,2017-06-25,491238,2017-06-25 18:10:00+00:00,R,N,1,145,133,Chicago White Sox,Oakland Athletics
2017,2017-06-25,491242,2017-06-25 18:15:00+00:00,R,N,1,118,141,Kansas City Royals,Toronto Blue Jays
2017,2017-06-25,491237,2017-06-25 20:05:00+00:00,R,N,1,137,121,San Francisco Giants,New York Mets
2017,2017-06-25,491231,2017-06-25 20:10:00+00:00,R,N,1,119,115,Los Angeles Dodgers,Colorado Rockies
2017,2017-06-25,491233,2017-06-25 20:10:00+00:00,R,N,1,136,117,Seattle Mariners,Houston Astros
2017,2017-06-25,491239,2017-06-25 20:10:00+00:00,R,N,1,109,143,Arizona Diamondbacks,Philadelphia Phillies
2017,2017-06-25,491232,2017-06-25 20:40:00+00:00,R,N,1,135,116,San Diego Padres,Detroit Tigers
2017,2017-06-25,491240,2017-06-26 00:05:00+00:00,R,N,1,138,134,St. Louis Cardinals,Pittsburgh Pirates
2017,2017-06-26,491248,2017-06-26 19:40:00+00:00,R,N,1,109,143,Arizona Diamondbacks,Philadelphia Phillies
2017,2017-06-26,490449,2017-06-26 20:15:00+00:00,R,N,1,138,113,St. Louis Cardinals,Cincinnati Reds
2017,2017-06-26,491243,2017-06-26 23:05:00+00:00,R,N,1,120,112,Washington Nationals,Chicago Cubs
2017,2017-06-26,491249,2017-06-26 23:10:00+00:00,R,N,1,114,140,Cleveland Indians,Texas Rangers
2017,2017-06-26,491246,2017-06-26 23:10:00+00:00,R,N,1,111,142,Boston Red Sox,Minnesota Twins
2017,2017-06-26,491247,2017-06-27 00:10:00+00:00,R,N,1,145,147,Chicago White Sox,New York Yankees
2017,2017-06-26,491244,2017-06-27 02:08:00+00:00,R,N,1,137,115,San Francisco Giants,Colorado Rockies
2017,2017-06-26,491245,2017-06-27 02:10:00+00:00,R,N,1,119,108,Los Angeles Dodgers,Los Angeles Angels
2017,2017-06-27,491252,2017-06-27 23:05:00+00:00,R,N,1,120,112,Washington Nationals,Chicago Cubs
2017,2017-06-27,491263,2017-06-27 23:05:00+00:00,R,N,1,134,139,Pittsburgh Pirates,Tampa Bay Rays
2017,2017-06-27,491251,2017-06-27 23:07:00+00:00,R,N,1,141,110,Toronto Blue Jays,Baltimore Orioles
2017,2017-06-27,491254,2017-06-27 23:10:00+00:00,R,N,1,116,118,Detroit Tigers,Kansas City Royals
2017,2017-06-27,491264,2017-06-27 23:10:00+00:00,R,N,1,114,140,Cleveland Indians,Texas Rangers
2017,2017-06-27,491257,2017-06-27 23:10:00+00:00,R,N,1,111,142,Boston Red Sox,Minnesota Twins
2017,2017-06-27,491258,2017-06-27 23:10:00+00:00,R,N,1,146,121,Miami Marlins,New York Mets
2017,2017-06-27,491256,2017-06-27 23:10:00+00:00,R,N,1,113,158,Cincinnati Reds,Milwaukee Brewers
2017,2017-06-27,491260,2017-06-28 00:10:00+00:00,R,N,1,117,133,Houston Astros,Oakland Athletics
2017,2017-06-27,491259,2017-06-28 00:10:00+00:00,R,N,1,145,147,Chicago White Sox,New York Yankees
2017,2017-06-27,491262,2017-06-28 01:40:00+00:00,R,N,1,109,138,Arizona Diamondbacks,St. Louis Cardinals
2017,2017-06-27,491255,2017-06-28 02:10:00+00:00,R,N,1,119,108,Los Angeles Dodgers,Los Angeles Angels
2017,2017-06-27,491261,2017-06-28 02:10:00+00:00,R,N,1,136,143,Seattle Mariners,Philadelphia Phillies
2017,2017-06-27,491250,2017-06-28 02:10:00+00:00,R,N,1,135,144,San Diego Padres,Atlanta Braves
2017,2017-06-27,491253,2017-06-28 02:15:00+00:00,R,N,1,137,115,San Francisco Giants,Colorado Rockies
2017,2017-06-28,491276,2017-06-28 19:40:00+00:00,R,N,1,136,143,Seattle Mariners,Philadelphia Phillies
2017,2017-06-28,491268,2017-06-28 19:45:00+00:00,R,N,1,137,115,San Francisco Giants,Colorado Rockies
2017,2017-06-28,491267,2017-06-28 23:05:00+00:00,R,N,1,120,112,Washington Nationals,Chicago Cubs
2017,2017-06-28,491278,2017-06-28 23:05:00+00:00,R,N,1,134,139,Pittsburgh Pirates,Tampa Bay Rays
2017,2017-06-28,491266,2017-06-28 23:07:00+00:00,R,N,1,141,110,Toronto Blue Jays,Baltimore Orioles
2017,2017-06-28,491269,2017-06-28 23:10:00+00:00,R,N,1,116,118,Detroit Tigers,Kansas City Royals
2017,2017-06-28,491279,2017-06-28 23:10:00+00:00,R,N,1,114,140,Cleveland Indians,Texas Rangers
2017,2017-06-28,491272,2017-06-28 23:10:00+00:00,R,N,1,111,142,Boston Red Sox,Minnesota Twins
2017,2017-06-28,491273,2017-06-28 23:10:00+00:00,R,N,1,146,121,Miami Marlins,New York Mets
2017,2017-06-28,491271,2017-06-28 23:10:00+00:00,R,N,1,113,158,Cincinnati Reds,Milwaukee Brewers
2017,2017-06-28,491275,2017-06-29 00:10:00+00:00,R,N,1,117,133,Houston Astros,Oakland Athletics
2017,2017-06-28,491274,2017-06-29 00:10:00+00:00,R,N,1,145,147,Chicago White Sox,New York Yankees
2017,2017-06-28,491277,2017-06-29 01:40:00+00:00,R,N,1,109,138,Arizona Diamondbacks,St. Louis Cardinals
2017,2017-06-28,491270,2017-06-29 02:07:00+00:00,R,N,1,108,119,Los Angeles Angels,Los Angeles Dodgers
2017,2017-06-28,491265,2017-06-29 02:10:00+00:00,R,N,1,135,144,San Diego Padres,Atlanta Braves
2017,2017-06-29,491292,2017-06-29 16:10:00+00:00,R,N,1,114,140,Cleveland Indians,Texas Rangers
2017,2017-06-29,491283,2017-06-29 17:10:00+00:00,R,N,1,116,118,Detroit Tigers,Kansas City Royals
2017,2017-06-29,491289,2017-06-29 18:10:00+00:00,R,N,1,117,133,Houston Astros,Oakland Athletics
2017,2017-06-29,491290,2017-06-29 19:40:00+00:00,R,N,1,109,138,Arizona Diamondbacks,St. Louis Cardinals
2017,2017-06-29,491282,2017-06-29 20:05:00+00:00,R,N,1,120,112,Washington Nationals,Chicago Cubs
2017,2017-06-29,491291,2017-06-29 23:05:00+00:00,R,N,1,134,139,Pittsburgh Pirates,Tampa Bay Rays
2017,2017-06-29,491281,2017-06-29 23:07:00+00:00,R,N,1,141,110,Toronto Blue Jays,Baltimore Orioles
2017,2017-06-29,491286,2017-06-29 23:10:00+00:00,R,N,1,111,142,Boston Red Sox,Minnesota Twins
2017,2017-06-29,491287,2017-06-29 23:10:00+00:00,R,N,1,146,121,Miami Marlins,New York Mets
2017,2017-06-29,491285,2017-06-29 23:10:00+00:00,R,N,1,113,158,Cincinnati Reds,Milwaukee Brewers
2017,2017-06-29,491288,2017-06-30 00:10:00+00:00,R,N,1,145,147,Chicago White Sox,New York Yankees
2017,2017-06-29,491280,2017-06-30 01:10:00+00:00,R,N,1,135,144,San Diego Padres,Atlanta Braves
2017,2017-06-29,491284,2017-06-30 02:07:00+00:00,R,N,1,108,119,Los Angeles Angels,Los Angeles Dodgers
2017,2017-06-30,491303,2017-06-30 23:05:00+00:00,R,N,1,134,137,Pittsburgh Pirates,San Francisco Giants
2017,2017-06-30,491305,2017-06-30 23:05:00+00:00,R,N,1,110,139,Baltimore Orioles,Tampa Bay Rays
2017,2017-06-30,491294,2017-06-30 23:07:00+00:00,R,N,1,141,111,Toronto Blue Jays,Boston Red Sox
2017,2017-06-30,491295,2017-06-30 23:10:00+00:00,R,N,1,113,112,Cincinnati Reds,Chicago Cubs
2017,2017-06-30,491302,2017-06-30 23:10:00+00:00,R,N,1,121,143,New York Mets,Philadelphia Phillies
2017,2017-06-30,491306,2017-07-01 00:10:00+00:00,R,N,1,145,140,Chicago White Sox,Texas Rangers
2017,2017-06-30,491301,2017-07-01 00:10:00+00:00,R,N,1,117,147,Houston Astros,New York Yankees
2017,2017-06-30,491299,2017-07-01 00:10:00+00:00,R,N,1,158,146,Milwaukee Brewers,Miami Marlins
2017,2017-06-30,491307,2017-07-01 00:15:00+00:00,R,N,1,138,120,St. Louis Cardinals,Washington Nationals
2017,2017-06-30,491300,2017-07-01 00:15:00+00:00,R,N,1,118,142,Kansas City Royals,Minnesota Twins
2017,2017-06-30,491297,2017-07-01 01:40:00+00:00,R,N,1,109,115,Arizona Diamondbacks,Colorado Rockies
2017,2017-06-30,491293,2017-07-01 02:05:00+00:00,R,N,1,133,144,Oakland Athletics,Atlanta Braves
2017,2017-06-30,491304,2017-07-01 02:07:00+00:00,R,N,1,108,136,Los Angeles Angels,Seattle Mariners
2017,2017-06-30,491298,2017-07-01 02:10:00+00:00,R,N,1,135,119,San Diego Padres,Los Angeles Dodgers
2017,2017-09-01,491296,2017-06-30 23:10:00+00:00,R,N,1,116,114,Detroit Tigers,Cleveland Indians
2017,2017-07-01,491309,2017-07-01 17:07:00+00:00,R,N,1,141,111,Toronto Blue Jays,Boston Red Sox
2017,2017-07-01,490519,2017-07-01 17:10:00+00:00,R,S,1,116,114,Detroit Tigers,Cleveland Indians
2017,2017-07-01,491311,2017-07-01 23:15:00+00:00,R,S,2,116,114,Detroit Tigers,Cleveland Indians
2017,2017-07-01,491321,2017-07-01 18:10:00+00:00,R,N,1,145,140,Chicago White Sox,Texas Rangers
2017,2017-07-01,491315,2017-07-01 18:15:00+00:00,R,S,1,118,142,Kansas City Royals,Minnesota Twins
2017,2017-07-01,490452,2017-07-02 00:35:00+00:00,R,S,2,118,142,Kansas City Royals,Minnesota Twins
2017,2017-07-01,491318,2017-07-01 20:05:00+00:00,R,N,1,134,137,Pittsburgh Pirates,San Francisco Giants
2017,2017-07-01,491320,2017-07-01 20:05:00+00:00,R,N,1,110,139,Baltimore Orioles,Tampa Bay Rays
2017,2017-07-01,491308,2017-07-01 20:05:00+00:00,R,N,1,133,144,Oakland Athletics,Atlanta Braves
2017,2017-07-01,491310,2017-07-01 20:10:00+00:00,R,N,1,113,112,Cincinnati Reds,Chicago Cubs
2017,2017-07-01,491317,2017-07-01 20:10:00+00:00,R,N,1,121,143,New York Mets,Philadelphia Phillies
2017,2017-07-01,491314,2017-07-01 20:10:00+00:00,R,N,1,158,146,Milwaukee Brewers,Miami Marlins
2017,2017-07-01,491322,2017-07-01 23:15:00+00:00,R,N,1,138,120,St. Louis Cardinals,Washington Nationals
2017,2017-07-01,491316,2017-07-01 23:15:00+00:00,R,N,1,117,147,Houston Astros,New York Yankees
2017,2017-07-01,491319,2017-07-02 02:07:00+00:00,R,N,1,108,136,Los Angeles Angels,Seattle Mariners
2017,2017-07-01,491312,2017-07-02 02:10:00+00:00,R,N,1,109,115,Arizona Diamondbacks,Colorado Rockies
2017,2017-07-01,491313,2017-07-02 02:10:00+00:00,R,N,1,135,119,San Diego Padres,Los Angeles Dodgers
2017,2017-07-02,491324,2017-07-02 17:07:00+00:00,R,N,1,141,111,Toronto Blue Jays,Boston Red Sox
2017,2017-07-02,491325,2017-07-02 17:10:00+00:00,R,N,1,113,112,Cincinnati Reds,Chicago Cubs
2017,2017-07-02,491326,2017-07-02 17:10:00+00:00,R,N,1,116,114,Detroit Tigers,Cleveland Indians
2017,2017-07-02,491332,2017-07-02 17:10:00+00:00,R,N,1,121,143,New York Mets,Philadelphia Phillies
2017,2017-07-02,491333,2017-07-02 17:35:00+00:00,R,N,1,134,137,Pittsburgh Pirates,San Francisco Giants
2017,2017-07-02,491335,2017-07-02 17:35:00+00:00,R,N,1,110,139,Baltimore Orioles,Tampa Bay Rays
2017,2017-07-02,491336,2017-07-02 18:10:00+00:00,R,N,1,145,140,Chicago White Sox,Texas Rangers
2017,2017-07-02,491331,2017-07-02 18:10:00+00:00,R,N,1,117,147,Houston Astros,New York Yankees
2017,2017-07-02,491329,2017-07-02 18:10:00+00:00,R,N,1,158,146,Milwaukee Brewers,Miami Marlins
2017,2017-07-02,491330,2017-07-02 18:15:00+00:00,R,N,1,118,142,Kansas City Royals,Minnesota Twins
2017,2017-07-02,491334,2017-07-02 19:37:00+00:00,R,N,1,108,136,Los Angeles Angels,Seattle Mariners
2017,2017-07-02,491323,2017-07-02 20:05:00+00:00,R,N,1,133,144,Oakland Athletics,Atlanta Braves
2017,2017-07-02,491327,2017-07-02 20:10:00+00:00,R,N,1,109,115,Arizona Diamondbacks,Colorado Rockies
2017,2017-07-02,491328,2017-07-02 20:40:00+00:00,R,N,1,135,119,San Diego Padres,Los Angeles Dodgers
2017,2017-07-02,491337,2017-07-03 00:05:00+00:00,R,N,1,138,120,St. Louis Cardinals,Washington Nationals
2017,2017-07-03,491338,2017-07-03 18:10:00+00:00,R,N,1,158,110,Milwaukee Brewers,Baltimore Orioles
2017,2017-07-03,491345,2017-07-03 22:05:00+00:00,R,N,1,120,121,Washington Nationals,New York Mets
2017,2017-07-03,491346,2017-07-03 23:05:00+00:00,R,N,1,143,134,Philadelphia Phillies,Pittsburgh Pirates
2017,2017-07-03,491347,2017-07-03 23:05:00+00:00,R,N,1,147,141,New York Yankees,Toronto Blue Jays
2017,2017-07-03,491344,2017-07-03 23:15:00+00:00,R,N,1,138,146,St. Louis Cardinals,Miami Marlins
2017,2017-07-03,491339,2017-07-04 00:05:00+00:00,R,N,1,140,111,Texas Rangers,Boston Red Sox
2017,2017-07-03,491341,2017-07-04 00:10:00+00:00,R,N,1,115,113,Colorado Rockies,Cincinnati Reds
2017,2017-07-03,491343,2017-07-04 00:10:00+00:00,R,N,1,142,108,Minnesota Twins,Los Angeles Angels
2017,2017-07-03,491340,2017-07-04 01:05:00+00:00,R,N,1,133,145,Oakland Athletics,Chicago White Sox
2017,2017-07-03,491342,2017-07-04 02:10:00+00:00,R,N,1,136,118,Seattle Mariners,Kansas City Royals
2017,2017-07-04,491357,2017-07-04 15:05:00+00:00,R,N,1,120,121,Washington Nationals,New York Mets
2017,2017-07-04,491362,2017-07-04 17:05:00+00:00,R,N,1,147,141,New York Yankees,Toronto Blue Jays
2017,2017-07-04,491360,2017-07-04 17:10:00+00:00,R,N,1,116,137,Detroit Tigers,San Francisco Giants
2017,2017-07-04,491355,2017-07-04 18:10:00+00:00,R,N,1,142,108,Minnesota Twins,Los Angeles Angels
2017,2017-07-04,491356,2017-07-04 18:15:00+00:00,R,N,1,138,146,St. Louis Cardinals,Miami Marlins
2017,2017-07-04,491361,2017-07-04 18:20:00+00:00,R,N,1,112,139,Chicago Cubs,Tampa Bay Rays
2017,2017-07-04,491358,2017-07-04 20:05:00+00:00,R,N,1,143,134,Philadelphia Phillies,Pittsburgh Pirates
2017,2017-07-04,491351,2017-07-04 20:05:00+00:00,R,N,1,133,145,Oakland Athletics,Chicago White Sox
2017,2017-07-04,491349,2017-07-04 20:10:00+00:00,R,N,1,158,110,Milwaukee Brewers,Baltimore Orioles
2017,2017-07-04,491354,2017-07-04 22:40:00+00:00,R,N,1,136,118,Seattle Mariners,Kansas City Royals
2017,2017-07-04,491359,2017-07-04 23:10:00+00:00,R,N,1,114,135,Cleveland Indians,San Diego Padres
2017,2017-07-04,491353,2017-07-04 23:35:00+00:00,R,N,1,144,117,Atlanta Braves,Houston Astros
2017,2017-07-04,491350,2017-07-05 00:05:00+00:00,R,N,1,140,111,Texas Rangers,Boston Red Sox
2017,2017-07-04,491352,2017-07-05 00:10:00+00:00,R,N,1,115,113,Colorado Rockies,Cincinnati Reds
2017,2017-07-04,491348,2017-07-05 01:10:00+00:00,R,N,1,119,109,Los Angeles Dodgers,Arizona Diamondbacks
2017,2017-07-05,491377,2017-07-05 17:05:00+00:00,R,N,1,147,141,New York Yankees,Toronto Blue Jays
2017,2017-07-05,491376,2017-07-05 18:20:00+00:00,R,N,1,112,139,Chicago Cubs,Tampa Bay Rays
2017,2017-07-05,491366,2017-07-05 19:35:00+00:00,R,N,1,133,145,Oakland Athletics,Chicago White Sox
2017,2017-07-05,491373,2017-07-05 23:05:00+00:00,R,N,1,143,134,Philadelphia Phillies,Pittsburgh Pirates
2017,2017-07-05,491374,2017-07-05 23:10:00+00:00,R,N,1,114,135,Cleveland Indians,San Diego Padres
2017,2017-07-05,491375,2017-07-05 23:10:00+00:00,R,N,1,116,137,Detroit Tigers,San Francisco Giants
2017,2017-07-05,491364,2017-07-05 23:10:00+00:00,R,N,1,158,110,Milwaukee Brewers,Baltimore Orioles
2017,2017-07-05,491368,2017-07-05 23:35:00+00:00,R,N,1,144,117,Atlanta Braves,Houston Astros
2017,2017-07-05,491365,2017-07-06 00:05:00+00:00,R,N,1,140,111,Texas Rangers,Boston Red Sox
2017,2017-07-05,491370,2017-07-06 00:10:00+00:00,R,N,1,142,108,Minnesota Twins,Los Angeles Angels
2017,2017-07-05,491371,2017-07-06 00:15:00+00:00,R,N,1,138,146,St. Louis Cardinals,Miami Marlins
2017,2017-07-05,491367,2017-07-06 00:40:00+00:00,R,N,1,115,113,Colorado Rockies,Cincinnati Reds
2017,2017-07-05,491363,2017-07-06 02:10:00+00:00,R,N,1,119,109,Los Angeles Dodgers,Arizona Diamondbacks
2017,2017-07-05,491369,2017-07-06 02:10:00+00:00,R,N,1,136,118,Seattle Mariners,Kansas City Royals
2017,2017-08-27,491372,2017-07-05 23:05:00+00:00,R,N,1,120,121,Washington Nationals,New York Mets
2017,2017-07-06,491388,2017-07-06 17:10:00+00:00,R,N,1,116,137,Detroit Tigers,San Francisco Giants
2017,2017-07-06,491384,2017-07-06 17:45:00+00:00,R,N,1,138,146,St. Louis Cardinals,Miami Marlins
2017,2017-07-06,490741,2017-07-06 18:20:00+00:00,R,N,1,112,158,Chicago Cubs,Milwaukee Brewers
2017,2017-07-06,491382,2017-07-06 19:10:00+00:00,R,N,1,115,113,Colorado Rockies,Cincinnati Reds
2017,2017-07-06,491386,2017-07-06 22:05:00+00:00,R,N,1,143,134,Philadelphia Phillies,Pittsburgh Pirates
2017,2017-07-06,491379,2017-07-06 23:05:00+00:00,R,N,1,120,144,Washington Nationals,Atlanta Braves
2017,2017-07-06,491383,2017-07-06 23:07:00+00:00,R,N,1,141,117,Toronto Blue Jays,Houston Astros
2017,2017-07-06,491387,2017-07-06 23:10:00+00:00,R,N,1,114,135,Cleveland Indians,San Diego Padres
2017,2017-07-06,491381,2017-07-06 23:10:00+00:00,R,N,1,139,111,Tampa Bay Rays,Boston Red Sox
2017,2017-07-06,491380,2017-07-07 00:10:00+00:00,R,N,1,142,110,Minnesota Twins,Baltimore Orioles
2017,2017-07-06,491378,2017-07-07 02:10:00+00:00,R,N,1,119,109,Los Angeles Dodgers,Arizona Diamondbacks
2017,2017-07-06,491385,2017-07-07 02:10:00+00:00,R,N,1,136,133,Seattle Mariners,Oakland Athletics
2017,2017-07-07,491402,2017-07-07 18:20:00+00:00,R,N,1,112,134,Chicago Cubs,Pittsburgh Pirates
2017,2017-07-07,491403,2017-07-07 22:35:00+00:00,R,N,1,143,135,Philadelphia Phillies,San Diego Padres
2017,2017-07-07,491389,2017-07-07 23:05:00+00:00,R,N,1,120,144,Washington Nationals,Atlanta Braves
2017,2017-07-07,491399,2017-07-07 23:05:00+00:00,R,N,1,147,158,New York Yankees,Milwaukee Brewers
2017,2017-07-07,491395,2017-07-07 23:07:00+00:00,R,N,1,141,117,Toronto Blue Jays,Houston Astros
2017,2017-07-07,491394,2017-07-07 23:10:00+00:00,R,N,1,114,116,Cleveland Indians,Detroit Tigers
2017,2017-07-07,491391,2017-07-07 23:10:00+00:00,R,N,1,139,111,Tampa Bay Rays,Boston Red Sox
2017,2017-07-07,491397,2017-07-08 00:05:00+00:00,R,N,1,140,108,Texas Rangers,Los Angeles Angels
2017,2017-07-07,491390,2017-07-08 00:10:00+00:00,R,N,1,142,110,Minnesota Twins,Baltimore Orioles
2017,2017-07-07,491400,2017-07-08 00:15:00+00:00,R,N,1,138,121,St. Louis Cardinals,New York Mets
2017,2017-07-07,491392,2017-07-08 00:40:00+00:00,R,N,1,115,145,Colorado Rockies,Chicago White Sox
2017,2017-07-07,491393,2017-07-08 01:40:00+00:00,R,N,1,109,113,Arizona Diamondbacks,Cincinnati Reds
2017,2017-07-07,491396,2017-07-08 02:10:00+00:00,R,N,1,119,118,Los Angeles Dodgers,Kansas City Royals
2017,2017-07-07,491401,2017-07-08 02:10:00+00:00,R,N,1,136,133,Seattle Mariners,Oakland Athletics
2017,2017-07-07,491398,2017-07-08 02:15:00+00:00,R,N,1,137,146,San Francisco Giants,Miami Marlins
2017,2017-07-08,491414,2017-07-08 17:05:00+00:00,R,N,1,147,158,New York Yankees,Milwaukee Brewers
2017,2017-07-08,491410,2017-07-08 17:07:00+00:00,R,N,1,141,117,Toronto Blue Jays,Houston Astros
2017,2017-07-08,491405,2017-07-08 18:10:00+00:00,R,N,1,142,110,Minnesota Twins,Baltimore Orioles
2017,2017-07-08,491418,2017-07-08 20:05:00+00:00,R,N,1,143,135,Philadelphia Phillies,San Diego Padres
2017,2017-07-08,491404,2017-07-08 20:05:00+00:00,R,N,1,120,144,Washington Nationals,Atlanta Braves
2017,2017-07-08,491415,2017-07-08 20:10:00+00:00,R,N,1,138,121,St. Louis Cardinals,New York Mets
2017,2017-07-08,491406,2017-07-08 20:10:00+00:00,R,N,1,139,111,Tampa Bay Rays,Boston Red Sox
2017,2017-07-08,491409,2017-07-08 23:15:00+00:00,R,N,1,114,116,Cleveland Indians,Detroit Tigers
2017,2017-07-08,491411,2017-07-08 23:15:00+00:00,R,N,1,119,118,Los Angeles Dodgers,Kansas City Royals
2017,2017-07-08,491417,2017-07-08 23:15:00+00:00,R,N,1,112,134,Chicago Cubs,Pittsburgh Pirates
2017,2017-07-08,491412,2017-07-09 01:05:00+00:00,R,N,1,140,108,Texas Rangers,Los Angeles Angels
2017,2017-07-08,491407,2017-07-09 01:10:00+00:00,R,N,1,115,145,Colorado Rockies,Chicago White Sox
2017,2017-07-08,491413,2017-07-09 02:05:00+00:00,R,N,1,137,146,San Francisco Giants,Miami Marlins
2017,2017-07-08,491408,2017-07-09 02:10:00+00:00,R,N,1,109,113,Arizona Diamondbacks,Cincinnati Reds
2017,2017-07-08,491416,2017-07-09 02:10:00+00:00,R,N,1,136,133,Seattle Mariners,Oakland Athletics
2017,2017-07-09,491429,2017-07-09 17:05:00+00:00,R,N,1,147,158,New York Yankees,Milwaukee Brewers
2017,2017-07-09,491425,2017-07-09 17:07:00+00:00,R,N,1,141,117,Toronto Blue Jays,Houston Astros
2017,2017-07-09,491432,2017-07-09 17:10:00+00:00,R,N,1,112,134,Chicago Cubs,Pittsburgh Pirates
2017,2017-07-09,491421,2017-07-09 17:10:00+00:00,R,N,1,139,111,Tampa Bay Rays,Boston Red Sox
2017,2017-07-09,491433,2017-07-09 17:35:00+00:00,R,N,1,143,135,Philadelphia Phillies,San Diego Padres
2017,2017-07-09,491419,2017-07-09 17:35:00+00:00,R,N,1,120,144,Washington Nationals,Atlanta Braves
2017,2017-07-09,491420,2017-07-09 18:10:00+00:00,R,N,1,142,110,Minnesota Twins,Baltimore Orioles
2017,2017-07-09,491430,2017-07-09 18:15:00+00:00,R,N,1,138,121,St. Louis Cardinals,New York Mets
2017,2017-07-09,491427,2017-07-09 19:05:00+00:00,R,N,1,140,108,Texas Rangers,Los Angeles Angels
2017,2017-07-09,491422,2017-07-09 19:10:00+00:00,R,N,1,115,145,Colorado Rockies,Chicago White Sox
2017,2017-07-09,491428,2017-07-09 20:05:00+00:00,R,N,1,137,146,San Francisco Giants,Miami Marlins
2017,2017-07-09,491423,2017-07-09 20:10:00+00:00,R,N,1,109,113,Arizona Diamondbacks,Cincinnati Reds
2017,2017-07-09,491426,2017-07-09 20:10:00+00:00,R,N,1,119,118,Los Angeles Dodgers,Kansas City Royals
2017,2017-07-09,491431,2017-07-09 20:10:00+00:00,R,N,1,136,133,Seattle Mariners,Oakland Athletics
2017,2017-07-09,491424,2017-07-10 00:05:00+00:00,R,N,1,114,116,Cleveland Indians,Detroit Tigers
2017,2017-07-14,491436,2017-07-14 23:05:00+00:00,R,N,1,110,112,Baltimore Orioles,Chicago Cubs
2017,2017-07-14,491445,2017-07-14 23:05:00+00:00,R,N,1,134,138,Pittsburgh Pirates,St. Louis Cardinals
2017,2017-07-14,491449,2017-07-14 23:10:00+00:00,R,N,1,113,120,Cincinnati Reds,Washington Nationals
2017,2017-07-14,491438,2017-07-14 23:10:00+00:00,R,N,1,121,115,New York Mets,Colorado Rockies
2017,2017-07-14,491448,2017-07-14 23:10:00+00:00,R,N,1,116,141,Detroit Tigers,Toronto Blue Jays
2017,2017-07-14,491439,2017-07-14 23:10:00+00:00,R,N,1,146,119,Miami Marlins,Los Angeles Dodgers
2017,2017-07-14,491441,2017-07-14 23:10:00+00:00,R,N,1,111,147,Boston Red Sox,New York Yankees
2017,2017-07-14,491435,2017-07-14 23:35:00+00:00,R,N,1,144,109,Atlanta Braves,Arizona Diamondbacks
2017,2017-07-14,491440,2017-07-15 00:10:00+00:00,R,N,1,117,142,Houston Astros,Minnesota Twins
2017,2017-07-14,491444,2017-07-15 00:10:00+00:00,R,N,1,145,136,Chicago White Sox,Seattle Mariners
2017,2017-07-14,491442,2017-07-15 00:10:00+00:00,R,N,1,158,143,Milwaukee Brewers,Philadelphia Phillies
2017,2017-07-14,491447,2017-07-15 00:15:00+00:00,R,N,1,118,140,Kansas City Royals,Texas Rangers
2017,2017-07-14,491437,2017-07-15 02:05:00+00:00,R,N,1,133,114,Oakland Athletics,Cleveland Indians
2017,2017-07-14,491446,2017-07-15 02:07:00+00:00,R,N,1,108,139,Los Angeles Angels,Tampa Bay Rays
2017,2017-07-14,491443,2017-07-15 02:10:00+00:00,R,N,1,135,137,San Diego Padres,San Francisco Giants
2017,2017-07-15,491456,2017-07-15 20:05:00+00:00,R,N,1,111,147,Boston Red Sox,New York Yankees
2017,2017-07-15,491463,2017-07-15 22:10:00+00:00,R,N,1,116,141,Detroit Tigers,Toronto Blue Jays
2017,2017-07-15,491451,2017-07-15 23:05:00+00:00,R,N,1,110,112,Baltimore Orioles,Chicago Cubs
2017,2017-07-15,491460,2017-07-15 23:05:00+00:00,R,N,1,134,138,Pittsburgh Pirates,St. Louis Cardinals
2017,2017-07-15,491464,2017-07-15 23:10:00+00:00,R,N,1,113,120,Cincinnati Reds,Washington Nationals
2017,2017-07-15,491453,2017-07-15 23:10:00+00:00,R,N,1,121,115,New York Mets,Colorado Rockies
2017,2017-07-15,491455,2017-07-15 23:10:00+00:00,R,N,1,117,142,Houston Astros,Minnesota Twins
2017,2017-07-15,491450,2017-07-15 23:10:00+00:00,R,N,1,144,109,Atlanta Braves,Arizona Diamondbacks
2017,2017-07-15,491459,2017-07-15 23:10:00+00:00,R,N,1,145,136,Chicago White Sox,Seattle Mariners
2017,2017-07-15,491454,2017-07-15 23:10:00+00:00,R,N,1,146,119,Miami Marlins,Los Angeles Dodgers
2017,2017-07-15,491457,2017-07-15 23:10:00+00:00,R,N,1,158,143,Milwaukee Brewers,Philadelphia Phillies
2017,2017-07-15,491462,2017-07-15 23:15:00+00:00,R,N,1,118,140,Kansas City Royals,Texas Rangers
2017,2017-07-15,491458,2017-07-16 00:40:00+00:00,R,N,1,135,137,San Diego Padres,San Francisco Giants
2017,2017-07-15,491452,2017-07-16 01:05:00+00:00,R,N,1,133,114,Oakland Athletics,Cleveland Indians
2017,2017-07-15,491461,2017-07-16 01:07:00+00:00,R,N,1,108,139,Los Angeles Angels,Tampa Bay Rays
2017,2017-07-16,490398,2017-07-16 17:05:00+00:00,R,S,1,111,147,Boston Red Sox,New York Yankees
2017,2017-07-16,491471,2017-07-17 00:05:00+00:00,R,S,2,111,147,Boston Red Sox,New York Yankees
2017,2017-07-16,491479,2017-07-16 17:10:00+00:00,R,N,1,113,120,Cincinnati Reds,Washington Nationals
2017,2017-07-16,491468,2017-07-16 17:10:00+00:00,R,N,1,121,115,New York Mets,Colorado Rockies
2017,2017-07-16,491478,2017-07-16 17:10:00+00:00,R,N,1,116,141,Detroit Tigers,Toronto Blue Jays
2017,2017-07-16,491469,2017-07-16 17:10:00+00:00,R,N,1,146,119,Miami Marlins,Los Angeles Dodgers
2017,2017-07-16,491466,2017-07-16 17:35:00+00:00,R,N,1,110,112,Baltimore Orioles,Chicago Cubs
2017,2017-07-16,491475,2017-07-16 17:35:00+00:00,R,N,1,134,138,Pittsburgh Pirates,St. Louis Cardinals
2017,2017-07-16,491465,2017-07-16 17:35:00+00:00,R,N,1,144,109,Atlanta Braves,Arizona Diamondbacks
2017,2017-07-16,491470,2017-07-16 18:10:00+00:00,R,N,1,117,142,Houston Astros,Minnesota Twins
2017,2017-07-16,491474,2017-07-16 18:10:00+00:00,R,N,1,145,136,Chicago White Sox,Seattle Mariners
2017,2017-07-16,491472,2017-07-16 18:10:00+00:00,R,N,1,158,143,Milwaukee Brewers,Philadelphia Phillies
2017,2017-07-16,491477,2017-07-16 18:15:00+00:00,R,N,1,118,140,Kansas City Royals,Texas Rangers
2017,2017-07-16,491476,2017-07-16 19:37:00+00:00,R,N,1,108,139,Los Angeles Angels,Tampa Bay Rays
2017,2017-07-16,491467,2017-07-16 20:05:00+00:00,R,N,1,133,114,Oakland Athletics,Cleveland Indians
2017,2017-07-16,491473,2017-07-16 20:40:00+00:00,R,N,1,135,137,San Diego Padres,San Francisco Giants
2017,2017-07-17,491492,2017-07-17 16:35:00+00:00,R,N,1,113,120,Cincinnati Reds,Washington Nationals
2017,2017-07-17,491490,2017-07-17 23:05:00+00:00,R,N,1,110,140,Baltimore Orioles,Texas Rangers
2017,2017-07-17,491483,2017-07-17 23:05:00+00:00,R,N,1,134,158,Pittsburgh Pirates,Milwaukee Brewers
2017,2017-07-17,491488,2017-07-17 23:10:00+00:00,R,N,1,121,138,New York Mets,St. Louis Cardinals
2017,2017-07-17,491491,2017-07-17 23:10:00+00:00,R,N,1,111,141,Boston Red Sox,Toronto Blue Jays
2017,2017-07-17,491485,2017-07-17 23:10:00+00:00,R,N,1,146,143,Miami Marlins,Philadelphia Phillies
2017,2017-07-17,491480,2017-07-17 23:35:00+00:00,R,N,1,144,112,Atlanta Braves,Chicago Cubs
2017,2017-07-17,491487,2017-07-18 00:10:00+00:00,R,N,1,117,136,Houston Astros,Seattle Mariners
2017,2017-07-17,491484,2017-07-18 00:10:00+00:00,R,N,1,142,147,Minnesota Twins,New York Yankees
2017,2017-07-17,491482,2017-07-18 00:15:00+00:00,R,N,1,118,116,Kansas City Royals,Detroit Tigers
2017,2017-07-17,491486,2017-07-18 00:40:00+00:00,R,N,1,115,135,Colorado Rockies,San Diego Padres
2017,2017-07-17,491489,2017-07-18 02:05:00+00:00,R,N,1,133,139,Oakland Athletics,Tampa Bay Rays
2017,2017-07-17,491481,2017-07-18 02:15:00+00:00,R,N,1,137,114,San Francisco Giants,Cleveland Indians
2017,2017-07-18,491505,2017-07-18 23:05:00+00:00,R,N,1,110,140,Baltimore Orioles,Texas Rangers
2017,2017-07-18,491498,2017-07-18 23:05:00+00:00,R,N,1,134,158,Pittsburgh Pirates,Milwaukee Brewers
2017,2017-07-18,491493,2017-07-18 23:10:00+00:00,R,N,1,113,109,Cincinnati Reds,Arizona Diamondbacks
2017,2017-07-18,491503,2017-07-18 23:10:00+00:00,R,N,1,121,138,New York Mets,St. Louis Cardinals
2017,2017-07-18,491506,2017-07-18 23:10:00+00:00,R,N,1,111,141,Boston Red Sox,Toronto Blue Jays
2017,2017-07-18,491500,2017-07-18 23:10:00+00:00,R,N,1,146,143,Miami Marlins,Philadelphia Phillies
2017,2017-07-18,491494,2017-07-18 23:35:00+00:00,R,N,1,144,112,Atlanta Braves,Chicago Cubs
2017,2017-07-18,491502,2017-07-19 00:10:00+00:00,R,N,1,117,136,Houston Astros,Seattle Mariners
2017,2017-07-18,491497,2017-07-19 00:10:00+00:00,R,N,1,145,119,Chicago White Sox,Los Angeles Dodgers
2017,2017-07-18,491499,2017-07-19 00:10:00+00:00,R,N,1,142,147,Minnesota Twins,New York Yankees
2017,2017-07-18,491496,2017-07-19 00:15:00+00:00,R,N,1,118,116,Kansas City Royals,Detroit Tigers
2017,2017-07-18,491501,2017-07-19 00:40:00+00:00,R,N,1,115,135,Colorado Rockies,San Diego Padres
2017,2017-07-18,491504,2017-07-19 02:05:00+00:00,R,N,1,133,139,Oakland Athletics,Tampa Bay Rays
2017,2017-07-18,491507,2017-07-19 02:07:00+00:00,R,N,1,108,120,Los Angeles Angels,Washington Nationals
2017,2017-07-18,491495,2017-07-19 02:15:00+00:00,R,N,1,137,114,San Francisco Giants,Cleveland Indians
2017,2017-07-19,491509,2017-07-19 16:10:00+00:00,R,N,1,144,112,Atlanta Braves,Chicago Cubs
2017,2017-07-19,491515,2017-07-19 16:10:00+00:00,R,N,1,146,143,Miami Marlins,Philadelphia Phillies
2017,2017-07-19,491514,2017-07-19 17:10:00+00:00,R,N,1,142,147,Minnesota Twins,New York Yankees
2017,2017-07-19,491517,2017-07-19 18:10:00+00:00,R,N,1,117,136,Houston Astros,Seattle Mariners
2017,2017-07-19,491516,2017-07-19 19:10:00+00:00,R,N,1,115,135,Colorado Rockies,San Diego Padres
2017,2017-07-19,491519,2017-07-19 19:35:00+00:00,R,N,1,133,139,Oakland Athletics,Tampa Bay Rays
2017,2017-07-19,491510,2017-07-19 19:45:00+00:00,R,N,1,137,114,San Francisco Giants,Cleveland Indians
2017,2017-07-19,491520,2017-07-19 23:05:00+00:00,R,N,1,110,140,Baltimore Orioles,Texas Rangers
2017,2017-07-19,491513,2017-07-19 23:05:00+00:00,R,N,1,134,158,Pittsburgh Pirates,Milwaukee Brewers
2017,2017-07-19,491508,2017-07-19 23:10:00+00:00,R,N,1,113,109,Cincinnati Reds,Arizona Diamondbacks
2017,2017-07-19,491518,2017-07-19 23:10:00+00:00,R,N,1,121,138,New York Mets,St. Louis Cardinals
2017,2017-07-19,491521,2017-07-19 23:10:00+00:00,R,N,1,111,141,Boston Red Sox,Toronto Blue Jays
2017,2017-07-19,491512,2017-07-20 00:10:00+00:00,R,N,1,145,119,Chicago White Sox,Los Angeles Dodgers
2017,2017-07-19,491511,2017-07-20 00:15:00+00:00,R,N,1,118,116,Kansas City Royals,Detroit Tigers
2017,2017-07-19,491522,2017-07-20 02:07:00+00:00,R,N,1,108,120,Los Angeles Angels,Washington Nationals
2017,2017-07-20,491529,2017-07-20 16:10:00+00:00,R,N,1,121,138,New York Mets,St. Louis Cardinals
2017,2017-07-20,491523,2017-07-20 16:35:00+00:00,R,N,1,113,109,Cincinnati Reds,Arizona Diamondbacks
2017,2017-07-20,491526,2017-07-20 16:35:00+00:00,R,N,1,134,158,Pittsburgh Pirates,Milwaukee Brewers
2017,2017-07-20,491531,2017-07-20 17:35:00+00:00,R,N,1,111,141,Boston Red Sox,Toronto Blue Jays
2017,2017-07-20,491530,2017-07-20 23:05:00+00:00,R,N,1,110,140,Baltimore Orioles,Texas Rangers
2017,2017-07-20,491525,2017-07-21 00:15:00+00:00,R,N,1,118,116,Kansas City Royals,Detroit Tigers
2017,2017-07-20,491524,2017-07-21 02:10:00+00:00,R,N,1,119,144,Los Angeles Dodgers,Atlanta Braves
2017,2017-07-20,491527,2017-07-21 02:10:00+00:00,R,N,1,136,147,Seattle Mariners,New York Yankees
2017,2017-07-20,491528,2017-07-21 02:15:00+00:00,R,N,1,137,135,San Francisco Giants,San Diego Padres
2017,2017-07-21,491543,2017-07-21 18:20:00+00:00,R,N,1,112,138,Chicago Cubs,St. Louis Cardinals
2017,2017-07-21,491536,2017-07-21 23:05:00+00:00,R,N,1,110,117,Baltimore Orioles,Houston Astros
2017,2017-07-21,491538,2017-07-21 23:05:00+00:00,R,N,1,143,158,Philadelphia Phillies,Milwaukee Brewers
2017,2017-07-21,491540,2017-07-21 23:10:00+00:00,R,N,1,121,133,New York Mets,Oakland Athletics
2017,2017-07-21,491544,2017-07-21 23:10:00+00:00,R,N,1,139,140,Tampa Bay Rays,Texas Rangers
2017,2017-07-21,491545,2017-07-21 23:10:00+00:00,R,N,1,114,141,Cleveland Indians,Toronto Blue Jays
2017,2017-07-21,491537,2017-07-21 23:10:00+00:00,R,N,1,113,146,Cincinnati Reds,Miami Marlins
2017,2017-07-21,491535,2017-07-22 00:10:00+00:00,R,N,1,142,116,Minnesota Twins,Detroit Tigers
2017,2017-07-21,491534,2017-07-22 00:15:00+00:00,R,N,1,118,145,Kansas City Royals,Chicago White Sox
2017,2017-07-21,491541,2017-07-22 00:40:00+00:00,R,N,1,115,134,Colorado Rockies,Pittsburgh Pirates
2017,2017-07-21,491546,2017-07-22 01:40:00+00:00,R,N,1,109,120,Arizona Diamondbacks,Washington Nationals
2017,2017-07-21,491533,2017-07-22 02:07:00+00:00,R,N,1,108,111,Los Angeles Angels,Boston Red Sox
2017,2017-07-21,491532,2017-07-22 02:10:00+00:00,R,N,1,119,144,Los Angeles Dodgers,Atlanta Braves
2017,2017-07-21,491539,2017-07-22 02:10:00+00:00,R,N,1,136,147,Seattle Mariners,New York Yankees
2017,2017-07-21,491542,2017-07-22 02:15:00+00:00,R,N,1,137,135,San Francisco Giants,San Diego Padres
2017,2017-07-22,491557,2017-07-22 20:05:00+00:00,R,N,1,137,135,San Francisco Giants,San Diego Padres
2017,2017-07-22,491558,2017-07-22 20:05:00+00:00,R,N,1,112,138,Chicago Cubs,St. Louis Cardinals
2017,2017-07-22,491551,2017-07-22 23:05:00+00:00,R,N,1,110,117,Baltimore Orioles,Houston Astros
2017,2017-07-22,491553,2017-07-22 23:05:00+00:00,R,N,1,143,158,Philadelphia Phillies,Milwaukee Brewers
2017,2017-07-22,491555,2017-07-22 23:10:00+00:00,R,N,1,121,133,New York Mets,Oakland Athletics
2017,2017-07-22,491559,2017-07-22 23:10:00+00:00,R,N,1,139,140,Tampa Bay Rays,Texas Rangers
2017,2017-07-22,491560,2017-07-22 23:10:00+00:00,R,N,1,114,141,Cleveland Indians,Toronto Blue Jays
2017,2017-07-22,491550,2017-07-22 23:10:00+00:00,R,N,1,142,116,Minnesota Twins,Detroit Tigers
2017,2017-07-22,491552,2017-07-22 23:10:00+00:00,R,N,1,113,146,Cincinnati Reds,Miami Marlins
2017,2017-07-22,491549,2017-07-22 23:15:00+00:00,R,N,1,118,145,Kansas City Royals,Chicago White Sox
2017,2017-07-22,491561,2017-07-23 00:10:00+00:00,R,N,1,109,120,Arizona Diamondbacks,Washington Nationals
2017,2017-07-22,491556,2017-07-23 00:10:00+00:00,R,N,1,115,134,Colorado Rockies,Pittsburgh Pirates
2017,2017-07-22,491548,2017-07-23 01:07:00+00:00,R,N,1,108,111,Los Angeles Angels,Boston Red Sox
2017,2017-07-22,491547,2017-07-23 01:10:00+00:00,R,N,1,119,144,Los Angeles Dodgers,Atlanta Braves
2017,2017-07-22,491554,2017-07-23 01:10:00+00:00,R,N,1,136,147,Seattle Mariners,New York Yankees
2017,2017-07-23,491570,2017-07-23 17:10:00+00:00,R,N,1,121,133,New York Mets,Oakland Athletics
2017,2017-07-23,491574,2017-07-23 17:10:00+00:00,R,N,1,139,140,Tampa Bay Rays,Texas Rangers
2017,2017-07-23,491575,2017-07-23 17:10:00+00:00,R,N,1,114,141,Cleveland Indians,Toronto Blue Jays
2017,2017-07-23,491567,2017-07-23 17:10:00+00:00,R,N,1,113,146,Cincinnati Reds,Miami Marlins
2017,2017-07-23,491566,2017-07-23 17:35:00+00:00,R,N,1,110,117,Baltimore Orioles,Houston Astros
2017,2017-07-23,491568,2017-07-23 17:35:00+00:00,R,N,1,143,158,Philadelphia Phillies,Milwaukee Brewers
2017,2017-07-23,491565,2017-07-23 18:10:00+00:00,R,N,1,142,116,Minnesota Twins,Detroit Tigers
2017,2017-07-23,491564,2017-07-23 18:15:00+00:00,R,N,1,118,145,Kansas City Royals,Chicago White Sox
2017,2017-07-23,491571,2017-07-23 19:10:00+00:00,R,N,1,115,134,Colorado Rockies,Pittsburgh Pirates
2017,2017-07-23,491563,2017-07-23 19:37:00+00:00,R,N,1,108,111,Los Angeles Angels,Boston Red Sox
2017,2017-07-23,491572,2017-07-23 20:05:00+00:00,R,N,1,137,135,San Francisco Giants,San Diego Padres
2017,2017-07-23,491576,2017-07-23 20:10:00+00:00,R,N,1,109,120,Arizona Diamondbacks,Washington Nationals
2017,2017-07-23,491562,2017-07-23 20:10:00+00:00,R,N,1,119,144,Los Angeles Dodgers,Atlanta Braves
2017,2017-07-23,491569,2017-07-23 20:10:00+00:00,R,N,1,136,147,Seattle Mariners,New York Yankees
2017,2017-07-23,491573,2017-07-24 00:05:00+00:00,R,N,1,112,138,Chicago Cubs,St. Louis Cardinals
2017,2017-07-24,491580,2017-07-24 18:20:00+00:00,R,N,1,112,145,Chicago Cubs,Chicago White Sox
2017,2017-07-24,491582,2017-07-24 23:05:00+00:00,R,N,1,143,117,Philadelphia Phillies,Houston Astros
2017,2017-07-24,491587,2017-07-24 23:07:00+00:00,R,N,1,141,133,Toronto Blue Jays,Oakland Athletics
2017,2017-07-24,490803,2017-07-24 23:10:00+00:00,R,N,1,114,113,Cleveland Indians,Cincinnati Reds
2017,2017-07-24,491583,2017-07-24 23:10:00+00:00,R,N,1,116,118,Detroit Tigers,Kansas City Royals
2017,2017-07-24,491578,2017-07-24 23:10:00+00:00,R,N,1,139,110,Tampa Bay Rays,Baltimore Orioles
2017,2017-07-24,491584,2017-07-25 00:05:00+00:00,R,N,1,140,146,Texas Rangers,Miami Marlins
2017,2017-07-24,491581,2017-07-25 00:08:00+00:00,R,N,1,138,115,St. Louis Cardinals,Colorado Rockies
2017,2017-07-24,491577,2017-07-25 01:40:00+00:00,R,N,1,109,144,Arizona Diamondbacks,Atlanta Braves
2017,2017-07-24,491586,2017-07-25 02:10:00+00:00,R,N,1,135,121,San Diego Padres,New York Mets
2017,2017-07-24,491579,2017-07-25 02:10:00+00:00,R,N,1,136,111,Seattle Mariners,Boston Red Sox
2017,2017-07-24,491585,2017-07-25 02:10:00+00:00,R,N,1,119,142,Los Angeles Dodgers,Minnesota Twins
2017,2017-07-24,491588,2017-07-25 02:15:00+00:00,R,N,1,137,134,San Francisco Giants,Pittsburgh Pirates
2017,2017-07-25,491592,2017-07-25 18:20:00+00:00,R,N,1,112,145,Chicago Cubs,Chicago White Sox
2017,2017-07-25,491595,2017-07-25 23:05:00+00:00,R,N,1,143,117,Philadelphia Phillies,Houston Astros
2017,2017-07-25,491593,2017-07-25 23:05:00+00:00,R,N,1,147,113,New York Yankees,Cincinnati Reds
2017,2017-07-25,491599,2017-07-25 23:05:00+00:00,R,N,1,120,158,Washington Nationals,Milwaukee Brewers
2017,2017-07-25,491602,2017-07-25 23:07:00+00:00,R,N,1,141,133,Toronto Blue Jays,Oakland Athletics
2017,2017-07-25,491597,2017-07-25 23:10:00+00:00,R,N,1,114,108,Cleveland Indians,Los Angeles Angels
2017,2017-07-25,491596,2017-07-25 23:10:00+00:00,R,N,1,116,118,Detroit Tigers,Kansas City Royals
2017,2017-07-25,491590,2017-07-25 23:10:00+00:00,R,N,1,139,110,Tampa Bay Rays,Baltimore Orioles
2017,2017-07-25,491598,2017-07-26 00:05:00+00:00,R,N,1,140,146,Texas Rangers,Miami Marlins
2017,2017-07-25,491594,2017-07-26 00:15:00+00:00,R,N,1,138,115,St. Louis Cardinals,Colorado Rockies
2017,2017-07-25,491589,2017-07-26 01:40:00+00:00,R,N,1,109,144,Arizona Diamondbacks,Atlanta Braves
2017,2017-07-25,491601,2017-07-26 02:10:00+00:00,R,N,1,135,121,San Diego Padres,New York Mets
2017,2017-07-25,491591,2017-07-26 02:10:00+00:00,R,N,1,136,111,Seattle Mariners,Boston Red Sox
2017,2017-07-25,491600,2017-07-26 02:10:00+00:00,R,N,1,119,142,Los Angeles Dodgers,Minnesota Twins
2017,2017-07-25,491603,2017-07-26 02:15:00+00:00,R,N,1,137,134,San Francisco Giants,Pittsburgh Pirates
2017,2017-07-26,491605,2017-07-26 16:10:00+00:00,R,N,1,139,110,Tampa Bay Rays,Baltimore Orioles
2017,2017-07-26,491608,2017-07-26 17:05:00+00:00,R,N,1,147,113,New York Yankees,Cincinnati Reds
2017,2017-07-26,491606,2017-07-26 19:40:00+00:00,R,N,1,136,111,Seattle Mariners,Boston Red Sox
2017,2017-07-26,491604,2017-07-26 19:40:00+00:00,R,N,1,109,144,Arizona Diamondbacks,Atlanta Braves
2017,2017-07-26,491618,2017-07-26 19:45:00+00:00,R,N,1,137,134,San Francisco Giants,Pittsburgh Pirates
2017,2017-07-26,491610,2017-07-26 23:05:00+00:00,R,N,1,143,117,Philadelphia Phillies,Houston Astros
2017,2017-07-26,491614,2017-07-26 23:05:00+00:00,R,N,1,120,158,Washington Nationals,Milwaukee Brewers
2017,2017-07-26,491617,2017-07-26 23:07:00+00:00,R,N,1,141,133,Toronto Blue Jays,Oakland Athletics
2017,2017-07-26,491612,2017-07-26 23:10:00+00:00,R,N,1,114,108,Cleveland Indians,Los Angeles Angels
2017,2017-07-26,491611,2017-07-26 23:10:00+00:00,R,N,1,116,118,Detroit Tigers,Kansas City Royals
2017,2017-07-26,491613,2017-07-27 00:05:00+00:00,R,N,1,140,146,Texas Rangers,Miami Marlins
2017,2017-07-26,491607,2017-07-27 00:10:00+00:00,R,N,1,145,112,Chicago White Sox,Chicago Cubs
2017,2017-07-26,491609,2017-07-27 00:15:00+00:00,R,N,1,138,115,St. Louis Cardinals,Colorado Rockies
2017,2017-07-26,491616,2017-07-27 02:10:00+00:00,R,N,1,135,121,San Diego Padres,New York Mets
2017,2017-07-26,491615,2017-07-27 02:10:00+00:00,R,N,1,119,142,Los Angeles Dodgers,Minnesota Twins
2017,2017-07-27,491623,2017-07-27 16:05:00+00:00,R,N,1,120,158,Washington Nationals,Milwaukee Brewers
2017,2017-07-27,491622,2017-07-27 16:10:00+00:00,R,N,1,114,108,Cleveland Indians,Los Angeles Angels
2017,2017-07-27,491625,2017-07-27 16:37:00+00:00,R,N,1,141,133,Toronto Blue Jays,Oakland Athletics
2017,2017-07-27,491626,2017-07-27 23:05:00+00:00,R,N,1,147,139,New York Yankees,Tampa Bay Rays
2017,2017-07-27,491621,2017-07-27 23:10:00+00:00,R,N,1,146,113,Miami Marlins,Cincinnati Reds
2017,2017-07-27,491619,2017-07-27 23:15:00+00:00,R,N,1,138,109,St. Louis Cardinals,Arizona Diamondbacks
2017,2017-07-27,491620,2017-07-28 00:10:00+00:00,R,N,1,145,112,Chicago White Sox,Chicago Cubs
2017,2017-07-27,491624,2017-07-28 01:10:00+00:00,R,N,1,135,121,San Diego Padres,New York Mets
2017,2017-07-28,491628,2017-07-28 23:05:00+00:00,R,N,1,143,144,Philadelphia Phillies,Atlanta Braves
2017,2017-07-28,491641,2017-07-28 23:05:00+00:00,R,N,1,147,139,New York Yankees,Tampa Bay Rays
2017,2017-07-28,491636,2017-07-28 23:07:00+00:00,R,N,1,141,108,Toronto Blue Jays,Los Angeles Angels
2017,2017-07-28,491634,2017-07-28 23:10:00+00:00,R,N,1,116,117,Detroit Tigers,Houston Astros
2017,2017-07-28,491635,2017-07-28 23:10:00+00:00,R,N,1,111,118,Boston Red Sox,Kansas City Royals
2017,2017-07-28,491631,2017-07-28 23:10:00+00:00,R,N,1,146,113,Miami Marlins,Cincinnati Reds
2017,2017-07-28,491629,2017-07-29 00:05:00+00:00,R,N,1,140,110,Texas Rangers,Baltimore Orioles
2017,2017-07-28,491632,2017-07-29 00:10:00+00:00,R,N,1,145,114,Chicago White Sox,Cleveland Indians
2017,2017-07-28,491630,2017-07-29 00:10:00+00:00,R,N,1,158,112,Milwaukee Brewers,Chicago Cubs
2017,2017-07-28,491627,2017-07-29 00:15:00+00:00,R,N,1,138,109,St. Louis Cardinals,Arizona Diamondbacks
2017,2017-07-28,491637,2017-07-29 02:05:00+00:00,R,N,1,133,142,Oakland Athletics,Minnesota Twins
2017,2017-07-28,491639,2017-07-29 02:10:00+00:00,R,N,1,135,134,San Diego Padres,Pittsburgh Pirates
2017,2017-07-28,491638,2017-07-29 02:10:00+00:00,R,N,1,136,121,Seattle Mariners,New York Mets
2017,2017-07-28,491640,2017-07-29 02:10:00+00:00,R,N,1,119,137,Los Angeles Dodgers,San Francisco Giants
2017,2017-07-30,491633,2017-07-28 23:05:00+00:00,R,N,1,120,115,Washington Nationals,Colorado Rockies
2017,2017-07-29,491656,2017-07-29 17:05:00+00:00,R,N,1,147,139,New York Yankees,Tampa Bay Rays
2017,2017-07-29,491651,2017-07-29 17:07:00+00:00,R,N,1,141,108,Toronto Blue Jays,Los Angeles Angels
2017,2017-07-29,491655,2017-07-29 20:05:00+00:00,R,N,1,119,137,Los Angeles Dodgers,San Francisco Giants
2017,2017-07-29,491653,2017-07-29 20:10:00+00:00,R,N,1,136,121,Seattle Mariners,New York Mets
2017,2017-07-29,491649,2017-07-29 22:10:00+00:00,R,N,1,116,117,Detroit Tigers,Houston Astros
2017,2017-07-29,491648,2017-07-29 23:05:00+00:00,R,N,1,120,115,Washington Nationals,Colorado Rockies
2017,2017-07-29,491643,2017-07-29 23:05:00+00:00,R,N,1,143,144,Philadelphia Phillies,Atlanta Braves
2017,2017-07-29,491650,2017-07-29 23:10:00+00:00,R,N,1,111,118,Boston Red Sox,Kansas City Royals
2017,2017-07-29,491647,2017-07-29 23:10:00+00:00,R,N,1,145,114,Chicago White Sox,Cleveland Indians
2017,2017-07-29,491646,2017-07-29 23:10:00+00:00,R,N,1,146,113,Miami Marlins,Cincinnati Reds
2017,2017-07-29,491645,2017-07-29 23:10:00+00:00,R,N,1,158,112,Milwaukee Brewers,Chicago Cubs
2017,2017-07-29,491642,2017-07-29 23:15:00+00:00,R,N,1,138,109,St. Louis Cardinals,Arizona Diamondbacks
2017,2017-07-29,491644,2017-07-30 00:05:00+00:00,R,N,1,140,110,Texas Rangers,Baltimore Orioles
2017,2017-07-29,491654,2017-07-30 00:40:00+00:00,R,N,1,135,134,San Diego Padres,Pittsburgh Pirates
2017,2017-07-29,491652,2017-07-30 01:05:00+00:00,R,N,1,133,142,Oakland Athletics,Minnesota Twins
2017,2017-07-30,491671,2017-07-30 17:05:00+00:00,R,N,1,147,139,New York Yankees,Tampa Bay Rays
2017,2017-07-30,491666,2017-07-30 17:07:00+00:00,R,N,1,141,108,Toronto Blue Jays,Los Angeles Angels
2017,2017-07-30,491664,2017-07-30 17:10:00+00:00,R,N,1,116,117,Detroit Tigers,Houston Astros
2017,2017-07-30,491661,2017-07-30 17:10:00+00:00,R,N,1,146,113,Miami Marlins,Cincinnati Reds
2017,2017-07-30,491665,2017-07-30 17:35:00+00:00,R,N,1,111,118,Boston Red Sox,Kansas City Royals
2017,2017-07-30,491663,2017-07-30 17:35:00+00:00,R,S,1,120,115,Washington Nationals,Colorado Rockies
2017,2017-07-30,491633,2017-07-30 23:40:00+00:00,R,S,2,120,115,Washington Nationals,Colorado Rockies
2017,2017-07-30,491658,2017-07-30 17:35:00+00:00,R,N,1,143,144,Philadelphia Phillies,Atlanta Braves
2017,2017-07-30,491662,2017-07-30 18:10:00+00:00,R,N,1,145,114,Chicago White Sox,Cleveland Indians
2017,2017-07-30,491660,2017-07-30 18:10:00+00:00,R,N,1,158,112,Milwaukee Brewers,Chicago Cubs
2017,2017-07-30,491657,2017-07-30 18:15:00+00:00,R,N,1,138,109,St. Louis Cardinals,Arizona Diamondbacks
2017,2017-07-30,491659,2017-07-30 19:05:00+00:00,R,N,1,140,110,Texas Rangers,Baltimore Orioles
2017,2017-07-30,491667,2017-07-30 20:05:00+00:00,R,N,1,133,142,Oakland Athletics,Minnesota Twins
2017,2017-07-30,491668,2017-07-30 20:10:00+00:00,R,N,1,136,121,Seattle Mariners,New York Mets
2017,2017-07-30,491669,2017-07-30 20:40:00+00:00,R,N,1,135,134,San Diego Padres,Pittsburgh Pirates
2017,2017-07-30,491670,2017-07-31 00:05:00+00:00,R,N,1,119,137,Los Angeles Dodgers,San Francisco Giants
2017,2017-07-31,491672,2017-07-31 16:35:00+00:00,R,N,1,143,144,Philadelphia Phillies,Atlanta Braves
2017,2017-07-31,491675,2017-07-31 23:05:00+00:00,R,N,1,110,118,Baltimore Orioles,Kansas City Royals
2017,2017-07-31,491674,2017-07-31 23:05:00+00:00,R,N,1,147,116,New York Yankees,Detroit Tigers
2017,2017-07-31,491673,2017-07-31 23:10:00+00:00,R,N,1,111,114,Boston Red Sox,Cleveland Indians
2017,2017-07-31,491680,2017-07-31 23:10:00+00:00,R,N,1,146,120,Miami Marlins,Washington Nationals
2017,2017-07-31,491677,2017-08-01 00:05:00+00:00,R,N,1,140,136,Texas Rangers,Seattle Mariners
2017,2017-07-31,491678,2017-08-01 00:10:00+00:00,R,N,1,117,139,Houston Astros,Tampa Bay Rays
2017,2017-07-31,491679,2017-08-01 00:10:00+00:00,R,N,1,145,141,Chicago White Sox,Toronto Blue Jays
2017,2017-07-31,491676,2017-08-01 02:05:00+00:00,R,N,1,133,137,Oakland Athletics,San Francisco Giants
2017,2017-08-01,491685,2017-08-01 23:05:00+00:00,R,N,1,110,118,Baltimore Orioles,Kansas City Royals
2017,2017-08-01,491682,2017-08-01 23:05:00+00:00,R,N,1,134,113,Pittsburgh Pirates,Cincinnati Reds
2017,2017-08-01,491684,2017-08-01 23:05:00+00:00,R,N,1,147,116,New York Yankees,Detroit Tigers
2017,2017-08-01,491683,2017-08-01 23:10:00+00:00,R,N,1,111,114,Boston Red Sox,Cleveland Indians
2017,2017-08-01,491695,2017-08-01 23:10:00+00:00,R,N,1,146,120,Miami Marlins,Washington Nationals
2017,2017-08-01,491686,2017-08-01 23:35:00+00:00,R,N,1,144,119,Atlanta Braves,Los Angeles Dodgers
2017,2017-08-01,491692,2017-08-01 23:40:00+00:00,R,N,1,158,138,Milwaukee Brewers,St. Louis Cardinals
2017,2017-08-01,491681,2017-08-02 00:05:00+00:00,R,N,1,112,109,Chicago Cubs,Arizona Diamondbacks
2017,2017-08-01,491691,2017-08-02 00:05:00+00:00,R,N,1,140,136,Texas Rangers,Seattle Mariners
2017,2017-08-01,491693,2017-08-02 00:10:00+00:00,R,N,1,117,139,Houston Astros,Tampa Bay Rays
2017,2017-08-01,491694,2017-08-02 00:10:00+00:00,R,N,1,145,141,Chicago White Sox,Toronto Blue Jays
2017,2017-08-01,491688,2017-08-02 00:40:00+00:00,R,N,1,115,121,Colorado Rockies,New York Mets
2017,2017-08-01,491690,2017-08-02 02:05:00+00:00,R,N,1,133,137,Oakland Athletics,San Francisco Giants
2017,2017-08-01,491689,2017-08-02 02:07:00+00:00,R,N,1,108,143,Los Angeles Angels,Philadelphia Phillies
2017,2017-08-01,491687,2017-08-02 02:10:00+00:00,R,N,1,135,142,San Diego Padres,Minnesota Twins
2017,2017-08-02,491699,2017-08-02 17:05:00+00:00,R,N,1,147,116,New York Yankees,Detroit Tigers
2017,2017-08-02,491709,2017-08-02 18:10:00+00:00,R,N,1,145,141,Chicago White Sox,Toronto Blue Jays
2017,2017-08-02,491702,2017-08-02 19:40:00+00:00,R,N,1,135,142,San Diego Padres,Minnesota Twins
2017,2017-08-02,491700,2017-08-02 23:05:00+00:00,R,N,1,110,118,Baltimore Orioles,Kansas City Royals
2017,2017-08-02,491697,2017-08-02 23:05:00+00:00,R,N,1,134,113,Pittsburgh Pirates,Cincinnati Reds
2017,2017-08-02,491710,2017-08-02 23:10:00+00:00,R,N,1,146,120,Miami Marlins,Washington Nationals
2017,2017-08-02,491701,2017-08-02 23:35:00+00:00,R,N,1,144,119,Atlanta Braves,Los Angeles Dodgers
2017,2017-08-02,491696,2017-08-03 00:05:00+00:00,R,N,1,112,109,Chicago Cubs,Arizona Diamondbacks
2017,2017-08-02,491706,2017-08-03 00:05:00+00:00,R,N,1,140,136,Texas Rangers,Seattle Mariners
2017,2017-08-02,491708,2017-08-03 00:10:00+00:00,R,N,1,117,139,Houston Astros,Tampa Bay Rays
2017,2017-08-02,491707,2017-08-03 00:10:00+00:00,R,N,1,158,138,Milwaukee Brewers,St. Louis Cardinals
2017,2017-08-02,491703,2017-08-03 00:40:00+00:00,R,N,1,115,121,Colorado Rockies,New York Mets
2017,2017-08-02,491705,2017-08-03 02:07:00+00:00,R,N,1,108,143,Los Angeles Angels,Philadelphia Phillies
2017,2017-08-02,491704,2017-08-03 02:15:00+00:00,R,N,1,137,133,San Francisco Giants,Oakland Athletics
2017,2017-08-14,491698,2017-08-02 23:10:00+00:00,R,N,1,111,114,Boston Red Sox,Cleveland Indians
2017,2017-08-03,491721,2017-08-03 18:10:00+00:00,R,N,1,158,138,Milwaukee Brewers,St. Louis Cardinals
2017,2017-08-03,491711,2017-08-03 18:20:00+00:00,R,N,1,112,109,Chicago Cubs,Arizona Diamondbacks
2017,2017-08-03,491716,2017-08-03 19:10:00+00:00,R,N,1,115,121,Colorado Rockies,New York Mets
2017,2017-08-03,491714,2017-08-03 23:05:00+00:00,R,N,1,110,116,Baltimore Orioles,Detroit Tigers
2017,2017-08-03,491713,2017-08-03 23:05:00+00:00,R,N,1,134,113,Pittsburgh Pirates,Cincinnati Reds
2017,2017-08-03,491712,2017-08-03 23:10:00+00:00,R,N,1,111,145,Boston Red Sox,Chicago White Sox
2017,2017-08-03,491717,2017-08-03 23:10:00+00:00,R,N,1,114,147,Cleveland Indians,New York Yankees
2017,2017-08-03,491715,2017-08-03 23:35:00+00:00,R,N,1,144,119,Atlanta Braves,Los Angeles Dodgers
2017,2017-08-03,491722,2017-08-04 00:10:00+00:00,R,N,1,117,139,Houston Astros,Tampa Bay Rays
2017,2017-08-03,491723,2017-08-04 00:10:00+00:00,R,N,1,142,140,Minnesota Twins,Texas Rangers
2017,2017-08-03,491720,2017-08-04 00:15:00+00:00,R,N,1,118,136,Kansas City Royals,Seattle Mariners
2017,2017-08-03,491719,2017-08-04 02:07:00+00:00,R,N,1,108,143,Los Angeles Angels,Philadelphia Phillies
2017,2017-08-03,491718,2017-08-04 02:15:00+00:00,R,N,1,137,133,San Francisco Giants,Oakland Athletics
2017,2017-08-04,491738,2017-08-04 18:20:00+00:00,R,N,1,112,120,Chicago Cubs,Washington Nationals
2017,2017-08-04,491735,2017-08-04 22:40:00+00:00,R,N,1,113,138,Cincinnati Reds,St. Louis Cardinals
2017,2017-08-04,491726,2017-08-04 23:05:00+00:00,R,N,1,110,116,Baltimore Orioles,Detroit Tigers
2017,2017-08-04,491733,2017-08-04 23:05:00+00:00,R,N,1,134,135,Pittsburgh Pirates,San Diego Padres
2017,2017-08-04,491727,2017-08-04 23:10:00+00:00,R,N,1,121,119,New York Mets,Los Angeles Dodgers
2017,2017-08-04,491725,2017-08-04 23:10:00+00:00,R,N,1,111,145,Boston Red Sox,Chicago White Sox
2017,2017-08-04,491730,2017-08-04 23:10:00+00:00,R,N,1,114,147,Cleveland Indians,New York Yankees
2017,2017-08-04,491729,2017-08-04 23:10:00+00:00,R,N,1,139,158,Tampa Bay Rays,Milwaukee Brewers
2017,2017-08-04,491728,2017-08-04 23:35:00+00:00,R,N,1,144,146,Atlanta Braves,Miami Marlins
2017,2017-08-04,491737,2017-08-05 00:10:00+00:00,R,N,1,117,141,Houston Astros,Toronto Blue Jays
2017,2017-08-04,491736,2017-08-05 00:10:00+00:00,R,N,1,142,140,Minnesota Twins,Texas Rangers
2017,2017-08-04,491734,2017-08-05 00:15:00+00:00,R,N,1,118,136,Kansas City Royals,Seattle Mariners
2017,2017-08-04,491732,2017-08-05 00:40:00+00:00,R,N,1,115,143,Colorado Rockies,Philadelphia Phillies
2017,2017-08-04,491731,2017-08-05 02:07:00+00:00,R,N,1,108,133,Los Angeles Angels,Oakland Athletics
2017,2017-08-04,491724,2017-08-05 02:15:00+00:00,R,N,1,137,109,San Francisco Giants,Arizona Diamondbacks
2017,2017-08-05,491753,2017-08-05 18:20:00+00:00,R,N,1,112,120,Chicago Cubs,Washington Nationals
2017,2017-08-05,491742,2017-08-05 20:05:00+00:00,R,N,1,121,119,New York Mets,Los Angeles Dodgers
2017,2017-08-05,491744,2017-08-05 22:10:00+00:00,R,N,1,139,158,Tampa Bay Rays,Milwaukee Brewers
2017,2017-08-05,491741,2017-08-05 23:05:00+00:00,R,N,1,110,116,Baltimore Orioles,Detroit Tigers
2017,2017-08-05,491748,2017-08-05 23:05:00+00:00,R,N,1,134,135,Pittsburgh Pirates,San Diego Padres
2017,2017-08-05,491750,2017-08-05 23:10:00+00:00,R,N,1,113,138,Cincinnati Reds,St. Louis Cardinals
2017,2017-08-05,491752,2017-08-05 23:10:00+00:00,R,N,1,117,141,Houston Astros,Toronto Blue Jays
2017,2017-08-05,491751,2017-08-05 23:10:00+00:00,R,N,1,142,140,Minnesota Twins,Texas Rangers
2017,2017-08-05,491740,2017-08-05 23:10:00+00:00,R,N,1,111,145,Boston Red Sox,Chicago White Sox
2017,2017-08-05,491743,2017-08-05 23:10:00+00:00,R,N,1,144,146,Atlanta Braves,Miami Marlins
2017,2017-08-05,491745,2017-08-05 23:10:00+00:00,R,N,1,114,147,Cleveland Indians,New York Yankees
2017,2017-08-05,491747,2017-08-06 00:10:00+00:00,R,N,1,115,143,Colorado Rockies,Philadelphia Phillies
2017,2017-08-05,491739,2017-08-06 01:05:00+00:00,R,N,1,137,109,San Francisco Giants,Arizona Diamondbacks
2017,2017-08-05,491746,2017-08-06 01:07:00+00:00,R,N,1,108,133,Los Angeles Angels,Oakland Athletics
2017,2017-08-06,491749,2017-08-05 23:15:00+00:00,R,N,1,118,136,Kansas City Royals,Seattle Mariners
2017,2017-08-06,491765,2017-08-06 17:10:00+00:00,R,N,1,113,138,Cincinnati Reds,St. Louis Cardinals
2017,2017-08-06,491760,2017-08-06 17:10:00+00:00,R,N,1,114,147,Cleveland Indians,New York Yankees
2017,2017-08-06,491759,2017-08-06 17:10:00+00:00,R,N,1,139,158,Tampa Bay Rays,Milwaukee Brewers
2017,2017-08-06,491756,2017-08-06 17:35:00+00:00,R,N,1,110,116,Baltimore Orioles,Detroit Tigers
2017,2017-08-06,491763,2017-08-06 17:35:00+00:00,R,N,1,134,135,Pittsburgh Pirates,San Diego Padres
2017,2017-08-06,491755,2017-08-06 17:35:00+00:00,R,N,1,111,145,Boston Red Sox,Chicago White Sox
2017,2017-08-06,491758,2017-08-06 17:35:00+00:00,R,N,1,144,146,Atlanta Braves,Miami Marlins
2017,2017-08-06,491767,2017-08-06 18:10:00+00:00,R,N,1,117,141,Houston Astros,Toronto Blue Jays
2017,2017-08-06,491766,2017-08-06 18:10:00+00:00,R,N,1,142,140,Minnesota Twins,Texas Rangers
2017,2017-08-06,491764,2017-08-06 18:15:00+00:00,R,Y,1,118,136,Kansas City Royals,Seattle Mariners
2017,2017-08-06,491749,2017-08-06 18:20:00+00:00,R,Y,2,118,136,Kansas City Royals,Seattle Mariners
2017,2017-08-06,491768,2017-08-06 18:20:00+00:00,R,N,1,112,120,Chicago Cubs,Washington Nationals
2017,2017-08-06,491762,2017-08-06 19:10:00+00:00,R,N,1,115,143,Colorado Rockies,Philadelphia Phillies
2017,2017-08-06,491761,2017-08-06 19:37:00+00:00,R,N,1,108,133,Los Angeles Angels,Oakland Athletics
2017,2017-08-06,491754,2017-08-06 20:05:00+00:00,R,N,1,137,109,San Francisco Giants,Arizona Diamondbacks
2017,2017-08-06,491757,2017-08-07 00:00:00+00:00,R,N,1,121,119,New York Mets,Los Angeles Dodgers
2017,2017-08-07,491771,2017-08-07 23:05:00+00:00,R,N,1,134,116,Pittsburgh Pirates,Detroit Tigers
2017,2017-08-07,491772,2017-08-07 23:05:00+00:00,R,N,1,120,146,Washington Nationals,Miami Marlins
2017,2017-08-07,491774,2017-08-07 23:10:00+00:00,R,N,1,113,135,Cincinnati Reds,San Diego Padres
2017,2017-08-07,491773,2017-08-08 00:10:00+00:00,R,N,1,142,158,Minnesota Twins,Milwaukee Brewers
2017,2017-08-07,491775,2017-08-08 00:15:00+00:00,R,N,1,118,138,Kansas City Royals,St. Louis Cardinals
2017,2017-08-07,491769,2017-08-08 02:07:00+00:00,R,N,1,108,110,Los Angeles Angels,Baltimore Orioles
2017,2017-08-07,491770,2017-08-08 02:08:00+00:00,R,N,1,137,112,San Francisco Giants,Chicago Cubs
2017,2017-08-08,491780,2017-08-08 23:05:00+00:00,R,N,1,134,116,Pittsburgh Pirates,Detroit Tigers
2017,2017-08-08,491783,2017-08-08 23:05:00+00:00,R,N,1,120,146,Washington Nationals,Miami Marlins
2017,2017-08-08,491785,2017-08-08 23:07:00+00:00,R,N,1,141,147,Toronto Blue Jays,New York Yankees
2017,2017-08-08,491779,2017-08-08 23:10:00+00:00,R,N,1,114,115,Cleveland Indians,Colorado Rockies
2017,2017-08-08,491787,2017-08-08 23:10:00+00:00,R,N,1,113,135,Cincinnati Reds,San Diego Padres
2017,2017-08-08,491777,2017-08-08 23:10:00+00:00,R,N,1,139,111,Tampa Bay Rays,Boston Red Sox
2017,2017-08-08,491790,2017-08-08 23:10:00+00:00,R,N,1,121,140,New York Mets,Texas Rangers
2017,2017-08-08,491786,2017-08-08 23:35:00+00:00,R,N,1,144,143,Atlanta Braves,Philadelphia Phillies
2017,2017-08-08,491781,2017-08-09 00:10:00+00:00,R,N,1,145,117,Chicago White Sox,Houston Astros
2017,2017-08-08,491784,2017-08-09 00:10:00+00:00,R,N,1,142,158,Minnesota Twins,Milwaukee Brewers
2017,2017-08-08,491789,2017-08-09 00:15:00+00:00,R,N,1,118,138,Kansas City Royals,St. Louis Cardinals
2017,2017-08-08,491782,2017-08-09 01:40:00+00:00,R,N,1,109,119,Arizona Diamondbacks,Los Angeles Dodgers
2017,2017-08-08,491788,2017-08-09 02:05:00+00:00,R,N,1,133,136,Oakland Athletics,Seattle Mariners
2017,2017-08-08,491776,2017-08-09 02:07:00+00:00,R,N,1,108,110,Los Angeles Angels,Baltimore Orioles
2017,2017-08-08,491778,2017-08-09 02:15:00+00:00,R,N,1,137,112,San Francisco Giants,Chicago Cubs
2017,2017-08-09,491794,2017-08-09 16:10:00+00:00,R,N,1,114,115,Cleveland Indians,Colorado Rockies
2017,2017-08-09,491805,2017-08-09 16:10:00+00:00,R,N,1,121,140,New York Mets,Texas Rangers
2017,2017-08-09,491804,2017-08-09 19:35:00+00:00,R,N,1,133,136,Oakland Athletics,Seattle Mariners
2017,2017-08-09,491791,2017-08-09 19:37:00+00:00,R,N,1,108,110,Los Angeles Angels,Baltimore Orioles
2017,2017-08-09,491793,2017-08-09 19:45:00+00:00,R,N,1,137,112,San Francisco Giants,Chicago Cubs
2017,2017-08-09,491798,2017-08-09 23:05:00+00:00,R,N,1,120,146,Washington Nationals,Miami Marlins
2017,2017-08-09,491800,2017-08-09 23:07:00+00:00,R,N,1,141,147,Toronto Blue Jays,New York Yankees
2017,2017-08-09,491802,2017-08-09 23:10:00+00:00,R,N,1,116,134,Detroit Tigers,Pittsburgh Pirates
2017,2017-08-09,491803,2017-08-09 23:10:00+00:00,R,N,1,113,135,Cincinnati Reds,San Diego Padres
2017,2017-08-09,491792,2017-08-09 23:10:00+00:00,R,N,1,139,111,Tampa Bay Rays,Boston Red Sox
2017,2017-08-09,491801,2017-08-09 23:35:00+00:00,R,N,1,144,143,Atlanta Braves,Philadelphia Phillies
2017,2017-08-09,491795,2017-08-10 00:10:00+00:00,R,N,1,145,117,Chicago White Sox,Houston Astros
2017,2017-08-09,491799,2017-08-10 00:10:00+00:00,R,N,1,158,142,Milwaukee Brewers,Minnesota Twins
2017,2017-08-09,491796,2017-08-10 00:15:00+00:00,R,N,1,138,118,St. Louis Cardinals,Kansas City Royals
2017,2017-08-09,491797,2017-08-10 01:40:00+00:00,R,N,1,109,119,Arizona Diamondbacks,Los Angeles Dodgers
2017,2017-08-10,491817,2017-08-10 16:35:00+00:00,R,N,1,113,135,Cincinnati Reds,San Diego Padres
2017,2017-08-10,491816,2017-08-10 17:10:00+00:00,R,N,1,116,134,Detroit Tigers,Pittsburgh Pirates
2017,2017-08-10,491814,2017-08-10 23:05:00+00:00,R,N,1,143,121,Philadelphia Phillies,New York Mets
2017,2017-08-10,491812,2017-08-10 23:05:00+00:00,R,N,1,120,146,Washington Nationals,Miami Marlins
2017,2017-08-10,491815,2017-08-10 23:07:00+00:00,R,N,1,141,147,Toronto Blue Jays,New York Yankees
2017,2017-08-10,491807,2017-08-10 23:10:00+00:00,R,N,1,139,114,Tampa Bay Rays,Cleveland Indians
2017,2017-08-10,491809,2017-08-10 23:15:00+00:00,R,N,1,138,118,St. Louis Cardinals,Kansas City Royals
2017,2017-08-10,491808,2017-08-11 00:10:00+00:00,R,N,1,145,117,Chicago White Sox,Houston Astros
2017,2017-08-10,491813,2017-08-11 00:10:00+00:00,R,N,1,158,142,Milwaukee Brewers,Minnesota Twins
2017,2017-08-10,491811,2017-08-11 01:40:00+00:00,R,N,1,109,119,Arizona Diamondbacks,Los Angeles Dodgers
2017,2017-08-10,491806,2017-08-11 02:05:00+00:00,R,N,1,133,110,Oakland Athletics,Baltimore Orioles
2017,2017-08-10,491810,2017-08-11 02:10:00+00:00,R,N,1,136,108,Seattle Mariners,Los Angeles Angels
2017,2017-08-11,491829,2017-08-11 23:05:00+00:00,R,N,1,143,121,Philadelphia Phillies,New York Mets
2017,2017-08-11,491820,2017-08-11 23:05:00+00:00,R,N,1,147,111,New York Yankees,Boston Red Sox
2017,2017-08-11,491830,2017-08-11 23:07:00+00:00,R,N,1,141,134,Toronto Blue Jays,Pittsburgh Pirates
2017,2017-08-11,491823,2017-08-11 23:10:00+00:00,R,N,1,139,114,Tampa Bay Rays,Cleveland Indians
2017,2017-08-11,491828,2017-08-11 23:10:00+00:00,R,N,1,116,142,Detroit Tigers,Minnesota Twins
2017,2017-08-11,491824,2017-08-11 23:10:00+00:00,R,N,1,146,115,Miami Marlins,Colorado Rockies
2017,2017-08-11,491825,2017-08-12 00:05:00+00:00,R,N,1,140,117,Texas Rangers,Houston Astros
2017,2017-08-11,491826,2017-08-12 00:10:00+00:00,R,N,1,145,118,Chicago White Sox,Kansas City Royals
2017,2017-08-11,491822,2017-08-12 00:10:00+00:00,R,N,1,158,113,Milwaukee Brewers,Cincinnati Reds
2017,2017-08-11,491818,2017-08-12 00:15:00+00:00,R,N,1,138,144,St. Louis Cardinals,Atlanta Braves
2017,2017-08-11,491821,2017-08-12 01:40:00+00:00,R,N,1,109,112,Arizona Diamondbacks,Chicago Cubs
2017,2017-08-11,491819,2017-08-12 02:05:00+00:00,R,N,1,133,110,Oakland Athletics,Baltimore Orioles
2017,2017-08-11,491831,2017-08-12 02:10:00+00:00,R,N,1,119,135,Los Angeles Dodgers,San Diego Padres
2017,2017-08-11,491827,2017-08-12 02:10:00+00:00,R,N,1,136,108,Seattle Mariners,Los Angeles Angels
2017,2017-08-13,491832,2017-08-11 23:05:00+00:00,R,N,1,120,137,Washington Nationals,San Francisco Giants
2017,2017-08-12,491845,2017-08-12 17:07:00+00:00,R,N,1,141,134,Toronto Blue Jays,Pittsburgh Pirates
2017,2017-08-12,491835,2017-08-12 20:05:00+00:00,R,N,1,147,111,New York Yankees,Boston Red Sox
2017,2017-08-12,491838,2017-08-12 22:10:00+00:00,R,N,1,139,114,Tampa Bay Rays,Cleveland Indians
2017,2017-08-12,491843,2017-08-12 22:10:00+00:00,R,N,1,116,142,Detroit Tigers,Minnesota Twins
2017,2017-08-12,491847,2017-08-12 23:05:00+00:00,R,N,1,120,137,Washington Nationals,San Francisco Giants
2017,2017-08-12,491844,2017-08-12 23:05:00+00:00,R,N,1,143,121,Philadelphia Phillies,New York Mets
2017,2017-08-12,491841,2017-08-12 23:10:00+00:00,R,N,1,145,118,Chicago White Sox,Kansas City Royals
2017,2017-08-12,491839,2017-08-12 23:10:00+00:00,R,N,1,146,115,Miami Marlins,Colorado Rockies
2017,2017-08-12,491837,2017-08-12 23:10:00+00:00,R,N,1,158,113,Milwaukee Brewers,Cincinnati Reds
2017,2017-08-12,491833,2017-08-12 23:15:00+00:00,R,N,1,138,144,St. Louis Cardinals,Atlanta Braves
2017,2017-08-12,491840,2017-08-13 00:05:00+00:00,R,N,1,140,117,Texas Rangers,Houston Astros
2017,2017-08-12,491836,2017-08-13 00:10:00+00:00,R,N,1,109,112,Arizona Diamondbacks,Chicago Cubs
2017,2017-08-12,491834,2017-08-13 01:05:00+00:00,R,N,1,133,110,Oakland Athletics,Baltimore Orioles
2017,2017-08-12,491846,2017-08-13 01:10:00+00:00,R,N,1,119,135,Los Angeles Dodgers,San Diego Padres
2017,2017-08-12,491842,2017-08-13 01:10:00+00:00,R,N,1,136,108,Seattle Mariners,Los Angeles Angels
2017,2017-08-13,491862,2017-08-13 17:05:00+00:00,R,S,1,120,137,Washington Nationals,San Francisco Giants
2017,2017-08-13,491832,2017-08-13 23:05:00+00:00,R,S,2,120,137,Washington Nationals,San Francisco Giants
2017,2017-08-13,491860,2017-08-13 17:07:00+00:00,R,N,1,141,134,Toronto Blue Jays,Pittsburgh Pirates
2017,2017-08-13,491853,2017-08-13 17:10:00+00:00,R,N,1,139,114,Tampa Bay Rays,Cleveland Indians
2017,2017-08-13,491858,2017-08-13 17:10:00+00:00,R,N,1,116,142,Detroit Tigers,Minnesota Twins
2017,2017-08-13,491854,2017-08-13 17:10:00+00:00,R,N,1,146,115,Miami Marlins,Colorado Rockies
2017,2017-08-13,491859,2017-08-13 17:35:00+00:00,R,N,1,143,121,Philadelphia Phillies,New York Mets
2017,2017-08-13,491856,2017-08-13 18:10:00+00:00,R,N,1,145,118,Chicago White Sox,Kansas City Royals
2017,2017-08-13,491852,2017-08-13 18:10:00+00:00,R,N,1,158,113,Milwaukee Brewers,Cincinnati Reds
2017,2017-08-13,491848,2017-08-13 18:15:00+00:00,R,N,1,138,144,St. Louis Cardinals,Atlanta Braves
2017,2017-08-13,491855,2017-08-13 19:05:00+00:00,R,N,1,140,117,Texas Rangers,Houston Astros
2017,2017-08-13,491849,2017-08-13 20:05:00+00:00,R,N,1,133,110,Oakland Athletics,Baltimore Orioles
2017,2017-08-13,491851,2017-08-13 20:10:00+00:00,R,N,1,109,112,Arizona Diamondbacks,Chicago Cubs
2017,2017-08-13,491861,2017-08-13 20:10:00+00:00,R,N,1,119,135,Los Angeles Dodgers,San Diego Padres
2017,2017-08-13,491857,2017-08-13 20:10:00+00:00,R,N,1,136,108,Seattle Mariners,Los Angeles Angels
2017,2017-08-13,491850,2017-08-14 00:05:00+00:00,R,N,1,147,111,New York Yankees,Boston Red Sox
2017,2017-08-14,491698,2017-08-14 22:10:00+00:00,R,N,1,111,114,Boston Red Sox,Cleveland Indians
2017,2017-08-14,491869,2017-08-14 23:05:00+00:00,R,N,1,147,121,New York Yankees,New York Mets
2017,2017-08-14,491872,2017-08-14 23:07:00+00:00,R,N,1,141,139,Toronto Blue Jays,Tampa Bay Rays
2017,2017-08-14,491871,2017-08-14 23:10:00+00:00,R,N,1,146,137,Miami Marlins,San Francisco Giants
2017,2017-08-14,491865,2017-08-15 00:05:00+00:00,R,N,1,112,113,Chicago Cubs,Cincinnati Reds
2017,2017-08-14,491866,2017-08-15 00:05:00+00:00,R,N,1,140,116,Texas Rangers,Detroit Tigers
2017,2017-08-14,491863,2017-08-15 00:40:00+00:00,R,N,1,115,144,Colorado Rockies,Atlanta Braves
2017,2017-08-14,491867,2017-08-15 01:40:00+00:00,R,N,1,109,117,Arizona Diamondbacks,Houston Astros
2017,2017-08-14,491868,2017-08-15 02:05:00+00:00,R,N,1,133,118,Oakland Athletics,Kansas City Royals
2017,2017-08-14,491864,2017-08-15 02:10:00+00:00,R,N,1,136,110,Seattle Mariners,Baltimore Orioles
2017,2017-08-14,491870,2017-08-15 02:10:00+00:00,R,N,1,135,143,San Diego Padres,Philadelphia Phillies
2017,2017-08-15,491879,2017-08-15 19:40:00+00:00,R,N,1,109,117,Arizona Diamondbacks,Houston Astros
2017,2017-08-15,491881,2017-08-15 23:05:00+00:00,R,N,1,120,108,Washington Nationals,Los Angeles Angels
2017,2017-08-15,491882,2017-08-15 23:05:00+00:00,R,N,1,147,121,New York Yankees,New York Mets
2017,2017-08-15,491887,2017-08-15 23:07:00+00:00,R,N,1,141,139,Toronto Blue Jays,Tampa Bay Rays
2017,2017-08-15,491886,2017-08-15 23:10:00+00:00,R,N,1,111,138,Boston Red Sox,St. Louis Cardinals
2017,2017-08-15,491885,2017-08-15 23:10:00+00:00,R,N,1,146,137,Miami Marlins,San Francisco Giants
2017,2017-08-15,491884,2017-08-15 23:40:00+00:00,R,N,1,158,134,Milwaukee Brewers,Pittsburgh Pirates
2017,2017-08-15,491876,2017-08-16 00:05:00+00:00,R,N,1,112,113,Chicago Cubs,Cincinnati Reds
2017,2017-08-15,491878,2017-08-16 00:05:00+00:00,R,N,1,140,116,Texas Rangers,Detroit Tigers
2017,2017-08-15,491877,2017-08-16 00:10:00+00:00,R,N,1,142,114,Minnesota Twins,Cleveland Indians
2017,2017-08-15,491873,2017-08-16 00:40:00+00:00,R,N,1,115,144,Colorado Rockies,Atlanta Braves
2017,2017-08-15,491880,2017-08-16 02:05:00+00:00,R,N,1,133,118,Oakland Athletics,Kansas City Royals
2017,2017-08-15,491874,2017-08-16 02:10:00+00:00,R,N,1,136,110,Seattle Mariners,Baltimore Orioles
2017,2017-08-15,491883,2017-08-16 02:10:00+00:00,R,N,1,135,143,San Diego Padres,Philadelphia Phillies
2017,2017-08-15,491875,2017-08-16 02:10:00+00:00,R,N,1,119,145,Los Angeles Dodgers,Chicago White Sox
2017,2017-08-16,491896,2017-08-16 17:05:00+00:00,R,N,1,120,108,Washington Nationals,Los Angeles Angels
2017,2017-08-16,491900,2017-08-16 17:10:00+00:00,R,N,1,146,137,Miami Marlins,San Francisco Giants
2017,2017-08-16,491899,2017-08-16 18:10:00+00:00,R,N,1,158,134,Milwaukee Brewers,Pittsburgh Pirates
2017,2017-08-16,491895,2017-08-16 19:35:00+00:00,R,N,1,133,118,Oakland Athletics,Kansas City Royals
2017,2017-08-16,491890,2017-08-16 19:40:00+00:00,R,N,1,136,110,Seattle Mariners,Baltimore Orioles
2017,2017-08-16,491898,2017-08-16 19:40:00+00:00,R,N,1,135,143,San Diego Padres,Philadelphia Phillies
2017,2017-08-16,491902,2017-08-16 23:07:00+00:00,R,N,1,141,139,Toronto Blue Jays,Tampa Bay Rays
2017,2017-08-16,491901,2017-08-16 23:10:00+00:00,R,N,1,111,138,Boston Red Sox,St. Louis Cardinals
2017,2017-08-16,491897,2017-08-16 23:10:00+00:00,R,N,1,121,147,New York Mets,New York Yankees
2017,2017-08-16,491892,2017-08-17 00:05:00+00:00,R,N,1,112,113,Chicago Cubs,Cincinnati Reds
2017,2017-08-16,491894,2017-08-17 00:05:00+00:00,R,N,1,140,116,Texas Rangers,Detroit Tigers
2017,2017-08-16,491888,2017-08-17 00:10:00+00:00,R,N,1,117,109,Houston Astros,Arizona Diamondbacks
2017,2017-08-16,491889,2017-08-17 00:40:00+00:00,R,N,1,115,144,Colorado Rockies,Atlanta Braves
2017,2017-08-16,491891,2017-08-17 02:10:00+00:00,R,N,1,119,145,Los Angeles Dodgers,Chicago White Sox
2017,2017-08-17,491893,2017-08-17 00:10:00+00:00,R,N,1,142,114,Minnesota Twins,Cleveland Indians
2017,2017-08-17,491907,2017-08-17 17:10:00+00:00,R,S,1,142,114,Minnesota Twins,Cleveland Indians
2017,2017-08-17,491893,2017-08-17 23:10:00+00:00,R,S,2,142,114,Minnesota Twins,Cleveland Indians
2017,2017-08-17,491903,2017-08-17 18:10:00+00:00,R,N,1,117,109,Houston Astros,Arizona Diamondbacks
2017,2017-08-17,491906,2017-08-17 18:20:00+00:00,R,N,1,112,113,Chicago Cubs,Cincinnati Reds
2017,2017-08-17,491904,2017-08-17 19:10:00+00:00,R,N,1,115,144,Colorado Rockies,Atlanta Braves
2017,2017-08-17,491911,2017-08-17 20:07:00+00:00,R,N,1,141,139,Toronto Blue Jays,Tampa Bay Rays
2017,2017-08-17,491910,2017-08-17 23:05:00+00:00,R,N,1,134,138,Pittsburgh Pirates,St. Louis Cardinals
2017,2017-08-17,491908,2017-08-17 23:10:00+00:00,R,N,1,121,147,New York Mets,New York Yankees
2017,2017-08-17,491905,2017-08-18 00:05:00+00:00,R,N,1,140,145,Texas Rangers,Chicago White Sox
2017,2017-08-17,491912,2017-08-18 02:10:00+00:00,R,N,1,135,120,San Diego Padres,Washington Nationals
2017,2017-08-17,491909,2017-08-18 02:15:00+00:00,R,N,1,137,143,San Francisco Giants,Philadelphia Phillies
2017,2017-08-18,491926,2017-08-18 18:20:00+00:00,R,N,1,112,141,Chicago Cubs,Toronto Blue Jays
2017,2017-08-18,491917,2017-08-18 23:05:00+00:00,R,N,1,110,108,Baltimore Orioles,Los Angeles Angels
2017,2017-08-18,491925,2017-08-18 23:05:00+00:00,R,N,1,134,138,Pittsburgh Pirates,St. Louis Cardinals
2017,2017-08-18,491918,2017-08-18 23:10:00+00:00,R,N,1,116,119,Detroit Tigers,Los Angeles Dodgers
2017,2017-08-18,491924,2017-08-18 23:10:00+00:00,R,N,1,139,136,Tampa Bay Rays,Seattle Mariners
2017,2017-08-18,491919,2017-08-18 23:10:00+00:00,R,N,1,121,146,New York Mets,Miami Marlins
2017,2017-08-18,491921,2017-08-18 23:10:00+00:00,R,N,1,111,147,Boston Red Sox,New York Yankees
2017,2017-08-18,491915,2017-08-18 23:35:00+00:00,R,N,1,144,113,Atlanta Braves,Cincinnati Reds
2017,2017-08-18,491914,2017-08-19 00:05:00+00:00,R,N,1,140,145,Texas Rangers,Chicago White Sox
2017,2017-08-18,491922,2017-08-19 00:10:00+00:00,R,N,1,117,133,Houston Astros,Oakland Athletics
2017,2017-08-18,491913,2017-08-19 00:10:00+00:00,R,N,1,142,109,Minnesota Twins,Arizona Diamondbacks
2017,2017-08-18,491916,2017-08-19 00:15:00+00:00,R,N,1,118,114,Kansas City Royals,Cleveland Indians
2017,2017-08-18,491920,2017-08-19 00:40:00+00:00,R,N,1,115,158,Colorado Rockies,Milwaukee Brewers
2017,2017-08-18,491927,2017-08-19 02:10:00+00:00,R,N,1,135,120,San Diego Padres,Washington Nationals
2017,2017-08-18,491923,2017-08-19 02:15:00+00:00,R,N,1,137,143,San Francisco Giants,Philadelphia Phillies
2017,2017-08-19,491941,2017-08-19 18:20:00+00:00,R,N,1,112,141,Chicago Cubs,Toronto Blue Jays
2017,2017-08-19,491933,2017-08-19 20:05:00+00:00,R,N,1,116,119,Detroit Tigers,Los Angeles Dodgers
2017,2017-08-19,491940,2017-08-19 20:05:00+00:00,R,N,1,134,138,Pittsburgh Pirates,St. Louis Cardinals
2017,2017-08-19,491939,2017-08-19 22:10:00+00:00,R,N,1,139,136,Tampa Bay Rays,Seattle Mariners
2017,2017-08-19,491932,2017-08-19 23:05:00+00:00,R,N,1,110,108,Baltimore Orioles,Los Angeles Angels
2017,2017-08-19,491937,2017-08-19 23:10:00+00:00,R,N,1,117,133,Houston Astros,Oakland Athletics
2017,2017-08-19,491928,2017-08-19 23:10:00+00:00,R,N,1,142,109,Minnesota Twins,Arizona Diamondbacks
2017,2017-08-19,491930,2017-08-19 23:10:00+00:00,R,N,1,144,113,Atlanta Braves,Cincinnati Reds
2017,2017-08-19,491934,2017-08-19 23:10:00+00:00,R,N,1,121,146,New York Mets,Miami Marlins
2017,2017-08-19,491936,2017-08-19 23:10:00+00:00,R,N,1,111,147,Boston Red Sox,New York Yankees
2017,2017-08-19,491931,2017-08-19 23:15:00+00:00,R,N,1,118,114,Kansas City Royals,Cleveland Indians
2017,2017-08-19,491929,2017-08-20 00:05:00+00:00,R,N,1,140,145,Texas Rangers,Chicago White Sox
2017,2017-08-19,491935,2017-08-20 00:10:00+00:00,R,N,1,115,158,Colorado Rockies,Milwaukee Brewers
2017,2017-08-19,491942,2017-08-20 00:40:00+00:00,R,N,1,135,120,San Diego Padres,Washington Nationals
2017,2017-08-19,491938,2017-08-20 01:05:00+00:00,R,N,1,137,143,San Francisco Giants,Philadelphia Phillies
2017,2017-08-20,491948,2017-08-20 17:10:00+00:00,R,N,1,116,119,Detroit Tigers,Los Angeles Dodgers
2017,2017-08-20,491954,2017-08-20 17:10:00+00:00,R,N,1,139,136,Tampa Bay Rays,Seattle Mariners
2017,2017-08-20,491949,2017-08-20 17:10:00+00:00,R,N,1,121,146,New York Mets,Miami Marlins
2017,2017-08-20,491951,2017-08-20 17:30:00+00:00,R,N,1,111,147,Boston Red Sox,New York Yankees
2017,2017-08-20,491947,2017-08-20 17:35:00+00:00,R,N,1,110,108,Baltimore Orioles,Los Angeles Angels
2017,2017-08-20,491945,2017-08-20 17:35:00+00:00,R,N,1,144,113,Atlanta Braves,Cincinnati Reds
2017,2017-08-20,491952,2017-08-20 18:10:00+00:00,R,N,1,117,133,Houston Astros,Oakland Athletics
2017,2017-08-20,491943,2017-08-20 18:10:00+00:00,R,N,1,142,109,Minnesota Twins,Arizona Diamondbacks
2017,2017-08-20,491946,2017-08-20 18:15:00+00:00,R,N,1,118,114,Kansas City Royals,Cleveland Indians
2017,2017-08-20,491956,2017-08-20 18:20:00+00:00,R,N,1,112,141,Chicago Cubs,Toronto Blue Jays
2017,2017-08-20,491944,2017-08-20 19:05:00+00:00,R,N,1,140,145,Texas Rangers,Chicago White Sox
2017,2017-08-20,491950,2017-08-20 19:10:00+00:00,R,N,1,115,158,Colorado Rockies,Milwaukee Brewers
2017,2017-08-20,491953,2017-08-20 20:05:00+00:00,R,N,1,137,143,San Francisco Giants,Philadelphia Phillies
2017,2017-08-20,491957,2017-08-20 20:40:00+00:00,R,N,1,135,120,San Diego Padres,Washington Nationals
2017,2017-08-20,491955,2017-08-20 23:00:00+00:00,R,N,1,134,138,Pittsburgh Pirates,St. Louis Cardinals
2017,2017-08-21,491962,2017-08-21 21:10:00+00:00,R,Y,1,145,142,Chicago White Sox,Minnesota Twins
2017,2017-08-21,490606,2017-08-21 21:15:00+00:00,R,Y,2,145,142,Chicago White Sox,Minnesota Twins
2017,2017-08-21,491963,2017-08-21 23:05:00+00:00,R,N,1,110,133,Baltimore Orioles,Oakland Athletics
2017,2017-08-21,491960,2017-08-21 23:05:00+00:00,R,N,1,134,119,Pittsburgh Pirates,Los Angeles Dodgers
2017,2017-08-21,491959,2017-08-21 23:10:00+00:00,R,N,1,114,111,Cleveland Indians,Boston Red Sox
2017,2017-08-21,491958,2017-08-21 23:10:00+00:00,R,N,1,121,109,New York Mets,Arizona Diamondbacks
2017,2017-08-21,491964,2017-08-21 23:35:00+00:00,R,N,1,144,136,Atlanta Braves,Seattle Mariners
2017,2017-08-21,491965,2017-08-22 02:07:00+00:00,R,N,1,108,140,Los Angeles Angels,Texas Rangers
2017,2017-08-21,491961,2017-08-22 02:15:00+00:00,R,N,1,137,158,San Francisco Giants,Milwaukee Brewers
2017,2017-08-22,491971,2017-08-22 20:05:00+00:00,R,Y,1,143,146,Philadelphia Phillies,Miami Marlins
2017,2017-08-22,490396,2017-08-22 20:10:00+00:00,R,Y,2,143,146,Philadelphia Phillies,Miami Marlins
2017,2017-08-22,491975,2017-08-22 23:05:00+00:00,R,N,1,110,133,Baltimore Orioles,Oakland Athletics
2017,2017-08-22,491970,2017-08-22 23:05:00+00:00,R,N,1,134,119,Pittsburgh Pirates,Los Angeles Dodgers
2017,2017-08-22,491968,2017-08-22 23:10:00+00:00,R,N,1,113,112,Cincinnati Reds,Chicago Cubs
2017,2017-08-22,491967,2017-08-22 23:10:00+00:00,R,N,1,114,111,Cleveland Indians,Boston Red Sox
2017,2017-08-22,491966,2017-08-22 23:10:00+00:00,R,N,1,121,109,New York Mets,Arizona Diamondbacks
2017,2017-08-22,491979,2017-08-22 23:10:00+00:00,R,N,1,139,141,Tampa Bay Rays,Toronto Blue Jays
2017,2017-08-22,491974,2017-08-22 23:10:00+00:00,R,N,1,116,147,Detroit Tigers,New York Yankees
2017,2017-08-22,491977,2017-08-22 23:35:00+00:00,R,N,1,144,136,Atlanta Braves,Seattle Mariners
2017,2017-08-22,491980,2017-08-23 00:10:00+00:00,R,N,1,117,120,Houston Astros,Washington Nationals
2017,2017-08-22,491973,2017-08-23 00:10:00+00:00,R,N,1,145,142,Chicago White Sox,Minnesota Twins
2017,2017-08-22,491969,2017-08-23 00:15:00+00:00,R,N,1,118,115,Kansas City Royals,Colorado Rockies
2017,2017-08-22,491976,2017-08-23 00:15:00+00:00,R,N,1,138,135,St. Louis Cardinals,San Diego Padres
2017,2017-08-22,491978,2017-08-23 02:07:00+00:00,R,N,1,108,140,Los Angeles Angels,Texas Rangers
2017,2017-08-22,491972,2017-08-23 02:15:00+00:00,R,N,1,137,158,San Francisco Giants,Milwaukee Brewers
2017,2017-08-23,491990,2017-08-23 19:05:00+00:00,R,N,1,110,133,Baltimore Orioles,Oakland Athletics
2017,2017-08-23,491987,2017-08-23 19:45:00+00:00,R,N,1,137,158,San Francisco Giants,Milwaukee Brewers
2017,2017-08-23,491985,2017-08-23 23:05:00+00:00,R,N,1,134,119,Pittsburgh Pirates,Los Angeles Dodgers
2017,2017-08-23,491986,2017-08-23 23:05:00+00:00,R,N,1,143,146,Philadelphia Phillies,Miami Marlins
2017,2017-08-23,491983,2017-08-23 23:10:00+00:00,R,N,1,113,112,Cincinnati Reds,Chicago Cubs
2017,2017-08-23,491982,2017-08-23 23:10:00+00:00,R,N,1,114,111,Cleveland Indians,Boston Red Sox
2017,2017-08-23,491981,2017-08-23 23:10:00+00:00,R,N,1,121,109,New York Mets,Arizona Diamondbacks
2017,2017-08-23,491994,2017-08-23 23:10:00+00:00,R,N,1,139,141,Tampa Bay Rays,Toronto Blue Jays
2017,2017-08-23,491989,2017-08-23 23:10:00+00:00,R,N,1,116,147,Detroit Tigers,New York Yankees
2017,2017-08-23,491992,2017-08-23 23:35:00+00:00,R,N,1,144,136,Atlanta Braves,Seattle Mariners
2017,2017-08-23,491995,2017-08-24 00:10:00+00:00,R,N,1,117,120,Houston Astros,Washington Nationals
2017,2017-08-23,491988,2017-08-24 00:10:00+00:00,R,N,1,145,142,Chicago White Sox,Minnesota Twins
2017,2017-08-23,491984,2017-08-24 00:15:00+00:00,R,N,1,118,115,Kansas City Royals,Colorado Rockies
2017,2017-08-23,491991,2017-08-24 00:15:00+00:00,R,N,1,138,135,St. Louis Cardinals,San Diego Padres
2017,2017-08-23,491993,2017-08-24 02:07:00+00:00,R,N,1,108,140,Los Angeles Angels,Texas Rangers
2017,2017-08-24,491996,2017-08-24 16:10:00+00:00,R,N,1,121,109,New York Mets,Arizona Diamondbacks
2017,2017-08-24,492001,2017-08-24 17:05:00+00:00,R,N,1,143,146,Philadelphia Phillies,Miami Marlins
2017,2017-08-24,492006,2017-08-24 17:10:00+00:00,R,N,1,139,141,Tampa Bay Rays,Toronto Blue Jays
2017,2017-08-24,492003,2017-08-24 17:10:00+00:00,R,N,1,116,147,Detroit Tigers,New York Yankees
2017,2017-08-24,491999,2017-08-24 18:15:00+00:00,R,N,1,118,115,Kansas City Royals,Colorado Rockies
2017,2017-08-24,492000,2017-08-24 20:05:00+00:00,R,N,1,134,119,Pittsburgh Pirates,Los Angeles Dodgers
2017,2017-08-24,491998,2017-08-24 23:10:00+00:00,R,N,1,113,112,Cincinnati Reds,Chicago Cubs
2017,2017-08-24,491997,2017-08-24 23:10:00+00:00,R,N,1,114,111,Cleveland Indians,Boston Red Sox
2017,2017-08-24,492004,2017-08-24 23:15:00+00:00,R,N,1,138,135,St. Louis Cardinals,San Diego Padres
2017,2017-08-24,492007,2017-08-25 00:10:00+00:00,R,N,1,117,120,Houston Astros,Washington Nationals
2017,2017-08-24,492002,2017-08-25 00:10:00+00:00,R,N,1,145,142,Chicago White Sox,Minnesota Twins
2017,2017-08-24,492005,2017-08-25 02:07:00+00:00,R,N,1,108,140,Los Angeles Angels,Texas Rangers
2017,2017-08-25,492016,2017-08-25 23:05:00+00:00,R,N,1,120,121,Washington Nationals,New York Mets
2017,2017-08-25,492009,2017-08-25 23:05:00+00:00,R,N,1,143,112,Philadelphia Phillies,Chicago Cubs
2017,2017-08-25,492020,2017-08-25 23:05:00+00:00,R,N,1,147,136,New York Yankees,Seattle Mariners
2017,2017-08-25,492015,2017-08-25 23:07:00+00:00,R,N,1,141,142,Toronto Blue Jays,Minnesota Twins
2017,2017-08-25,492008,2017-08-25 23:10:00+00:00,R,N,1,111,110,Boston Red Sox,Baltimore Orioles
2017,2017-08-25,492013,2017-08-25 23:10:00+00:00,R,N,1,114,118,Cleveland Indians,Kansas City Royals
2017,2017-08-25,492017,2017-08-25 23:10:00+00:00,R,N,1,113,134,Cincinnati Reds,Pittsburgh Pirates
2017,2017-08-25,492018,2017-08-25 23:10:00+00:00,R,N,1,146,135,Miami Marlins,San Diego Padres
2017,2017-08-25,492010,2017-08-25 23:35:00+00:00,R,N,1,144,115,Atlanta Braves,Colorado Rockies
2017,2017-08-25,492011,2017-08-26 00:10:00+00:00,R,N,1,145,116,Chicago White Sox,Detroit Tigers
2017,2017-08-25,492021,2017-08-26 00:15:00+00:00,R,N,1,138,139,St. Louis Cardinals,Tampa Bay Rays
2017,2017-08-25,492019,2017-08-26 01:40:00+00:00,R,N,1,109,137,Arizona Diamondbacks,San Francisco Giants
2017,2017-08-25,492022,2017-08-26 02:05:00+00:00,R,N,1,133,140,Oakland Athletics,Texas Rangers
2017,2017-08-25,492012,2017-08-26 02:07:00+00:00,R,N,1,108,117,Los Angeles Angels,Houston Astros
2017,2017-08-25,492014,2017-08-26 02:10:00+00:00,R,N,1,119,158,Los Angeles Dodgers,Milwaukee Brewers
2017,2017-08-26,492035,2017-08-26 17:05:00+00:00,R,N,1,147,136,New York Yankees,Seattle Mariners
2017,2017-08-26,492030,2017-08-26 17:07:00+00:00,R,N,1,141,142,Toronto Blue Jays,Minnesota Twins
2017,2017-08-26,492023,2017-08-26 20:05:00+00:00,R,N,1,111,110,Boston Red Sox,Baltimore Orioles
2017,2017-08-26,492031,2017-08-26 20:05:00+00:00,R,N,1,120,121,Washington Nationals,New York Mets
2017,2017-08-26,492037,2017-08-26 20:05:00+00:00,R,N,1,133,140,Oakland Athletics,Texas Rangers
2017,2017-08-26,492032,2017-08-26 22:40:00+00:00,R,N,1,113,134,Cincinnati Reds,Pittsburgh Pirates
2017,2017-08-26,492024,2017-08-26 23:05:00+00:00,R,N,1,143,112,Philadelphia Phillies,Chicago Cubs
2017,2017-08-26,492025,2017-08-26 23:10:00+00:00,R,N,1,144,115,Atlanta Braves,Colorado Rockies
2017,2017-08-26,492026,2017-08-26 23:10:00+00:00,R,N,1,145,116,Chicago White Sox,Detroit Tigers
2017,2017-08-26,492033,2017-08-26 23:10:00+00:00,R,N,1,146,135,Miami Marlins,San Diego Padres
2017,2017-08-26,492028,2017-08-26 23:15:00+00:00,R,N,1,114,118,Cleveland Indians,Kansas City Royals
2017,2017-08-26,492036,2017-08-26 23:15:00+00:00,R,N,1,138,139,St. Louis Cardinals,Tampa Bay Rays
2017,2017-08-26,492034,2017-08-27 00:10:00+00:00,R,N,1,109,137,Arizona Diamondbacks,San Francisco Giants
2017,2017-08-26,492027,2017-08-27 01:07:00+00:00,R,N,1,108,117,Los Angeles Angels,Houston Astros
2017,2017-08-26,492029,2017-08-27 01:10:00+00:00,R,N,1,119,158,Los Angeles Dodgers,Milwaukee Brewers
2017,2017-08-27,492050,2017-08-27 17:05:00+00:00,R,N,1,147,136,New York Yankees,Seattle Mariners
2017,2017-08-27,492045,2017-08-27 17:07:00+00:00,R,N,1,141,142,Toronto Blue Jays,Minnesota Twins
2017,2017-08-27,492043,2017-08-27 17:10:00+00:00,R,N,1,114,118,Cleveland Indians,Kansas City Royals
2017,2017-08-27,492047,2017-08-27 17:10:00+00:00,R,N,1,113,134,Cincinnati Reds,Pittsburgh Pirates
2017,2017-08-27,492048,2017-08-27 17:10:00+00:00,R,N,1,146,135,Miami Marlins,San Diego Padres
2017,2017-08-27,492038,2017-08-27 17:35:00+00:00,R,N,1,111,110,Boston Red Sox,Baltimore Orioles
2017,2017-08-27,492046,2017-08-27 17:35:00+00:00,R,S,1,120,121,Washington Nationals,New York Mets
2017,2017-08-27,491372,2017-08-28 00:08:00+00:00,R,S,2,120,121,Washington Nationals,New York Mets
2017,2017-08-27,492039,2017-08-27 17:35:00+00:00,R,N,1,143,112,Philadelphia Phillies,Chicago Cubs
2017,2017-08-27,492040,2017-08-27 17:35:00+00:00,R,N,1,144,115,Atlanta Braves,Colorado Rockies
2017,2017-08-27,492041,2017-08-27 18:10:00+00:00,R,N,1,145,116,Chicago White Sox,Detroit Tigers
2017,2017-08-27,492051,2017-08-27 18:15:00+00:00,R,N,1,138,139,St. Louis Cardinals,Tampa Bay Rays
2017,2017-08-27,492042,2017-08-27 19:37:00+00:00,R,N,1,108,117,Los Angeles Angels,Houston Astros
2017,2017-08-27,492052,2017-08-27 20:05:00+00:00,R,N,1,133,140,Oakland Athletics,Texas Rangers
2017,2017-08-27,492049,2017-08-27 20:10:00+00:00,R,N,1,109,137,Arizona Diamondbacks,San Francisco Giants
2017,2017-08-27,492044,2017-08-27 20:10:00+00:00,R,N,1,119,158,Los Angeles Dodgers,Milwaukee Brewers
2017,2017-08-28,492061,2017-08-28 23:05:00+00:00,R,N,1,110,136,Baltimore Orioles,Seattle Mariners
2017,2017-08-28,492053,2017-08-28 23:05:00+00:00,R,N,1,143,144,Philadelphia Phillies,Atlanta Braves
2017,2017-08-28,492057,2017-08-28 23:05:00+00:00,R,N,1,120,146,Washington Nationals,Miami Marlins
2017,2017-08-28,492055,2017-08-28 23:05:00+00:00,R,N,1,147,114,New York Yankees,Cleveland Indians
2017,2017-08-28,492054,2017-08-28 23:07:00+00:00,R,N,1,141,111,Toronto Blue Jays,Boston Red Sox
2017,2017-08-28,492059,2017-08-29 00:05:00+00:00,R,N,1,112,134,Chicago Cubs,Pittsburgh Pirates
2017,2017-08-28,492062,2017-08-29 00:15:00+00:00,R,N,1,118,139,Kansas City Royals,Tampa Bay Rays
2017,2017-08-28,492056,2017-08-29 00:40:00+00:00,R,N,1,115,116,Colorado Rockies,Detroit Tigers
2017,2017-08-28,492058,2017-08-29 02:07:00+00:00,R,N,1,108,133,Los Angeles Angels,Oakland Athletics
2017,2017-08-28,492060,2017-08-29 02:10:00+00:00,R,N,1,135,137,San Diego Padres,San Francisco Giants
2017,2017-08-29,492074,2017-08-29 23:05:00+00:00,R,N,1,110,136,Baltimore Orioles,Seattle Mariners
2017,2017-08-29,492069,2017-08-29 23:05:00+00:00,R,N,1,120,146,Washington Nationals,Miami Marlins
2017,2017-08-29,492064,2017-08-29 23:07:00+00:00,R,N,1,141,111,Toronto Blue Jays,Boston Red Sox
2017,2017-08-29,492070,2017-08-29 23:10:00+00:00,R,N,1,113,121,Cincinnati Reds,New York Mets
2017,2017-08-29,492077,2017-08-29 23:10:00+00:00,R,N,1,117,140,Houston Astros,Texas Rangers
2017,2017-08-29,492075,2017-08-29 23:40:00+00:00,R,N,1,158,138,Milwaukee Brewers,St. Louis Cardinals
2017,2017-08-29,492072,2017-08-30 00:05:00+00:00,R,N,1,112,134,Chicago Cubs,Pittsburgh Pirates
2017,2017-08-29,492065,2017-08-30 00:10:00+00:00,R,N,1,142,145,Minnesota Twins,Chicago White Sox
2017,2017-08-29,492076,2017-08-30 00:15:00+00:00,R,N,1,118,139,Kansas City Royals,Tampa Bay Rays
2017,2017-08-29,492067,2017-08-30 00:40:00+00:00,R,N,1,115,116,Colorado Rockies,Detroit Tigers
2017,2017-08-29,492068,2017-08-30 01:40:00+00:00,R,N,1,109,119,Arizona Diamondbacks,Los Angeles Dodgers
2017,2017-08-29,492071,2017-08-30 02:07:00+00:00,R,N,1,108,133,Los Angeles Angels,Oakland Athletics
2017,2017-08-29,492073,2017-08-30 02:10:00+00:00,R,N,1,135,137,San Diego Padres,San Francisco Giants
2017,2017-08-30,492063,2017-08-29 23:05:00+00:00,R,N,1,143,144,Philadelphia Phillies,Atlanta Braves
2017,2017-08-30,492066,2017-08-29 23:05:00+00:00,R,N,1,147,114,New York Yankees,Cleveland Indians
2017,2017-08-30,492078,2017-08-30 16:05:00+00:00,R,Y,1,143,144,Philadelphia Phillies,Atlanta Braves
2017,2017-08-30,492063,2017-08-30 16:10:00+00:00,R,Y,2,143,144,Philadelphia Phillies,Atlanta Braves
2017,2017-08-30,492081,2017-08-30 17:05:00+00:00,R,Y,1,147,114,New York Yankees,Cleveland Indians
2017,2017-08-30,492066,2017-08-30 17:10:00+00:00,R,Y,2,147,114,New York Yankees,Cleveland Indians
2017,2017-08-30,492090,2017-08-30 18:10:00+00:00,R,N,1,158,138,Milwaukee Brewers,St. Louis Cardinals
2017,2017-08-30,492089,2017-08-30 19:05:00+00:00,R,N,1,110,136,Baltimore Orioles,Seattle Mariners
2017,2017-08-30,492082,2017-08-30 19:10:00+00:00,R,N,1,115,116,Colorado Rockies,Detroit Tigers
2017,2017-08-30,492084,2017-08-30 20:05:00+00:00,R,N,1,120,146,Washington Nationals,Miami Marlins
2017,2017-08-30,492079,2017-08-30 23:07:00+00:00,R,N,1,141,111,Toronto Blue Jays,Boston Red Sox
2017,2017-08-30,492085,2017-08-30 23:10:00+00:00,R,N,1,113,121,Cincinnati Reds,New York Mets
2017,2017-08-30,492092,2017-08-30 23:10:00+00:00,R,N,1,117,140,Houston Astros,Texas Rangers
2017,2017-08-30,492087,2017-08-31 00:05:00+00:00,R,N,1,112,134,Chicago Cubs,Pittsburgh Pirates
2017,2017-08-30,492080,2017-08-31 00:10:00+00:00,R,N,1,142,145,Minnesota Twins,Chicago White Sox
2017,2017-08-30,492091,2017-08-31 00:15:00+00:00,R,N,1,118,139,Kansas City Royals,Tampa Bay Rays
2017,2017-08-30,492088,2017-08-31 01:10:00+00:00,R,N,1,135,137,San Diego Padres,San Francisco Giants
2017,2017-08-30,492083,2017-08-31 01:40:00+00:00,R,N,1,109,119,Arizona Diamondbacks,Los Angeles Dodgers
2017,2017-08-30,492086,2017-08-31 02:07:00+00:00,R,N,1,108,133,Los Angeles Angels,Oakland Athletics
2017,2017-08-31,492097,2017-08-31 16:35:00+00:00,R,N,1,113,121,Cincinnati Reds,New York Mets
2017,2017-08-31,492100,2017-08-31 17:10:00+00:00,R,N,1,117,140,Houston Astros,Texas Rangers
2017,2017-08-31,492095,2017-08-31 17:10:00+00:00,R,N,1,142,145,Minnesota Twins,Chicago White Sox
2017,2017-08-31,492096,2017-08-31 19:40:00+00:00,R,N,1,109,119,Arizona Diamondbacks,Los Angeles Dodgers
2017,2017-08-31,492101,2017-08-31 23:05:00+00:00,R,N,1,110,141,Baltimore Orioles,Toronto Blue Jays
2017,2017-08-31,492094,2017-08-31 23:05:00+00:00,R,N,1,147,111,New York Yankees,Boston Red Sox
2017,2017-08-31,492098,2017-08-31 23:10:00+00:00,R,N,1,146,143,Miami Marlins,Philadelphia Phillies
2017,2017-08-31,492093,2017-09-01 00:05:00+00:00,R,N,1,112,144,Chicago Cubs,Atlanta Braves
2017,2017-08-31,492102,2017-09-01 00:10:00+00:00,R,N,1,158,120,Milwaukee Brewers,Washington Nationals
2017,2017-08-31,492099,2017-09-01 02:15:00+00:00,R,N,1,137,138,San Francisco Giants,St. Louis Cardinals
2017,2017-09-01,491296,2017-09-01 17:10:00+00:00,R,S,1,116,114,Detroit Tigers,Cleveland Indians
2017,2017-09-01,492107,2017-09-01 23:10:00+00:00,R,S,2,116,114,Detroit Tigers,Cleveland Indians
2017,2017-09-01,492104,2017-09-01 18:20:00+00:00,R,N,1,112,144,Chicago Cubs,Atlanta Braves
2017,2017-09-01,492106,2017-09-01 23:05:00+00:00,R,N,1,134,113,Pittsburgh Pirates,Cincinnati Reds
2017,2017-09-01,492116,2017-09-01 23:05:00+00:00,R,N,1,110,141,Baltimore Orioles,Toronto Blue Jays
2017,2017-09-01,492105,2017-09-01 23:05:00+00:00,R,N,1,147,111,New York Yankees,Boston Red Sox
2017,2017-09-01,492113,2017-09-01 23:10:00+00:00,R,N,1,146,143,Miami Marlins,Philadelphia Phillies
2017,2017-09-01,492109,2017-09-02 00:05:00+00:00,R,N,1,140,108,Texas Rangers,Los Angeles Angels
2017,2017-09-01,492108,2017-09-02 00:10:00+00:00,R,N,1,142,118,Minnesota Twins,Kansas City Royals
2017,2017-09-01,492115,2017-09-02 00:10:00+00:00,R,N,1,145,139,Chicago White Sox,Tampa Bay Rays
2017,2017-09-01,492117,2017-09-02 00:10:00+00:00,R,N,1,158,120,Milwaukee Brewers,Washington Nationals
2017,2017-09-01,492103,2017-09-02 00:40:00+00:00,R,N,1,115,109,Colorado Rockies,Arizona Diamondbacks
2017,2017-09-01,492110,2017-09-02 02:10:00+00:00,R,N,1,135,119,San Diego Padres,Los Angeles Dodgers
2017,2017-09-01,492112,2017-09-02 02:10:00+00:00,R,N,1,136,133,Seattle Mariners,Oakland Athletics
2017,2017-09-01,492114,2017-09-02 02:15:00+00:00,R,N,1,137,138,San Francisco Giants,St. Louis Cardinals
2017,2017-09-02,492111,2017-09-02 00:10:00+00:00,R,N,1,117,121,Houston Astros,New York Mets
2017,2017-09-02,492120,2017-09-02 17:05:00+00:00,R,N,1,147,111,New York Yankees,Boston Red Sox
2017,2017-09-02,492111,2017-09-02 18:10:00+00:00,R,S,1,117,121,Houston Astros,New York Mets
2017,2017-09-02,492126,2017-09-03 00:10:00+00:00,R,S,2,117,121,Houston Astros,New York Mets
2017,2017-09-02,492119,2017-09-02 18:20:00+00:00,R,N,1,112,144,Chicago Cubs,Atlanta Braves
2017,2017-09-02,490565,2017-09-02 19:40:00+00:00,R,S,1,135,119,San Diego Padres,Los Angeles Dodgers
2017,2017-09-02,492125,2017-09-03 02:10:00+00:00,R,S,2,135,119,San Diego Padres,Los Angeles Dodgers
2017,2017-09-02,492129,2017-09-02 20:05:00+00:00,R,N,1,137,138,San Francisco Giants,St. Louis Cardinals
2017,2017-09-02,492122,2017-09-02 22:10:00+00:00,R,N,1,116,114,Detroit Tigers,Cleveland Indians
2017,2017-09-02,492121,2017-09-02 23:05:00+00:00,R,N,1,134,113,Pittsburgh Pirates,Cincinnati Reds
2017,2017-09-02,492131,2017-09-02 23:05:00+00:00,R,N,1,110,141,Baltimore Orioles,Toronto Blue Jays
2017,2017-09-02,492123,2017-09-02 23:10:00+00:00,R,N,1,142,118,Minnesota Twins,Kansas City Royals
2017,2017-09-02,492130,2017-09-02 23:10:00+00:00,R,N,1,145,139,Chicago White Sox,Tampa Bay Rays
2017,2017-09-02,492128,2017-09-02 23:10:00+00:00,R,N,1,146,143,Miami Marlins,Philadelphia Phillies
2017,2017-09-02,492132,2017-09-02 23:10:00+00:00,R,N,1,158,120,Milwaukee Brewers,Washington Nationals
2017,2017-09-02,492124,2017-09-02 23:15:00+00:00,R,N,1,140,108,Texas Rangers,Los Angeles Angels
2017,2017-09-02,492118,2017-09-03 00:10:00+00:00,R,N,1,115,109,Colorado Rockies,Arizona Diamondbacks
2017,2017-09-02,492127,2017-09-03 01:10:00+00:00,R,N,1,136,133,Seattle Mariners,Oakland Athletics
2017,2017-09-03,492137,2017-09-03 17:10:00+00:00,R,N,1,116,114,Detroit Tigers,Cleveland Indians
2017,2017-09-03,492143,2017-09-03 17:10:00+00:00,R,N,1,146,143,Miami Marlins,Philadelphia Phillies
2017,2017-09-03,492136,2017-09-03 17:35:00+00:00,R,N,1,134,113,Pittsburgh Pirates,Cincinnati Reds
2017,2017-09-03,492146,2017-09-03 17:35:00+00:00,R,N,1,110,141,Baltimore Orioles,Toronto Blue Jays
2017,2017-09-03,492141,2017-09-03 18:10:00+00:00,R,N,1,117,121,Houston Astros,New York Mets
2017,2017-09-03,492138,2017-09-03 18:10:00+00:00,R,N,1,142,118,Minnesota Twins,Kansas City Royals
2017,2017-09-03,492145,2017-09-03 18:10:00+00:00,R,N,1,145,139,Chicago White Sox,Tampa Bay Rays
2017,2017-09-03,492147,2017-09-03 18:10:00+00:00,R,N,1,158,120,Milwaukee Brewers,Washington Nationals
2017,2017-09-03,492134,2017-09-03 18:20:00+00:00,R,N,1,112,144,Chicago Cubs,Atlanta Braves
2017,2017-09-03,492139,2017-09-03 19:05:00+00:00,R,N,1,140,108,Texas Rangers,Los Angeles Angels
2017,2017-09-03,492133,2017-09-03 19:10:00+00:00,R,N,1,115,109,Colorado Rockies,Arizona Diamondbacks
2017,2017-09-03,492144,2017-09-03 20:05:00+00:00,R,N,1,137,138,San Francisco Giants,St. Louis Cardinals
2017,2017-09-03,492142,2017-09-03 20:10:00+00:00,R,N,1,136,133,Seattle Mariners,Oakland Athletics
2017,2017-09-03,492140,2017-09-03 20:40:00+00:00,R,N,1,135,119,San Diego Padres,Los Angeles Dodgers
2017,2017-09-03,492135,2017-09-03 23:35:00+00:00,R,N,1,147,111,New York Yankees,Boston Red Sox
2017,2017-09-04,492152,2017-09-04 17:10:00+00:00,R,N,1,116,118,Detroit Tigers,Kansas City Royals
2017,2017-09-04,492157,2017-09-04 17:10:00+00:00,R,N,1,121,143,New York Mets,Philadelphia Phillies
2017,2017-09-04,492154,2017-09-04 17:10:00+00:00,R,N,1,113,158,Cincinnati Reds,Milwaukee Brewers
2017,2017-09-04,492156,2017-09-04 18:05:00+00:00,R,N,1,110,147,Baltimore Orioles,New York Yankees
2017,2017-09-04,492150,2017-09-04 18:10:00+00:00,R,N,1,145,114,Chicago White Sox,Cleveland Indians
2017,2017-09-04,492158,2017-09-04 19:10:00+00:00,R,N,1,115,137,Colorado Rockies,San Francisco Giants
2017,2017-09-04,492153,2017-09-04 20:05:00+00:00,R,N,1,133,108,Oakland Athletics,Los Angeles Angels
2017,2017-09-04,492149,2017-09-04 20:05:00+00:00,R,N,1,134,112,Pittsburgh Pirates,Chicago Cubs
2017,2017-09-04,492159,2017-09-04 20:40:00+00:00,R,N,1,135,138,San Diego Padres,St. Louis Cardinals
2017,2017-09-04,492151,2017-09-04 22:40:00+00:00,R,N,1,136,117,Seattle Mariners,Houston Astros
2017,2017-09-04,492161,2017-09-04 23:10:00+00:00,R,N,1,111,141,Boston Red Sox,Toronto Blue Jays
2017,2017-09-04,492155,2017-09-04 23:10:00+00:00,R,N,1,139,142,Tampa Bay Rays,Minnesota Twins
2017,2017-09-04,492162,2017-09-04 23:10:00+00:00,R,N,1,146,120,Miami Marlins,Washington Nationals
2017,2017-09-04,492160,2017-09-04 23:35:00+00:00,R,N,1,144,140,Atlanta Braves,Texas Rangers
2017,2017-09-04,492148,2017-09-05 00:10:00+00:00,R,N,1,119,109,Los Angeles Dodgers,Arizona Diamondbacks
2017,2017-09-05,492164,2017-09-05 23:05:00+00:00,R,N,1,134,112,Pittsburgh Pirates,Chicago Cubs
2017,2017-09-05,492171,2017-09-05 23:05:00+00:00,R,N,1,110,147,Baltimore Orioles,New York Yankees
2017,2017-09-05,492167,2017-09-05 23:10:00+00:00,R,N,1,116,118,Detroit Tigers,Kansas City Royals
2017,2017-09-05,492176,2017-09-05 23:10:00+00:00,R,N,1,111,141,Boston Red Sox,Toronto Blue Jays
2017,2017-09-05,492170,2017-09-05 23:10:00+00:00,R,N,1,139,142,Tampa Bay Rays,Minnesota Twins
2017,2017-09-05,492172,2017-09-05 23:10:00+00:00,R,N,1,121,143,New York Mets,Philadelphia Phillies
2017,2017-09-05,492177,2017-09-05 23:10:00+00:00,R,N,1,146,120,Miami Marlins,Washington Nationals
2017,2017-09-05,492169,2017-09-05 23:10:00+00:00,R,N,1,113,158,Cincinnati Reds,Milwaukee Brewers
2017,2017-09-05,492165,2017-09-06 00:10:00+00:00,R,N,1,145,114,Chicago White Sox,Cleveland Indians
2017,2017-09-05,492173,2017-09-06 00:40:00+00:00,R,N,1,115,137,Colorado Rockies,San Francisco Giants
2017,2017-09-05,492168,2017-09-06 02:05:00+00:00,R,N,1,133,108,Oakland Athletics,Los Angeles Angels
2017,2017-09-05,492163,2017-09-06 02:10:00+00:00,R,N,1,119,109,Los Angeles Dodgers,Arizona Diamondbacks
2017,2017-09-05,492166,2017-09-06 02:10:00+00:00,R,N,1,136,117,Seattle Mariners,Houston Astros
2017,2017-09-05,492174,2017-09-06 02:10:00+00:00,R,N,1,135,138,San Diego Padres,St. Louis Cardinals
2017,2017-09-06,492175,2017-09-05 23:35:00+00:00,R,N,1,144,140,Atlanta Braves,Texas Rangers
2017,2017-09-06,492184,2017-09-06 16:35:00+00:00,R,N,1,113,158,Cincinnati Reds,Milwaukee Brewers
2017,2017-09-06,492185,2017-09-06 17:10:00+00:00,R,N,1,139,142,Tampa Bay Rays,Minnesota Twins
2017,2017-09-06,492175,2017-09-06 17:35:00+00:00,R,S,1,144,140,Atlanta Braves,Texas Rangers
2017,2017-09-06,492190,2017-09-06 23:35:00+00:00,R,S,2,144,140,Atlanta Braves,Texas Rangers
2017,2017-09-06,492183,2017-09-06 19:35:00+00:00,R,N,1,133,108,Oakland Athletics,Los Angeles Angels
2017,2017-09-06,492179,2017-09-06 23:05:00+00:00,R,N,1,134,112,Pittsburgh Pirates,Chicago Cubs
2017,2017-09-06,492182,2017-09-06 23:10:00+00:00,R,N,1,116,118,Detroit Tigers,Kansas City Royals
2017,2017-09-06,492191,2017-09-06 23:10:00+00:00,R,N,1,111,141,Boston Red Sox,Toronto Blue Jays
2017,2017-09-06,492187,2017-09-06 23:10:00+00:00,R,N,1,121,143,New York Mets,Philadelphia Phillies
2017,2017-09-06,492192,2017-09-06 23:10:00+00:00,R,N,1,146,120,Miami Marlins,Washington Nationals
2017,2017-09-06,492180,2017-09-07 00:10:00+00:00,R,N,1,145,114,Chicago White Sox,Cleveland Indians
2017,2017-09-06,492188,2017-09-07 00:40:00+00:00,R,N,1,115,137,Colorado Rockies,San Francisco Giants
2017,2017-09-06,492178,2017-09-07 02:10:00+00:00,R,N,1,119,109,Los Angeles Dodgers,Arizona Diamondbacks
2017,2017-09-06,492181,2017-09-07 02:10:00+00:00,R,N,1,136,117,Seattle Mariners,Houston Astros
2017,2017-09-06,492189,2017-09-07 02:10:00+00:00,R,N,1,135,138,San Diego Padres,St. Louis Cardinals
2017,2017-09-07,492186,2017-09-06 23:05:00+00:00,R,N,1,110,147,Baltimore Orioles,New York Yankees
2017,2017-09-07,492186,2017-09-07 17:35:00+00:00,R,N,1,110,147,Baltimore Orioles,New York Yankees
2017,2017-09-07,492193,2017-09-07 23:05:00+00:00,R,N,1,134,112,Pittsburgh Pirates,Chicago Cubs
2017,2017-09-07,492199,2017-09-07 23:05:00+00:00,R,N,1,120,143,Washington Nationals,Philadelphia Phillies
2017,2017-09-07,492194,2017-09-07 23:10:00+00:00,R,N,1,121,113,New York Mets,Cincinnati Reds
2017,2017-09-07,492197,2017-09-07 23:35:00+00:00,R,N,1,144,146,Atlanta Braves,Miami Marlins
2017,2017-09-07,492195,2017-09-08 00:10:00+00:00,R,N,1,145,114,Chicago White Sox,Cleveland Indians
2017,2017-09-07,492198,2017-09-08 00:15:00+00:00,R,N,1,118,142,Kansas City Royals,Minnesota Twins
2017,2017-09-07,492200,2017-09-08 01:10:00+00:00,R,N,1,135,138,San Diego Padres,St. Louis Cardinals
2017,2017-09-07,492196,2017-09-08 02:10:00+00:00,R,N,1,119,115,Los Angeles Dodgers,Colorado Rockies
2017,2017-09-08,492211,2017-09-08 23:05:00+00:00,R,N,1,120,143,Washington Nationals,Philadelphia Phillies
2017,2017-09-08,492204,2017-09-08 23:07:00+00:00,R,N,1,141,116,Toronto Blue Jays,Detroit Tigers
2017,2017-09-08,492201,2017-09-08 23:10:00+00:00,R,N,1,114,110,Cleveland Indians,Baltimore Orioles
2017,2017-09-08,492202,2017-09-08 23:10:00+00:00,R,N,1,121,113,New York Mets,Cincinnati Reds
2017,2017-09-08,492215,2017-09-08 23:10:00+00:00,R,N,1,111,139,Boston Red Sox,Tampa Bay Rays
2017,2017-09-08,492207,2017-09-08 23:35:00+00:00,R,N,1,144,146,Atlanta Braves,Miami Marlins
2017,2017-09-08,492210,2017-09-09 00:05:00+00:00,R,N,1,140,147,Texas Rangers,New York Yankees
2017,2017-09-08,492208,2017-09-09 00:05:00+00:00,R,N,1,112,158,Chicago Cubs,Milwaukee Brewers
2017,2017-09-08,492214,2017-09-09 00:10:00+00:00,R,N,1,145,137,Chicago White Sox,San Francisco Giants
2017,2017-09-08,492212,2017-09-09 00:15:00+00:00,R,N,1,138,134,St. Louis Cardinals,Pittsburgh Pirates
2017,2017-09-08,492209,2017-09-09 00:15:00+00:00,R,N,1,118,142,Kansas City Royals,Minnesota Twins
2017,2017-09-08,492213,2017-09-09 01:40:00+00:00,R,N,1,109,135,Arizona Diamondbacks,San Diego Padres
2017,2017-09-08,492205,2017-09-09 02:05:00+00:00,R,N,1,133,117,Oakland Athletics,Houston Astros
2017,2017-09-08,492203,2017-09-09 02:10:00+00:00,R,N,1,119,115,Los Angeles Dodgers,Colorado Rockies
2017,2017-09-08,492206,2017-09-09 02:10:00+00:00,R,N,1,136,108,Seattle Mariners,Los Angeles Angels
2017,2017-09-09,492216,2017-09-09 17:05:00+00:00,R,N,1,114,110,Cleveland Indians,Baltimore Orioles
2017,2017-09-09,492225,2017-09-09 17:05:00+00:00,R,N,1,140,147,Texas Rangers,New York Yankees
2017,2017-09-09,492220,2017-09-09 20:05:00+00:00,R,Y,1,133,117,Oakland Athletics,Houston Astros
2017,2017-09-09,490275,2017-09-09 20:10:00+00:00,R,Y,2,133,117,Oakland Athletics,Houston Astros
2017,2017-09-09,492223,2017-09-09 20:05:00+00:00,R,N,1,112,158,Chicago Cubs,Milwaukee Brewers
2017,2017-09-09,492219,2017-09-09 20:07:00+00:00,R,N,1,141,116,Toronto Blue Jays,Detroit Tigers
2017,2017-09-09,492226,2017-09-09 23:05:00+00:00,R,N,1,120,143,Washington Nationals,Philadelphia Phillies
2017,2017-09-09,492217,2017-09-09 23:10:00+00:00,R,N,1,121,113,New York Mets,Cincinnati Reds
2017,2017-09-09,492230,2017-09-09 23:10:00+00:00,R,N,1,111,139,Boston Red Sox,Tampa Bay Rays
2017,2017-09-09,492229,2017-09-09 23:10:00+00:00,R,N,1,145,137,Chicago White Sox,San Francisco Giants
2017,2017-09-09,492222,2017-09-09 23:10:00+00:00,R,N,1,144,146,Atlanta Braves,Miami Marlins
2017,2017-09-09,492227,2017-09-09 23:15:00+00:00,R,N,1,138,134,St. Louis Cardinals,Pittsburgh Pirates
2017,2017-09-09,492224,2017-09-09 23:15:00+00:00,R,N,1,118,142,Kansas City Royals,Minnesota Twins
2017,2017-09-09,492228,2017-09-10 00:10:00+00:00,R,N,1,109,135,Arizona Diamondbacks,San Diego Padres
2017,2017-09-09,492218,2017-09-10 01:10:00+00:00,R,N,1,119,115,Los Angeles Dodgers,Colorado Rockies
2017,2017-09-09,492221,2017-09-10 01:10:00+00:00,R,N,1,136,108,Seattle Mariners,Los Angeles Angels
2017,2017-09-10,492234,2017-09-10 17:07:00+00:00,R,N,1,141,116,Toronto Blue Jays,Detroit Tigers
2017,2017-09-10,492232,2017-09-10 17:10:00+00:00,R,N,1,121,113,New York Mets,Cincinnati Reds
2017,2017-09-10,492245,2017-09-10 17:35:00+00:00,R,N,1,111,139,Boston Red Sox,Tampa Bay Rays
2017,2017-09-10,492241,2017-09-10 17:35:00+00:00,R,N,1,120,143,Washington Nationals,Philadelphia Phillies
2017,2017-09-10,492237,2017-09-10 17:35:00+00:00,R,N,1,144,146,Atlanta Braves,Miami Marlins
2017,2017-09-10,492244,2017-09-10 18:10:00+00:00,R,N,1,145,137,Chicago White Sox,San Francisco Giants
2017,2017-09-10,492242,2017-09-10 18:15:00+00:00,R,N,1,138,134,St. Louis Cardinals,Pittsburgh Pirates
2017,2017-09-10,492239,2017-09-10 18:15:00+00:00,R,N,1,118,142,Kansas City Royals,Minnesota Twins
2017,2017-09-10,492238,2017-09-10 18:20:00+00:00,R,N,1,112,158,Chicago Cubs,Milwaukee Brewers
2017,2017-09-10,492240,2017-09-10 19:05:00+00:00,R,N,1,140,147,Texas Rangers,New York Yankees
2017,2017-09-10,492235,2017-09-10 20:05:00+00:00,R,N,1,133,117,Oakland Athletics,Houston Astros
2017,2017-09-10,492233,2017-09-10 20:10:00+00:00,R,N,1,119,115,Los Angeles Dodgers,Colorado Rockies
2017,2017-09-10,492243,2017-09-10 20:10:00+00:00,R,N,1,109,135,Arizona Diamondbacks,San Diego Padres
2017,2017-09-10,492236,2017-09-10 20:10:00+00:00,R,N,1,136,108,Seattle Mariners,Los Angeles Angels
2017,2017-09-10,492231,2017-09-11 00:05:00+00:00,R,N,1,114,110,Cleveland Indians,Baltimore Orioles
2017,2017-09-11,492246,2017-09-11 23:07:00+00:00,R,N,1,141,110,Toronto Blue Jays,Baltimore Orioles
2017,2017-09-11,492249,2017-09-11 23:10:00+00:00,R,N,1,114,116,Cleveland Indians,Detroit Tigers
2017,2017-09-11,492251,2017-09-11 23:10:00+00:00,R,N,1,139,147,Tampa Bay Rays,New York Yankees
2017,2017-09-11,492252,2017-09-11 23:40:00+00:00,R,N,1,158,134,Milwaukee Brewers,Pittsburgh Pirates
2017,2017-09-11,492253,2017-09-12 00:05:00+00:00,R,N,1,140,136,Texas Rangers,Seattle Mariners
2017,2017-09-11,492247,2017-09-12 00:15:00+00:00,R,N,1,118,145,Kansas City Royals,Chicago White Sox
2017,2017-09-11,492248,2017-09-12 01:40:00+00:00,R,N,1,109,115,Arizona Diamondbacks,Colorado Rockies
2017,2017-09-11,492250,2017-09-12 02:15:00+00:00,R,N,1,137,119,San Francisco Giants,Los Angeles Dodgers
2017,2017-09-12,492256,2017-09-12 17:15:00+00:00,R,N,1,118,145,Kansas City Royals,Chicago White Sox
2017,2017-09-12,492254,2017-09-12 23:05:00+00:00,R,N,1,120,144,Washington Nationals,Atlanta Braves
2017,2017-09-12,492262,2017-09-12 23:05:00+00:00,R,N,1,143,146,Philadelphia Phillies,Miami Marlins
2017,2017-09-12,492255,2017-09-12 23:07:00+00:00,R,N,1,141,110,Toronto Blue Jays,Baltimore Orioles
2017,2017-09-12,492259,2017-09-12 23:10:00+00:00,R,N,1,114,116,Cleveland Indians,Detroit Tigers
2017,2017-09-12,492265,2017-09-12 23:10:00+00:00,R,N,1,111,133,Boston Red Sox,Oakland Athletics
2017,2017-09-12,492264,2017-09-12 23:10:00+00:00,R,N,1,139,147,Tampa Bay Rays,New York Yankees
2017,2017-09-12,492266,2017-09-12 23:40:00+00:00,R,N,1,158,134,Milwaukee Brewers,Pittsburgh Pirates
2017,2017-09-12,492263,2017-09-13 00:05:00+00:00,R,N,1,112,121,Chicago Cubs,New York Mets
2017,2017-09-12,492268,2017-09-13 00:05:00+00:00,R,N,1,140,136,Texas Rangers,Seattle Mariners
2017,2017-09-12,492267,2017-09-13 00:10:00+00:00,R,N,1,142,135,Minnesota Twins,San Diego Padres
2017,2017-09-12,492257,2017-09-13 00:15:00+00:00,R,N,1,138,113,St. Louis Cardinals,Cincinnati Reds
2017,2017-09-12,492258,2017-09-13 01:40:00+00:00,R,N,1,109,115,Arizona Diamondbacks,Colorado Rockies
2017,2017-09-12,492260,2017-09-13 02:07:00+00:00,R,N,1,108,117,Los Angeles Angels,Houston Astros
2017,2017-09-12,492261,2017-09-13 02:15:00+00:00,R,N,1,137,119,San Francisco Giants,Los Angeles Dodgers
2017,2017-09-13,492274,2017-09-13 16:10:00+00:00,R,N,1,114,116,Cleveland Indians,Detroit Tigers
2017,2017-09-13,492279,2017-09-13 17:10:00+00:00,R,N,1,139,147,Tampa Bay Rays,New York Yankees
2017,2017-09-13,492271,2017-09-13 18:15:00+00:00,R,N,1,118,145,Kansas City Royals,Chicago White Sox
2017,2017-09-13,492269,2017-09-13 23:05:00+00:00,R,N,1,120,144,Washington Nationals,Atlanta Braves
2017,2017-09-13,492277,2017-09-13 23:05:00+00:00,R,N,1,143,146,Philadelphia Phillies,Miami Marlins
2017,2017-09-13,492270,2017-09-13 23:07:00+00:00,R,N,1,141,110,Toronto Blue Jays,Baltimore Orioles
2017,2017-09-13,492280,2017-09-13 23:10:00+00:00,R,N,1,111,133,Boston Red Sox,Oakland Athletics
2017,2017-09-13,492278,2017-09-14 00:05:00+00:00,R,N,1,112,121,Chicago Cubs,New York Mets
2017,2017-09-13,492283,2017-09-14 00:05:00+00:00,R,N,1,140,136,Texas Rangers,Seattle Mariners
2017,2017-09-13,492282,2017-09-14 00:10:00+00:00,R,N,1,142,135,Minnesota Twins,San Diego Padres
2017,2017-09-13,492281,2017-09-14 00:10:00+00:00,R,N,1,158,134,Milwaukee Brewers,Pittsburgh Pirates
2017,2017-09-13,492272,2017-09-14 00:15:00+00:00,R,N,1,138,113,St. Louis Cardinals,Cincinnati Reds
2017,2017-09-13,492273,2017-09-14 01:40:00+00:00,R,N,1,109,115,Arizona Diamondbacks,Colorado Rockies
2017,2017-09-13,492275,2017-09-14 02:07:00+00:00,R,N,1,108,117,Los Angeles Angels,Houston Astros
2017,2017-09-13,492276,2017-09-14 02:15:00+00:00,R,N,1,137,119,San Francisco Giants,Los Angeles Dodgers
2017,2017-09-14,492286,2017-09-14 17:10:00+00:00,R,N,1,116,145,Detroit Tigers,Chicago White Sox
2017,2017-09-14,492293,2017-09-14 17:35:00+00:00,R,N,1,111,133,Boston Red Sox,Oakland Athletics
2017,2017-09-14,492287,2017-09-14 17:45:00+00:00,R,N,1,138,113,St. Louis Cardinals,Cincinnati Reds
2017,2017-09-14,492288,2017-09-14 19:40:00+00:00,R,N,1,109,115,Arizona Diamondbacks,Colorado Rockies
2017,2017-09-14,492284,2017-09-14 23:05:00+00:00,R,N,1,120,144,Washington Nationals,Atlanta Braves
2017,2017-09-14,492291,2017-09-14 23:05:00+00:00,R,N,1,143,146,Philadelphia Phillies,Miami Marlins
2017,2017-09-14,492285,2017-09-14 23:05:00+00:00,R,N,1,147,110,New York Yankees,Baltimore Orioles
2017,2017-09-14,492290,2017-09-14 23:10:00+00:00,R,N,1,114,118,Cleveland Indians,Kansas City Royals
2017,2017-09-14,492292,2017-09-15 00:05:00+00:00,R,N,1,112,121,Chicago Cubs,New York Mets
2017,2017-09-14,492294,2017-09-15 00:05:00+00:00,R,N,1,140,136,Texas Rangers,Seattle Mariners
2017,2017-09-14,492295,2017-09-15 00:10:00+00:00,R,N,1,142,141,Minnesota Twins,Toronto Blue Jays
2017,2017-09-14,492289,2017-09-15 02:07:00+00:00,R,N,1,108,117,Los Angeles Angels,Houston Astros
2017,2017-09-15,492308,2017-09-15 18:20:00+00:00,R,N,1,112,138,Chicago Cubs,St. Louis Cardinals
2017,2017-09-15,492301,2017-09-15 23:05:00+00:00,R,N,1,120,119,Washington Nationals,Los Angeles Dodgers
2017,2017-09-15,492304,2017-09-15 23:05:00+00:00,R,N,1,143,133,Philadelphia Phillies,Oakland Athletics
2017,2017-09-15,492297,2017-09-15 23:05:00+00:00,R,N,1,147,110,New York Yankees,Baltimore Orioles
2017,2017-09-15,492300,2017-09-15 23:10:00+00:00,R,N,1,114,118,Cleveland Indians,Kansas City Royals
2017,2017-09-15,492305,2017-09-15 23:10:00+00:00,R,N,1,113,134,Cincinnati Reds,Pittsburgh Pirates
2017,2017-09-15,492298,2017-09-15 23:10:00+00:00,R,N,1,139,111,Tampa Bay Rays,Boston Red Sox
2017,2017-09-15,492299,2017-09-15 23:10:00+00:00,R,N,1,116,145,Detroit Tigers,Chicago White Sox
2017,2017-09-15,492303,2017-09-15 23:35:00+00:00,R,N,1,144,121,Atlanta Braves,New York Mets
2017,2017-09-15,492307,2017-09-16 00:10:00+00:00,R,N,1,117,136,Houston Astros,Seattle Mariners
2017,2017-09-15,492310,2017-09-16 00:10:00+00:00,R,N,1,142,141,Minnesota Twins,Toronto Blue Jays
2017,2017-09-15,492302,2017-09-16 00:10:00+00:00,R,N,1,146,158,Miami Marlins,Milwaukee Brewers
2017,2017-09-15,492306,2017-09-16 00:40:00+00:00,R,N,1,115,135,Colorado Rockies,San Diego Padres
2017,2017-09-15,492309,2017-09-16 02:07:00+00:00,R,N,1,108,140,Los Angeles Angels,Texas Rangers
2017,2017-09-15,492296,2017-09-16 02:15:00+00:00,R,N,1,137,109,San Francisco Giants,Arizona Diamondbacks
2017,2017-09-16,492316,2017-09-16 17:05:00+00:00,R,N,1,120,119,Washington Nationals,Los Angeles Dodgers
2017,2017-09-16,492322,2017-09-16 17:05:00+00:00,R,N,1,117,136,Houston Astros,Seattle Mariners
2017,2017-09-16,492323,2017-09-16 20:05:00+00:00,R,N,1,112,138,Chicago Cubs,St. Louis Cardinals
2017,2017-09-16,492312,2017-09-16 20:05:00+00:00,R,N,1,147,110,New York Yankees,Baltimore Orioles
2017,2017-09-16,492315,2017-09-16 20:10:00+00:00,R,N,1,114,118,Cleveland Indians,Kansas City Royals
2017,2017-09-16,492320,2017-09-16 20:10:00+00:00,R,N,1,113,134,Cincinnati Reds,Pittsburgh Pirates
2017,2017-09-16,492313,2017-09-16 22:10:00+00:00,R,N,1,139,111,Tampa Bay Rays,Boston Red Sox
2017,2017-09-16,492314,2017-09-16 22:10:00+00:00,R,N,1,116,145,Detroit Tigers,Chicago White Sox
2017,2017-09-16,492319,2017-09-16 23:05:00+00:00,R,N,1,143,133,Philadelphia Phillies,Oakland Athletics
2017,2017-09-16,492325,2017-09-16 23:10:00+00:00,R,N,1,142,141,Minnesota Twins,Toronto Blue Jays
2017,2017-09-16,492318,2017-09-16 23:10:00+00:00,R,N,1,144,121,Atlanta Braves,New York Mets
2017,2017-09-16,492317,2017-09-16 23:10:00+00:00,R,N,1,146,158,Miami Marlins,Milwaukee Brewers
2017,2017-09-16,492321,2017-09-17 00:10:00+00:00,R,N,1,115,135,Colorado Rockies,San Diego Padres
2017,2017-09-16,492311,2017-09-17 01:05:00+00:00,R,N,1,137,109,San Francisco Giants,Arizona Diamondbacks
2017,2017-09-16,492324,2017-09-17 01:07:00+00:00,R,N,1,108,140,Los Angeles Angels,Texas Rangers
2017,2017-09-17,492327,2017-09-17 17:05:00+00:00,R,N,1,147,110,New York Yankees,Baltimore Orioles
2017,2017-09-17,492330,2017-09-17 17:10:00+00:00,R,N,1,114,118,Cleveland Indians,Kansas City Royals
2017,2017-09-17,492335,2017-09-17 17:10:00+00:00,R,N,1,113,134,Cincinnati Reds,Pittsburgh Pirates
2017,2017-09-17,492328,2017-09-17 17:10:00+00:00,R,N,1,139,111,Tampa Bay Rays,Boston Red Sox
2017,2017-09-17,492329,2017-09-17 17:10:00+00:00,R,N,1,116,145,Detroit Tigers,Chicago White Sox
2017,2017-09-17,492334,2017-09-17 17:35:00+00:00,R,N,1,143,133,Philadelphia Phillies,Oakland Athletics
2017,2017-09-17,492333,2017-09-17 17:35:00+00:00,R,N,1,144,121,Atlanta Braves,New York Mets
2017,2017-09-17,492337,2017-09-17 18:10:00+00:00,R,N,1,117,136,Houston Astros,Seattle Mariners
2017,2017-09-17,492340,2017-09-17 18:10:00+00:00,R,N,1,142,141,Minnesota Twins,Toronto Blue Jays
2017,2017-09-17,492332,2017-09-17 18:10:00+00:00,R,N,1,146,158,Miami Marlins,Milwaukee Brewers
2017,2017-09-17,492338,2017-09-17 18:20:00+00:00,R,N,1,112,138,Chicago Cubs,St. Louis Cardinals
2017,2017-09-17,492336,2017-09-17 19:10:00+00:00,R,N,1,115,135,Colorado Rockies,San Diego Padres
2017,2017-09-17,492339,2017-09-17 19:37:00+00:00,R,N,1,108,140,Los Angeles Angels,Texas Rangers
2017,2017-09-17,492326,2017-09-17 20:05:00+00:00,R,N,1,137,109,San Francisco Giants,Arizona Diamondbacks
2017,2017-09-17,492331,2017-09-18 00:08:00+00:00,R,N,1,120,119,Washington Nationals,Los Angeles Dodgers
2017,2017-09-18,492342,2017-09-18 23:05:00+00:00,R,N,1,110,111,Baltimore Orioles,Boston Red Sox
2017,2017-09-18,492343,2017-09-18 23:05:00+00:00,R,N,1,143,119,Philadelphia Phillies,Los Angeles Dodgers
2017,2017-09-18,492345,2017-09-18 23:05:00+00:00,R,N,1,147,142,New York Yankees,Minnesota Twins
2017,2017-09-18,492344,2017-09-18 23:05:00+00:00,R,N,1,134,158,Pittsburgh Pirates,Milwaukee Brewers
2017,2017-09-18,492347,2017-09-18 23:10:00+00:00,R,N,1,116,133,Detroit Tigers,Oakland Athletics
2017,2017-09-18,492346,2017-09-18 23:10:00+00:00,R,N,1,146,121,Miami Marlins,New York Mets
2017,2017-09-18,492341,2017-09-19 02:10:00+00:00,R,N,1,135,109,San Diego Padres,Arizona Diamondbacks
2017,2017-09-19,492349,2017-09-19 23:05:00+00:00,R,N,1,110,111,Baltimore Orioles,Boston Red Sox
2017,2017-09-19,492355,2017-09-19 23:05:00+00:00,R,N,1,143,119,Philadelphia Phillies,Los Angeles Dodgers
2017,2017-09-19,492357,2017-09-19 23:05:00+00:00,R,N,1,147,142,New York Yankees,Minnesota Twins
2017,2017-09-19,492356,2017-09-19 23:05:00+00:00,R,N,1,134,158,Pittsburgh Pirates,Milwaukee Brewers
2017,2017-09-19,492354,2017-09-19 23:07:00+00:00,R,N,1,141,118,Toronto Blue Jays,Kansas City Royals
2017,2017-09-19,492359,2017-09-19 23:10:00+00:00,R,N,1,116,133,Detroit Tigers,Oakland Athletics
2017,2017-09-19,492360,2017-09-19 23:10:00+00:00,R,N,1,113,138,Cincinnati Reds,St. Louis Cardinals
2017,2017-09-19,492350,2017-09-19 23:10:00+00:00,R,N,1,139,112,Tampa Bay Rays,Chicago Cubs
2017,2017-09-19,492358,2017-09-19 23:10:00+00:00,R,N,1,146,121,Miami Marlins,New York Mets
2017,2017-09-19,492362,2017-09-19 23:35:00+00:00,R,N,1,144,120,Atlanta Braves,Washington Nationals
2017,2017-09-19,492351,2017-09-20 00:10:00+00:00,R,N,1,117,145,Houston Astros,Chicago White Sox
2017,2017-09-19,492352,2017-09-20 02:07:00+00:00,R,N,1,108,114,Los Angeles Angels,Cleveland Indians
2017,2017-09-19,492348,2017-09-20 02:10:00+00:00,R,N,1,135,109,San Diego Padres,Arizona Diamondbacks
2017,2017-09-19,492361,2017-09-20 02:10:00+00:00,R,N,1,136,140,Seattle Mariners,Texas Rangers
2017,2017-09-19,492353,2017-09-20 02:15:00+00:00,R,N,1,137,115,San Francisco Giants,Colorado Rockies
2017,2017-09-20,492372,2017-09-20 17:05:00+00:00,R,N,1,147,142,New York Yankees,Minnesota Twins
2017,2017-09-20,492374,2017-09-20 17:10:00+00:00,R,N,1,116,133,Detroit Tigers,Oakland Athletics
2017,2017-09-20,492373,2017-09-20 17:10:00+00:00,R,N,1,146,121,Miami Marlins,New York Mets
2017,2017-09-20,492368,2017-09-20 19:45:00+00:00,R,N,1,137,115,San Francisco Giants,Colorado Rockies
2017,2017-09-20,492364,2017-09-20 23:05:00+00:00,R,N,1,110,111,Baltimore Orioles,Boston Red Sox
2017,2017-09-20,492370,2017-09-20 23:05:00+00:00,R,N,1,143,119,Philadelphia Phillies,Los Angeles Dodgers
2017,2017-09-20,492371,2017-09-20 23:05:00+00:00,R,N,1,134,158,Pittsburgh Pirates,Milwaukee Brewers
2017,2017-09-20,492369,2017-09-20 23:07:00+00:00,R,N,1,141,118,Toronto Blue Jays,Kansas City Royals
2017,2017-09-20,492375,2017-09-20 23:10:00+00:00,R,N,1,113,138,Cincinnati Reds,St. Louis Cardinals
2017,2017-09-20,492365,2017-09-20 23:10:00+00:00,R,N,1,139,112,Tampa Bay Rays,Chicago Cubs
2017,2017-09-20,492377,2017-09-20 23:35:00+00:00,R,N,1,144,120,Atlanta Braves,Washington Nationals
2017,2017-09-20,492366,2017-09-21 00:10:00+00:00,R,N,1,117,145,Houston Astros,Chicago White Sox
2017,2017-09-20,492363,2017-09-21 01:10:00+00:00,R,N,1,135,109,San Diego Padres,Arizona Diamondbacks
2017,2017-09-20,492367,2017-09-21 02:07:00+00:00,R,N,1,108,114,Los Angeles Angels,Cleveland Indians
2017,2017-09-20,492376,2017-09-21 02:10:00+00:00,R,N,1,136,140,Seattle Mariners,Texas Rangers
2017,2017-09-21,492383,2017-09-21 17:05:00+00:00,R,N,1,143,119,Philadelphia Phillies,Los Angeles Dodgers
2017,2017-09-21,492380,2017-09-21 20:07:00+00:00,R,N,1,108,114,Los Angeles Angels,Cleveland Indians
2017,2017-09-21,492386,2017-09-21 23:05:00+00:00,R,N,1,110,139,Baltimore Orioles,Tampa Bay Rays
2017,2017-09-21,492382,2017-09-21 23:07:00+00:00,R,N,1,141,118,Toronto Blue Jays,Kansas City Royals
2017,2017-09-21,492385,2017-09-21 23:10:00+00:00,R,N,1,113,138,Cincinnati Reds,St. Louis Cardinals
2017,2017-09-21,492384,2017-09-21 23:10:00+00:00,R,N,1,116,142,Detroit Tigers,Minnesota Twins
2017,2017-09-21,492388,2017-09-21 23:35:00+00:00,R,N,1,144,120,Atlanta Braves,Washington Nationals
2017,2017-09-21,492379,2017-09-22 00:10:00+00:00,R,N,1,117,145,Houston Astros,Chicago White Sox
2017,2017-09-21,492378,2017-09-22 00:10:00+00:00,R,N,1,158,112,Milwaukee Brewers,Chicago Cubs
2017,2017-09-21,492381,2017-09-22 02:10:00+00:00,R,N,1,135,115,San Diego Padres,Colorado Rockies
2017,2017-09-21,492387,2017-09-22 02:10:00+00:00,R,N,1,136,140,Seattle Mariners,Texas Rangers
2017,2017-09-22,492400,2017-09-22 23:05:00+00:00,R,N,1,134,138,Pittsburgh Pirates,St. Louis Cardinals
2017,2017-09-22,492401,2017-09-22 23:05:00+00:00,R,N,1,110,139,Baltimore Orioles,Tampa Bay Rays
2017,2017-09-22,492397,2017-09-22 23:07:00+00:00,R,N,1,141,147,Toronto Blue Jays,New York Yankees
2017,2017-09-22,492389,2017-09-22 23:10:00+00:00,R,N,1,113,111,Cincinnati Reds,Boston Red Sox
2017,2017-09-22,492403,2017-09-22 23:10:00+00:00,R,N,1,121,120,New York Mets,Washington Nationals
2017,2017-09-22,492396,2017-09-22 23:10:00+00:00,R,N,1,116,142,Detroit Tigers,Minnesota Twins
2017,2017-09-22,492398,2017-09-22 23:35:00+00:00,R,N,1,144,143,Atlanta Braves,Philadelphia Phillies
2017,2017-09-22,492390,2017-09-22 23:35:00+00:00,R,N,1,158,112,Milwaukee Brewers,Chicago Cubs
2017,2017-09-22,492394,2017-09-23 00:10:00+00:00,R,N,1,117,108,Houston Astros,Los Angeles Angels
2017,2017-09-22,492393,2017-09-23 00:10:00+00:00,R,N,1,145,118,Chicago White Sox,Kansas City Royals
2017,2017-09-22,492395,2017-09-23 01:40:00+00:00,R,N,1,109,146,Arizona Diamondbacks,Miami Marlins
2017,2017-09-22,492402,2017-09-23 02:05:00+00:00,R,N,1,133,140,Oakland Athletics,Texas Rangers
2017,2017-09-22,492392,2017-09-23 02:10:00+00:00,R,N,1,135,115,San Diego Padres,Colorado Rockies
2017,2017-09-22,492391,2017-09-23 02:10:00+00:00,R,N,1,136,114,Seattle Mariners,Cleveland Indians
2017,2017-09-22,492399,2017-09-23 02:10:00+00:00,R,N,1,119,137,Los Angeles Dodgers,San Francisco Giants
2017,2017-09-23,492409,2017-09-23 17:05:00+00:00,R,N,1,117,108,Houston Astros,Los Angeles Angels
2017,2017-09-23,492405,2017-09-23 17:05:00+00:00,R,N,1,158,112,Milwaukee Brewers,Chicago Cubs
2017,2017-09-23,492412,2017-09-23 20:07:00+00:00,R,N,1,141,147,Toronto Blue Jays,New York Yankees
2017,2017-09-23,492404,2017-09-23 20:10:00+00:00,R,N,1,113,111,Cincinnati Reds,Boston Red Sox
2017,2017-09-23,492406,2017-09-23 20:10:00+00:00,R,N,1,136,114,Seattle Mariners,Cleveland Indians
2017,2017-09-23,492411,2017-09-23 22:10:00+00:00,R,N,1,116,142,Detroit Tigers,Minnesota Twins
2017,2017-09-23,492415,2017-09-23 23:05:00+00:00,R,N,1,134,138,Pittsburgh Pirates,St. Louis Cardinals
2017,2017-09-23,492416,2017-09-23 23:05:00+00:00,R,N,1,110,139,Baltimore Orioles,Tampa Bay Rays
2017,2017-09-23,492418,2017-09-23 23:10:00+00:00,R,N,1,121,120,New York Mets,Washington Nationals
2017,2017-09-23,492413,2017-09-23 23:10:00+00:00,R,N,1,144,143,Atlanta Braves,Philadelphia Phillies
2017,2017-09-23,492408,2017-09-23 23:10:00+00:00,R,N,1,145,118,Chicago White Sox,Kansas City Royals
2017,2017-09-23,492410,2017-09-24 00:10:00+00:00,R,N,1,109,146,Arizona Diamondbacks,Miami Marlins
2017,2017-09-23,492407,2017-09-24 00:40:00+00:00,R,N,1,135,115,San Diego Padres,Colorado Rockies
2017,2017-09-23,492417,2017-09-24 01:05:00+00:00,R,N,1,133,140,Oakland Athletics,Texas Rangers
2017,2017-09-23,492414,2017-09-24 01:10:00+00:00,R,N,1,119,137,Los Angeles Dodgers,San Francisco Giants
2017,2017-09-24,492426,2017-09-24 16:10:00+00:00,R,N,1,116,142,Detroit Tigers,Minnesota Twins
2017,2017-09-24,492427,2017-09-24 17:07:00+00:00,R,N,1,141,147,Toronto Blue Jays,New York Yankees
2017,2017-09-24,492419,2017-09-24 17:10:00+00:00,R,N,1,113,111,Cincinnati Reds,Boston Red Sox
2017,2017-09-24,492433,2017-09-24 17:10:00+00:00,R,N,1,121,120,New York Mets,Washington Nationals
2017,2017-09-24,492430,2017-09-24 17:35:00+00:00,R,N,1,134,138,Pittsburgh Pirates,St. Louis Cardinals
2017,2017-09-24,492431,2017-09-24 17:35:00+00:00,R,N,1,110,139,Baltimore Orioles,Tampa Bay Rays
2017,2017-09-24,492428,2017-09-24 17:35:00+00:00,R,N,1,144,143,Atlanta Braves,Philadelphia Phillies
2017,2017-09-24,492423,2017-09-24 18:10:00+00:00,R,N,1,145,118,Chicago White Sox,Kansas City Royals
2017,2017-09-24,492420,2017-09-24 18:10:00+00:00,R,N,1,158,112,Milwaukee Brewers,Chicago Cubs
2017,2017-09-24,492432,2017-09-24 20:05:00+00:00,R,N,1,133,140,Oakland Athletics,Texas Rangers
2017,2017-09-24,492421,2017-09-24 20:10:00+00:00,R,N,1,136,114,Seattle Mariners,Cleveland Indians
2017,2017-09-24,492429,2017-09-24 20:10:00+00:00,R,N,1,119,137,Los Angeles Dodgers,San Francisco Giants
2017,2017-09-24,492425,2017-09-24 20:10:00+00:00,R,N,1,109,146,Arizona Diamondbacks,Miami Marlins
2017,2017-09-24,492422,2017-09-24 20:40:00+00:00,R,N,1,135,115,San Diego Padres,Colorado Rockies
2017,2017-09-24,492424,2017-09-25 00:05:00+00:00,R,N,1,117,108,Houston Astros,Los Angeles Angels
2017,2017-09-25,490806,2017-09-25 17:05:00+00:00,R,N,1,147,118,New York Yankees,Kansas City Royals
2017,2017-09-25,492434,2017-09-25 20:10:00+00:00,R,Y,1,121,144,New York Mets,Atlanta Braves
2017,2017-09-25,490390,2017-09-25 20:15:00+00:00,R,Y,2,121,144,New York Mets,Atlanta Braves
2017,2017-09-25,492443,2017-09-25 23:05:00+00:00,R,N,1,143,120,Philadelphia Phillies,Washington Nationals
2017,2017-09-25,492442,2017-09-25 23:10:00+00:00,R,N,1,111,141,Boston Red Sox,Toronto Blue Jays
2017,2017-09-25,492436,2017-09-26 00:05:00+00:00,R,N,1,140,117,Texas Rangers,Houston Astros
2017,2017-09-25,492437,2017-09-26 00:10:00+00:00,R,N,1,145,108,Chicago White Sox,Los Angeles Angels
2017,2017-09-25,492435,2017-09-26 00:15:00+00:00,R,N,1,138,112,St. Louis Cardinals,Chicago Cubs
2017,2017-09-25,492438,2017-09-26 00:40:00+00:00,R,N,1,115,146,Colorado Rockies,Miami Marlins
2017,2017-09-25,492440,2017-09-26 01:40:00+00:00,R,N,1,109,137,Arizona Diamondbacks,San Francisco Giants
2017,2017-09-25,492441,2017-09-26 02:05:00+00:00,R,N,1,133,136,Oakland Athletics,Seattle Mariners
2017,2017-09-25,492439,2017-09-26 02:10:00+00:00,R,N,1,119,135,Los Angeles Dodgers,San Diego Padres
2017,2017-09-26,492445,2017-09-26 23:05:00+00:00,R,N,1,134,110,Pittsburgh Pirates,Baltimore Orioles
2017,2017-09-26,492458,2017-09-26 23:05:00+00:00,R,N,1,143,120,Philadelphia Phillies,Washington Nationals
2017,2017-09-26,492456,2017-09-26 23:05:00+00:00,R,N,1,147,139,New York Yankees,Tampa Bay Rays
2017,2017-09-26,492457,2017-09-26 23:10:00+00:00,R,N,1,111,141,Boston Red Sox,Toronto Blue Jays
2017,2017-09-26,492452,2017-09-26 23:10:00+00:00,R,N,1,114,142,Cleveland Indians,Minnesota Twins
2017,2017-09-26,492444,2017-09-26 23:10:00+00:00,R,N,1,121,144,New York Mets,Atlanta Braves
2017,2017-09-26,492447,2017-09-26 23:40:00+00:00,R,N,1,158,113,Milwaukee Brewers,Cincinnati Reds
2017,2017-09-26,492449,2017-09-27 00:05:00+00:00,R,N,1,140,117,Texas Rangers,Houston Astros
2017,2017-09-26,492450,2017-09-27 00:10:00+00:00,R,N,1,145,108,Chicago White Sox,Los Angeles Angels
2017,2017-09-26,492448,2017-09-27 00:15:00+00:00,R,N,1,118,116,Kansas City Royals,Detroit Tigers
2017,2017-09-26,492446,2017-09-27 00:15:00+00:00,R,N,1,138,112,St. Louis Cardinals,Chicago Cubs
2017,2017-09-26,492451,2017-09-27 00:40:00+00:00,R,N,1,115,146,Colorado Rockies,Miami Marlins
2017,2017-09-26,492454,2017-09-27 01:40:00+00:00,R,N,1,109,137,Arizona Diamondbacks,San Francisco Giants
2017,2017-09-26,492455,2017-09-27 02:05:00+00:00,R,N,1,133,136,Oakland Athletics,Seattle Mariners
2017,2017-09-26,492453,2017-09-27 02:10:00+00:00,R,N,1,119,135,Los Angeles Dodgers,San Diego Padres
2017,2017-09-27,492464,2017-09-27 18:05:00+00:00,R,N,1,140,117,Texas Rangers,Houston Astros
2017,2017-09-27,492466,2017-09-27 19:10:00+00:00,R,N,1,115,146,Colorado Rockies,Miami Marlins
2017,2017-09-27,492470,2017-09-27 19:35:00+00:00,R,N,1,133,136,Oakland Athletics,Seattle Mariners
2017,2017-09-27,492469,2017-09-27 19:40:00+00:00,R,N,1,109,137,Arizona Diamondbacks,San Francisco Giants
2017,2017-09-27,492460,2017-09-27 23:05:00+00:00,R,N,1,134,110,Pittsburgh Pirates,Baltimore Orioles
2017,2017-09-27,492473,2017-09-27 23:05:00+00:00,R,N,1,143,120,Philadelphia Phillies,Washington Nationals
2017,2017-09-27,492471,2017-09-27 23:05:00+00:00,R,N,1,147,139,New York Yankees,Tampa Bay Rays
2017,2017-09-27,492461,2017-09-27 23:08:00+00:00,R,N,1,138,112,St. Louis Cardinals,Chicago Cubs
2017,2017-09-27,492472,2017-09-27 23:10:00+00:00,R,N,1,111,141,Boston Red Sox,Toronto Blue Jays
2017,2017-09-27,492467,2017-09-27 23:10:00+00:00,R,N,1,114,142,Cleveland Indians,Minnesota Twins
2017,2017-09-27,492459,2017-09-27 23:10:00+00:00,R,N,1,121,144,New York Mets,Atlanta Braves
2017,2017-09-27,492465,2017-09-28 00:10:00+00:00,R,N,1,145,108,Chicago White Sox,Los Angeles Angels
2017,2017-09-27,492462,2017-09-28 00:10:00+00:00,R,N,1,158,113,Milwaukee Brewers,Cincinnati Reds
2017,2017-09-27,492463,2017-09-28 00:15:00+00:00,R,N,1,118,116,Kansas City Royals,Detroit Tigers
2017,2017-09-27,492468,2017-09-28 02:10:00+00:00,R,N,1,119,135,Los Angeles Dodgers,San Diego Padres
2017,2017-09-28,492480,2017-09-28 16:10:00+00:00,R,N,1,114,142,Cleveland Indians,Minnesota Twins
2017,2017-09-28,492476,2017-09-28 20:10:00+00:00,R,N,1,158,113,Milwaukee Brewers,Cincinnati Reds
2017,2017-09-28,492482,2017-09-28 23:05:00+00:00,R,N,1,120,134,Washington Nationals,Pittsburgh Pirates
2017,2017-09-28,492483,2017-09-28 23:05:00+00:00,R,N,1,147,139,New York Yankees,Tampa Bay Rays
2017,2017-09-28,492478,2017-09-28 23:10:00+00:00,R,N,1,111,117,Boston Red Sox,Houston Astros
2017,2017-09-28,492474,2017-09-28 23:10:00+00:00,R,N,1,146,144,Miami Marlins,Atlanta Braves
2017,2017-09-28,492475,2017-09-28 23:15:00+00:00,R,N,1,138,112,St. Louis Cardinals,Chicago Cubs
2017,2017-09-28,492481,2017-09-29 00:05:00+00:00,R,N,1,140,133,Texas Rangers,Oakland Athletics
2017,2017-09-28,492479,2017-09-29 00:10:00+00:00,R,N,1,145,108,Chicago White Sox,Los Angeles Angels
2017,2017-09-28,492477,2017-09-29 00:15:00+00:00,R,N,1,118,116,Kansas City Royals,Detroit Tigers
2017,2017-09-29,492498,2017-09-29 17:05:00+00:00,R,N,1,147,141,New York Yankees,Toronto Blue Jays
2017,2017-09-29,492488,2017-09-29 18:20:00+00:00,R,N,1,112,113,Chicago Cubs,Cincinnati Reds
2017,2017-09-29,492495,2017-09-29 23:05:00+00:00,R,N,1,120,134,Washington Nationals,Pittsburgh Pirates
2017,2017-09-29,492493,2017-09-29 23:05:00+00:00,R,N,1,143,121,Philadelphia Phillies,New York Mets
2017,2017-09-29,492490,2017-09-29 23:10:00+00:00,R,N,1,111,117,Boston Red Sox,Houston Astros
2017,2017-09-29,492486,2017-09-29 23:10:00+00:00,R,N,1,139,110,Tampa Bay Rays,Baltimore Orioles
2017,2017-09-29,492487,2017-09-29 23:10:00+00:00,R,N,1,114,145,Cleveland Indians,Chicago White Sox
2017,2017-09-29,492485,2017-09-29 23:10:00+00:00,R,N,1,146,144,Miami Marlins,Atlanta Braves
2017,2017-09-29,492494,2017-09-30 00:05:00+00:00,R,N,1,140,133,Texas Rangers,Oakland Athletics
2017,2017-09-29,492491,2017-09-30 00:10:00+00:00,R,N,1,115,119,Colorado Rockies,Los Angeles Dodgers
2017,2017-09-29,492489,2017-09-30 00:10:00+00:00,R,N,1,142,116,Minnesota Twins,Detroit Tigers
2017,2017-09-29,492484,2017-09-30 00:15:00+00:00,R,N,1,118,109,Kansas City Royals,Arizona Diamondbacks
2017,2017-09-29,492492,2017-09-30 00:15:00+00:00,R,N,1,138,158,St. Louis Cardinals,Milwaukee Brewers
2017,2017-09-29,492497,2017-09-30 02:07:00+00:00,R,N,1,108,136,Los Angeles Angels,Seattle Mariners
2017,2017-09-29,492496,2017-09-30 02:15:00+00:00,R,N,1,137,135,San Francisco Giants,San Diego Padres
2017,2017-09-30,492505,2017-09-30 17:05:00+00:00,R,N,1,111,117,Boston Red Sox,Houston Astros
2017,2017-09-30,492513,2017-09-30 17:05:00+00:00,R,N,1,147,141,New York Yankees,Toronto Blue Jays
2017,2017-09-30,492503,2017-09-30 20:05:00+00:00,R,N,1,112,113,Chicago Cubs,Cincinnati Reds
2017,2017-09-30,492511,2017-09-30 20:05:00+00:00,R,N,1,137,135,San Francisco Giants,San Diego Padres
2017,2017-09-30,492507,2017-09-30 20:15:00+00:00,R,N,1,138,158,St. Louis Cardinals,Milwaukee Brewers
2017,2017-09-30,492501,2017-09-30 22:10:00+00:00,R,N,1,139,110,Tampa Bay Rays,Baltimore Orioles
2017,2017-09-30,492510,2017-09-30 23:05:00+00:00,R,N,1,120,134,Washington Nationals,Pittsburgh Pirates
2017,2017-09-30,492508,2017-09-30 23:05:00+00:00,R,N,1,143,121,Philadelphia Phillies,New York Mets
2017,2017-09-30,492504,2017-09-30 23:10:00+00:00,R,N,1,142,116,Minnesota Twins,Detroit Tigers
2017,2017-09-30,492502,2017-09-30 23:10:00+00:00,R,N,1,114,145,Cleveland Indians,Chicago White Sox
2017,2017-09-30,492500,2017-09-30 23:10:00+00:00,R,N,1,146,144,Miami Marlins,Atlanta Braves
2017,2017-09-30,492499,2017-09-30 23:15:00+00:00,R,N,1,118,109,Kansas City Royals,Arizona Diamondbacks
2017,2017-09-30,492509,2017-10-01 00:05:00+00:00,R,N,1,140,133,Texas Rangers,Oakland Athletics
2017,2017-09-30,492506,2017-10-01 00:10:00+00:00,R,N,1,115,119,Colorado Rockies,Los Angeles Dodgers
2017,2017-09-30,492512,2017-10-01 01:07:00+00:00,R,N,1,108,136,Los Angeles Angels,Seattle Mariners
2017,2017-10-01,492520,2017-10-01 19:05:00+00:00,R,N,1,111,117,Boston Red Sox,Houston Astros
2017,2017-10-01,492525,2017-10-01 19:05:00+00:00,R,N,1,120,134,Washington Nationals,Pittsburgh Pirates
2017,2017-10-01,492526,2017-10-01 19:05:00+00:00,R,N,1,137,135,San Francisco Giants,San Diego Padres
2017,2017-10-01,492524,2017-10-01 19:05:00+00:00,R,N,1,140,133,Texas Rangers,Oakland Athletics
2017,2017-10-01,492523,2017-10-01 19:05:00+00:00,R,N,1,143,121,Philadelphia Phillies,New York Mets
2017,2017-10-01,492528,2017-10-01 19:05:00+00:00,R,N,1,147,141,New York Yankees,Toronto Blue Jays
2017,2017-10-01,492527,2017-10-01 19:07:00+00:00,R,N,1,108,136,Los Angeles Angels,Seattle Mariners
2017,2017-10-01,492521,2017-10-01 19:10:00+00:00,R,N,1,115,119,Colorado Rockies,Los Angeles Dodgers
2017,2017-10-01,492516,2017-10-01 19:10:00+00:00,R,N,1,139,110,Tampa Bay Rays,Baltimore Orioles
2017,2017-10-01,492519,2017-10-01 19:10:00+00:00,R,N,1,142,116,Minnesota Twins,Detroit Tigers
2017,2017-10-01,492517,2017-10-01 19:10:00+00:00,R,N,1,114,145,Cleveland Indians,Chicago White Sox
2017,2017-10-01,492515,2017-10-01 19:10:00+00:00,R,N,1,146,144,Miami Marlins,Atlanta Braves
2017,2017-10-01,492514,2017-10-01 19:15:00+00:00,R,N,1,118,109,Kansas City Royals,Arizona Diamondbacks
2017,2017-10-01,492522,2017-10-01 19:15:00+00:00,R,N,1,138,158,St. Louis Cardinals,Milwaukee Brewers
2017,2017-10-01,492518,2017-10-01 19:20:00+00:00,R,N,1,112,113,Chicago Cubs,Cincinnati Reds
