season,game_date_et,game_pk,start_utc,game_type,doubleheader,game_number,home_team_id,away_team_id,home_team,away_team
2018,2018-03-29,529407,2018-03-29 16:40:00+00:00,R,N,1,146,112,Miami Marlins,Chicago Cubs
2018,2018-03-29,529419,2018-03-29 17:10:00+00:00,R,N,1,121,138,New York Mets,St. Louis Cardinals
2018,2018-03-29,529414,2018-03-29 19:05:00+00:00,R,N,1,110,142,Baltimore Orioles,Minnesota Twins
2018,2018-03-29,529411,2018-03-29 19:35:00+00:00,R,N,1,140,117,Texas Rangers,Houston Astros
2018,2018-03-29,529415,2018-03-29 19:37:00+00:00,R,N,1,141,147,Toronto Blue Jays,New York Yankees
2018,2018-03-29,529406,2018-03-29 20:00:00+00:00,R,N,1,139,111,Tampa Bay Rays,Boston Red Sox
2018,2018-03-29,529412,2018-03-29 20:05:00+00:00,R,N,1,133,108,Oakland Athletics,Los Angeles Angels
2018,2018-03-29,529416,2018-03-29 20:10:00+00:00,R,N,1,144,143,Atlanta Braves,Philadelphia Phillies
2018,2018-03-29,529413,2018-03-29 20:10:00+00:00,R,N,1,135,158,San Diego Padres,Milwaukee Brewers
2018,2018-03-29,529408,2018-03-29 20:15:00+00:00,R,N,1,118,145,Kansas City Royals,Chicago White Sox
2018,2018-03-29,529418,2018-03-29 23:08:00+00:00,R,N,1,119,137,Los Angeles Dodgers,San Francisco Giants
2018,2018-03-29,529410,2018-03-30 02:10:00+00:00,R,N,1,109,115,Arizona Diamondbacks,Colorado Rockies
2018,2018-03-29,529409,2018-03-30 02:10:00+00:00,R,N,1,136,114,Seattle Mariners,Cleveland Indians
2018,2018-03-30,529417,2018-03-29 17:10:00+00:00,R,N,1,116,134,Detroit Tigers,Pittsburgh Pirates
2018,2018-03-30,529420,2018-03-29 20:10:00+00:00,R,N,1,113,120,Cincinnati Reds,Washington Nationals
2018,2018-03-30,529417,2018-03-30 17:10:00+00:00,R,N,1,116,134,Detroit Tigers,Pittsburgh Pirates
2018,2018-03-30,529420,2018-03-30 20:10:00+00:00,R,N,1,113,120,Cincinnati Reds,Washington Nationals
2018,2018-03-30,529427,2018-03-30 23:07:00+00:00,R,N,1,141,147,Toronto Blue Jays,New York Yankees
2018,2018-03-30,529421,2018-03-30 23:10:00+00:00,R,N,1,139,111,Tampa Bay Rays,Boston Red Sox
2018,2018-03-30,529422,2018-03-30 23:10:00+00:00,R,N,1,146,112,Miami Marlins,Chicago Cubs
2018,2018-03-30,529428,2018-03-30 23:35:00+00:00,R,N,1,144,143,Atlanta Braves,Philadelphia Phillies
2018,2018-03-30,529424,2018-03-31 00:05:00+00:00,R,N,1,140,117,Texas Rangers,Houston Astros
2018,2018-03-30,529423,2018-03-31 01:40:00+00:00,R,N,1,109,115,Arizona Diamondbacks,Colorado Rockies
2018,2018-03-30,529425,2018-03-31 02:05:00+00:00,R,N,1,133,108,Oakland Athletics,Los Angeles Angels
2018,2018-03-30,529429,2018-03-31 02:10:00+00:00,R,N,1,119,137,Los Angeles Dodgers,San Francisco Giants
2018,2018-03-30,529426,2018-03-31 02:10:00+00:00,R,N,1,135,158,San Diego Padres,Milwaukee Brewers
2018,2018-03-31,529443,2018-03-31 17:10:00+00:00,R,N,1,121,138,New York Mets,St. Louis Cardinals
2018,2018-03-31,529444,2018-03-31 18:10:00+00:00,R,N,1,113,120,Cincinnati Reds,Washington Nationals
2018,2018-03-31,529436,2018-03-31 20:05:00+00:00,R,N,1,133,108,Oakland Athletics,Los Angeles Angels
2018,2018-03-31,529435,2018-03-31 20:05:00+00:00,R,N,1,140,117,Texas Rangers,Houston Astros
2018,2018-03-31,529439,2018-03-31 20:07:00+00:00,R,N,1,141,147,Toronto Blue Jays,New York Yankees
2018,2018-03-31,529433,2018-03-31 20:10:00+00:00,R,N,1,136,114,Seattle Mariners,Cleveland Indians
2018,2018-03-31,529430,2018-03-31 22:10:00+00:00,R,N,1,139,111,Tampa Bay Rays,Boston Red Sox
2018,2018-03-31,529438,2018-03-31 23:05:00+00:00,R,N,1,110,142,Baltimore Orioles,Minnesota Twins
2018,2018-03-31,529440,2018-03-31 23:10:00+00:00,R,N,1,144,143,Atlanta Braves,Philadelphia Phillies
2018,2018-03-31,529431,2018-03-31 23:10:00+00:00,R,N,1,146,112,Miami Marlins,Chicago Cubs
2018,2018-03-31,529432,2018-03-31 23:15:00+00:00,R,N,1,118,145,Kansas City Royals,Chicago White Sox
2018,2018-03-31,529434,2018-04-01 00:10:00+00:00,R,N,1,109,115,Arizona Diamondbacks,Colorado Rockies
2018,2018-03-31,529437,2018-04-01 00:40:00+00:00,R,N,1,135,158,San Diego Padres,Milwaukee Brewers
2018,2018-03-31,529442,2018-04-01 01:10:00+00:00,R,N,1,119,137,Los Angeles Dodgers,San Francisco Giants
2018,2018-04-01,529441,2018-03-31 17:10:00+00:00,R,N,1,116,134,Detroit Tigers,Pittsburgh Pirates
2018,2018-04-01,529451,2018-04-01 17:05:00+00:00,R,N,1,110,142,Baltimore Orioles,Minnesota Twins
2018,2018-04-01,529452,2018-04-01 17:07:00+00:00,R,N,1,141,147,Toronto Blue Jays,New York Yankees
2018,2018-04-01,529453,2018-04-01 17:10:00+00:00,R,S,1,116,134,Detroit Tigers,Pittsburgh Pirates
2018,2018-04-01,529441,2018-04-01 22:10:00+00:00,R,S,2,116,134,Detroit Tigers,Pittsburgh Pirates
2018,2018-04-01,529455,2018-04-01 17:10:00+00:00,R,N,1,121,138,New York Mets,St. Louis Cardinals
2018,2018-04-01,529445,2018-04-01 17:10:00+00:00,R,N,1,139,111,Tampa Bay Rays,Boston Red Sox
2018,2018-04-01,529446,2018-04-01 17:10:00+00:00,R,N,1,146,112,Miami Marlins,Chicago Cubs
2018,2018-04-01,529449,2018-04-01 19:05:00+00:00,R,N,1,140,117,Texas Rangers,Houston Astros
2018,2018-04-01,529450,2018-04-01 20:05:00+00:00,R,N,1,133,108,Oakland Athletics,Los Angeles Angels
2018,2018-04-01,529456,2018-04-01 20:10:00+00:00,R,N,1,113,120,Cincinnati Reds,Washington Nationals
2018,2018-04-01,529448,2018-04-01 20:10:00+00:00,R,N,1,136,114,Seattle Mariners,Cleveland Indians
2018,2018-04-01,529454,2018-04-02 00:37:00+00:00,R,N,1,119,137,Los Angeles Dodgers,San Francisco Giants
2018,2018-04-28,529447,2018-04-01 18:15:00+00:00,R,N,1,118,145,Kansas City Royals,Chicago White Sox
2018,2018-04-02,529465,2018-04-02 17:05:00+00:00,R,N,1,134,142,Pittsburgh Pirates,Minnesota Twins
2018,2018-04-02,529463,2018-04-02 17:10:00+00:00,R,N,1,116,118,Detroit Tigers,Kansas City Royals
2018,2018-04-02,529467,2018-04-02 18:10:00+00:00,R,N,1,158,138,Milwaukee Brewers,St. Louis Cardinals
2018,2018-04-02,529459,2018-04-02 20:10:00+00:00,R,N,1,113,112,Cincinnati Reds,Chicago Cubs
2018,2018-04-02,529460,2018-04-02 23:07:00+00:00,R,N,1,141,145,Toronto Blue Jays,Chicago White Sox
2018,2018-04-02,529457,2018-04-02 23:10:00+00:00,R,N,1,117,110,Houston Astros,Baltimore Orioles
2018,2018-04-02,529458,2018-04-02 23:10:00+00:00,R,N,1,146,111,Miami Marlins,Boston Red Sox
2018,2018-04-02,529470,2018-04-02 23:35:00+00:00,R,N,1,144,120,Atlanta Braves,Washington Nationals
2018,2018-04-02,529464,2018-04-03 01:40:00+00:00,R,N,1,109,119,Arizona Diamondbacks,Los Angeles Dodgers
2018,2018-04-02,529469,2018-04-03 02:05:00+00:00,R,N,1,133,140,Oakland Athletics,Texas Rangers
2018,2018-04-02,529461,2018-04-03 02:07:00+00:00,R,N,1,108,114,Los Angeles Angels,Cleveland Indians
2018,2018-04-02,529462,2018-04-03 02:10:00+00:00,R,N,1,135,115,San Diego Padres,Colorado Rockies
2018,2018-04-03,529468,2018-04-02 17:05:00+00:00,R,N,1,147,139,New York Yankees,Tampa Bay Rays
2018,2018-07-09,529466,2018-04-02 23:10:00+00:00,R,N,1,121,143,New York Mets,Philadelphia Phillies
2018,2018-04-03,529477,2018-04-03 17:10:00+00:00,R,N,1,116,118,Detroit Tigers,Kansas City Royals
2018,2018-04-03,529468,2018-04-03 20:05:00+00:00,R,N,1,147,139,New York Yankees,Tampa Bay Rays
2018,2018-04-03,529480,2018-04-03 20:35:00+00:00,R,N,1,137,136,San Francisco Giants,Seattle Mariners
2018,2018-04-03,529472,2018-04-03 22:10:00+00:00,R,N,1,146,111,Miami Marlins,Boston Red Sox
2018,2018-04-03,529474,2018-04-03 23:07:00+00:00,R,N,1,141,145,Toronto Blue Jays,Chicago White Sox
2018,2018-04-03,529479,2018-04-03 23:10:00+00:00,R,N,1,121,143,New York Mets,Philadelphia Phillies
2018,2018-04-03,529483,2018-04-03 23:35:00+00:00,R,N,1,144,120,Atlanta Braves,Washington Nationals
2018,2018-04-03,529481,2018-04-03 23:40:00+00:00,R,N,1,158,138,Milwaukee Brewers,St. Louis Cardinals
2018,2018-04-03,529471,2018-04-04 00:10:00+00:00,R,N,1,117,110,Houston Astros,Baltimore Orioles
2018,2018-04-03,529478,2018-04-04 01:40:00+00:00,R,N,1,109,119,Arizona Diamondbacks,Los Angeles Dodgers
2018,2018-04-03,529482,2018-04-04 02:05:00+00:00,R,N,1,133,140,Oakland Athletics,Texas Rangers
2018,2018-04-03,529475,2018-04-04 02:07:00+00:00,R,N,1,108,114,Los Angeles Angels,Cleveland Indians
2018,2018-04-03,529476,2018-04-04 02:10:00+00:00,R,N,1,135,115,San Diego Padres,Colorado Rockies
2018,2018-05-19,529473,2018-04-03 22:40:00+00:00,R,N,1,113,112,Cincinnati Reds,Chicago Cubs
2018,2018-04-04,529496,2018-04-04 16:10:00+00:00,R,N,1,144,120,Atlanta Braves,Washington Nationals
2018,2018-04-04,529494,2018-04-04 17:05:00+00:00,R,N,1,147,139,New York Yankees,Tampa Bay Rays
2018,2018-04-04,529491,2018-04-04 17:10:00+00:00,R,N,1,121,143,New York Mets,Philadelphia Phillies
2018,2018-04-04,529484,2018-04-04 18:10:00+00:00,R,N,1,117,110,Houston Astros,Baltimore Orioles
2018,2018-04-04,529489,2018-04-04 19:40:00+00:00,R,N,1,109,119,Arizona Diamondbacks,Los Angeles Dodgers
2018,2018-04-04,529486,2018-04-04 20:07:00+00:00,R,N,1,108,114,Los Angeles Angels,Cleveland Indians
2018,2018-04-04,529490,2018-04-04 22:05:00+00:00,R,N,1,134,142,Pittsburgh Pirates,Minnesota Twins
2018,2018-04-04,529485,2018-04-04 23:07:00+00:00,R,N,1,141,145,Toronto Blue Jays,Chicago White Sox
2018,2018-04-04,529492,2018-04-04 23:15:00+00:00,R,N,1,137,136,San Francisco Giants,Seattle Mariners
2018,2018-04-04,529493,2018-04-04 23:40:00+00:00,R,N,1,158,138,Milwaukee Brewers,St. Louis Cardinals
2018,2018-04-04,529495,2018-04-05 02:05:00+00:00,R,N,1,133,140,Oakland Athletics,Texas Rangers
2018,2018-04-04,529487,2018-04-05 02:10:00+00:00,R,N,1,135,115,San Diego Padres,Colorado Rockies
2018,2018-04-20,529488,2018-04-04 17:10:00+00:00,R,N,1,116,118,Detroit Tigers,Kansas City Royals
2018,2018-04-05,529504,2018-04-05 17:05:00+00:00,R,N,1,120,121,Washington Nationals,New York Mets
2018,2018-04-05,529506,2018-04-05 18:05:00+00:00,R,N,1,111,139,Boston Red Sox,Tampa Bay Rays
2018,2018-04-05,529503,2018-04-05 19:05:00+00:00,R,N,1,143,146,Philadelphia Phillies,Miami Marlins
2018,2018-04-05,529507,2018-04-05 19:35:00+00:00,R,N,1,133,140,Oakland Athletics,Texas Rangers
2018,2018-04-05,529501,2018-04-05 19:40:00+00:00,R,N,1,135,115,San Diego Padres,Colorado Rockies
2018,2018-04-05,529505,2018-04-05 20:10:00+00:00,R,N,1,142,136,Minnesota Twins,Seattle Mariners
2018,2018-04-05,529502,2018-04-05 20:10:00+00:00,R,N,1,145,116,Chicago White Sox,Detroit Tigers
2018,2018-04-05,529498,2018-04-05 22:35:00+00:00,R,N,1,147,110,New York Yankees,Baltimore Orioles
2018,2018-04-05,529500,2018-04-05 23:05:00+00:00,R,N,1,134,113,Pittsburgh Pirates,Cincinnati Reds
2018,2018-04-05,529497,2018-04-05 23:15:00+00:00,R,N,1,138,109,St. Louis Cardinals,Arizona Diamondbacks
2018,2018-04-05,529499,2018-04-06 00:10:00+00:00,R,N,1,158,112,Milwaukee Brewers,Chicago Cubs
2018,2018-04-06,529512,2018-04-06 20:10:00+00:00,R,N,1,114,118,Cleveland Indians,Kansas City Royals
2018,2018-04-06,529508,2018-04-06 20:10:00+00:00,R,N,1,115,144,Colorado Rockies,Atlanta Braves
2018,2018-04-06,529511,2018-04-06 23:05:00+00:00,R,N,1,134,113,Pittsburgh Pirates,Cincinnati Reds
2018,2018-04-06,529509,2018-04-06 23:05:00+00:00,R,N,1,147,110,New York Yankees,Baltimore Orioles
2018,2018-04-06,529516,2018-04-07 00:05:00+00:00,R,N,1,140,141,Texas Rangers,Toronto Blue Jays
2018,2018-04-06,529515,2018-04-07 00:10:00+00:00,R,N,1,117,135,Houston Astros,San Diego Padres
2018,2018-04-06,529510,2018-04-07 00:10:00+00:00,R,N,1,158,112,Milwaukee Brewers,Chicago Cubs
2018,2018-04-06,529514,2018-04-07 02:07:00+00:00,R,N,1,108,133,Los Angeles Angels,Oakland Athletics
2018,2018-04-28,529513,2018-04-07 02:15:00+00:00,R,N,1,137,119,San Francisco Giants,Los Angeles Dodgers
2018,2018-04-07,529526,2018-04-07 17:05:00+00:00,R,N,1,120,121,Washington Nationals,New York Mets
2018,2018-04-07,529530,2018-04-07 17:05:00+00:00,R,N,1,111,139,Boston Red Sox,Tampa Bay Rays
2018,2018-04-07,529519,2018-04-07 17:05:00+00:00,R,N,1,147,110,New York Yankees,Baltimore Orioles
2018,2018-04-07,529529,2018-04-07 18:10:00+00:00,R,N,1,142,136,Minnesota Twins,Seattle Mariners
2018,2018-04-07,529522,2018-04-07 18:10:00+00:00,R,N,1,145,116,Chicago White Sox,Detroit Tigers
2018,2018-04-07,529517,2018-04-07 18:15:00+00:00,R,N,1,138,109,St. Louis Cardinals,Arizona Diamondbacks
2018,2018-04-07,529520,2018-04-07 20:05:00+00:00,R,N,1,158,112,Milwaukee Brewers,Chicago Cubs
2018,2018-04-07,529523,2018-04-07 20:10:00+00:00,R,N,1,114,118,Cleveland Indians,Kansas City Royals
2018,2018-04-07,529524,2018-04-07 22:05:00+00:00,R,N,1,137,119,San Francisco Giants,Los Angeles Dodgers
2018,2018-04-07,529525,2018-04-07 22:05:00+00:00,R,N,1,143,146,Philadelphia Phillies,Miami Marlins
2018,2018-04-07,529521,2018-04-07 23:05:00+00:00,R,N,1,134,113,Pittsburgh Pirates,Cincinnati Reds
2018,2018-04-07,529528,2018-04-07 23:10:00+00:00,R,N,1,117,135,Houston Astros,San Diego Padres
2018,2018-04-07,529531,2018-04-08 00:05:00+00:00,R,N,1,140,141,Texas Rangers,Toronto Blue Jays
2018,2018-04-07,529518,2018-04-08 00:10:00+00:00,R,N,1,115,144,Colorado Rockies,Atlanta Braves
2018,2018-04-07,529527,2018-04-08 01:07:00+00:00,R,N,1,108,133,Los Angeles Angels,Oakland Athletics
2018,2018-04-08,529545,2018-04-08 17:05:00+00:00,R,N,1,111,139,Boston Red Sox,Tampa Bay Rays
2018,2018-04-08,529534,2018-04-08 17:05:00+00:00,R,N,1,147,110,New York Yankees,Baltimore Orioles
2018,2018-04-08,529538,2018-04-08 17:10:00+00:00,R,N,1,114,118,Cleveland Indians,Kansas City Royals
2018,2018-04-08,529536,2018-04-08 17:35:00+00:00,R,N,1,134,113,Pittsburgh Pirates,Cincinnati Reds
2018,2018-04-08,529540,2018-04-08 17:35:00+00:00,R,N,1,143,146,Philadelphia Phillies,Miami Marlins
2018,2018-04-08,529543,2018-04-08 18:10:00+00:00,R,N,1,117,135,Houston Astros,San Diego Padres
2018,2018-04-08,529537,2018-04-08 18:10:00+00:00,R,N,1,145,116,Chicago White Sox,Detroit Tigers
2018,2018-04-08,529535,2018-04-08 18:10:00+00:00,R,N,1,158,112,Milwaukee Brewers,Chicago Cubs
2018,2018-04-08,529532,2018-04-08 18:15:00+00:00,R,N,1,138,109,St. Louis Cardinals,Arizona Diamondbacks
2018,2018-04-08,529546,2018-04-08 19:05:00+00:00,R,N,1,140,141,Texas Rangers,Toronto Blue Jays
2018,2018-04-08,529533,2018-04-08 19:10:00+00:00,R,N,1,115,144,Colorado Rockies,Atlanta Braves
2018,2018-04-08,529539,2018-04-08 20:05:00+00:00,R,N,1,137,119,San Francisco Giants,Los Angeles Dodgers
2018,2018-04-08,529542,2018-04-08 20:07:00+00:00,R,N,1,108,133,Los Angeles Angels,Oakland Athletics
2018,2018-04-08,529541,2018-04-09 00:08:00+00:00,R,N,1,120,121,Washington Nationals,New York Mets
2018,2018-05-14,529544,2018-04-08 18:10:00+00:00,R,N,1,142,136,Minnesota Twins,Seattle Mariners
2018,2018-04-09,529558,2018-04-09 18:10:00+00:00,R,N,1,145,139,Chicago White Sox,Tampa Bay Rays
2018,2018-04-09,529550,2018-04-09 22:10:00+00:00,R,N,1,114,116,Cleveland Indians,Detroit Tigers
2018,2018-04-09,529559,2018-04-09 23:05:00+00:00,R,N,1,110,141,Baltimore Orioles,Toronto Blue Jays
2018,2018-04-09,529549,2018-04-09 23:05:00+00:00,R,N,1,143,113,Philadelphia Phillies,Cincinnati Reds
2018,2018-04-09,529548,2018-04-09 23:05:00+00:00,R,N,1,120,144,Washington Nationals,Atlanta Braves
2018,2018-04-09,529553,2018-04-09 23:05:00+00:00,R,N,1,138,158,St. Louis Cardinals,Milwaukee Brewers
2018,2018-04-09,529554,2018-04-09 23:10:00+00:00,R,N,1,146,121,Miami Marlins,New York Mets
2018,2018-04-09,529552,2018-04-10 00:05:00+00:00,R,N,1,140,108,Texas Rangers,Los Angeles Angels
2018,2018-04-09,529551,2018-04-10 00:10:00+00:00,R,N,1,142,117,Minnesota Twins,Houston Astros
2018,2018-04-09,529557,2018-04-10 00:15:00+00:00,R,N,1,118,136,Kansas City Royals,Seattle Mariners
2018,2018-04-09,529556,2018-04-10 00:40:00+00:00,R,N,1,115,135,Colorado Rockies,San Diego Padres
2018,2018-04-09,529547,2018-04-10 02:15:00+00:00,R,N,1,137,109,San Francisco Giants,Arizona Diamondbacks
2018,2018-04-10,529555,2018-04-09 19:20:00+00:00,R,N,1,112,134,Chicago Cubs,Pittsburgh Pirates
2018,2018-04-10,529572,2018-04-10 18:10:00+00:00,R,N,1,145,139,Chicago White Sox,Tampa Bay Rays
2018,2018-04-10,529555,2018-04-10 18:20:00+00:00,R,N,1,112,134,Chicago Cubs,Pittsburgh Pirates
2018,2018-04-10,529563,2018-04-10 22:10:00+00:00,R,N,1,114,116,Cleveland Indians,Detroit Tigers
2018,2018-04-10,529573,2018-04-10 23:05:00+00:00,R,N,1,110,141,Baltimore Orioles,Toronto Blue Jays
2018,2018-04-10,529562,2018-04-10 23:05:00+00:00,R,N,1,143,113,Philadelphia Phillies,Cincinnati Reds
2018,2018-04-10,529561,2018-04-10 23:05:00+00:00,R,N,1,120,144,Washington Nationals,Atlanta Braves
2018,2018-04-10,529567,2018-04-10 23:10:00+00:00,R,N,1,146,121,Miami Marlins,New York Mets
2018,2018-04-10,529568,2018-04-10 23:10:00+00:00,R,N,1,111,147,Boston Red Sox,New York Yankees
2018,2018-04-10,529565,2018-04-11 00:05:00+00:00,R,N,1,140,108,Texas Rangers,Los Angeles Angels
2018,2018-04-10,529564,2018-04-11 00:10:00+00:00,R,N,1,142,117,Minnesota Twins,Houston Astros
2018,2018-04-10,529571,2018-04-11 00:15:00+00:00,R,N,1,118,136,Kansas City Royals,Seattle Mariners
2018,2018-04-10,529566,2018-04-11 00:15:00+00:00,R,N,1,138,158,St. Louis Cardinals,Milwaukee Brewers
2018,2018-04-10,529570,2018-04-11 00:40:00+00:00,R,N,1,115,135,Colorado Rockies,San Diego Padres
2018,2018-04-10,529569,2018-04-11 02:10:00+00:00,R,N,1,119,133,Los Angeles Dodgers,Oakland Athletics
2018,2018-04-10,529560,2018-04-11 02:15:00+00:00,R,N,1,137,109,San Francisco Giants,Arizona Diamondbacks
2018,2018-04-11,529575,2018-04-11 17:05:00+00:00,R,N,1,120,144,Washington Nationals,Atlanta Braves
2018,2018-04-11,529578,2018-04-11 17:10:00+00:00,R,N,1,142,117,Minnesota Twins,Houston Astros
2018,2018-04-11,529580,2018-04-11 17:15:00+00:00,R,N,1,138,158,St. Louis Cardinals,Milwaukee Brewers
2018,2018-04-11,529587,2018-04-11 18:10:00+00:00,R,N,1,145,139,Chicago White Sox,Tampa Bay Rays
2018,2018-04-11,529586,2018-04-11 18:15:00+00:00,R,N,1,118,136,Kansas City Royals,Seattle Mariners
2018,2018-04-11,529585,2018-04-11 19:10:00+00:00,R,N,1,115,135,Colorado Rockies,San Diego Padres
2018,2018-04-11,529574,2018-04-11 19:45:00+00:00,R,N,1,137,109,San Francisco Giants,Arizona Diamondbacks
2018,2018-04-11,529577,2018-04-11 22:10:00+00:00,R,N,1,114,116,Cleveland Indians,Detroit Tigers
2018,2018-04-11,529588,2018-04-11 23:05:00+00:00,R,N,1,110,141,Baltimore Orioles,Toronto Blue Jays
2018,2018-04-11,529576,2018-04-11 23:05:00+00:00,R,N,1,143,113,Philadelphia Phillies,Cincinnati Reds
2018,2018-04-11,529581,2018-04-11 23:10:00+00:00,R,N,1,146,121,Miami Marlins,New York Mets
2018,2018-04-11,529582,2018-04-11 23:10:00+00:00,R,N,1,111,147,Boston Red Sox,New York Yankees
2018,2018-04-11,529584,2018-04-12 00:05:00+00:00,R,N,1,112,134,Chicago Cubs,Pittsburgh Pirates
2018,2018-04-11,529579,2018-04-12 00:05:00+00:00,R,N,1,140,108,Texas Rangers,Los Angeles Angels
2018,2018-04-11,529583,2018-04-12 02:10:00+00:00,R,N,1,119,133,Los Angeles Dodgers,Oakland Athletics
2018,2018-04-12,529594,2018-04-12 18:20:00+00:00,R,N,1,112,134,Chicago Cubs,Pittsburgh Pirates
2018,2018-04-12,529591,2018-04-12 22:10:00+00:00,R,N,1,114,116,Cleveland Indians,Detroit Tigers
2018,2018-04-12,529596,2018-04-12 22:40:00+00:00,R,N,1,113,138,Cincinnati Reds,St. Louis Cardinals
2018,2018-04-12,529590,2018-04-12 23:05:00+00:00,R,N,1,120,115,Washington Nationals,Colorado Rockies
2018,2018-04-12,529593,2018-04-12 23:10:00+00:00,R,N,1,111,147,Boston Red Sox,New York Yankees
2018,2018-04-12,529589,2018-04-13 00:10:00+00:00,R,N,1,142,145,Minnesota Twins,Chicago White Sox
2018,2018-04-12,529592,2018-04-13 00:15:00+00:00,R,N,1,118,108,Kansas City Royals,Los Angeles Angels
2018,2018-04-12,529595,2018-04-13 02:10:00+00:00,R,N,1,135,137,San Diego Padres,San Francisco Giants
2018,2018-04-13,529598,2018-04-13 18:20:00+00:00,R,N,1,112,144,Chicago Cubs,Atlanta Braves
2018,2018-04-13,529609,2018-04-13 22:40:00+00:00,R,N,1,113,138,Cincinnati Reds,St. Louis Cardinals
2018,2018-04-13,529601,2018-04-13 23:05:00+00:00,R,N,1,120,115,Washington Nationals,Colorado Rockies
2018,2018-04-13,529599,2018-04-13 23:10:00+00:00,R,N,1,111,110,Boston Red Sox,Baltimore Orioles
2018,2018-04-13,529611,2018-04-13 23:10:00+00:00,R,N,1,114,141,Cleveland Indians,Toronto Blue Jays
2018,2018-04-13,529606,2018-04-13 23:10:00+00:00,R,N,1,139,143,Tampa Bay Rays,Philadelphia Phillies
2018,2018-04-13,529607,2018-04-13 23:10:00+00:00,R,N,1,146,134,Miami Marlins,Pittsburgh Pirates
2018,2018-04-13,529604,2018-04-13 23:10:00+00:00,R,N,1,116,147,Detroit Tigers,New York Yankees
2018,2018-04-13,529603,2018-04-13 23:10:00+00:00,R,N,1,121,158,New York Mets,Milwaukee Brewers
2018,2018-04-13,529610,2018-04-14 00:10:00+00:00,R,N,1,117,140,Houston Astros,Texas Rangers
2018,2018-04-13,529602,2018-04-14 00:15:00+00:00,R,N,1,118,108,Kansas City Royals,Los Angeles Angels
2018,2018-04-13,529597,2018-04-14 02:10:00+00:00,R,N,1,119,109,Los Angeles Dodgers,Arizona Diamondbacks
2018,2018-04-13,529605,2018-04-14 02:10:00+00:00,R,N,1,136,133,Seattle Mariners,Oakland Athletics
2018,2018-04-13,529608,2018-04-14 02:10:00+00:00,R,N,1,135,137,San Diego Padres,San Francisco Giants
2018,2018-06-05,529600,2018-04-14 00:10:00+00:00,R,N,1,142,145,Minnesota Twins,Chicago White Sox
2018,2018-04-14,529614,2018-04-14 17:05:00+00:00,R,N,1,111,110,Boston Red Sox,Baltimore Orioles
2018,2018-04-14,529616,2018-04-14 17:05:00+00:00,R,N,1,120,115,Washington Nationals,Colorado Rockies
2018,2018-04-14,529624,2018-04-14 17:10:00+00:00,R,N,1,113,138,Cincinnati Reds,St. Louis Cardinals
2018,2018-04-14,529613,2018-04-14 18:20:00+00:00,R,N,1,112,144,Chicago Cubs,Atlanta Braves
2018,2018-04-14,529625,2018-04-14 20:05:00+00:00,R,N,1,117,140,Houston Astros,Texas Rangers
2018,2018-04-14,529621,2018-04-14 22:10:00+00:00,R,N,1,139,143,Tampa Bay Rays,Philadelphia Phillies
2018,2018-04-14,529622,2018-04-14 23:10:00+00:00,R,N,1,146,134,Miami Marlins,Pittsburgh Pirates
2018,2018-04-14,529618,2018-04-14 23:10:00+00:00,R,N,1,121,158,New York Mets,Milwaukee Brewers
2018,2018-04-14,529617,2018-04-14 23:15:00+00:00,R,N,1,118,108,Kansas City Royals,Los Angeles Angels
2018,2018-04-14,529623,2018-04-15 00:40:00+00:00,R,N,1,135,137,San Diego Padres,San Francisco Giants
2018,2018-04-14,529612,2018-04-15 01:10:00+00:00,R,N,1,119,109,Los Angeles Dodgers,Arizona Diamondbacks
2018,2018-04-14,529620,2018-04-15 01:10:00+00:00,R,N,1,136,133,Seattle Mariners,Oakland Athletics
2018,2018-06-04,529619,2018-04-14 17:10:00+00:00,R,N,1,116,147,Detroit Tigers,New York Yankees
2018,2018-09-28,529615,2018-04-14 18:10:00+00:00,R,N,1,142,145,Minnesota Twins,Chicago White Sox
2018,2018-05-03,529626,2018-04-14 20:10:00+00:00,R,N,1,114,141,Cleveland Indians,Toronto Blue Jays
2018,2018-04-15,529629,2018-04-15 17:05:00+00:00,R,N,1,111,110,Boston Red Sox,Baltimore Orioles
2018,2018-04-15,529639,2018-04-15 17:10:00+00:00,R,N,1,113,138,Cincinnati Reds,St. Louis Cardinals
2018,2018-04-15,529636,2018-04-15 17:10:00+00:00,R,N,1,139,143,Tampa Bay Rays,Philadelphia Phillies
2018,2018-04-15,529637,2018-04-15 17:10:00+00:00,R,N,1,146,134,Miami Marlins,Pittsburgh Pirates
2018,2018-04-15,529633,2018-04-15 17:10:00+00:00,R,N,1,121,158,New York Mets,Milwaukee Brewers
2018,2018-04-15,529631,2018-04-15 17:35:00+00:00,R,N,1,120,115,Washington Nationals,Colorado Rockies
2018,2018-04-15,529627,2018-04-15 20:10:00+00:00,R,N,1,119,109,Los Angeles Dodgers,Arizona Diamondbacks
2018,2018-04-15,529635,2018-04-15 20:10:00+00:00,R,N,1,136,133,Seattle Mariners,Oakland Athletics
2018,2018-04-15,529638,2018-04-15 20:10:00+00:00,R,N,1,135,137,San Diego Padres,San Francisco Giants
2018,2018-04-15,529640,2018-04-16 00:08:00+00:00,R,N,1,117,140,Houston Astros,Texas Rangers
2018,2018-05-03,529641,2018-04-15 17:10:00+00:00,R,N,1,114,141,Cleveland Indians,Toronto Blue Jays
2018,2018-06-04,529634,2018-04-15 17:10:00+00:00,R,S,1,116,147,Detroit Tigers,New York Yankees
2018,2018-06-04,529619,2018-04-15 23:10:00+00:00,R,S,2,116,147,Detroit Tigers,New York Yankees
2018,2018-08-20,529630,2018-04-15 18:10:00+00:00,R,N,1,142,145,Minnesota Twins,Chicago White Sox
2018,2018-06-25,529632,2018-04-15 18:15:00+00:00,R,N,1,118,108,Kansas City Royals,Los Angeles Angels
2018,2018-05-14,529628,2018-04-15 18:20:00+00:00,R,N,1,112,144,Chicago Cubs,Atlanta Braves
2018,2018-04-16,529649,2018-04-16 22:35:00+00:00,R,N,1,147,146,New York Yankees,Miami Marlins
2018,2018-04-16,529645,2018-04-16 23:05:00+00:00,R,N,1,134,115,Pittsburgh Pirates,Colorado Rockies
2018,2018-04-16,529653,2018-04-16 23:10:00+00:00,R,N,1,121,120,New York Mets,Washington Nationals
2018,2018-04-16,529652,2018-04-16 23:10:00+00:00,R,N,1,139,140,Tampa Bay Rays,Texas Rangers
2018,2018-04-16,529650,2018-04-16 23:35:00+00:00,R,N,1,144,143,Atlanta Braves,Philadelphia Phillies
2018,2018-04-16,529644,2018-04-16 23:40:00+00:00,R,N,1,158,113,Milwaukee Brewers,Cincinnati Reds
2018,2018-04-16,529643,2018-04-17 02:05:00+00:00,R,N,1,133,145,Oakland Athletics,Chicago White Sox
2018,2018-04-16,529648,2018-04-17 02:10:00+00:00,R,N,1,135,119,San Diego Padres,Los Angeles Dodgers
2018,2018-04-16,529646,2018-04-17 02:10:00+00:00,R,N,1,136,117,Seattle Mariners,Houston Astros
2018,2018-05-17,529642,2018-04-16 15:05:00+00:00,R,N,1,111,110,Boston Red Sox,Baltimore Orioles
2018,2018-07-21,529651,2018-04-16 23:05:00+00:00,R,N,1,112,138,Chicago Cubs,St. Louis Cardinals
2018,2018-04-17,529647,2018-04-16 23:07:00+00:00,R,N,1,141,118,Toronto Blue Jays,Kansas City Royals
2018,2018-04-17,529661,2018-04-17 19:07:00+00:00,R,Y,1,141,118,Toronto Blue Jays,Kansas City Royals
2018,2018-04-17,529647,2018-04-17 19:12:00+00:00,R,Y,2,141,118,Toronto Blue Jays,Kansas City Royals
2018,2018-04-17,529663,2018-04-17 22:35:00+00:00,R,N,1,147,146,New York Yankees,Miami Marlins
2018,2018-04-17,529654,2018-04-17 22:40:00+00:00,R,N,1,116,110,Detroit Tigers,Baltimore Orioles
2018,2018-04-17,529659,2018-04-17 23:05:00+00:00,R,N,1,134,115,Pittsburgh Pirates,Colorado Rockies
2018,2018-04-17,529668,2018-04-17 23:10:00+00:00,R,N,1,121,120,New York Mets,Washington Nationals
2018,2018-04-17,529667,2018-04-17 23:10:00+00:00,R,N,1,139,140,Tampa Bay Rays,Texas Rangers
2018,2018-04-17,529658,2018-04-17 23:10:00+00:00,R,N,1,142,114,Minnesota Twins,Cleveland Indians
2018,2018-04-17,529664,2018-04-17 23:35:00+00:00,R,N,1,144,143,Atlanta Braves,Philadelphia Phillies
2018,2018-04-17,529657,2018-04-17 23:40:00+00:00,R,N,1,158,113,Milwaukee Brewers,Cincinnati Reds
2018,2018-04-17,529666,2018-04-18 00:05:00+00:00,R,N,1,112,138,Chicago Cubs,St. Louis Cardinals
2018,2018-04-17,529665,2018-04-18 01:40:00+00:00,R,N,1,109,137,Arizona Diamondbacks,San Francisco Giants
2018,2018-04-17,529656,2018-04-18 02:05:00+00:00,R,N,1,133,145,Oakland Athletics,Chicago White Sox
2018,2018-04-17,529655,2018-04-18 02:07:00+00:00,R,N,1,108,111,Los Angeles Angels,Boston Red Sox
2018,2018-04-17,529662,2018-04-18 02:10:00+00:00,R,N,1,135,119,San Diego Padres,Los Angeles Dodgers
2018,2018-04-17,529660,2018-04-18 02:10:00+00:00,R,N,1,136,117,Seattle Mariners,Houston Astros
2018,2018-04-18,529674,2018-04-18 16:35:00+00:00,R,N,1,134,115,Pittsburgh Pirates,Colorado Rockies
2018,2018-04-18,529669,2018-04-18 17:10:00+00:00,R,N,1,116,110,Detroit Tigers,Baltimore Orioles
2018,2018-04-18,529681,2018-04-18 17:10:00+00:00,R,N,1,139,140,Tampa Bay Rays,Texas Rangers
2018,2018-04-18,529672,2018-04-18 17:40:00+00:00,R,N,1,158,113,Milwaukee Brewers,Cincinnati Reds
2018,2018-04-18,529671,2018-04-18 19:35:00+00:00,R,N,1,133,145,Oakland Athletics,Chicago White Sox
2018,2018-04-18,529676,2018-04-18 20:07:00+00:00,R,N,1,141,118,Toronto Blue Jays,Kansas City Royals
2018,2018-04-18,529682,2018-04-18 23:10:00+00:00,R,N,1,121,120,New York Mets,Washington Nationals
2018,2018-04-18,529673,2018-04-18 23:10:00+00:00,R,N,1,142,114,Minnesota Twins,Cleveland Indians
2018,2018-04-18,529678,2018-04-18 23:35:00+00:00,R,N,1,144,143,Atlanta Braves,Philadelphia Phillies
2018,2018-04-18,529679,2018-04-19 01:40:00+00:00,R,N,1,109,137,Arizona Diamondbacks,San Francisco Giants
2018,2018-04-18,529670,2018-04-19 02:07:00+00:00,R,N,1,108,111,Los Angeles Angels,Boston Red Sox
2018,2018-04-18,529677,2018-04-19 02:10:00+00:00,R,N,1,135,119,San Diego Padres,Los Angeles Dodgers
2018,2018-04-18,529675,2018-04-19 02:10:00+00:00,R,N,1,136,117,Seattle Mariners,Houston Astros
2018,2018-04-19,529680,2018-04-18 18:20:00+00:00,R,N,1,112,138,Chicago Cubs,St. Louis Cardinals
2018,2018-04-19,529683,2018-04-19 17:10:00+00:00,R,N,1,116,110,Detroit Tigers,Baltimore Orioles
2018,2018-04-19,529680,2018-04-19 18:20:00+00:00,R,N,1,112,138,Chicago Cubs,St. Louis Cardinals
2018,2018-04-19,529685,2018-04-19 19:40:00+00:00,R,N,1,136,117,Seattle Mariners,Houston Astros
2018,2018-04-19,529690,2018-04-19 22:35:00+00:00,R,N,1,147,141,New York Yankees,Toronto Blue Jays
2018,2018-04-19,529688,2018-04-19 23:05:00+00:00,R,N,1,143,134,Philadelphia Phillies,Pittsburgh Pirates
2018,2018-04-19,529687,2018-04-19 23:35:00+00:00,R,N,1,144,121,Atlanta Braves,New York Mets
2018,2018-04-19,529686,2018-04-20 00:10:00+00:00,R,N,1,158,146,Milwaukee Brewers,Miami Marlins
2018,2018-04-19,529689,2018-04-20 01:40:00+00:00,R,N,1,109,137,Arizona Diamondbacks,San Francisco Giants
2018,2018-04-19,529684,2018-04-20 02:07:00+00:00,R,N,1,108,111,Los Angeles Angels,Boston Red Sox
2018,2018-04-20,529488,2018-04-20 17:10:00+00:00,R,S,1,116,118,Detroit Tigers,Kansas City Royals
2018,2018-04-20,529696,2018-04-20 23:10:00+00:00,R,S,2,116,118,Detroit Tigers,Kansas City Royals
2018,2018-04-20,529694,2018-04-20 23:05:00+00:00,R,N,1,110,114,Baltimore Orioles,Cleveland Indians
2018,2018-04-20,529700,2018-04-20 23:05:00+00:00,R,N,1,143,134,Philadelphia Phillies,Pittsburgh Pirates
2018,2018-04-20,529704,2018-04-20 23:05:00+00:00,R,N,1,147,141,New York Yankees,Toronto Blue Jays
2018,2018-04-20,529698,2018-04-20 23:10:00+00:00,R,N,1,139,142,Tampa Bay Rays,Minnesota Twins
2018,2018-04-20,529699,2018-04-20 23:35:00+00:00,R,N,1,144,121,Atlanta Braves,New York Mets
2018,2018-04-20,529703,2018-04-21 00:05:00+00:00,R,N,1,140,136,Texas Rangers,Seattle Mariners
2018,2018-04-20,529695,2018-04-21 00:10:00+00:00,R,N,1,145,117,Chicago White Sox,Houston Astros
2018,2018-04-20,529697,2018-04-21 00:10:00+00:00,R,N,1,158,146,Milwaukee Brewers,Miami Marlins
2018,2018-04-20,529693,2018-04-21 00:15:00+00:00,R,N,1,138,113,St. Louis Cardinals,Cincinnati Reds
2018,2018-04-20,529692,2018-04-21 00:40:00+00:00,R,N,1,115,112,Colorado Rockies,Chicago Cubs
2018,2018-04-20,529701,2018-04-21 01:40:00+00:00,R,N,1,109,135,Arizona Diamondbacks,San Diego Padres
2018,2018-04-20,529691,2018-04-21 02:05:00+00:00,R,N,1,133,111,Oakland Athletics,Boston Red Sox
2018,2018-04-20,529702,2018-04-21 02:07:00+00:00,R,N,1,108,137,Los Angeles Angels,San Francisco Giants
2018,2018-04-20,529705,2018-04-21 02:10:00+00:00,R,N,1,119,120,Los Angeles Dodgers,Washington Nationals
2018,2018-04-21,529719,2018-04-21 17:05:00+00:00,R,N,1,147,141,New York Yankees,Toronto Blue Jays
2018,2018-04-21,529711,2018-04-21 17:10:00+00:00,R,N,1,116,118,Detroit Tigers,Kansas City Royals
2018,2018-04-21,529708,2018-04-21 18:15:00+00:00,R,N,1,138,113,St. Louis Cardinals,Cincinnati Reds
2018,2018-04-21,529709,2018-04-21 20:05:00+00:00,R,N,1,110,114,Baltimore Orioles,Cleveland Indians
2018,2018-04-21,529715,2018-04-21 20:05:00+00:00,R,N,1,143,134,Philadelphia Phillies,Pittsburgh Pirates
2018,2018-04-21,529713,2018-04-21 22:10:00+00:00,R,N,1,139,142,Tampa Bay Rays,Minnesota Twins
2018,2018-04-21,529714,2018-04-21 23:10:00+00:00,R,N,1,144,121,Atlanta Braves,New York Mets
2018,2018-04-21,529710,2018-04-21 23:10:00+00:00,R,N,1,145,117,Chicago White Sox,Houston Astros
2018,2018-04-21,529712,2018-04-21 23:10:00+00:00,R,N,1,158,146,Milwaukee Brewers,Miami Marlins
2018,2018-04-21,529718,2018-04-22 00:05:00+00:00,R,N,1,140,136,Texas Rangers,Seattle Mariners
2018,2018-04-21,529707,2018-04-22 00:10:00+00:00,R,N,1,115,112,Colorado Rockies,Chicago Cubs
2018,2018-04-21,529716,2018-04-22 00:10:00+00:00,R,N,1,109,135,Arizona Diamondbacks,San Diego Padres
2018,2018-04-21,529706,2018-04-22 01:05:00+00:00,R,N,1,133,111,Oakland Athletics,Boston Red Sox
2018,2018-04-21,529717,2018-04-22 01:07:00+00:00,R,N,1,108,137,Los Angeles Angels,San Francisco Giants
2018,2018-04-21,529720,2018-04-22 01:10:00+00:00,R,N,1,119,120,Los Angeles Dodgers,Washington Nationals
2018,2018-04-22,529724,2018-04-22 17:05:00+00:00,R,N,1,110,114,Baltimore Orioles,Cleveland Indians
2018,2018-04-22,529734,2018-04-22 17:05:00+00:00,R,N,1,147,141,New York Yankees,Toronto Blue Jays
2018,2018-04-22,529726,2018-04-22 17:10:00+00:00,R,N,1,116,118,Detroit Tigers,Kansas City Royals
2018,2018-04-22,529728,2018-04-22 17:10:00+00:00,R,N,1,139,142,Tampa Bay Rays,Minnesota Twins
2018,2018-04-22,529730,2018-04-22 17:35:00+00:00,R,N,1,143,134,Philadelphia Phillies,Pittsburgh Pirates
2018,2018-04-22,529725,2018-04-22 18:10:00+00:00,R,N,1,145,117,Chicago White Sox,Houston Astros
2018,2018-04-22,529727,2018-04-22 18:10:00+00:00,R,N,1,158,146,Milwaukee Brewers,Miami Marlins
2018,2018-04-22,529723,2018-04-22 18:15:00+00:00,R,N,1,138,113,St. Louis Cardinals,Cincinnati Reds
2018,2018-04-22,529733,2018-04-22 19:05:00+00:00,R,N,1,140,136,Texas Rangers,Seattle Mariners
2018,2018-04-22,529722,2018-04-22 19:10:00+00:00,R,N,1,115,112,Colorado Rockies,Chicago Cubs
2018,2018-04-22,529721,2018-04-22 20:05:00+00:00,R,N,1,133,111,Oakland Athletics,Boston Red Sox
2018,2018-04-22,529732,2018-04-22 20:07:00+00:00,R,N,1,108,137,Los Angeles Angels,San Francisco Giants
2018,2018-04-22,529731,2018-04-22 20:10:00+00:00,R,N,1,109,135,Arizona Diamondbacks,San Diego Padres
2018,2018-04-22,529735,2018-04-23 00:05:00+00:00,R,N,1,119,120,Los Angeles Dodgers,Washington Nationals
2018,2018-05-28,529729,2018-04-22 17:35:00+00:00,R,N,1,144,121,Atlanta Braves,New York Mets
2018,2018-04-23,529736,2018-04-23 22:40:00+00:00,R,N,1,113,144,Cincinnati Reds,Atlanta Braves
2018,2018-04-23,529737,2018-04-23 23:05:00+00:00,R,N,1,110,114,Baltimore Orioles,Cleveland Indians
2018,2018-04-23,529740,2018-04-23 23:05:00+00:00,R,N,1,147,142,New York Yankees,Minnesota Twins
2018,2018-04-23,529741,2018-04-24 00:05:00+00:00,R,N,1,140,133,Texas Rangers,Oakland Athletics
2018,2018-04-23,529738,2018-04-24 00:10:00+00:00,R,N,1,117,108,Houston Astros,Los Angeles Angels
2018,2018-04-23,529743,2018-04-24 00:10:00+00:00,R,N,1,145,136,Chicago White Sox,Seattle Mariners
2018,2018-04-23,529742,2018-04-24 00:40:00+00:00,R,N,1,115,135,Colorado Rockies,San Diego Padres
2018,2018-04-23,529739,2018-04-24 02:10:00+00:00,R,N,1,119,146,Los Angeles Dodgers,Miami Marlins
2018,2018-04-23,529744,2018-04-24 02:15:00+00:00,R,N,1,137,120,San Francisco Giants,Washington Nationals
2018,2018-04-24,529757,2018-04-24 21:10:00+00:00,R,N,1,145,136,Chicago White Sox,Seattle Mariners
2018,2018-04-24,529748,2018-04-24 22:10:00+00:00,R,N,1,114,112,Cleveland Indians,Chicago Cubs
2018,2018-04-24,529753,2018-04-24 22:35:00+00:00,R,N,1,147,142,New York Yankees,Minnesota Twins
2018,2018-04-24,529746,2018-04-24 22:40:00+00:00,R,N,1,113,144,Cincinnati Reds,Atlanta Braves
2018,2018-04-24,529745,2018-04-24 23:05:00+00:00,R,N,1,143,109,Philadelphia Phillies,Arizona Diamondbacks
2018,2018-04-24,529747,2018-04-24 23:07:00+00:00,R,N,1,141,111,Toronto Blue Jays,Boston Red Sox
2018,2018-04-24,529755,2018-04-25 00:05:00+00:00,R,N,1,140,133,Texas Rangers,Oakland Athletics
2018,2018-04-24,529750,2018-04-25 00:10:00+00:00,R,N,1,117,108,Houston Astros,Los Angeles Angels
2018,2018-04-24,529754,2018-04-25 00:15:00+00:00,R,N,1,138,121,St. Louis Cardinals,New York Mets
2018,2018-04-24,529752,2018-04-25 00:15:00+00:00,R,N,1,118,158,Kansas City Royals,Milwaukee Brewers
2018,2018-04-24,529756,2018-04-25 00:40:00+00:00,R,N,1,115,135,Colorado Rockies,San Diego Padres
2018,2018-04-24,529751,2018-04-25 02:10:00+00:00,R,N,1,119,146,Los Angeles Dodgers,Miami Marlins
2018,2018-04-24,529759,2018-04-25 02:15:00+00:00,R,N,1,137,120,San Francisco Giants,Washington Nationals
2018,2018-04-25,529749,2018-04-24 23:05:00+00:00,R,N,1,134,116,Pittsburgh Pirates,Detroit Tigers
2018,2018-05-12,529758,2018-04-24 23:05:00+00:00,R,N,1,110,139,Baltimore Orioles,Tampa Bay Rays
2018,2018-04-25,529765,2018-04-25 18:10:00+00:00,R,N,1,117,108,Houston Astros,Los Angeles Angels
2018,2018-04-25,529772,2018-04-25 18:10:00+00:00,R,N,1,145,136,Chicago White Sox,Seattle Mariners
2018,2018-04-25,529771,2018-04-25 19:10:00+00:00,R,N,1,115,135,Colorado Rockies,San Diego Padres
2018,2018-04-25,529774,2018-04-25 19:45:00+00:00,R,N,1,137,120,San Francisco Giants,Washington Nationals
2018,2018-04-25,529764,2018-04-25 20:05:00+00:00,R,Y,1,134,116,Pittsburgh Pirates,Detroit Tigers
2018,2018-04-25,529749,2018-04-25 20:10:00+00:00,R,Y,2,134,116,Pittsburgh Pirates,Detroit Tigers
2018,2018-04-25,529768,2018-04-25 22:35:00+00:00,R,N,1,147,142,New York Yankees,Minnesota Twins
2018,2018-04-25,529761,2018-04-25 22:40:00+00:00,R,N,1,113,144,Cincinnati Reds,Atlanta Braves
2018,2018-04-25,529773,2018-04-25 23:05:00+00:00,R,N,1,110,139,Baltimore Orioles,Tampa Bay Rays
2018,2018-04-25,529760,2018-04-25 23:05:00+00:00,R,N,1,143,109,Philadelphia Phillies,Arizona Diamondbacks
2018,2018-04-25,529762,2018-04-25 23:07:00+00:00,R,N,1,141,111,Toronto Blue Jays,Boston Red Sox
2018,2018-04-25,529763,2018-04-25 23:10:00+00:00,R,N,1,114,112,Cleveland Indians,Chicago Cubs
2018,2018-04-25,529766,2018-04-25 23:35:00+00:00,R,N,1,119,146,Los Angeles Dodgers,Miami Marlins
2018,2018-04-25,529770,2018-04-26 00:05:00+00:00,R,N,1,140,133,Texas Rangers,Oakland Athletics
2018,2018-04-25,529769,2018-04-26 00:15:00+00:00,R,N,1,138,121,St. Louis Cardinals,New York Mets
2018,2018-04-25,529767,2018-04-26 00:15:00+00:00,R,N,1,118,158,Kansas City Royals,Milwaukee Brewers
2018,2018-04-26,529779,2018-04-26 16:35:00+00:00,R,N,1,134,116,Pittsburgh Pirates,Detroit Tigers
2018,2018-04-26,529776,2018-04-26 16:35:00+00:00,R,N,1,113,144,Cincinnati Reds,Atlanta Braves
2018,2018-04-26,529775,2018-04-26 17:05:00+00:00,R,N,1,143,109,Philadelphia Phillies,Arizona Diamondbacks
2018,2018-04-26,529781,2018-04-26 17:05:00+00:00,R,N,1,147,142,New York Yankees,Minnesota Twins
2018,2018-04-26,529782,2018-04-26 17:15:00+00:00,R,N,1,138,121,St. Louis Cardinals,New York Mets
2018,2018-04-26,529783,2018-04-26 22:10:00+00:00,R,N,1,114,136,Cleveland Indians,Seattle Mariners
2018,2018-04-26,529784,2018-04-26 23:05:00+00:00,R,N,1,110,139,Baltimore Orioles,Tampa Bay Rays
2018,2018-04-26,529777,2018-04-26 23:07:00+00:00,R,N,1,141,111,Toronto Blue Jays,Boston Red Sox
2018,2018-04-26,529780,2018-04-27 00:05:00+00:00,R,N,1,112,158,Chicago Cubs,Milwaukee Brewers
2018,2018-04-26,529778,2018-04-27 00:15:00+00:00,R,N,1,118,145,Kansas City Royals,Chicago White Sox
2018,2018-04-27,529792,2018-04-27 18:20:00+00:00,R,N,1,112,158,Chicago Cubs,Milwaukee Brewers
2018,2018-04-27,529790,2018-04-27 23:05:00+00:00,R,N,1,110,116,Baltimore Orioles,Detroit Tigers
2018,2018-04-27,529785,2018-04-27 23:05:00+00:00,R,N,1,120,109,Washington Nationals,Arizona Diamondbacks
2018,2018-04-27,529797,2018-04-27 23:05:00+00:00,R,N,1,134,138,Pittsburgh Pirates,St. Louis Cardinals
2018,2018-04-27,529786,2018-04-27 23:05:00+00:00,R,N,1,143,144,Philadelphia Phillies,Atlanta Braves
2018,2018-04-27,529799,2018-04-27 23:07:00+00:00,R,N,1,141,140,Toronto Blue Jays,Texas Rangers
2018,2018-04-27,529796,2018-04-27 23:10:00+00:00,R,N,1,114,136,Cleveland Indians,Seattle Mariners
2018,2018-04-27,529798,2018-04-27 23:10:00+00:00,R,N,1,111,139,Boston Red Sox,Tampa Bay Rays
2018,2018-04-27,529789,2018-04-27 23:10:00+00:00,R,N,1,146,115,Miami Marlins,Colorado Rockies
2018,2018-04-27,529795,2018-04-28 00:10:00+00:00,R,N,1,117,133,Houston Astros,Oakland Athletics
2018,2018-04-27,529788,2018-04-28 00:10:00+00:00,R,N,1,142,113,Minnesota Twins,Cincinnati Reds
2018,2018-04-27,529787,2018-04-28 00:15:00+00:00,R,N,1,118,145,Kansas City Royals,Chicago White Sox
2018,2018-04-27,529794,2018-04-28 02:07:00+00:00,R,N,1,108,147,Los Angeles Angels,New York Yankees
2018,2018-04-27,529793,2018-04-28 02:10:00+00:00,R,N,1,135,121,San Diego Padres,New York Mets
2018,2018-04-27,529791,2018-04-28 02:15:00+00:00,R,N,1,137,119,San Francisco Giants,Los Angeles Dodgers
2018,2018-04-28,529803,2018-04-28 18:10:00+00:00,R,N,1,142,113,Minnesota Twins,Cincinnati Reds
2018,2018-04-28,529447,2018-04-28 18:15:00+00:00,R,S,1,118,145,Kansas City Royals,Chicago White Sox
2018,2018-04-28,529802,2018-04-29 00:15:00+00:00,R,S,2,118,145,Kansas City Royals,Chicago White Sox
2018,2018-04-28,529807,2018-04-28 18:20:00+00:00,R,N,1,112,158,Chicago Cubs,Milwaukee Brewers
2018,2018-04-28,529800,2018-04-28 20:05:00+00:00,R,N,1,120,109,Washington Nationals,Arizona Diamondbacks
2018,2018-04-28,529513,2018-04-28 20:05:00+00:00,R,S,1,137,119,San Francisco Giants,Los Angeles Dodgers
2018,2018-04-28,529806,2018-04-29 02:05:00+00:00,R,S,2,137,119,San Francisco Giants,Los Angeles Dodgers
2018,2018-04-28,529813,2018-04-28 20:05:00+00:00,R,N,1,111,139,Boston Red Sox,Tampa Bay Rays
2018,2018-04-28,529814,2018-04-28 20:07:00+00:00,R,N,1,141,140,Toronto Blue Jays,Texas Rangers
2018,2018-04-28,529811,2018-04-28 20:10:00+00:00,R,N,1,114,136,Cleveland Indians,Seattle Mariners
2018,2018-04-28,529801,2018-04-28 22:05:00+00:00,R,N,1,143,144,Philadelphia Phillies,Atlanta Braves
2018,2018-04-28,529805,2018-04-28 23:05:00+00:00,R,N,1,110,116,Baltimore Orioles,Detroit Tigers
2018,2018-04-28,529812,2018-04-28 23:05:00+00:00,R,N,1,134,138,Pittsburgh Pirates,St. Louis Cardinals
2018,2018-04-28,529810,2018-04-28 23:10:00+00:00,R,N,1,117,133,Houston Astros,Oakland Athletics
2018,2018-04-28,529804,2018-04-28 23:10:00+00:00,R,N,1,146,115,Miami Marlins,Colorado Rockies
2018,2018-04-28,529808,2018-04-29 00:40:00+00:00,R,N,1,135,121,San Diego Padres,New York Mets
2018,2018-04-28,529809,2018-04-29 01:07:00+00:00,R,N,1,108,147,Los Angeles Angels,New York Yankees
2018,2018-04-29,529820,2018-04-29 17:05:00+00:00,R,N,1,110,116,Baltimore Orioles,Detroit Tigers
2018,2018-04-29,529828,2018-04-29 17:05:00+00:00,R,N,1,111,139,Boston Red Sox,Tampa Bay Rays
2018,2018-04-29,529829,2018-04-29 17:07:00+00:00,R,N,1,141,140,Toronto Blue Jays,Texas Rangers
2018,2018-04-29,529826,2018-04-29 17:10:00+00:00,R,N,1,114,136,Cleveland Indians,Seattle Mariners
2018,2018-04-29,529819,2018-04-29 17:10:00+00:00,R,N,1,146,115,Miami Marlins,Colorado Rockies
2018,2018-04-29,529815,2018-04-29 17:35:00+00:00,R,N,1,120,109,Washington Nationals,Arizona Diamondbacks
2018,2018-04-29,529827,2018-04-29 17:35:00+00:00,R,N,1,134,138,Pittsburgh Pirates,St. Louis Cardinals
2018,2018-04-29,529816,2018-04-29 17:35:00+00:00,R,N,1,143,144,Philadelphia Phillies,Atlanta Braves
2018,2018-04-29,529825,2018-04-29 18:10:00+00:00,R,N,1,117,133,Houston Astros,Oakland Athletics
2018,2018-04-29,529818,2018-04-29 18:10:00+00:00,R,N,1,142,113,Minnesota Twins,Cincinnati Reds
2018,2018-04-29,529817,2018-04-29 18:15:00+00:00,R,N,1,118,145,Kansas City Royals,Chicago White Sox
2018,2018-04-29,529822,2018-04-29 18:20:00+00:00,R,N,1,112,158,Chicago Cubs,Milwaukee Brewers
2018,2018-04-29,529823,2018-04-29 20:10:00+00:00,R,N,1,135,121,San Diego Padres,New York Mets
2018,2018-04-29,529821,2018-04-29 21:05:00+00:00,R,N,1,137,119,San Francisco Giants,Los Angeles Dodgers
2018,2018-04-29,529824,2018-04-30 00:07:00+00:00,R,N,1,108,147,Los Angeles Angels,New York Yankees
2018,2018-04-30,529839,2018-04-30 22:10:00+00:00,R,N,1,114,140,Cleveland Indians,Texas Rangers
2018,2018-04-30,529830,2018-04-30 23:05:00+00:00,R,N,1,112,115,Chicago Cubs,Colorado Rockies
2018,2018-04-30,529836,2018-04-30 23:05:00+00:00,R,N,1,120,134,Washington Nationals,Pittsburgh Pirates
2018,2018-04-30,529831,2018-04-30 23:10:00+00:00,R,N,1,111,118,Boston Red Sox,Kansas City Royals
2018,2018-04-30,529838,2018-04-30 23:10:00+00:00,R,N,1,116,139,Detroit Tigers,Tampa Bay Rays
2018,2018-04-30,529835,2018-04-30 23:10:00+00:00,R,N,1,146,143,Miami Marlins,Philadelphia Phillies
2018,2018-04-30,529833,2018-04-30 23:10:00+00:00,R,N,1,113,158,Cincinnati Reds,Milwaukee Brewers
2018,2018-04-30,529840,2018-05-01 00:10:00+00:00,R,N,1,142,141,Minnesota Twins,Toronto Blue Jays
2018,2018-04-30,529834,2018-05-01 00:10:00+00:00,R,N,1,117,147,Houston Astros,New York Yankees
2018,2018-04-30,529832,2018-05-01 01:40:00+00:00,R,N,1,109,119,Arizona Diamondbacks,Los Angeles Dodgers
2018,2018-04-30,529837,2018-05-01 02:15:00+00:00,R,N,1,137,135,San Francisco Giants,San Diego Padres
2018,2018-05-01,529854,2018-05-01 22:10:00+00:00,R,N,1,114,140,Cleveland Indians,Texas Rangers
2018,2018-05-01,529851,2018-05-01 23:05:00+00:00,R,N,1,120,134,Washington Nationals,Pittsburgh Pirates
2018,2018-05-01,529845,2018-05-01 23:10:00+00:00,R,N,1,111,118,Boston Red Sox,Kansas City Royals
2018,2018-05-01,529853,2018-05-01 23:10:00+00:00,R,N,1,116,139,Detroit Tigers,Tampa Bay Rays
2018,2018-05-01,529841,2018-05-01 23:10:00+00:00,R,N,1,121,144,New York Mets,Atlanta Braves
2018,2018-05-01,529850,2018-05-01 23:10:00+00:00,R,N,1,146,143,Miami Marlins,Philadelphia Phillies
2018,2018-05-01,529847,2018-05-01 23:10:00+00:00,R,N,1,113,158,Cincinnati Reds,Milwaukee Brewers
2018,2018-05-01,529844,2018-05-02 00:05:00+00:00,R,N,1,112,115,Chicago Cubs,Colorado Rockies
2018,2018-05-01,529855,2018-05-02 00:10:00+00:00,R,N,1,142,141,Minnesota Twins,Toronto Blue Jays
2018,2018-05-01,529848,2018-05-02 00:10:00+00:00,R,N,1,117,147,Houston Astros,New York Yankees
2018,2018-05-01,529843,2018-05-02 00:15:00+00:00,R,N,1,138,145,St. Louis Cardinals,Chicago White Sox
2018,2018-05-01,529846,2018-05-02 01:40:00+00:00,R,N,1,109,119,Arizona Diamondbacks,Los Angeles Dodgers
2018,2018-05-01,529842,2018-05-02 02:07:00+00:00,R,N,1,108,110,Los Angeles Angels,Baltimore Orioles
2018,2018-05-01,529849,2018-05-02 02:10:00+00:00,R,N,1,136,133,Seattle Mariners,Oakland Athletics
2018,2018-05-01,529852,2018-05-02 02:15:00+00:00,R,N,1,137,135,San Francisco Giants,San Diego Padres
2018,2018-05-02,529860,2018-05-02 17:05:00+00:00,R,N,1,111,118,Boston Red Sox,Kansas City Royals
2018,2018-05-02,529868,2018-05-02 17:10:00+00:00,R,N,1,116,139,Detroit Tigers,Tampa Bay Rays
2018,2018-05-02,529869,2018-05-02 17:10:00+00:00,R,N,1,114,140,Cleveland Indians,Texas Rangers
2018,2018-05-02,529870,2018-05-02 17:10:00+00:00,R,N,1,142,141,Minnesota Twins,Toronto Blue Jays
2018,2018-05-02,529858,2018-05-02 17:15:00+00:00,R,N,1,138,145,St. Louis Cardinals,Chicago White Sox
2018,2018-05-02,529859,2018-05-02 18:20:00+00:00,R,N,1,112,115,Chicago Cubs,Colorado Rockies
2018,2018-05-02,529867,2018-05-02 19:45:00+00:00,R,N,1,137,135,San Francisco Giants,San Diego Padres
2018,2018-05-02,529866,2018-05-02 23:05:00+00:00,R,N,1,120,134,Washington Nationals,Pittsburgh Pirates
2018,2018-05-02,529856,2018-05-02 23:10:00+00:00,R,N,1,121,144,New York Mets,Atlanta Braves
2018,2018-05-02,529865,2018-05-02 23:10:00+00:00,R,N,1,146,143,Miami Marlins,Philadelphia Phillies
2018,2018-05-02,529862,2018-05-02 23:10:00+00:00,R,N,1,113,158,Cincinnati Reds,Milwaukee Brewers
2018,2018-05-02,529863,2018-05-03 00:10:00+00:00,R,N,1,117,147,Houston Astros,New York Yankees
2018,2018-05-02,529861,2018-05-03 01:40:00+00:00,R,N,1,109,119,Arizona Diamondbacks,Los Angeles Dodgers
2018,2018-05-02,529857,2018-05-03 02:07:00+00:00,R,N,1,108,110,Los Angeles Angels,Baltimore Orioles
2018,2018-05-02,529864,2018-05-03 02:10:00+00:00,R,N,1,136,133,Seattle Mariners,Oakland Athletics
2018,2018-05-03,529879,2018-05-03 17:05:00+00:00,R,N,1,120,134,Washington Nationals,Pittsburgh Pirates
2018,2018-05-03,529626,2018-05-03 17:10:00+00:00,R,Y,1,114,141,Cleveland Indians,Toronto Blue Jays
2018,2018-05-03,529641,2018-05-03 17:15:00+00:00,R,Y,2,114,141,Cleveland Indians,Toronto Blue Jays
2018,2018-05-03,529871,2018-05-03 17:10:00+00:00,R,N,1,121,144,New York Mets,Atlanta Braves
2018,2018-05-03,529877,2018-05-03 18:10:00+00:00,R,N,1,117,147,Houston Astros,New York Yankees
2018,2018-05-03,529874,2018-05-03 18:15:00+00:00,R,N,1,118,116,Kansas City Royals,Detroit Tigers
2018,2018-05-03,529875,2018-05-03 19:40:00+00:00,R,N,1,109,119,Arizona Diamondbacks,Los Angeles Dodgers
2018,2018-05-03,529873,2018-05-04 00:05:00+00:00,R,N,1,140,111,Texas Rangers,Boston Red Sox
2018,2018-05-03,529876,2018-05-04 00:10:00+00:00,R,N,1,145,142,Chicago White Sox,Minnesota Twins
2018,2018-05-03,529872,2018-05-04 02:07:00+00:00,R,N,1,108,110,Los Angeles Angels,Baltimore Orioles
2018,2018-05-03,529878,2018-05-04 02:10:00+00:00,R,N,1,136,133,Seattle Mariners,Oakland Athletics
2018,2018-05-04,529891,2018-05-04 23:05:00+00:00,R,N,1,120,143,Washington Nationals,Philadelphia Phillies
2018,2018-05-04,529883,2018-05-04 23:05:00+00:00,R,N,1,147,114,New York Yankees,Cleveland Indians
2018,2018-05-04,529884,2018-05-04 23:10:00+00:00,R,N,1,121,115,New York Mets,Colorado Rockies
2018,2018-05-04,529894,2018-05-04 23:10:00+00:00,R,N,1,139,141,Tampa Bay Rays,Toronto Blue Jays
2018,2018-05-04,529889,2018-05-04 23:10:00+00:00,R,N,1,113,146,Cincinnati Reds,Miami Marlins
2018,2018-05-04,529893,2018-05-04 23:35:00+00:00,R,N,1,144,137,Atlanta Braves,San Francisco Giants
2018,2018-05-04,529881,2018-05-05 00:05:00+00:00,R,N,1,140,111,Texas Rangers,Boston Red Sox
2018,2018-05-04,529890,2018-05-05 00:10:00+00:00,R,N,1,145,142,Chicago White Sox,Minnesota Twins
2018,2018-05-04,529892,2018-05-05 00:10:00+00:00,R,N,1,158,134,Milwaukee Brewers,Pittsburgh Pirates
2018,2018-05-04,529885,2018-05-05 00:15:00+00:00,R,N,1,118,116,Kansas City Royals,Detroit Tigers
2018,2018-05-04,529882,2018-05-05 00:15:00+00:00,R,N,1,138,112,St. Louis Cardinals,Chicago Cubs
2018,2018-05-04,529888,2018-05-05 01:10:00+00:00,R,N,1,135,119,San Diego Padres,Los Angeles Dodgers
2018,2018-05-04,529886,2018-05-05 01:40:00+00:00,R,N,1,109,117,Arizona Diamondbacks,Houston Astros
2018,2018-05-04,529880,2018-05-05 02:05:00+00:00,R,N,1,133,110,Oakland Athletics,Baltimore Orioles
2018,2018-05-04,529887,2018-05-05 02:10:00+00:00,R,N,1,136,108,Seattle Mariners,Los Angeles Angels
2018,2018-05-05,529898,2018-05-05 17:05:00+00:00,R,N,1,147,114,New York Yankees,Cleveland Indians
2018,2018-05-05,529897,2018-05-05 18:15:00+00:00,R,N,1,138,112,St. Louis Cardinals,Chicago Cubs
2018,2018-05-05,529907,2018-05-05 20:05:00+00:00,R,N,1,120,143,Washington Nationals,Philadelphia Phillies
2018,2018-05-05,529900,2018-05-05 20:15:00+00:00,R,N,1,118,116,Kansas City Royals,Detroit Tigers
2018,2018-05-05,529910,2018-05-05 22:10:00+00:00,R,N,1,139,141,Tampa Bay Rays,Toronto Blue Jays
2018,2018-05-05,529899,2018-05-05 23:10:00+00:00,R,N,1,121,115,New York Mets,Colorado Rockies
2018,2018-05-05,529903,2018-05-05 23:10:00+00:00,R,N,1,135,119,San Diego Padres,Los Angeles Dodgers
2018,2018-05-05,529909,2018-05-05 23:10:00+00:00,R,N,1,144,137,Atlanta Braves,San Francisco Giants
2018,2018-05-05,529905,2018-05-05 23:10:00+00:00,R,N,1,145,142,Chicago White Sox,Minnesota Twins
2018,2018-05-05,529904,2018-05-05 23:10:00+00:00,R,N,1,113,146,Cincinnati Reds,Miami Marlins
2018,2018-05-05,529908,2018-05-05 23:10:00+00:00,R,N,1,158,134,Milwaukee Brewers,Pittsburgh Pirates
2018,2018-05-05,529896,2018-05-06 00:05:00+00:00,R,N,1,140,111,Texas Rangers,Boston Red Sox
2018,2018-05-05,529901,2018-05-06 00:10:00+00:00,R,N,1,109,117,Arizona Diamondbacks,Houston Astros
2018,2018-05-05,529895,2018-05-06 01:05:00+00:00,R,N,1,133,110,Oakland Athletics,Baltimore Orioles
2018,2018-05-05,529902,2018-05-06 01:10:00+00:00,R,N,1,136,108,Seattle Mariners,Los Angeles Angels
2018,2018-05-06,529914,2018-05-06 17:05:00+00:00,R,N,1,147,114,New York Yankees,Cleveland Indians
2018,2018-05-06,529915,2018-05-06 17:10:00+00:00,R,N,1,121,115,New York Mets,Colorado Rockies
2018,2018-05-06,529925,2018-05-06 17:10:00+00:00,R,N,1,139,141,Tampa Bay Rays,Toronto Blue Jays
2018,2018-05-06,529922,2018-05-06 17:35:00+00:00,R,N,1,120,143,Washington Nationals,Philadelphia Phillies
2018,2018-05-06,529924,2018-05-06 17:35:00+00:00,R,N,1,144,137,Atlanta Braves,San Francisco Giants
2018,2018-05-06,529921,2018-05-06 18:10:00+00:00,R,N,1,145,142,Chicago White Sox,Minnesota Twins
2018,2018-05-06,529923,2018-05-06 18:10:00+00:00,R,N,1,158,134,Milwaukee Brewers,Pittsburgh Pirates
2018,2018-05-06,529916,2018-05-06 18:15:00+00:00,R,N,1,118,116,Kansas City Royals,Detroit Tigers
2018,2018-05-06,529912,2018-05-06 19:05:00+00:00,R,N,1,140,111,Texas Rangers,Boston Red Sox
2018,2018-05-06,529911,2018-05-06 20:05:00+00:00,R,N,1,133,110,Oakland Athletics,Baltimore Orioles
2018,2018-05-06,529917,2018-05-06 20:10:00+00:00,R,N,1,109,117,Arizona Diamondbacks,Houston Astros
2018,2018-05-06,529919,2018-05-06 20:10:00+00:00,R,N,1,135,119,San Diego Padres,Los Angeles Dodgers
2018,2018-05-06,529918,2018-05-06 20:10:00+00:00,R,N,1,136,108,Seattle Mariners,Los Angeles Angels
2018,2018-05-06,529920,2018-05-06 20:10:00+00:00,R,N,1,113,146,Cincinnati Reds,Miami Marlins
2018,2018-05-06,529913,2018-05-07 00:05:00+00:00,R,N,1,138,112,St. Louis Cardinals,Chicago Cubs
2018,2018-05-07,529931,2018-05-07 23:05:00+00:00,R,N,1,143,137,Philadelphia Phillies,San Francisco Giants
2018,2018-05-07,529930,2018-05-07 23:10:00+00:00,R,N,1,113,121,Cincinnati Reds,New York Mets
2018,2018-05-07,529926,2018-05-08 00:05:00+00:00,R,N,1,140,116,Texas Rangers,Detroit Tigers
2018,2018-05-07,529928,2018-05-08 00:05:00+00:00,R,N,1,112,146,Chicago Cubs,Miami Marlins
2018,2018-05-07,529929,2018-05-08 00:10:00+00:00,R,N,1,138,142,St. Louis Cardinals,Minnesota Twins
2018,2018-05-07,529927,2018-05-08 02:05:00+00:00,R,N,1,133,117,Oakland Athletics,Houston Astros
2018,2018-05-07,529932,2018-05-08 02:10:00+00:00,R,N,1,135,120,San Diego Padres,Washington Nationals
2018,2018-05-08,529942,2018-05-08 17:15:00+00:00,R,N,1,138,142,St. Louis Cardinals,Minnesota Twins
2018,2018-05-08,529939,2018-05-08 23:05:00+00:00,R,N,1,110,118,Baltimore Orioles,Kansas City Royals
2018,2018-05-08,529945,2018-05-08 23:05:00+00:00,R,N,1,143,137,Philadelphia Phillies,San Francisco Giants
2018,2018-05-08,529935,2018-05-08 23:05:00+00:00,R,N,1,147,111,New York Yankees,Boston Red Sox
2018,2018-05-08,529946,2018-05-08 23:07:00+00:00,R,N,1,141,136,Toronto Blue Jays,Seattle Mariners
2018,2018-05-08,529943,2018-05-08 23:10:00+00:00,R,N,1,113,121,Cincinnati Reds,New York Mets
2018,2018-05-08,529934,2018-05-08 23:10:00+00:00,R,N,1,139,144,Tampa Bay Rays,Atlanta Braves
2018,2018-05-08,529936,2018-05-08 23:40:00+00:00,R,N,1,158,114,Milwaukee Brewers,Cleveland Indians
2018,2018-05-08,529937,2018-05-09 00:05:00+00:00,R,N,1,140,116,Texas Rangers,Detroit Tigers
2018,2018-05-08,529941,2018-05-09 00:05:00+00:00,R,N,1,112,146,Chicago Cubs,Miami Marlins
2018,2018-05-08,529944,2018-05-09 00:10:00+00:00,R,N,1,145,134,Chicago White Sox,Pittsburgh Pirates
2018,2018-05-08,529940,2018-05-09 00:40:00+00:00,R,N,1,115,108,Colorado Rockies,Los Angeles Angels
2018,2018-05-08,529938,2018-05-09 02:05:00+00:00,R,N,1,133,117,Oakland Athletics,Houston Astros
2018,2018-05-08,529933,2018-05-09 02:10:00+00:00,R,N,1,119,109,Los Angeles Dodgers,Arizona Diamondbacks
2018,2018-05-08,529947,2018-05-09 02:10:00+00:00,R,N,1,135,120,San Diego Padres,Washington Nationals
2018,2018-05-09,529957,2018-05-09 16:35:00+00:00,R,N,1,113,121,Cincinnati Reds,New York Mets
2018,2018-05-09,529951,2018-05-09 17:10:00+00:00,R,N,1,158,114,Milwaukee Brewers,Cleveland Indians
2018,2018-05-09,529952,2018-05-09 18:05:00+00:00,R,N,1,140,116,Texas Rangers,Detroit Tigers
2018,2018-05-09,529958,2018-05-09 18:10:00+00:00,R,N,1,145,134,Chicago White Sox,Pittsburgh Pirates
2018,2018-05-09,529956,2018-05-09 18:20:00+00:00,R,N,1,112,146,Chicago Cubs,Miami Marlins
2018,2018-05-09,529955,2018-05-09 19:10:00+00:00,R,N,1,115,108,Colorado Rockies,Los Angeles Angels
2018,2018-05-09,529953,2018-05-09 19:35:00+00:00,R,N,1,133,117,Oakland Athletics,Houston Astros
2018,2018-05-09,529954,2018-05-09 23:05:00+00:00,R,N,1,110,118,Baltimore Orioles,Kansas City Royals
2018,2018-05-09,529959,2018-05-09 23:05:00+00:00,R,N,1,143,137,Philadelphia Phillies,San Francisco Giants
2018,2018-05-09,529950,2018-05-09 23:05:00+00:00,R,N,1,147,111,New York Yankees,Boston Red Sox
2018,2018-05-09,529960,2018-05-09 23:07:00+00:00,R,N,1,141,136,Toronto Blue Jays,Seattle Mariners
2018,2018-05-09,529949,2018-05-09 23:10:00+00:00,R,N,1,139,144,Tampa Bay Rays,Atlanta Braves
2018,2018-05-09,529961,2018-05-10 01:10:00+00:00,R,N,1,135,120,San Diego Padres,Washington Nationals
2018,2018-05-09,529948,2018-05-10 02:10:00+00:00,R,N,1,119,109,Los Angeles Dodgers,Arizona Diamondbacks
2018,2018-05-10,529968,2018-05-10 17:05:00+00:00,R,N,1,143,137,Philadelphia Phillies,San Francisco Giants
2018,2018-05-10,529965,2018-05-10 23:05:00+00:00,R,N,1,110,118,Baltimore Orioles,Kansas City Royals
2018,2018-05-10,529963,2018-05-10 23:05:00+00:00,R,N,1,147,111,New York Yankees,Boston Red Sox
2018,2018-05-10,529969,2018-05-10 23:07:00+00:00,R,N,1,141,136,Toronto Blue Jays,Seattle Mariners
2018,2018-05-10,529962,2018-05-10 23:10:00+00:00,R,N,1,146,144,Miami Marlins,Atlanta Braves
2018,2018-05-10,529966,2018-05-11 00:40:00+00:00,R,N,1,115,158,Colorado Rockies,Milwaukee Brewers
2018,2018-05-10,529971,2018-05-11 01:40:00+00:00,R,N,1,109,120,Arizona Diamondbacks,Washington Nationals
2018,2018-05-10,529967,2018-05-11 02:07:00+00:00,R,N,1,108,142,Los Angeles Angels,Minnesota Twins
2018,2018-05-10,529964,2018-05-11 02:10:00+00:00,R,N,1,119,113,Los Angeles Dodgers,Cincinnati Reds
2018,2018-05-10,529970,2018-05-11 02:10:00+00:00,R,N,1,135,138,San Diego Padres,St. Louis Cardinals
2018,2018-05-11,529974,2018-05-11 18:20:00+00:00,R,N,1,112,145,Chicago Cubs,Chicago White Sox
2018,2018-05-11,529981,2018-05-11 23:05:00+00:00,R,N,1,134,137,Pittsburgh Pirates,San Francisco Giants
2018,2018-05-11,529984,2018-05-11 23:05:00+00:00,R,N,1,110,139,Baltimore Orioles,Tampa Bay Rays
2018,2018-05-11,529979,2018-05-11 23:05:00+00:00,R,N,1,143,121,Philadelphia Phillies,New York Mets
2018,2018-05-11,529980,2018-05-11 23:05:00+00:00,R,N,1,147,133,New York Yankees,Oakland Athletics
2018,2018-05-11,529973,2018-05-11 23:07:00+00:00,R,N,1,141,111,Toronto Blue Jays,Boston Red Sox
2018,2018-05-11,529976,2018-05-11 23:10:00+00:00,R,N,1,114,118,Cleveland Indians,Kansas City Royals
2018,2018-05-11,529972,2018-05-11 23:10:00+00:00,R,N,1,146,144,Miami Marlins,Atlanta Braves
2018,2018-05-11,529985,2018-05-12 00:10:00+00:00,R,N,1,117,140,Houston Astros,Texas Rangers
2018,2018-05-11,529977,2018-05-12 00:40:00+00:00,R,N,1,115,158,Colorado Rockies,Milwaukee Brewers
2018,2018-05-11,529986,2018-05-12 01:40:00+00:00,R,N,1,109,120,Arizona Diamondbacks,Washington Nationals
2018,2018-05-11,529978,2018-05-12 02:07:00+00:00,R,N,1,108,142,Los Angeles Angels,Minnesota Twins
2018,2018-05-11,529975,2018-05-12 02:10:00+00:00,R,N,1,119,113,Los Angeles Dodgers,Cincinnati Reds
2018,2018-05-11,529983,2018-05-12 02:10:00+00:00,R,N,1,135,138,San Diego Padres,St. Louis Cardinals
2018,2018-05-12,529982,2018-05-11 23:10:00+00:00,R,N,1,116,136,Detroit Tigers,Seattle Mariners
2018,2018-05-12,529995,2018-05-12 17:05:00+00:00,R,N,1,147,133,New York Yankees,Oakland Athletics
2018,2018-05-12,529989,2018-05-12 18:20:00+00:00,R,N,1,112,145,Chicago Cubs,Chicago White Sox
2018,2018-05-12,529999,2018-05-12 19:05:00+00:00,R,Y,1,110,139,Baltimore Orioles,Tampa Bay Rays
2018,2018-05-12,529758,2018-05-12 19:10:00+00:00,R,Y,2,110,139,Baltimore Orioles,Tampa Bay Rays
2018,2018-05-12,530001,2018-05-12 20:05:00+00:00,R,N,1,109,120,Arizona Diamondbacks,Washington Nationals
2018,2018-05-12,529988,2018-05-12 20:07:00+00:00,R,N,1,141,111,Toronto Blue Jays,Boston Red Sox
2018,2018-05-12,529991,2018-05-12 20:10:00+00:00,R,N,1,114,118,Cleveland Indians,Kansas City Royals
2018,2018-05-12,529997,2018-05-12 20:10:00+00:00,R,Y,1,116,136,Detroit Tigers,Seattle Mariners
2018,2018-05-12,529982,2018-05-12 20:15:00+00:00,R,Y,2,116,136,Detroit Tigers,Seattle Mariners
2018,2018-05-12,529996,2018-05-12 23:05:00+00:00,R,N,1,134,137,Pittsburgh Pirates,San Francisco Giants
2018,2018-05-12,530000,2018-05-12 23:10:00+00:00,R,N,1,117,140,Houston Astros,Texas Rangers
2018,2018-05-12,529987,2018-05-12 23:10:00+00:00,R,N,1,146,144,Miami Marlins,Atlanta Braves
2018,2018-05-12,529992,2018-05-13 00:10:00+00:00,R,N,1,115,158,Colorado Rockies,Milwaukee Brewers
2018,2018-05-12,529998,2018-05-13 00:40:00+00:00,R,N,1,135,138,San Diego Padres,St. Louis Cardinals
2018,2018-05-12,529993,2018-05-13 01:07:00+00:00,R,N,1,108,142,Los Angeles Angels,Minnesota Twins
2018,2018-05-12,529990,2018-05-13 01:10:00+00:00,R,N,1,119,113,Los Angeles Dodgers,Cincinnati Reds
2018,2018-08-16,529994,2018-05-12 23:05:00+00:00,R,N,1,143,121,Philadelphia Phillies,New York Mets
2018,2018-05-13,530014,2018-05-13 17:05:00+00:00,R,N,1,110,139,Baltimore Orioles,Tampa Bay Rays
2018,2018-05-13,530010,2018-05-13 17:05:00+00:00,R,N,1,147,133,New York Yankees,Oakland Athletics
2018,2018-05-13,530003,2018-05-13 17:07:00+00:00,R,N,1,141,111,Toronto Blue Jays,Boston Red Sox
2018,2018-05-13,530006,2018-05-13 17:10:00+00:00,R,N,1,114,118,Cleveland Indians,Kansas City Royals
2018,2018-05-13,530012,2018-05-13 17:10:00+00:00,R,N,1,116,136,Detroit Tigers,Seattle Mariners
2018,2018-05-13,530002,2018-05-13 17:10:00+00:00,R,N,1,146,144,Miami Marlins,Atlanta Braves
2018,2018-05-13,530011,2018-05-13 17:35:00+00:00,R,N,1,134,137,Pittsburgh Pirates,San Francisco Giants
2018,2018-05-13,530009,2018-05-13 17:35:00+00:00,R,N,1,143,121,Philadelphia Phillies,New York Mets
2018,2018-05-13,530015,2018-05-13 18:10:00+00:00,R,N,1,117,140,Houston Astros,Texas Rangers
2018,2018-05-13,530004,2018-05-13 18:20:00+00:00,R,N,1,112,145,Chicago Cubs,Chicago White Sox
2018,2018-05-13,530007,2018-05-13 19:10:00+00:00,R,N,1,115,158,Colorado Rockies,Milwaukee Brewers
2018,2018-05-13,530008,2018-05-13 20:07:00+00:00,R,N,1,108,142,Los Angeles Angels,Minnesota Twins
2018,2018-05-13,530005,2018-05-13 20:10:00+00:00,R,N,1,119,113,Los Angeles Dodgers,Cincinnati Reds
2018,2018-05-13,530013,2018-05-13 20:10:00+00:00,R,N,1,135,138,San Diego Padres,St. Louis Cardinals
2018,2018-05-13,530016,2018-05-14 00:08:00+00:00,R,N,1,109,120,Arizona Diamondbacks,Washington Nationals
2018,2018-05-14,529628,2018-05-14 18:20:00+00:00,R,N,1,112,144,Chicago Cubs,Atlanta Braves
2018,2018-05-14,530023,2018-05-14 23:05:00+00:00,R,N,1,118,139,Kansas City Royals,Tampa Bay Rays
2018,2018-05-14,530018,2018-05-14 23:10:00+00:00,R,N,1,116,114,Detroit Tigers,Cleveland Indians
2018,2018-05-14,530022,2018-05-14 23:10:00+00:00,R,N,1,111,133,Boston Red Sox,Oakland Athletics
2018,2018-05-14,529544,2018-05-14 23:10:00+00:00,R,N,1,142,136,Minnesota Twins,Seattle Mariners
2018,2018-05-14,530021,2018-05-15 01:40:00+00:00,R,N,1,109,158,Arizona Diamondbacks,Milwaukee Brewers
2018,2018-05-14,530020,2018-05-15 02:07:00+00:00,R,N,1,108,117,Los Angeles Angels,Houston Astros
2018,2018-05-14,530019,2018-05-15 02:10:00+00:00,R,N,1,135,115,San Diego Padres,Colorado Rockies
2018,2018-05-14,530017,2018-05-15 02:15:00+00:00,R,N,1,137,113,San Francisco Giants,Cincinnati Reds
2018,2018-05-15,530028,2018-05-15 19:40:00+00:00,R,N,1,135,115,San Diego Padres,Colorado Rockies
2018,2018-05-15,530025,2018-05-15 23:05:00+00:00,R,N,1,134,145,Pittsburgh Pirates,Chicago White Sox
2018,2018-05-15,530032,2018-05-15 23:05:00+00:00,R,N,1,120,147,Washington Nationals,New York Yankees
2018,2018-05-15,530027,2018-05-15 23:10:00+00:00,R,N,1,116,114,Detroit Tigers,Cleveland Indians
2018,2018-05-15,530033,2018-05-15 23:10:00+00:00,R,N,1,111,133,Boston Red Sox,Oakland Athletics
2018,2018-05-15,530038,2018-05-15 23:10:00+00:00,R,N,1,121,141,New York Mets,Toronto Blue Jays
2018,2018-05-15,530030,2018-05-15 23:10:00+00:00,R,N,1,146,119,Miami Marlins,Los Angeles Dodgers
2018,2018-05-15,530024,2018-05-15 23:35:00+00:00,R,N,1,144,112,Atlanta Braves,Chicago Cubs
2018,2018-05-15,530035,2018-05-16 00:10:00+00:00,R,N,1,142,138,Minnesota Twins,St. Louis Cardinals
2018,2018-05-15,530036,2018-05-16 00:15:00+00:00,R,N,1,118,139,Kansas City Royals,Tampa Bay Rays
2018,2018-05-15,530031,2018-05-16 01:40:00+00:00,R,N,1,109,158,Arizona Diamondbacks,Milwaukee Brewers
2018,2018-05-15,530029,2018-05-16 02:07:00+00:00,R,N,1,108,117,Los Angeles Angels,Houston Astros
2018,2018-05-15,530037,2018-05-16 02:10:00+00:00,R,N,1,136,140,Seattle Mariners,Texas Rangers
2018,2018-05-15,530026,2018-05-16 02:15:00+00:00,R,N,1,137,113,San Francisco Giants,Cincinnati Reds
2018,2018-07-12,530034,2018-05-15 23:05:00+00:00,R,N,1,110,143,Baltimore Orioles,Philadelphia Phillies
2018,2018-05-16,530048,2018-05-16 16:05:00+00:00,R,N,1,110,143,Baltimore Orioles,Philadelphia Phillies
2018,2018-05-16,530040,2018-05-16 16:35:00+00:00,R,N,1,134,145,Pittsburgh Pirates,Chicago White Sox
2018,2018-05-16,530042,2018-05-16 17:10:00+00:00,R,N,1,116,114,Detroit Tigers,Cleveland Indians
2018,2018-05-16,530052,2018-05-16 17:10:00+00:00,R,N,1,121,141,New York Mets,Toronto Blue Jays
2018,2018-05-16,530049,2018-05-16 17:10:00+00:00,R,N,1,142,138,Minnesota Twins,St. Louis Cardinals
2018,2018-05-16,530050,2018-05-16 18:15:00+00:00,R,N,1,118,139,Kansas City Royals,Tampa Bay Rays
2018,2018-05-16,530051,2018-05-16 19:40:00+00:00,R,N,1,136,140,Seattle Mariners,Texas Rangers
2018,2018-05-16,530045,2018-05-16 19:40:00+00:00,R,N,1,109,158,Arizona Diamondbacks,Milwaukee Brewers
2018,2018-05-16,530041,2018-05-16 19:45:00+00:00,R,N,1,137,113,San Francisco Giants,Cincinnati Reds
2018,2018-05-16,530047,2018-05-16 23:10:00+00:00,R,N,1,111,133,Boston Red Sox,Oakland Athletics
2018,2018-05-16,530044,2018-05-16 23:10:00+00:00,R,N,1,146,119,Miami Marlins,Los Angeles Dodgers
2018,2018-05-16,530039,2018-05-16 23:35:00+00:00,R,N,1,144,112,Atlanta Braves,Chicago Cubs
2018,2018-05-16,530043,2018-05-17 01:40:00+00:00,R,N,1,108,117,Los Angeles Angels,Houston Astros
2018,2018-06-18,530046,2018-05-16 23:05:00+00:00,R,N,1,120,147,Washington Nationals,New York Yankees
2018,2018-05-17,530056,2018-05-17 16:10:00+00:00,R,N,1,146,119,Miami Marlins,Los Angeles Dodgers
2018,2018-05-17,530059,2018-05-17 23:05:00+00:00,R,N,1,134,135,Pittsburgh Pirates,San Diego Padres
2018,2018-05-17,530057,2018-05-17 23:07:00+00:00,R,N,1,141,133,Toronto Blue Jays,Oakland Athletics
2018,2018-05-17,529642,2018-05-17 23:10:00+00:00,R,N,1,111,110,Boston Red Sox,Baltimore Orioles
2018,2018-05-17,530058,2018-05-17 23:15:00+00:00,R,N,1,138,143,St. Louis Cardinals,Philadelphia Phillies
2018,2018-05-17,530061,2018-05-18 00:10:00+00:00,R,N,1,145,140,Chicago White Sox,Texas Rangers
2018,2018-05-17,530060,2018-05-18 02:07:00+00:00,R,N,1,108,139,Los Angeles Angels,Tampa Bay Rays
2018,2018-05-17,530055,2018-05-18 02:10:00+00:00,R,N,1,136,116,Seattle Mariners,Detroit Tigers
2018,2018-05-17,530054,2018-05-18 02:15:00+00:00,R,N,1,137,115,San Francisco Giants,Colorado Rockies
2018,2018-08-30,530053,2018-05-17 23:35:00+00:00,R,N,1,144,112,Atlanta Braves,Chicago Cubs
2018,2018-05-18,530074,2018-05-18 23:05:00+00:00,R,N,1,134,135,Pittsburgh Pirates,San Diego Padres
2018,2018-05-18,530072,2018-05-18 23:07:00+00:00,R,N,1,141,133,Toronto Blue Jays,Oakland Athletics
2018,2018-05-18,530063,2018-05-18 23:10:00+00:00,R,N,1,111,110,Boston Red Sox,Baltimore Orioles
2018,2018-05-18,530064,2018-05-18 23:10:00+00:00,R,N,1,113,112,Cincinnati Reds,Chicago Cubs
2018,2018-05-18,530062,2018-05-18 23:10:00+00:00,R,N,1,121,109,New York Mets,Arizona Diamondbacks
2018,2018-05-18,530069,2018-05-18 23:35:00+00:00,R,N,1,144,146,Atlanta Braves,Miami Marlins
2018,2018-05-18,530065,2018-05-19 00:10:00+00:00,R,N,1,117,114,Houston Astros,Cleveland Indians
2018,2018-05-18,530076,2018-05-19 00:10:00+00:00,R,N,1,145,140,Chicago White Sox,Texas Rangers
2018,2018-05-18,530070,2018-05-19 00:10:00+00:00,R,N,1,142,158,Minnesota Twins,Milwaukee Brewers
2018,2018-05-18,530073,2018-05-19 00:15:00+00:00,R,N,1,138,143,St. Louis Cardinals,Philadelphia Phillies
2018,2018-05-18,530071,2018-05-19 00:15:00+00:00,R,N,1,118,147,Kansas City Royals,New York Yankees
2018,2018-05-18,530075,2018-05-19 02:07:00+00:00,R,N,1,108,139,Los Angeles Angels,Tampa Bay Rays
2018,2018-05-18,530067,2018-05-19 02:10:00+00:00,R,N,1,136,116,Seattle Mariners,Detroit Tigers
2018,2018-05-18,530066,2018-05-19 02:15:00+00:00,R,N,1,137,115,San Francisco Giants,Colorado Rockies
2018,2018-05-19,530068,2018-05-18 23:05:00+00:00,R,N,1,120,119,Washington Nationals,Los Angeles Dodgers
2018,2018-05-19,530087,2018-05-19 17:07:00+00:00,R,N,1,141,133,Toronto Blue Jays,Oakland Athletics
2018,2018-05-19,529473,2018-05-19 17:10:00+00:00,R,S,1,113,112,Cincinnati Reds,Chicago Cubs
2018,2018-05-19,530079,2018-05-19 23:10:00+00:00,R,S,2,113,112,Cincinnati Reds,Chicago Cubs
2018,2018-05-19,530068,2018-05-19 18:05:00+00:00,R,S,1,120,119,Washington Nationals,Los Angeles Dodgers
2018,2018-05-19,530083,2018-05-20 00:05:00+00:00,R,S,2,120,119,Washington Nationals,Los Angeles Dodgers
2018,2018-05-19,530088,2018-05-19 18:15:00+00:00,R,N,1,138,143,St. Louis Cardinals,Philadelphia Phillies
2018,2018-05-19,530081,2018-05-19 20:05:00+00:00,R,N,1,137,115,San Francisco Giants,Colorado Rockies
2018,2018-05-19,530080,2018-05-19 20:10:00+00:00,R,N,1,117,114,Houston Astros,Cleveland Indians
2018,2018-05-19,530089,2018-05-19 23:05:00+00:00,R,N,1,134,135,Pittsburgh Pirates,San Diego Padres
2018,2018-05-19,530078,2018-05-19 23:10:00+00:00,R,N,1,111,110,Boston Red Sox,Baltimore Orioles
2018,2018-05-19,530077,2018-05-19 23:10:00+00:00,R,N,1,121,109,New York Mets,Arizona Diamondbacks
2018,2018-05-19,530091,2018-05-19 23:10:00+00:00,R,N,1,145,140,Chicago White Sox,Texas Rangers
2018,2018-05-19,530084,2018-05-19 23:10:00+00:00,R,N,1,144,146,Atlanta Braves,Miami Marlins
2018,2018-05-19,530085,2018-05-19 23:10:00+00:00,R,N,1,142,158,Minnesota Twins,Milwaukee Brewers
2018,2018-05-19,530086,2018-05-19 23:15:00+00:00,R,N,1,118,147,Kansas City Royals,New York Yankees
2018,2018-05-19,530090,2018-05-20 01:07:00+00:00,R,N,1,108,139,Los Angeles Angels,Tampa Bay Rays
2018,2018-05-19,530082,2018-05-20 01:10:00+00:00,R,N,1,136,116,Seattle Mariners,Detroit Tigers
2018,2018-05-20,530093,2018-05-20 17:05:00+00:00,R,N,1,111,110,Boston Red Sox,Baltimore Orioles
2018,2018-05-20,530102,2018-05-20 17:07:00+00:00,R,N,1,141,133,Toronto Blue Jays,Oakland Athletics
2018,2018-05-20,530094,2018-05-20 17:10:00+00:00,R,N,1,113,112,Cincinnati Reds,Chicago Cubs
2018,2018-05-20,530092,2018-05-20 17:10:00+00:00,R,N,1,121,109,New York Mets,Arizona Diamondbacks
2018,2018-05-20,530098,2018-05-20 17:35:00+00:00,R,N,1,120,119,Washington Nationals,Los Angeles Dodgers
2018,2018-05-20,530104,2018-05-20 17:35:00+00:00,R,N,1,134,135,Pittsburgh Pirates,San Diego Padres
2018,2018-05-20,530099,2018-05-20 17:35:00+00:00,R,N,1,144,146,Atlanta Braves,Miami Marlins
2018,2018-05-20,530106,2018-05-20 18:10:00+00:00,R,N,1,145,140,Chicago White Sox,Texas Rangers
2018,2018-05-20,530100,2018-05-20 18:10:00+00:00,R,N,1,142,158,Minnesota Twins,Milwaukee Brewers
2018,2018-05-20,530103,2018-05-20 18:15:00+00:00,R,N,1,138,143,St. Louis Cardinals,Philadelphia Phillies
2018,2018-05-20,530101,2018-05-20 18:15:00+00:00,R,N,1,118,147,Kansas City Royals,New York Yankees
2018,2018-05-20,530096,2018-05-20 20:05:00+00:00,R,N,1,137,115,San Francisco Giants,Colorado Rockies
2018,2018-05-20,530105,2018-05-20 20:07:00+00:00,R,N,1,108,139,Los Angeles Angels,Tampa Bay Rays
2018,2018-05-20,530097,2018-05-20 20:10:00+00:00,R,N,1,136,116,Seattle Mariners,Detroit Tigers
2018,2018-05-20,530095,2018-05-21 00:08:00+00:00,R,N,1,117,114,Houston Astros,Cleveland Indians
2018,2018-05-21,530115,2018-05-21 23:05:00+00:00,R,N,1,120,135,Washington Nationals,San Diego Padres
2018,2018-05-21,530108,2018-05-21 23:05:00+00:00,R,N,1,143,144,Philadelphia Phillies,Atlanta Braves
2018,2018-05-21,530113,2018-05-21 23:10:00+00:00,R,N,1,121,146,New York Mets,Miami Marlins
2018,2018-05-21,530107,2018-05-21 23:40:00+00:00,R,N,1,158,109,Milwaukee Brewers,Arizona Diamondbacks
2018,2018-05-21,530114,2018-05-22 00:05:00+00:00,R,N,1,140,147,Texas Rangers,New York Yankees
2018,2018-05-21,530111,2018-05-22 00:10:00+00:00,R,N,1,142,116,Minnesota Twins,Detroit Tigers
2018,2018-05-21,530109,2018-05-22 00:10:00+00:00,R,N,1,145,110,Chicago White Sox,Baltimore Orioles
2018,2018-05-21,530112,2018-05-22 00:15:00+00:00,R,N,1,138,118,St. Louis Cardinals,Kansas City Royals
2018,2018-05-21,530110,2018-05-22 02:10:00+00:00,R,N,1,119,115,Los Angeles Dodgers,Colorado Rockies
2018,2018-05-22,530120,2018-05-22 23:05:00+00:00,R,N,1,112,114,Chicago Cubs,Cleveland Indians
2018,2018-05-22,530128,2018-05-22 23:05:00+00:00,R,N,1,120,135,Washington Nationals,San Diego Padres
2018,2018-05-22,530117,2018-05-22 23:05:00+00:00,R,N,1,143,144,Philadelphia Phillies,Atlanta Braves
2018,2018-05-22,530124,2018-05-22 23:07:00+00:00,R,N,1,141,108,Toronto Blue Jays,Los Angeles Angels
2018,2018-05-22,530127,2018-05-22 23:10:00+00:00,R,N,1,113,134,Cincinnati Reds,Pittsburgh Pirates
2018,2018-05-22,530119,2018-05-22 23:10:00+00:00,R,N,1,139,111,Tampa Bay Rays,Boston Red Sox
2018,2018-05-22,530125,2018-05-22 23:10:00+00:00,R,N,1,121,146,New York Mets,Miami Marlins
2018,2018-05-22,530116,2018-05-22 23:40:00+00:00,R,N,1,158,109,Milwaukee Brewers,Arizona Diamondbacks
2018,2018-05-22,530126,2018-05-23 00:05:00+00:00,R,N,1,140,147,Texas Rangers,New York Yankees
2018,2018-05-22,530129,2018-05-23 00:10:00+00:00,R,N,1,117,137,Houston Astros,San Francisco Giants
2018,2018-05-22,530122,2018-05-23 00:10:00+00:00,R,N,1,142,116,Minnesota Twins,Detroit Tigers
2018,2018-05-22,530118,2018-05-23 00:10:00+00:00,R,N,1,145,110,Chicago White Sox,Baltimore Orioles
2018,2018-05-22,530123,2018-05-23 00:15:00+00:00,R,N,1,138,118,St. Louis Cardinals,Kansas City Royals
2018,2018-05-22,530130,2018-05-23 02:05:00+00:00,R,N,1,133,136,Oakland Athletics,Seattle Mariners
2018,2018-05-22,530121,2018-05-23 02:10:00+00:00,R,N,1,119,115,Los Angeles Dodgers,Colorado Rockies
2018,2018-05-23,530137,2018-05-23 17:10:00+00:00,R,N,1,142,116,Minnesota Twins,Detroit Tigers
2018,2018-05-23,530131,2018-05-23 17:10:00+00:00,R,N,1,158,109,Milwaukee Brewers,Arizona Diamondbacks
2018,2018-05-23,530138,2018-05-23 17:15:00+00:00,R,N,1,138,118,St. Louis Cardinals,Kansas City Royals
2018,2018-05-23,530144,2018-05-23 18:10:00+00:00,R,N,1,117,137,Houston Astros,San Francisco Giants
2018,2018-05-23,530143,2018-05-23 20:05:00+00:00,R,N,1,120,135,Washington Nationals,San Diego Padres
2018,2018-05-23,530132,2018-05-23 23:05:00+00:00,R,N,1,143,144,Philadelphia Phillies,Atlanta Braves
2018,2018-05-23,530141,2018-05-23 23:05:00+00:00,R,N,1,140,147,Texas Rangers,New York Yankees
2018,2018-05-23,530139,2018-05-23 23:07:00+00:00,R,N,1,141,108,Toronto Blue Jays,Los Angeles Angels
2018,2018-05-23,530142,2018-05-23 23:10:00+00:00,R,N,1,113,134,Cincinnati Reds,Pittsburgh Pirates
2018,2018-05-23,530134,2018-05-23 23:10:00+00:00,R,N,1,139,111,Tampa Bay Rays,Boston Red Sox
2018,2018-05-23,530140,2018-05-23 23:10:00+00:00,R,N,1,121,146,New York Mets,Miami Marlins
2018,2018-05-23,530135,2018-05-24 00:05:00+00:00,R,N,1,112,114,Chicago Cubs,Cleveland Indians
2018,2018-05-23,530133,2018-05-24 00:10:00+00:00,R,N,1,145,110,Chicago White Sox,Baltimore Orioles
2018,2018-05-23,530145,2018-05-24 02:05:00+00:00,R,N,1,133,136,Oakland Athletics,Seattle Mariners
2018,2018-05-23,530136,2018-05-24 02:10:00+00:00,R,N,1,119,115,Los Angeles Dodgers,Colorado Rockies
2018,2018-05-24,530152,2018-05-24 16:35:00+00:00,R,N,1,113,134,Cincinnati Reds,Pittsburgh Pirates
2018,2018-05-24,530150,2018-05-24 16:37:00+00:00,R,N,1,141,108,Toronto Blue Jays,Los Angeles Angels
2018,2018-05-24,530146,2018-05-24 18:10:00+00:00,R,N,1,145,110,Chicago White Sox,Baltimore Orioles
2018,2018-05-24,530153,2018-05-24 19:35:00+00:00,R,N,1,133,136,Oakland Athletics,Seattle Mariners
2018,2018-05-24,530148,2018-05-24 22:10:00+00:00,R,N,1,114,117,Cleveland Indians,Houston Astros
2018,2018-05-24,530147,2018-05-24 23:10:00+00:00,R,N,1,139,111,Tampa Bay Rays,Boston Red Sox
2018,2018-05-24,530149,2018-05-25 00:05:00+00:00,R,N,1,140,118,Texas Rangers,Kansas City Royals
2018,2018-05-24,530151,2018-05-25 00:10:00+00:00,R,N,1,158,121,Milwaukee Brewers,New York Mets
2018,2018-05-25,530165,2018-05-25 18:20:00+00:00,R,N,1,112,137,Chicago Cubs,San Francisco Giants
2018,2018-05-25,530166,2018-05-25 23:05:00+00:00,R,N,1,134,138,Pittsburgh Pirates,St. Louis Cardinals
2018,2018-05-25,530167,2018-05-25 23:05:00+00:00,R,N,1,143,141,Philadelphia Phillies,Toronto Blue Jays
2018,2018-05-25,530161,2018-05-25 23:05:00+00:00,R,N,1,147,108,New York Yankees,Los Angeles Angels
2018,2018-05-25,530159,2018-05-25 23:10:00+00:00,R,N,1,114,117,Cleveland Indians,Houston Astros
2018,2018-05-25,530156,2018-05-25 23:10:00+00:00,R,N,1,139,110,Tampa Bay Rays,Baltimore Orioles
2018,2018-05-25,530155,2018-05-25 23:10:00+00:00,R,N,1,111,144,Boston Red Sox,Atlanta Braves
2018,2018-05-25,530157,2018-05-25 23:10:00+00:00,R,N,1,116,145,Detroit Tigers,Chicago White Sox
2018,2018-05-25,530168,2018-05-25 23:10:00+00:00,R,N,1,146,120,Miami Marlins,Washington Nationals
2018,2018-05-25,530160,2018-05-26 00:05:00+00:00,R,N,1,140,118,Texas Rangers,Kansas City Royals
2018,2018-05-25,530163,2018-05-26 00:10:00+00:00,R,N,1,158,121,Milwaukee Brewers,New York Mets
2018,2018-05-25,530158,2018-05-26 00:40:00+00:00,R,N,1,115,113,Colorado Rockies,Cincinnati Reds
2018,2018-05-25,530154,2018-05-26 01:35:00+00:00,R,N,1,133,109,Oakland Athletics,Arizona Diamondbacks
2018,2018-05-25,530164,2018-05-26 02:10:00+00:00,R,N,1,119,135,Los Angeles Dodgers,San Diego Padres
2018,2018-05-25,530162,2018-05-26 02:10:00+00:00,R,N,1,136,142,Seattle Mariners,Minnesota Twins
2018,2018-05-26,530170,2018-05-26 17:05:00+00:00,R,N,1,111,144,Boston Red Sox,Atlanta Braves
2018,2018-05-26,530169,2018-05-26 20:05:00+00:00,R,N,1,133,109,Oakland Athletics,Arizona Diamondbacks
2018,2018-05-26,530181,2018-05-26 20:05:00+00:00,R,N,1,134,138,Pittsburgh Pirates,St. Louis Cardinals
2018,2018-05-26,530175,2018-05-26 20:05:00+00:00,R,N,1,140,118,Texas Rangers,Kansas City Royals
2018,2018-05-26,530182,2018-05-26 20:05:00+00:00,R,N,1,143,141,Philadelphia Phillies,Toronto Blue Jays
2018,2018-05-26,530171,2018-05-26 20:10:00+00:00,R,N,1,139,110,Tampa Bay Rays,Baltimore Orioles
2018,2018-05-26,530172,2018-05-26 20:10:00+00:00,R,N,1,116,145,Detroit Tigers,Chicago White Sox
2018,2018-05-26,530183,2018-05-26 20:10:00+00:00,R,N,1,146,120,Miami Marlins,Washington Nationals
2018,2018-05-26,530178,2018-05-26 20:10:00+00:00,R,N,1,158,121,Milwaukee Brewers,New York Mets
2018,2018-05-26,530174,2018-05-26 23:15:00+00:00,R,N,1,114,117,Cleveland Indians,Houston Astros
2018,2018-05-26,530180,2018-05-26 23:15:00+00:00,R,N,1,112,137,Chicago Cubs,San Francisco Giants
2018,2018-05-26,530176,2018-05-26 23:15:00+00:00,R,N,1,147,108,New York Yankees,Los Angeles Angels
2018,2018-05-26,530173,2018-05-27 01:10:00+00:00,R,N,1,115,113,Colorado Rockies,Cincinnati Reds
2018,2018-05-26,530179,2018-05-27 02:10:00+00:00,R,N,1,119,135,Los Angeles Dodgers,San Diego Padres
2018,2018-05-26,530177,2018-05-27 02:10:00+00:00,R,N,1,136,142,Seattle Mariners,Minnesota Twins
2018,2018-05-27,530185,2018-05-27 17:05:00+00:00,R,N,1,111,144,Boston Red Sox,Atlanta Braves
2018,2018-05-27,530191,2018-05-27 17:05:00+00:00,R,N,1,147,108,New York Yankees,Los Angeles Angels
2018,2018-05-27,530189,2018-05-27 17:10:00+00:00,R,N,1,114,117,Cleveland Indians,Houston Astros
2018,2018-05-27,530186,2018-05-27 17:10:00+00:00,R,N,1,139,110,Tampa Bay Rays,Baltimore Orioles
2018,2018-05-27,530187,2018-05-27 17:10:00+00:00,R,N,1,116,145,Detroit Tigers,Chicago White Sox
2018,2018-05-27,530198,2018-05-27 17:10:00+00:00,R,N,1,146,120,Miami Marlins,Washington Nationals
2018,2018-05-27,530196,2018-05-27 17:35:00+00:00,R,N,1,134,138,Pittsburgh Pirates,St. Louis Cardinals
2018,2018-05-27,530197,2018-05-27 17:35:00+00:00,R,N,1,143,141,Philadelphia Phillies,Toronto Blue Jays
2018,2018-05-27,530193,2018-05-27 18:10:00+00:00,R,N,1,158,121,Milwaukee Brewers,New York Mets
2018,2018-05-27,530190,2018-05-27 19:05:00+00:00,R,N,1,140,118,Texas Rangers,Kansas City Royals
2018,2018-05-27,530188,2018-05-27 19:10:00+00:00,R,N,1,115,113,Colorado Rockies,Cincinnati Reds
2018,2018-05-27,530184,2018-05-27 20:05:00+00:00,R,N,1,133,109,Oakland Athletics,Arizona Diamondbacks
2018,2018-05-27,530194,2018-05-27 20:10:00+00:00,R,N,1,119,135,Los Angeles Dodgers,San Diego Padres
2018,2018-05-27,530192,2018-05-27 20:10:00+00:00,R,N,1,136,142,Seattle Mariners,Minnesota Twins
2018,2018-05-27,530195,2018-05-28 00:08:00+00:00,R,N,1,112,137,Chicago Cubs,San Francisco Giants
2018,2018-05-28,530213,2018-05-28 17:05:00+00:00,R,N,1,110,120,Baltimore Orioles,Washington Nationals
2018,2018-05-28,530212,2018-05-28 17:05:00+00:00,R,N,1,111,141,Boston Red Sox,Toronto Blue Jays
2018,2018-05-28,530202,2018-05-28 17:05:00+00:00,R,N,1,147,117,New York Yankees,Houston Astros
2018,2018-05-28,530203,2018-05-28 17:10:00+00:00,R,N,1,116,108,Detroit Tigers,Los Angeles Angels
2018,2018-05-28,530206,2018-05-28 17:10:00+00:00,R,S,1,144,121,Atlanta Braves,New York Mets
2018,2018-05-28,529729,2018-05-28 23:10:00+00:00,R,S,2,144,121,Atlanta Braves,New York Mets
2018,2018-05-28,530199,2018-05-28 17:35:00+00:00,R,N,1,134,112,Pittsburgh Pirates,Chicago Cubs
2018,2018-05-28,530209,2018-05-28 18:10:00+00:00,R,N,1,158,138,Milwaukee Brewers,St. Louis Cardinals
2018,2018-05-28,530210,2018-05-28 20:05:00+00:00,R,N,1,133,139,Oakland Athletics,Tampa Bay Rays
2018,2018-05-28,530201,2018-05-28 20:10:00+00:00,R,N,1,109,113,Arizona Diamondbacks,Cincinnati Reds
2018,2018-05-28,530211,2018-05-28 20:10:00+00:00,R,N,1,136,140,Seattle Mariners,Texas Rangers
2018,2018-05-28,530200,2018-05-28 20:10:00+00:00,R,N,1,114,145,Cleveland Indians,Chicago White Sox
2018,2018-05-28,530204,2018-05-28 20:10:00+00:00,R,N,1,135,146,San Diego Padres,Miami Marlins
2018,2018-05-28,530208,2018-05-28 23:10:00+00:00,R,N,1,115,137,Colorado Rockies,San Francisco Giants
2018,2018-05-28,530205,2018-05-28 23:15:00+00:00,R,N,1,118,142,Kansas City Royals,Minnesota Twins
2018,2018-05-28,530207,2018-05-29 00:10:00+00:00,R,N,1,119,143,Los Angeles Dodgers,Philadelphia Phillies
2018,2018-05-29,530215,2018-05-29 22:10:00+00:00,R,N,1,114,145,Cleveland Indians,Chicago White Sox
2018,2018-05-29,530228,2018-05-29 23:05:00+00:00,R,N,1,110,120,Baltimore Orioles,Washington Nationals
2018,2018-05-29,530214,2018-05-29 23:05:00+00:00,R,N,1,134,112,Pittsburgh Pirates,Chicago Cubs
2018,2018-05-29,530217,2018-05-29 23:05:00+00:00,R,N,1,147,117,New York Yankees,Houston Astros
2018,2018-05-29,530218,2018-05-29 23:10:00+00:00,R,N,1,116,108,Detroit Tigers,Los Angeles Angels
2018,2018-05-29,530227,2018-05-29 23:10:00+00:00,R,N,1,111,141,Boston Red Sox,Toronto Blue Jays
2018,2018-05-29,530221,2018-05-29 23:35:00+00:00,R,N,1,144,121,Atlanta Braves,New York Mets
2018,2018-05-29,530224,2018-05-29 23:40:00+00:00,R,N,1,158,138,Milwaukee Brewers,St. Louis Cardinals
2018,2018-05-29,530220,2018-05-30 00:15:00+00:00,R,N,1,118,142,Kansas City Royals,Minnesota Twins
2018,2018-05-29,530223,2018-05-30 00:40:00+00:00,R,N,1,115,137,Colorado Rockies,San Francisco Giants
2018,2018-05-29,530216,2018-05-30 01:40:00+00:00,R,N,1,109,113,Arizona Diamondbacks,Cincinnati Reds
2018,2018-05-29,530225,2018-05-30 02:05:00+00:00,R,N,1,133,139,Oakland Athletics,Tampa Bay Rays
2018,2018-05-29,530226,2018-05-30 02:10:00+00:00,R,N,1,136,140,Seattle Mariners,Texas Rangers
2018,2018-05-29,530222,2018-05-30 02:10:00+00:00,R,N,1,119,143,Los Angeles Dodgers,Philadelphia Phillies
2018,2018-05-29,530219,2018-05-30 02:10:00+00:00,R,N,1,135,146,San Diego Padres,Miami Marlins
2018,2018-05-30,530242,2018-05-30 17:05:00+00:00,R,N,1,111,141,Boston Red Sox,Toronto Blue Jays
2018,2018-05-30,530230,2018-05-30 17:10:00+00:00,R,N,1,114,145,Cleveland Indians,Chicago White Sox
2018,2018-05-30,530239,2018-05-30 17:10:00+00:00,R,N,1,158,138,Milwaukee Brewers,St. Louis Cardinals
2018,2018-05-30,530231,2018-05-30 19:40:00+00:00,R,N,1,109,113,Arizona Diamondbacks,Cincinnati Reds
2018,2018-05-30,530232,2018-05-30 22:35:00+00:00,R,N,1,147,117,New York Yankees,Houston Astros
2018,2018-05-30,530243,2018-05-30 23:05:00+00:00,R,N,1,110,120,Baltimore Orioles,Washington Nationals
2018,2018-05-30,530229,2018-05-30 23:05:00+00:00,R,N,1,134,112,Pittsburgh Pirates,Chicago Cubs
2018,2018-05-30,530233,2018-05-30 23:10:00+00:00,R,N,1,116,108,Detroit Tigers,Los Angeles Angels
2018,2018-05-30,530236,2018-05-30 23:35:00+00:00,R,N,1,144,121,Atlanta Braves,New York Mets
2018,2018-05-30,530235,2018-05-31 00:15:00+00:00,R,N,1,118,142,Kansas City Royals,Minnesota Twins
2018,2018-05-30,530238,2018-05-31 00:40:00+00:00,R,N,1,115,137,Colorado Rockies,San Francisco Giants
2018,2018-05-30,530240,2018-05-31 02:05:00+00:00,R,N,1,133,139,Oakland Athletics,Tampa Bay Rays
2018,2018-05-30,530241,2018-05-31 02:10:00+00:00,R,N,1,136,140,Seattle Mariners,Texas Rangers
2018,2018-05-30,530237,2018-05-31 02:10:00+00:00,R,N,1,119,143,Los Angeles Dodgers,Philadelphia Phillies
2018,2018-05-30,530234,2018-05-31 02:10:00+00:00,R,N,1,135,146,San Diego Padres,Miami Marlins
2018,2018-05-31,530247,2018-05-31 17:10:00+00:00,R,N,1,116,108,Detroit Tigers,Los Angeles Angels
2018,2018-05-31,530252,2018-05-31 19:35:00+00:00,R,N,1,133,139,Oakland Athletics,Tampa Bay Rays
2018,2018-05-31,530245,2018-05-31 23:10:00+00:00,R,N,1,121,112,New York Mets,Chicago Cubs
2018,2018-05-31,530251,2018-05-31 23:15:00+00:00,R,N,1,138,134,St. Louis Cardinals,Pittsburgh Pirates
2018,2018-05-31,530250,2018-05-31 23:35:00+00:00,R,N,1,119,143,Los Angeles Dodgers,Philadelphia Phillies
2018,2018-05-31,530254,2018-05-31 23:35:00+00:00,R,N,1,144,120,Atlanta Braves,Washington Nationals
2018,2018-05-31,530244,2018-06-01 00:10:00+00:00,R,N,1,117,111,Houston Astros,Boston Red Sox
2018,2018-05-31,530246,2018-06-01 00:10:00+00:00,R,N,1,142,114,Minnesota Twins,Cleveland Indians
2018,2018-05-31,530248,2018-06-01 01:10:00+00:00,R,N,1,135,146,San Diego Padres,Miami Marlins
2018,2018-05-31,530253,2018-06-01 02:10:00+00:00,R,N,1,136,140,Seattle Mariners,Texas Rangers
2018,2018-07-09,530249,2018-05-31 23:05:00+00:00,R,N,1,110,147,Baltimore Orioles,New York Yankees
2018,2018-06-01,530262,2018-06-01 23:05:00+00:00,R,N,1,110,147,Baltimore Orioles,New York Yankees
2018,2018-06-01,530256,2018-06-01 23:10:00+00:00,R,N,1,121,112,New York Mets,Chicago Cubs
2018,2018-06-01,530268,2018-06-01 23:10:00+00:00,R,N,1,116,141,Detroit Tigers,Toronto Blue Jays
2018,2018-06-01,530269,2018-06-01 23:35:00+00:00,R,N,1,144,120,Atlanta Braves,Washington Nationals
2018,2018-06-01,530255,2018-06-02 00:10:00+00:00,R,N,1,117,111,Houston Astros,Boston Red Sox
2018,2018-06-01,530258,2018-06-02 00:10:00+00:00,R,N,1,142,114,Minnesota Twins,Cleveland Indians
2018,2018-06-01,530261,2018-06-02 00:10:00+00:00,R,N,1,145,158,Chicago White Sox,Milwaukee Brewers
2018,2018-06-01,530263,2018-06-02 00:15:00+00:00,R,N,1,118,133,Kansas City Royals,Oakland Athletics
2018,2018-06-01,530265,2018-06-02 00:15:00+00:00,R,N,1,138,134,St. Louis Cardinals,Pittsburgh Pirates
2018,2018-06-01,530259,2018-06-02 00:40:00+00:00,R,N,1,115,119,Colorado Rockies,Los Angeles Dodgers
2018,2018-06-01,530260,2018-06-02 01:40:00+00:00,R,N,1,109,146,Arizona Diamondbacks,Miami Marlins
2018,2018-06-01,530267,2018-06-02 02:07:00+00:00,R,N,1,108,140,Los Angeles Angels,Texas Rangers
2018,2018-06-01,530257,2018-06-02 02:10:00+00:00,R,N,1,135,113,San Diego Padres,Cincinnati Reds
2018,2018-06-01,530266,2018-06-02 02:10:00+00:00,R,N,1,136,139,Seattle Mariners,Tampa Bay Rays
2018,2018-06-01,530264,2018-06-02 02:15:00+00:00,R,N,1,137,143,San Francisco Giants,Philadelphia Phillies
2018,2018-06-02,530276,2018-06-02 18:10:00+00:00,R,N,1,145,158,Chicago White Sox,Milwaukee Brewers
2018,2018-06-02,530278,2018-06-02 18:15:00+00:00,R,N,1,118,133,Kansas City Royals,Oakland Athletics
2018,2018-06-02,530280,2018-06-02 18:15:00+00:00,R,N,1,138,134,St. Louis Cardinals,Pittsburgh Pirates
2018,2018-06-02,530277,2018-06-02 20:05:00+00:00,R,N,1,110,147,Baltimore Orioles,New York Yankees
2018,2018-06-02,530283,2018-06-02 20:10:00+00:00,R,N,1,116,141,Detroit Tigers,Toronto Blue Jays
2018,2018-06-02,530273,2018-06-02 20:10:00+00:00,R,N,1,142,114,Minnesota Twins,Cleveland Indians
2018,2018-06-02,530284,2018-06-02 20:10:00+00:00,R,N,1,144,120,Atlanta Braves,Washington Nationals
2018,2018-06-02,530270,2018-06-02 23:15:00+00:00,R,N,1,117,111,Houston Astros,Boston Red Sox
2018,2018-06-02,530274,2018-06-02 23:15:00+00:00,R,N,1,115,119,Colorado Rockies,Los Angeles Dodgers
2018,2018-06-02,530271,2018-06-02 23:15:00+00:00,R,N,1,121,112,New York Mets,Chicago Cubs
2018,2018-06-02,530272,2018-06-03 00:40:00+00:00,R,N,1,135,113,San Diego Padres,Cincinnati Reds
2018,2018-06-02,530282,2018-06-03 01:07:00+00:00,R,N,1,108,140,Los Angeles Angels,Texas Rangers
2018,2018-06-02,530279,2018-06-03 02:05:00+00:00,R,N,1,137,143,San Francisco Giants,Philadelphia Phillies
2018,2018-06-02,530281,2018-06-03 02:10:00+00:00,R,N,1,136,139,Seattle Mariners,Tampa Bay Rays
2018,2018-06-02,530275,2018-06-03 02:10:00+00:00,R,N,1,109,146,Arizona Diamondbacks,Miami Marlins
2018,2018-06-03,530286,2018-06-03 17:10:00+00:00,R,N,1,121,112,New York Mets,Chicago Cubs
2018,2018-06-03,530298,2018-06-03 17:10:00+00:00,R,N,1,116,141,Detroit Tigers,Toronto Blue Jays
2018,2018-06-03,530299,2018-06-03 17:35:00+00:00,R,N,1,144,120,Atlanta Braves,Washington Nationals
2018,2018-06-03,530288,2018-06-03 18:10:00+00:00,R,N,1,142,114,Minnesota Twins,Cleveland Indians
2018,2018-06-03,530291,2018-06-03 18:10:00+00:00,R,N,1,145,158,Chicago White Sox,Milwaukee Brewers
2018,2018-06-03,530293,2018-06-03 18:15:00+00:00,R,N,1,118,133,Kansas City Royals,Oakland Athletics
2018,2018-06-03,530295,2018-06-03 18:15:00+00:00,R,N,1,138,134,St. Louis Cardinals,Pittsburgh Pirates
2018,2018-06-03,530289,2018-06-03 19:10:00+00:00,R,N,1,115,119,Colorado Rockies,Los Angeles Dodgers
2018,2018-06-03,530294,2018-06-03 20:05:00+00:00,R,N,1,137,143,San Francisco Giants,Philadelphia Phillies
2018,2018-06-03,530297,2018-06-03 20:07:00+00:00,R,N,1,108,140,Los Angeles Angels,Texas Rangers
2018,2018-06-03,530296,2018-06-03 20:10:00+00:00,R,N,1,136,139,Seattle Mariners,Tampa Bay Rays
2018,2018-06-03,530290,2018-06-03 20:10:00+00:00,R,N,1,109,146,Arizona Diamondbacks,Miami Marlins
2018,2018-06-03,530287,2018-06-03 22:10:00+00:00,R,N,1,135,113,San Diego Padres,Cincinnati Reds
2018,2018-06-03,530285,2018-06-03 23:35:00+00:00,R,N,1,117,111,Houston Astros,Boston Red Sox
2018,2018-08-25,530292,2018-06-03 17:05:00+00:00,R,N,1,110,147,Baltimore Orioles,New York Yankees
2018,2018-06-04,529619,2018-06-04 17:10:00+00:00,R,S,1,116,147,Detroit Tigers,New York Yankees
2018,2018-06-04,529634,2018-06-04 23:10:00+00:00,R,S,2,116,147,Detroit Tigers,New York Yankees
2018,2018-06-04,530302,2018-06-05 02:07:00+00:00,R,N,1,108,118,Los Angeles Angels,Kansas City Royals
2018,2018-06-04,530300,2018-06-05 02:10:00+00:00,R,N,1,137,109,San Francisco Giants,Arizona Diamondbacks
2018,2018-06-04,530301,2018-06-05 02:10:00+00:00,R,N,1,135,144,San Diego Padres,Atlanta Braves
2018,2018-06-05,530306,2018-06-05 20:10:00+00:00,R,Y,1,142,145,Minnesota Twins,Chicago White Sox
2018,2018-06-05,529600,2018-06-05 20:15:00+00:00,R,Y,2,142,145,Minnesota Twins,Chicago White Sox
2018,2018-06-05,530310,2018-06-05 23:05:00+00:00,R,N,1,134,119,Pittsburgh Pirates,Los Angeles Dodgers
2018,2018-06-05,530317,2018-06-05 23:05:00+00:00,R,N,1,120,139,Washington Nationals,Tampa Bay Rays
2018,2018-06-05,530313,2018-06-05 23:07:00+00:00,R,N,1,141,147,Toronto Blue Jays,New York Yankees
2018,2018-06-05,530307,2018-06-05 23:10:00+00:00,R,N,1,113,115,Cincinnati Reds,Colorado Rockies
2018,2018-06-05,530308,2018-06-05 23:10:00+00:00,R,N,1,111,116,Boston Red Sox,Detroit Tigers
2018,2018-06-05,530305,2018-06-05 23:10:00+00:00,R,N,1,121,110,New York Mets,Baltimore Orioles
2018,2018-06-05,530312,2018-06-05 23:10:00+00:00,R,N,1,114,158,Cleveland Indians,Milwaukee Brewers
2018,2018-06-05,530314,2018-06-06 00:05:00+00:00,R,N,1,140,133,Texas Rangers,Oakland Athletics
2018,2018-06-05,530315,2018-06-06 00:05:00+00:00,R,N,1,112,143,Chicago Cubs,Philadelphia Phillies
2018,2018-06-05,530316,2018-06-06 00:10:00+00:00,R,N,1,117,136,Houston Astros,Seattle Mariners
2018,2018-06-05,530311,2018-06-06 00:15:00+00:00,R,N,1,138,146,St. Louis Cardinals,Miami Marlins
2018,2018-06-05,530309,2018-06-06 02:07:00+00:00,R,N,1,108,118,Los Angeles Angels,Kansas City Royals
2018,2018-06-05,530304,2018-06-06 02:10:00+00:00,R,N,1,135,144,San Diego Padres,Atlanta Braves
2018,2018-06-05,530303,2018-06-06 02:15:00+00:00,R,N,1,137,109,San Francisco Giants,Arizona Diamondbacks
2018,2018-06-06,530332,2018-06-06 17:05:00+00:00,R,N,1,120,139,Washington Nationals,Tampa Bay Rays
2018,2018-06-06,530320,2018-06-06 17:10:00+00:00,R,N,1,121,110,New York Mets,Baltimore Orioles
2018,2018-06-06,530327,2018-06-06 17:10:00+00:00,R,N,1,114,158,Cleveland Indians,Milwaukee Brewers
2018,2018-06-06,530319,2018-06-06 19:40:00+00:00,R,N,1,135,144,San Diego Padres,Atlanta Braves
2018,2018-06-06,530318,2018-06-06 19:45:00+00:00,R,N,1,137,109,San Francisco Giants,Arizona Diamondbacks
2018,2018-06-06,530325,2018-06-06 23:05:00+00:00,R,N,1,134,119,Pittsburgh Pirates,Los Angeles Dodgers
2018,2018-06-06,530328,2018-06-06 23:07:00+00:00,R,N,1,141,147,Toronto Blue Jays,New York Yankees
2018,2018-06-06,530322,2018-06-06 23:10:00+00:00,R,N,1,113,115,Cincinnati Reds,Colorado Rockies
2018,2018-06-06,530323,2018-06-06 23:10:00+00:00,R,N,1,111,116,Boston Red Sox,Detroit Tigers
2018,2018-06-06,530329,2018-06-07 00:05:00+00:00,R,N,1,140,133,Texas Rangers,Oakland Athletics
2018,2018-06-06,530330,2018-06-07 00:05:00+00:00,R,N,1,112,143,Chicago Cubs,Philadelphia Phillies
2018,2018-06-06,530331,2018-06-07 00:10:00+00:00,R,N,1,117,136,Houston Astros,Seattle Mariners
2018,2018-06-06,530321,2018-06-07 00:10:00+00:00,R,N,1,142,145,Minnesota Twins,Chicago White Sox
2018,2018-06-06,530326,2018-06-07 00:15:00+00:00,R,N,1,138,146,St. Louis Cardinals,Miami Marlins
2018,2018-06-06,530324,2018-06-07 02:07:00+00:00,R,N,1,108,118,Los Angeles Angels,Kansas City Royals
2018,2018-06-07,530335,2018-06-07 16:35:00+00:00,R,N,1,113,115,Cincinnati Reds,Colorado Rockies
2018,2018-06-07,530339,2018-06-07 16:35:00+00:00,R,N,1,134,119,Pittsburgh Pirates,Los Angeles Dodgers
2018,2018-06-07,530334,2018-06-07 17:10:00+00:00,R,N,1,142,145,Minnesota Twins,Chicago White Sox
2018,2018-06-07,530340,2018-06-07 17:15:00+00:00,R,N,1,138,146,St. Louis Cardinals,Miami Marlins
2018,2018-06-07,530341,2018-06-07 18:20:00+00:00,R,N,1,112,143,Chicago Cubs,Philadelphia Phillies
2018,2018-06-07,530333,2018-06-07 23:07:00+00:00,R,N,1,141,110,Toronto Blue Jays,Baltimore Orioles
2018,2018-06-07,530336,2018-06-07 23:10:00+00:00,R,N,1,111,116,Boston Red Sox,Detroit Tigers
2018,2018-06-07,530342,2018-06-07 23:10:00+00:00,R,N,1,139,136,Tampa Bay Rays,Seattle Mariners
2018,2018-06-07,530337,2018-06-08 00:05:00+00:00,R,N,1,140,117,Texas Rangers,Houston Astros
2018,2018-06-07,530338,2018-06-08 02:05:00+00:00,R,N,1,133,118,Oakland Athletics,Kansas City Royals
2018,2018-06-08,530353,2018-06-08 18:20:00+00:00,R,N,1,112,134,Chicago Cubs,Pittsburgh Pirates
2018,2018-06-08,530355,2018-06-08 23:05:00+00:00,R,N,1,120,137,Washington Nationals,San Francisco Giants
2018,2018-06-08,530351,2018-06-08 23:05:00+00:00,R,N,1,143,158,Philadelphia Phillies,Milwaukee Brewers
2018,2018-06-08,530345,2018-06-08 23:07:00+00:00,R,N,1,141,110,Toronto Blue Jays,Baltimore Orioles
2018,2018-06-08,530347,2018-06-08 23:10:00+00:00,R,N,1,116,114,Detroit Tigers,Cleveland Indians
2018,2018-06-08,530357,2018-06-08 23:10:00+00:00,R,N,1,113,138,Cincinnati Reds,St. Louis Cardinals
2018,2018-06-08,530356,2018-06-08 23:10:00+00:00,R,N,1,139,136,Tampa Bay Rays,Seattle Mariners
2018,2018-06-08,530346,2018-06-08 23:10:00+00:00,R,N,1,111,145,Boston Red Sox,Chicago White Sox
2018,2018-06-08,530354,2018-06-08 23:10:00+00:00,R,N,1,146,135,Miami Marlins,San Diego Padres
2018,2018-06-08,530352,2018-06-08 23:10:00+00:00,R,N,1,121,147,New York Mets,New York Yankees
2018,2018-06-08,530348,2018-06-09 00:05:00+00:00,R,N,1,140,117,Texas Rangers,Houston Astros
2018,2018-06-08,530350,2018-06-09 00:10:00+00:00,R,N,1,142,108,Minnesota Twins,Los Angeles Angels
2018,2018-06-08,530343,2018-06-09 00:40:00+00:00,R,N,1,115,109,Colorado Rockies,Arizona Diamondbacks
2018,2018-06-08,530349,2018-06-09 02:05:00+00:00,R,N,1,133,118,Oakland Athletics,Kansas City Royals
2018,2018-06-08,530344,2018-06-09 02:10:00+00:00,R,N,1,119,144,Los Angeles Dodgers,Atlanta Braves
2018,2018-06-09,530370,2018-06-09 16:05:00+00:00,R,N,1,120,137,Washington Nationals,San Francisco Giants
2018,2018-06-09,530366,2018-06-09 17:05:00+00:00,R,N,1,143,158,Philadelphia Phillies,Milwaukee Brewers
2018,2018-06-09,530360,2018-06-09 17:07:00+00:00,R,N,1,141,110,Toronto Blue Jays,Baltimore Orioles
2018,2018-06-09,530365,2018-06-09 18:10:00+00:00,R,N,1,142,108,Minnesota Twins,Los Angeles Angels
2018,2018-06-09,530368,2018-06-09 18:20:00+00:00,R,N,1,112,134,Chicago Cubs,Pittsburgh Pirates
2018,2018-06-09,530364,2018-06-09 20:05:00+00:00,R,N,1,133,118,Oakland Athletics,Kansas City Royals
2018,2018-06-09,530361,2018-06-09 20:05:00+00:00,R,N,1,111,145,Boston Red Sox,Chicago White Sox
2018,2018-06-09,530362,2018-06-09 20:10:00+00:00,R,N,1,116,114,Detroit Tigers,Cleveland Indians
2018,2018-06-09,530372,2018-06-09 20:10:00+00:00,R,N,1,113,138,Cincinnati Reds,St. Louis Cardinals
2018,2018-06-09,530371,2018-06-09 20:10:00+00:00,R,N,1,139,136,Tampa Bay Rays,Seattle Mariners
2018,2018-06-09,530369,2018-06-09 20:10:00+00:00,R,N,1,146,135,Miami Marlins,San Diego Padres
2018,2018-06-09,530358,2018-06-09 23:15:00+00:00,R,N,1,115,109,Colorado Rockies,Arizona Diamondbacks
2018,2018-06-09,530363,2018-06-09 23:15:00+00:00,R,N,1,140,117,Texas Rangers,Houston Astros
2018,2018-06-09,530367,2018-06-09 23:15:00+00:00,R,N,1,121,147,New York Mets,New York Yankees
2018,2018-06-09,530359,2018-06-10 01:10:00+00:00,R,N,1,119,144,Los Angeles Dodgers,Atlanta Braves
2018,2018-06-10,530376,2018-06-10 17:05:00+00:00,R,N,1,111,145,Boston Red Sox,Chicago White Sox
2018,2018-06-10,530375,2018-06-10 17:07:00+00:00,R,N,1,141,110,Toronto Blue Jays,Baltimore Orioles
2018,2018-06-10,530377,2018-06-10 17:10:00+00:00,R,N,1,116,114,Detroit Tigers,Cleveland Indians
2018,2018-06-10,530387,2018-06-10 17:10:00+00:00,R,N,1,113,138,Cincinnati Reds,St. Louis Cardinals
2018,2018-06-10,530386,2018-06-10 17:10:00+00:00,R,N,1,139,136,Tampa Bay Rays,Seattle Mariners
2018,2018-06-10,530384,2018-06-10 17:10:00+00:00,R,N,1,146,135,Miami Marlins,San Diego Padres
2018,2018-06-10,530381,2018-06-10 17:35:00+00:00,R,N,1,143,158,Philadelphia Phillies,Milwaukee Brewers
2018,2018-06-10,530380,2018-06-10 18:10:00+00:00,R,N,1,142,108,Minnesota Twins,Los Angeles Angels
2018,2018-06-10,530383,2018-06-10 18:20:00+00:00,R,N,1,112,134,Chicago Cubs,Pittsburgh Pirates
2018,2018-06-10,530378,2018-06-10 19:05:00+00:00,R,N,1,140,117,Texas Rangers,Houston Astros
2018,2018-06-10,530373,2018-06-10 19:10:00+00:00,R,N,1,115,109,Colorado Rockies,Arizona Diamondbacks
2018,2018-06-10,530379,2018-06-10 20:05:00+00:00,R,N,1,133,118,Oakland Athletics,Kansas City Royals
2018,2018-06-10,530385,2018-06-10 20:05:00+00:00,R,N,1,120,137,Washington Nationals,San Francisco Giants
2018,2018-06-10,530374,2018-06-10 20:10:00+00:00,R,N,1,119,144,Los Angeles Dodgers,Atlanta Braves
2018,2018-06-10,530382,2018-06-11 00:05:00+00:00,R,N,1,121,147,New York Mets,New York Yankees
2018,2018-06-11,530388,2018-06-11 23:05:00+00:00,R,N,1,110,111,Baltimore Orioles,Boston Red Sox
2018,2018-06-11,530395,2018-06-11 23:10:00+00:00,R,N,1,139,141,Tampa Bay Rays,Toronto Blue Jays
2018,2018-06-11,530394,2018-06-11 23:10:00+00:00,R,N,1,146,137,Miami Marlins,San Francisco Giants
2018,2018-06-11,530390,2018-06-12 00:10:00+00:00,R,N,1,145,114,Chicago White Sox,Cleveland Indians
2018,2018-06-11,530389,2018-06-12 00:10:00+00:00,R,N,1,158,112,Milwaukee Brewers,Chicago Cubs
2018,2018-06-11,530393,2018-06-12 00:15:00+00:00,R,N,1,138,135,St. Louis Cardinals,San Diego Padres
2018,2018-06-11,530392,2018-06-12 01:40:00+00:00,R,N,1,109,134,Arizona Diamondbacks,Pittsburgh Pirates
2018,2018-06-11,530391,2018-06-12 02:10:00+00:00,R,N,1,136,108,Seattle Mariners,Los Angeles Angels
2018,2018-06-12,530396,2018-06-12 23:05:00+00:00,R,N,1,110,111,Baltimore Orioles,Boston Red Sox
2018,2018-06-12,530400,2018-06-12 23:05:00+00:00,R,N,1,143,115,Philadelphia Phillies,Colorado Rockies
2018,2018-06-12,530410,2018-06-12 23:05:00+00:00,R,N,1,147,120,New York Yankees,Washington Nationals
2018,2018-06-12,530409,2018-06-12 23:10:00+00:00,R,N,1,139,141,Tampa Bay Rays,Toronto Blue Jays
2018,2018-06-12,530403,2018-06-12 23:10:00+00:00,R,N,1,116,142,Detroit Tigers,Minnesota Twins
2018,2018-06-12,530407,2018-06-12 23:10:00+00:00,R,N,1,146,137,Miami Marlins,San Francisco Giants
2018,2018-06-12,530404,2018-06-12 23:35:00+00:00,R,N,1,144,121,Atlanta Braves,New York Mets
2018,2018-06-12,530399,2018-06-13 00:10:00+00:00,R,N,1,145,114,Chicago White Sox,Cleveland Indians
2018,2018-06-12,530397,2018-06-13 00:10:00+00:00,R,N,1,158,112,Milwaukee Brewers,Chicago Cubs
2018,2018-06-12,530398,2018-06-13 00:15:00+00:00,R,N,1,118,113,Kansas City Royals,Cincinnati Reds
2018,2018-06-12,530406,2018-06-13 00:15:00+00:00,R,N,1,138,135,St. Louis Cardinals,San Diego Padres
2018,2018-06-12,530405,2018-06-13 01:40:00+00:00,R,N,1,109,134,Arizona Diamondbacks,Pittsburgh Pirates
2018,2018-06-12,530401,2018-06-13 02:05:00+00:00,R,N,1,133,117,Oakland Athletics,Houston Astros
2018,2018-06-12,530402,2018-06-13 02:10:00+00:00,R,N,1,136,108,Seattle Mariners,Los Angeles Angels
2018,2018-06-12,530408,2018-06-13 02:10:00+00:00,R,N,1,119,140,Los Angeles Dodgers,Texas Rangers
2018,2018-06-13,530419,2018-06-13 16:10:00+00:00,R,N,1,144,121,Atlanta Braves,New York Mets
2018,2018-06-13,530424,2018-06-13 17:10:00+00:00,R,N,1,139,141,Tampa Bay Rays,Toronto Blue Jays
2018,2018-06-13,530412,2018-06-13 18:10:00+00:00,R,N,1,158,112,Milwaukee Brewers,Chicago Cubs
2018,2018-06-13,530411,2018-06-13 19:05:00+00:00,R,N,1,110,111,Baltimore Orioles,Boston Red Sox
2018,2018-06-13,530420,2018-06-13 19:40:00+00:00,R,N,1,109,134,Arizona Diamondbacks,Pittsburgh Pirates
2018,2018-06-13,530417,2018-06-13 20:10:00+00:00,R,N,1,136,108,Seattle Mariners,Los Angeles Angels
2018,2018-06-13,530415,2018-06-13 23:05:00+00:00,R,N,1,143,115,Philadelphia Phillies,Colorado Rockies
2018,2018-06-13,530425,2018-06-13 23:05:00+00:00,R,N,1,147,120,New York Yankees,Washington Nationals
2018,2018-06-13,530418,2018-06-13 23:10:00+00:00,R,N,1,116,142,Detroit Tigers,Minnesota Twins
2018,2018-06-13,530422,2018-06-13 23:10:00+00:00,R,N,1,146,137,Miami Marlins,San Francisco Giants
2018,2018-06-13,530414,2018-06-14 00:10:00+00:00,R,N,1,145,114,Chicago White Sox,Cleveland Indians
2018,2018-06-13,530413,2018-06-14 00:15:00+00:00,R,N,1,118,113,Kansas City Royals,Cincinnati Reds
2018,2018-06-13,530421,2018-06-14 00:15:00+00:00,R,N,1,138,135,St. Louis Cardinals,San Diego Padres
2018,2018-06-13,530416,2018-06-14 02:05:00+00:00,R,N,1,133,117,Oakland Athletics,Houston Astros
2018,2018-06-13,530423,2018-06-14 02:10:00+00:00,R,N,1,119,140,Los Angeles Dodgers,Texas Rangers
2018,2018-06-14,530433,2018-06-14 16:10:00+00:00,R,N,1,146,137,Miami Marlins,San Francisco Giants
2018,2018-06-14,530428,2018-06-14 17:05:00+00:00,R,N,1,143,115,Philadelphia Phillies,Colorado Rockies
2018,2018-06-14,530430,2018-06-14 17:10:00+00:00,R,N,1,116,142,Detroit Tigers,Minnesota Twins
2018,2018-06-14,530427,2018-06-14 18:10:00+00:00,R,N,1,145,114,Chicago White Sox,Cleveland Indians
2018,2018-06-14,530429,2018-06-14 19:35:00+00:00,R,N,1,133,117,Oakland Athletics,Houston Astros
2018,2018-06-14,530434,2018-06-14 23:05:00+00:00,R,N,1,147,139,New York Yankees,Tampa Bay Rays
2018,2018-06-14,530432,2018-06-14 23:35:00+00:00,R,N,1,144,135,Atlanta Braves,San Diego Padres
2018,2018-06-14,530431,2018-06-15 01:40:00+00:00,R,N,1,109,121,Arizona Diamondbacks,New York Mets
2018,2018-06-14,530426,2018-06-15 02:10:00+00:00,R,N,1,136,111,Seattle Mariners,Boston Red Sox
2018,2018-06-15,530437,2018-06-15 23:05:00+00:00,R,N,1,134,113,Pittsburgh Pirates,Cincinnati Reds
2018,2018-06-15,530442,2018-06-15 23:05:00+00:00,R,N,1,110,146,Baltimore Orioles,Miami Marlins
2018,2018-06-15,530448,2018-06-15 23:05:00+00:00,R,N,1,147,139,New York Yankees,Tampa Bay Rays
2018,2018-06-15,530449,2018-06-15 23:07:00+00:00,R,N,1,141,120,Toronto Blue Jays,Washington Nationals
2018,2018-06-15,530443,2018-06-15 23:10:00+00:00,R,N,1,114,142,Cleveland Indians,Minnesota Twins
2018,2018-06-15,530446,2018-06-15 23:35:00+00:00,R,N,1,144,135,Atlanta Braves,San Diego Padres
2018,2018-06-15,530438,2018-06-16 00:05:00+00:00,R,N,1,140,115,Texas Rangers,Colorado Rockies
2018,2018-06-15,530439,2018-06-16 00:10:00+00:00,R,N,1,145,116,Chicago White Sox,Detroit Tigers
2018,2018-06-15,530445,2018-06-16 00:10:00+00:00,R,N,1,158,143,Milwaukee Brewers,Philadelphia Phillies
2018,2018-06-15,530440,2018-06-16 00:15:00+00:00,R,N,1,118,117,Kansas City Royals,Houston Astros
2018,2018-06-15,530436,2018-06-16 00:15:00+00:00,R,N,1,138,112,St. Louis Cardinals,Chicago Cubs
2018,2018-06-15,530441,2018-06-16 01:35:00+00:00,R,N,1,133,108,Oakland Athletics,Los Angeles Angels
2018,2018-06-15,530444,2018-06-16 01:40:00+00:00,R,N,1,109,121,Arizona Diamondbacks,New York Mets
2018,2018-06-15,530435,2018-06-16 02:10:00+00:00,R,N,1,136,111,Seattle Mariners,Boston Red Sox
2018,2018-06-15,530447,2018-06-16 02:10:00+00:00,R,N,1,119,137,Los Angeles Dodgers,San Francisco Giants
2018,2018-06-16,530463,2018-06-16 17:05:00+00:00,R,N,1,147,139,New York Yankees,Tampa Bay Rays
2018,2018-06-16,530454,2018-06-16 18:10:00+00:00,R,N,1,145,116,Chicago White Sox,Detroit Tigers
2018,2018-06-16,530455,2018-06-16 18:15:00+00:00,R,N,1,118,117,Kansas City Royals,Houston Astros
2018,2018-06-16,530456,2018-06-16 20:05:00+00:00,R,N,1,133,108,Oakland Athletics,Los Angeles Angels
2018,2018-06-16,530452,2018-06-16 20:05:00+00:00,R,N,1,134,113,Pittsburgh Pirates,Cincinnati Reds
2018,2018-06-16,530453,2018-06-16 20:05:00+00:00,R,N,1,140,115,Texas Rangers,Colorado Rockies
2018,2018-06-16,530457,2018-06-16 20:05:00+00:00,R,N,1,110,146,Baltimore Orioles,Miami Marlins
2018,2018-06-16,530464,2018-06-16 20:07:00+00:00,R,N,1,141,120,Toronto Blue Jays,Washington Nationals
2018,2018-06-16,530458,2018-06-16 20:10:00+00:00,R,N,1,114,142,Cleveland Indians,Minnesota Twins
2018,2018-06-16,530460,2018-06-16 20:10:00+00:00,R,N,1,158,143,Milwaukee Brewers,Philadelphia Phillies
2018,2018-06-16,530461,2018-06-16 21:10:00+00:00,R,N,1,144,135,Atlanta Braves,San Diego Padres
2018,2018-06-16,530450,2018-06-17 00:15:00+00:00,R,N,1,136,111,Seattle Mariners,Boston Red Sox
2018,2018-06-16,530462,2018-06-17 00:15:00+00:00,R,N,1,119,137,Los Angeles Dodgers,San Francisco Giants
2018,2018-06-16,530451,2018-06-17 00:15:00+00:00,R,N,1,138,112,St. Louis Cardinals,Chicago Cubs
2018,2018-06-16,530459,2018-06-17 02:10:00+00:00,R,N,1,109,121,Arizona Diamondbacks,New York Mets
2018,2018-06-17,530472,2018-06-17 17:05:00+00:00,R,N,1,110,146,Baltimore Orioles,Miami Marlins
2018,2018-06-17,530479,2018-06-17 17:07:00+00:00,R,N,1,141,120,Toronto Blue Jays,Washington Nationals
2018,2018-06-17,530473,2018-06-17 17:10:00+00:00,R,N,1,114,142,Cleveland Indians,Minnesota Twins
2018,2018-06-17,530467,2018-06-17 17:35:00+00:00,R,N,1,134,113,Pittsburgh Pirates,Cincinnati Reds
2018,2018-06-17,530476,2018-06-17 17:35:00+00:00,R,N,1,144,135,Atlanta Braves,San Diego Padres
2018,2018-06-17,530478,2018-06-17 18:05:00+00:00,R,N,1,147,139,New York Yankees,Tampa Bay Rays
2018,2018-06-17,530469,2018-06-17 18:10:00+00:00,R,N,1,145,116,Chicago White Sox,Detroit Tigers
2018,2018-06-17,530475,2018-06-17 18:10:00+00:00,R,N,1,158,143,Milwaukee Brewers,Philadelphia Phillies
2018,2018-06-17,530470,2018-06-17 18:15:00+00:00,R,N,1,118,117,Kansas City Royals,Houston Astros
2018,2018-06-17,530468,2018-06-17 19:05:00+00:00,R,N,1,140,115,Texas Rangers,Colorado Rockies
2018,2018-06-17,530471,2018-06-17 20:05:00+00:00,R,N,1,133,108,Oakland Athletics,Los Angeles Angels
2018,2018-06-17,530474,2018-06-17 20:10:00+00:00,R,N,1,109,121,Arizona Diamondbacks,New York Mets
2018,2018-06-17,530465,2018-06-17 20:10:00+00:00,R,N,1,136,111,Seattle Mariners,Boston Red Sox
2018,2018-06-17,530477,2018-06-17 20:10:00+00:00,R,N,1,119,137,Los Angeles Dodgers,San Francisco Giants
2018,2018-06-17,530466,2018-06-18 00:05:00+00:00,R,N,1,138,112,St. Louis Cardinals,Chicago Cubs
2018,2018-05-15,530032,2018-06-18 21:05:00+00:00,R,N,1,120,147,Washington Nationals,New York Yankees
2018,2018-06-18,530046,2018-06-18 21:05:00+00:00,R,N,1,120,147,Washington Nationals,New York Yankees
2018,2018-06-18,530486,2018-06-18 23:05:00+00:00,R,N,1,143,138,Philadelphia Phillies,St. Louis Cardinals
2018,2018-06-18,530484,2018-06-18 23:05:00+00:00,R,N,1,134,158,Pittsburgh Pirates,Milwaukee Brewers
2018,2018-06-18,530481,2018-06-18 23:10:00+00:00,R,N,1,114,145,Cleveland Indians,Chicago White Sox
2018,2018-06-18,530487,2018-06-19 00:10:00+00:00,R,N,1,117,139,Houston Astros,Tampa Bay Rays
2018,2018-06-18,530488,2018-06-19 00:15:00+00:00,R,N,1,118,140,Kansas City Royals,Texas Rangers
2018,2018-06-18,530485,2018-06-19 00:40:00+00:00,R,N,1,115,121,Colorado Rockies,New York Mets
2018,2018-06-18,530480,2018-06-19 02:07:00+00:00,R,N,1,108,109,Los Angeles Angels,Arizona Diamondbacks
2018,2018-06-18,530483,2018-06-19 02:15:00+00:00,R,N,1,137,146,San Francisco Giants,Miami Marlins
2018,2018-06-19,530482,2018-06-19 00:05:00+00:00,R,S,1,112,119,Chicago Cubs,Los Angeles Dodgers
2018,2018-06-19,530482,2018-06-19 17:05:00+00:00,R,S,1,112,119,Chicago Cubs,Los Angeles Dodgers
2018,2018-06-19,530495,2018-06-20 00:05:00+00:00,R,S,2,112,119,Chicago Cubs,Los Angeles Dodgers
2018,2018-06-19,530491,2018-06-19 23:05:00+00:00,R,N,1,120,110,Washington Nationals,Baltimore Orioles
2018,2018-06-19,530501,2018-06-19 23:05:00+00:00,R,N,1,143,138,Philadelphia Phillies,St. Louis Cardinals
2018,2018-06-19,530500,2018-06-19 23:05:00+00:00,R,N,1,147,136,New York Yankees,Seattle Mariners
2018,2018-06-19,530497,2018-06-19 23:05:00+00:00,R,N,1,134,158,Pittsburgh Pirates,Milwaukee Brewers
2018,2018-06-19,530490,2018-06-19 23:07:00+00:00,R,N,1,141,144,Toronto Blue Jays,Atlanta Braves
2018,2018-06-19,530494,2018-06-19 23:10:00+00:00,R,N,1,113,116,Cincinnati Reds,Detroit Tigers
2018,2018-06-19,530493,2018-06-19 23:10:00+00:00,R,N,1,114,145,Cleveland Indians,Chicago White Sox
2018,2018-06-19,530502,2018-06-20 00:10:00+00:00,R,N,1,117,139,Houston Astros,Tampa Bay Rays
2018,2018-06-19,530492,2018-06-20 00:10:00+00:00,R,N,1,142,111,Minnesota Twins,Boston Red Sox
2018,2018-06-19,530503,2018-06-20 00:15:00+00:00,R,N,1,118,140,Kansas City Royals,Texas Rangers
2018,2018-06-19,530498,2018-06-20 00:40:00+00:00,R,N,1,115,121,Colorado Rockies,New York Mets
2018,2018-06-19,530489,2018-06-20 02:07:00+00:00,R,N,1,108,109,Los Angeles Angels,Arizona Diamondbacks
2018,2018-06-19,530499,2018-06-20 02:10:00+00:00,R,N,1,135,133,San Diego Padres,Oakland Athletics
2018,2018-06-19,530496,2018-06-20 02:15:00+00:00,R,N,1,137,146,San Francisco Giants,Miami Marlins
2018,2018-06-20,530508,2018-06-20 16:35:00+00:00,R,N,1,113,116,Cincinnati Reds,Detroit Tigers
2018,2018-06-20,530504,2018-06-20 16:37:00+00:00,R,N,1,141,144,Toronto Blue Jays,Atlanta Braves
2018,2018-06-20,530515,2018-06-20 17:05:00+00:00,R,N,1,143,138,Philadelphia Phillies,St. Louis Cardinals
2018,2018-06-20,530507,2018-06-20 17:10:00+00:00,R,N,1,114,145,Cleveland Indians,Chicago White Sox
2018,2018-06-20,530509,2018-06-20 18:20:00+00:00,R,N,1,112,119,Chicago Cubs,Los Angeles Dodgers
2018,2018-06-20,530513,2018-06-20 19:40:00+00:00,R,N,1,135,133,San Diego Padres,Oakland Athletics
2018,2018-06-20,530510,2018-06-20 19:45:00+00:00,R,N,1,137,146,San Francisco Giants,Miami Marlins
2018,2018-06-20,530505,2018-06-20 23:05:00+00:00,R,N,1,120,110,Washington Nationals,Baltimore Orioles
2018,2018-06-20,530514,2018-06-20 23:05:00+00:00,R,N,1,147,136,New York Yankees,Seattle Mariners
2018,2018-06-20,530516,2018-06-21 00:10:00+00:00,R,N,1,117,139,Houston Astros,Tampa Bay Rays
2018,2018-06-20,530506,2018-06-21 00:10:00+00:00,R,N,1,142,111,Minnesota Twins,Boston Red Sox
2018,2018-06-20,530517,2018-06-21 00:15:00+00:00,R,N,1,118,140,Kansas City Royals,Texas Rangers
2018,2018-06-20,530512,2018-06-21 00:40:00+00:00,R,N,1,115,121,Colorado Rockies,New York Mets
2018,2018-07-14,530511,2018-06-20 23:05:00+00:00,R,N,1,134,158,Pittsburgh Pirates,Milwaukee Brewers
2018,2018-06-21,530525,2018-06-21 17:05:00+00:00,R,N,1,147,136,New York Yankees,Seattle Mariners
2018,2018-06-21,530520,2018-06-21 17:10:00+00:00,R,N,1,142,111,Minnesota Twins,Boston Red Sox
2018,2018-06-21,530522,2018-06-21 19:10:00+00:00,R,N,1,115,121,Colorado Rockies,New York Mets
2018,2018-06-21,530519,2018-06-21 23:05:00+00:00,R,N,1,120,110,Washington Nationals,Baltimore Orioles
2018,2018-06-21,530518,2018-06-21 23:05:00+00:00,R,N,1,134,109,Pittsburgh Pirates,Arizona Diamondbacks
2018,2018-06-21,530521,2018-06-21 23:10:00+00:00,R,N,1,113,112,Cincinnati Reds,Chicago Cubs
2018,2018-06-21,530526,2018-06-22 00:10:00+00:00,R,N,1,158,138,Milwaukee Brewers,St. Louis Cardinals
2018,2018-06-21,530527,2018-06-22 02:07:00+00:00,R,N,1,108,141,Los Angeles Angels,Toronto Blue Jays
2018,2018-06-21,530524,2018-06-22 02:15:00+00:00,R,N,1,137,135,San Francisco Giants,San Diego Padres
2018,2018-06-22,530523,2018-06-22 00:10:00+00:00,R,N,1,145,133,Chicago White Sox,Oakland Athletics
2018,2018-06-22,530536,2018-06-22 20:10:00+00:00,R,Y,1,145,133,Chicago White Sox,Oakland Athletics
2018,2018-06-22,530523,2018-06-22 20:15:00+00:00,R,Y,2,145,133,Chicago White Sox,Oakland Athletics
2018,2018-06-22,530528,2018-06-22 23:05:00+00:00,R,N,1,134,109,Pittsburgh Pirates,Arizona Diamondbacks
2018,2018-06-22,530537,2018-06-22 23:05:00+00:00,R,N,1,120,143,Washington Nationals,Philadelphia Phillies
2018,2018-06-22,530530,2018-06-22 23:10:00+00:00,R,N,1,113,112,Cincinnati Reds,Chicago Cubs
2018,2018-06-22,530531,2018-06-22 23:10:00+00:00,R,N,1,114,116,Cleveland Indians,Detroit Tigers
2018,2018-06-22,530533,2018-06-22 23:10:00+00:00,R,N,1,121,119,New York Mets,Los Angeles Dodgers
2018,2018-06-22,530539,2018-06-22 23:10:00+00:00,R,N,1,111,136,Boston Red Sox,Seattle Mariners
2018,2018-06-22,530535,2018-06-22 23:10:00+00:00,R,N,1,139,147,Tampa Bay Rays,New York Yankees
2018,2018-06-22,530529,2018-06-22 23:35:00+00:00,R,N,1,144,110,Atlanta Braves,Baltimore Orioles
2018,2018-06-22,530532,2018-06-23 00:10:00+00:00,R,N,1,117,118,Houston Astros,Kansas City Royals
2018,2018-06-22,530541,2018-06-23 00:10:00+00:00,R,N,1,142,140,Minnesota Twins,Texas Rangers
2018,2018-06-22,530540,2018-06-23 00:10:00+00:00,R,N,1,158,138,Milwaukee Brewers,St. Louis Cardinals
2018,2018-06-22,530534,2018-06-23 00:40:00+00:00,R,N,1,115,146,Colorado Rockies,Miami Marlins
2018,2018-06-22,530542,2018-06-23 02:07:00+00:00,R,N,1,108,141,Los Angeles Angels,Toronto Blue Jays
2018,2018-06-22,530538,2018-06-23 02:15:00+00:00,R,N,1,137,135,San Francisco Giants,San Diego Padres
2018,2018-06-23,530556,2018-06-23 18:10:00+00:00,R,N,1,142,140,Minnesota Twins,Texas Rangers
2018,2018-06-23,530551,2018-06-23 18:10:00+00:00,R,N,1,145,133,Chicago White Sox,Oakland Athletics
2018,2018-06-23,530549,2018-06-23 19:10:00+00:00,R,N,1,115,146,Colorado Rockies,Miami Marlins
2018,2018-06-23,530543,2018-06-23 20:05:00+00:00,R,N,1,134,109,Pittsburgh Pirates,Arizona Diamondbacks
2018,2018-06-23,530553,2018-06-23 20:05:00+00:00,R,N,1,137,135,San Francisco Giants,San Diego Padres
2018,2018-06-23,530552,2018-06-23 20:05:00+00:00,R,N,1,120,143,Washington Nationals,Philadelphia Phillies
2018,2018-06-23,530545,2018-06-23 20:10:00+00:00,R,N,1,113,112,Cincinnati Reds,Chicago Cubs
2018,2018-06-23,530544,2018-06-23 20:10:00+00:00,R,N,1,144,110,Atlanta Braves,Baltimore Orioles
2018,2018-06-23,530550,2018-06-23 20:10:00+00:00,R,N,1,139,147,Tampa Bay Rays,New York Yankees
2018,2018-06-23,530555,2018-06-23 20:10:00+00:00,R,N,1,158,138,Milwaukee Brewers,St. Louis Cardinals
2018,2018-06-23,530546,2018-06-23 22:10:00+00:00,R,N,1,114,116,Cleveland Indians,Detroit Tigers
2018,2018-06-23,530547,2018-06-23 23:15:00+00:00,R,N,1,117,118,Houston Astros,Kansas City Royals
2018,2018-06-23,530548,2018-06-23 23:15:00+00:00,R,N,1,121,119,New York Mets,Los Angeles Dodgers
2018,2018-06-23,530554,2018-06-23 23:15:00+00:00,R,N,1,111,136,Boston Red Sox,Seattle Mariners
2018,2018-06-23,530557,2018-06-24 01:07:00+00:00,R,N,1,108,141,Los Angeles Angels,Toronto Blue Jays
2018,2018-06-24,530569,2018-06-24 17:05:00+00:00,R,N,1,111,136,Boston Red Sox,Seattle Mariners
2018,2018-06-24,530560,2018-06-24 17:10:00+00:00,R,N,1,113,112,Cincinnati Reds,Chicago Cubs
2018,2018-06-24,530561,2018-06-24 17:10:00+00:00,R,N,1,114,116,Cleveland Indians,Detroit Tigers
2018,2018-06-24,530563,2018-06-24 17:10:00+00:00,R,N,1,121,119,New York Mets,Los Angeles Dodgers
2018,2018-06-24,530565,2018-06-24 17:10:00+00:00,R,N,1,139,147,Tampa Bay Rays,New York Yankees
2018,2018-06-24,530558,2018-06-24 17:35:00+00:00,R,N,1,134,109,Pittsburgh Pirates,Arizona Diamondbacks
2018,2018-06-24,530559,2018-06-24 17:35:00+00:00,R,N,1,144,110,Atlanta Braves,Baltimore Orioles
2018,2018-06-24,530562,2018-06-24 18:10:00+00:00,R,N,1,117,118,Houston Astros,Kansas City Royals
2018,2018-06-24,530571,2018-06-24 18:10:00+00:00,R,N,1,142,140,Minnesota Twins,Texas Rangers
2018,2018-06-24,530566,2018-06-24 18:10:00+00:00,R,N,1,145,133,Chicago White Sox,Oakland Athletics
2018,2018-06-24,530570,2018-06-24 18:10:00+00:00,R,N,1,158,138,Milwaukee Brewers,St. Louis Cardinals
2018,2018-06-24,530564,2018-06-24 19:10:00+00:00,R,N,1,115,146,Colorado Rockies,Miami Marlins
2018,2018-06-24,530568,2018-06-24 20:05:00+00:00,R,N,1,137,135,San Francisco Giants,San Diego Padres
2018,2018-06-24,530572,2018-06-24 20:07:00+00:00,R,N,1,108,141,Los Angeles Angels,Toronto Blue Jays
2018,2018-06-24,530567,2018-06-25 00:05:00+00:00,R,N,1,120,143,Washington Nationals,Philadelphia Phillies
2018,2018-06-25,530578,2018-06-25 19:10:00+00:00,R,N,1,116,133,Detroit Tigers,Oakland Athletics
2018,2018-06-25,529632,2018-06-25 20:15:00+00:00,R,N,1,118,108,Kansas City Royals,Los Angeles Angels
2018,2018-06-25,530581,2018-06-25 23:05:00+00:00,R,N,1,110,136,Baltimore Orioles,Seattle Mariners
2018,2018-06-25,530577,2018-06-25 23:05:00+00:00,R,N,1,143,147,Philadelphia Phillies,New York Yankees
2018,2018-06-25,530579,2018-06-25 23:10:00+00:00,R,N,1,121,134,New York Mets,Pittsburgh Pirates
2018,2018-06-25,530583,2018-06-25 23:10:00+00:00,R,N,1,139,120,Tampa Bay Rays,Washington Nationals
2018,2018-06-25,530573,2018-06-25 23:10:00+00:00,R,N,1,146,109,Miami Marlins,Arizona Diamondbacks
2018,2018-06-25,530575,2018-06-25 23:35:00+00:00,R,N,1,144,113,Atlanta Braves,Cincinnati Reds
2018,2018-06-25,530580,2018-06-26 00:05:00+00:00,R,N,1,140,135,Texas Rangers,San Diego Padres
2018,2018-06-25,530582,2018-06-26 00:10:00+00:00,R,N,1,117,141,Houston Astros,Toronto Blue Jays
2018,2018-06-25,530576,2018-06-26 00:15:00+00:00,R,N,1,138,114,St. Louis Cardinals,Cleveland Indians
2018,2018-06-25,530574,2018-06-26 02:10:00+00:00,R,N,1,119,112,Los Angeles Dodgers,Chicago Cubs
2018,2018-06-26,530598,2018-06-26 16:10:00+00:00,R,N,1,139,120,Tampa Bay Rays,Washington Nationals
2018,2018-06-26,530596,2018-06-26 23:05:00+00:00,R,N,1,110,136,Baltimore Orioles,Seattle Mariners
2018,2018-06-26,530592,2018-06-26 23:05:00+00:00,R,N,1,143,147,Philadelphia Phillies,New York Yankees
2018,2018-06-26,530590,2018-06-26 23:10:00+00:00,R,N,1,111,108,Boston Red Sox,Los Angeles Angels
2018,2018-06-26,530593,2018-06-26 23:10:00+00:00,R,N,1,116,133,Detroit Tigers,Oakland Athletics
2018,2018-06-26,530594,2018-06-26 23:10:00+00:00,R,N,1,121,134,New York Mets,Pittsburgh Pirates
2018,2018-06-26,530584,2018-06-26 23:10:00+00:00,R,N,1,146,109,Miami Marlins,Arizona Diamondbacks
2018,2018-06-26,530586,2018-06-26 23:35:00+00:00,R,N,1,144,113,Atlanta Braves,Cincinnati Reds
2018,2018-06-26,530595,2018-06-27 00:05:00+00:00,R,N,1,140,135,Texas Rangers,San Diego Padres
2018,2018-06-26,530597,2018-06-27 00:10:00+00:00,R,N,1,117,141,Houston Astros,Toronto Blue Jays
2018,2018-06-26,530591,2018-06-27 00:10:00+00:00,R,N,1,145,142,Chicago White Sox,Minnesota Twins
2018,2018-06-26,530589,2018-06-27 00:10:00+00:00,R,N,1,158,118,Milwaukee Brewers,Kansas City Royals
2018,2018-06-26,530587,2018-06-27 00:15:00+00:00,R,N,1,138,114,St. Louis Cardinals,Cleveland Indians
2018,2018-06-26,530585,2018-06-27 02:10:00+00:00,R,N,1,119,112,Los Angeles Dodgers,Chicago Cubs
2018,2018-06-26,530588,2018-06-27 02:15:00+00:00,R,N,1,137,115,San Francisco Giants,Colorado Rockies
2018,2018-06-27,530601,2018-06-27 16:10:00+00:00,R,N,1,144,113,Atlanta Braves,Cincinnati Reds
2018,2018-06-27,530612,2018-06-27 18:10:00+00:00,R,N,1,117,141,Houston Astros,Toronto Blue Jays
2018,2018-06-27,530604,2018-06-27 18:10:00+00:00,R,N,1,158,118,Milwaukee Brewers,Kansas City Royals
2018,2018-06-27,530611,2018-06-27 23:05:00+00:00,R,N,1,110,136,Baltimore Orioles,Seattle Mariners
2018,2018-06-27,530607,2018-06-27 23:05:00+00:00,R,N,1,143,147,Philadelphia Phillies,New York Yankees
2018,2018-06-27,530605,2018-06-27 23:10:00+00:00,R,N,1,111,108,Boston Red Sox,Los Angeles Angels
2018,2018-06-27,530608,2018-06-27 23:10:00+00:00,R,N,1,116,133,Detroit Tigers,Oakland Athletics
2018,2018-06-27,530609,2018-06-27 23:10:00+00:00,R,N,1,121,134,New York Mets,Pittsburgh Pirates
2018,2018-06-27,530599,2018-06-27 23:10:00+00:00,R,N,1,146,109,Miami Marlins,Arizona Diamondbacks
2018,2018-06-27,530610,2018-06-28 00:05:00+00:00,R,N,1,140,135,Texas Rangers,San Diego Padres
2018,2018-06-27,530606,2018-06-28 00:10:00+00:00,R,N,1,145,142,Chicago White Sox,Minnesota Twins
2018,2018-06-27,530602,2018-06-28 00:15:00+00:00,R,N,1,138,114,St. Louis Cardinals,Cleveland Indians
2018,2018-06-27,530600,2018-06-28 02:10:00+00:00,R,N,1,119,112,Los Angeles Dodgers,Chicago Cubs
2018,2018-06-27,530603,2018-06-28 02:15:00+00:00,R,N,1,137,115,San Francisco Giants,Colorado Rockies
2018,2018-06-28,530613,2018-06-28 16:10:00+00:00,R,N,1,146,109,Miami Marlins,Arizona Diamondbacks
2018,2018-06-28,530620,2018-06-28 17:10:00+00:00,R,N,1,116,133,Detroit Tigers,Oakland Athletics
2018,2018-06-28,530619,2018-06-28 18:10:00+00:00,R,N,1,145,142,Chicago White Sox,Minnesota Twins
2018,2018-06-28,530621,2018-06-28 19:05:00+00:00,R,N,1,110,136,Baltimore Orioles,Seattle Mariners
2018,2018-06-28,530614,2018-06-28 19:10:00+00:00,R,N,1,119,112,Los Angeles Dodgers,Chicago Cubs
2018,2018-06-28,530615,2018-06-28 19:45:00+00:00,R,N,1,137,115,San Francisco Giants,Colorado Rockies
2018,2018-06-28,530622,2018-06-28 23:05:00+00:00,R,N,1,143,120,Philadelphia Phillies,Washington Nationals
2018,2018-06-28,530617,2018-06-28 23:10:00+00:00,R,N,1,111,108,Boston Red Sox,Los Angeles Angels
2018,2018-06-28,530616,2018-06-28 23:10:00+00:00,R,N,1,139,117,Tampa Bay Rays,Houston Astros
2018,2018-06-28,530618,2018-06-28 23:10:00+00:00,R,N,1,113,158,Cincinnati Reds,Milwaukee Brewers
2018,2018-06-29,530633,2018-06-29 21:05:00+00:00,R,N,1,112,142,Chicago Cubs,Minnesota Twins
2018,2018-06-29,530631,2018-06-29 23:05:00+00:00,R,N,1,110,108,Baltimore Orioles,Los Angeles Angels
2018,2018-06-29,530637,2018-06-29 23:05:00+00:00,R,N,1,143,120,Philadelphia Phillies,Washington Nationals
2018,2018-06-29,530624,2018-06-29 23:05:00+00:00,R,N,1,147,111,New York Yankees,Boston Red Sox
2018,2018-06-29,530628,2018-06-29 23:07:00+00:00,R,N,1,141,116,Toronto Blue Jays,Detroit Tigers
2018,2018-06-29,530629,2018-06-29 23:10:00+00:00,R,N,1,139,117,Tampa Bay Rays,Houston Astros
2018,2018-06-29,530634,2018-06-29 23:10:00+00:00,R,N,1,146,121,Miami Marlins,New York Mets
2018,2018-06-29,530632,2018-06-29 23:10:00+00:00,R,N,1,113,158,Cincinnati Reds,Milwaukee Brewers
2018,2018-06-29,530625,2018-06-30 00:05:00+00:00,R,N,1,140,145,Texas Rangers,Chicago White Sox
2018,2018-06-29,530623,2018-06-30 00:15:00+00:00,R,N,1,138,144,St. Louis Cardinals,Atlanta Braves
2018,2018-06-29,530636,2018-06-30 01:40:00+00:00,R,N,1,109,137,Arizona Diamondbacks,San Francisco Giants
2018,2018-06-29,530626,2018-06-30 02:05:00+00:00,R,N,1,133,114,Oakland Athletics,Cleveland Indians
2018,2018-06-29,530627,2018-06-30 02:10:00+00:00,R,N,1,119,115,Los Angeles Dodgers,Colorado Rockies
2018,2018-06-29,530635,2018-06-30 02:10:00+00:00,R,N,1,135,134,San Diego Padres,Pittsburgh Pirates
2018,2018-06-29,530630,2018-06-30 02:10:00+00:00,R,N,1,136,118,Seattle Mariners,Kansas City Royals
2018,2018-06-30,530643,2018-06-30 17:07:00+00:00,R,N,1,141,116,Toronto Blue Jays,Detroit Tigers
2018,2018-06-30,530648,2018-06-30 18:20:00+00:00,R,N,1,112,142,Chicago Cubs,Minnesota Twins
2018,2018-06-30,530646,2018-06-30 20:05:00+00:00,R,N,1,110,108,Baltimore Orioles,Los Angeles Angels
2018,2018-06-30,530641,2018-06-30 20:05:00+00:00,R,N,1,133,114,Oakland Athletics,Cleveland Indians
2018,2018-06-30,530644,2018-06-30 20:10:00+00:00,R,N,1,139,117,Tampa Bay Rays,Houston Astros
2018,2018-06-30,530649,2018-06-30 20:10:00+00:00,R,N,1,146,121,Miami Marlins,New York Mets
2018,2018-06-30,530647,2018-06-30 20:10:00+00:00,R,N,1,113,158,Cincinnati Reds,Milwaukee Brewers
2018,2018-06-30,530652,2018-06-30 22:05:00+00:00,R,N,1,143,120,Philadelphia Phillies,Washington Nationals
2018,2018-06-30,530642,2018-06-30 23:15:00+00:00,R,N,1,119,115,Los Angeles Dodgers,Colorado Rockies
2018,2018-06-30,530638,2018-06-30 23:15:00+00:00,R,N,1,138,144,St. Louis Cardinals,Atlanta Braves
2018,2018-06-30,530639,2018-06-30 23:15:00+00:00,R,N,1,147,111,New York Yankees,Boston Red Sox
2018,2018-06-30,530640,2018-07-01 01:05:00+00:00,R,N,1,140,145,Texas Rangers,Chicago White Sox
2018,2018-06-30,530650,2018-07-01 02:10:00+00:00,R,N,1,135,134,San Diego Padres,Pittsburgh Pirates
2018,2018-06-30,530645,2018-07-01 02:10:00+00:00,R,N,1,136,118,Seattle Mariners,Kansas City Royals
2018,2018-06-30,530651,2018-07-01 02:10:00+00:00,R,N,1,109,137,Arizona Diamondbacks,San Francisco Giants
2018,2018-07-01,530661,2018-07-01 17:05:00+00:00,R,N,1,110,108,Baltimore Orioles,Los Angeles Angels
2018,2018-07-01,530658,2018-07-01 17:07:00+00:00,R,N,1,141,116,Toronto Blue Jays,Detroit Tigers
2018,2018-07-01,530659,2018-07-01 17:10:00+00:00,R,N,1,139,117,Tampa Bay Rays,Houston Astros
2018,2018-07-01,530664,2018-07-01 17:10:00+00:00,R,N,1,146,121,Miami Marlins,New York Mets
2018,2018-07-01,530662,2018-07-01 17:10:00+00:00,R,N,1,113,158,Cincinnati Reds,Milwaukee Brewers
2018,2018-07-01,530667,2018-07-01 17:35:00+00:00,R,N,1,143,120,Philadelphia Phillies,Washington Nationals
2018,2018-07-01,530653,2018-07-01 18:15:00+00:00,R,N,1,138,144,St. Louis Cardinals,Atlanta Braves
2018,2018-07-01,530663,2018-07-01 18:20:00+00:00,R,N,1,112,142,Chicago Cubs,Minnesota Twins
2018,2018-07-01,530655,2018-07-01 19:05:00+00:00,R,N,1,140,145,Texas Rangers,Chicago White Sox
2018,2018-07-01,530656,2018-07-01 20:05:00+00:00,R,N,1,133,114,Oakland Athletics,Cleveland Indians
2018,2018-07-01,530657,2018-07-01 20:10:00+00:00,R,N,1,119,115,Los Angeles Dodgers,Colorado Rockies
2018,2018-07-01,530665,2018-07-01 20:10:00+00:00,R,N,1,135,134,San Diego Padres,Pittsburgh Pirates
2018,2018-07-01,530660,2018-07-01 20:10:00+00:00,R,N,1,136,118,Seattle Mariners,Kansas City Royals
2018,2018-07-01,530666,2018-07-01 20:10:00+00:00,R,N,1,109,137,Arizona Diamondbacks,San Francisco Giants
2018,2018-07-01,530654,2018-07-02 00:05:00+00:00,R,N,1,147,111,New York Yankees,Boston Red Sox
2018,2018-07-02,530672,2018-07-02 17:07:00+00:00,R,N,1,141,116,Toronto Blue Jays,Detroit Tigers
2018,2018-07-02,530669,2018-07-02 23:05:00+00:00,R,N,1,120,111,Washington Nationals,Boston Red Sox
2018,2018-07-02,530668,2018-07-02 23:05:00+00:00,R,N,1,147,144,New York Yankees,Atlanta Braves
2018,2018-07-02,530670,2018-07-02 23:10:00+00:00,R,N,1,113,145,Cincinnati Reds,Chicago White Sox
2018,2018-07-02,530677,2018-07-02 23:10:00+00:00,R,N,1,146,139,Miami Marlins,Tampa Bay Rays
2018,2018-07-02,530673,2018-07-03 00:10:00+00:00,R,N,1,158,142,Milwaukee Brewers,Minnesota Twins
2018,2018-07-02,530671,2018-07-03 00:15:00+00:00,R,N,1,118,114,Kansas City Royals,Cleveland Indians
2018,2018-07-02,530675,2018-07-03 00:40:00+00:00,R,N,1,115,137,Colorado Rockies,San Francisco Giants
2018,2018-07-02,530676,2018-07-03 01:40:00+00:00,R,N,1,109,138,Arizona Diamondbacks,St. Louis Cardinals
2018,2018-07-02,530674,2018-07-03 02:10:00+00:00,R,N,1,119,134,Los Angeles Dodgers,Pittsburgh Pirates
2018,2018-07-03,530683,2018-07-03 18:20:00+00:00,R,N,1,112,116,Chicago Cubs,Detroit Tigers
2018,2018-07-03,530686,2018-07-03 20:10:00+00:00,R,N,1,158,142,Milwaukee Brewers,Minnesota Twins
2018,2018-07-03,530680,2018-07-03 22:05:00+00:00,R,N,1,120,111,Washington Nationals,Boston Red Sox
2018,2018-07-03,530679,2018-07-03 23:05:00+00:00,R,N,1,143,110,Philadelphia Phillies,Baltimore Orioles
2018,2018-07-03,530678,2018-07-03 23:05:00+00:00,R,N,1,147,144,New York Yankees,Atlanta Braves
2018,2018-07-03,530687,2018-07-03 23:07:00+00:00,R,N,1,141,121,Toronto Blue Jays,New York Mets
2018,2018-07-03,530681,2018-07-03 23:10:00+00:00,R,N,1,113,145,Cincinnati Reds,Chicago White Sox
2018,2018-07-03,530692,2018-07-03 23:10:00+00:00,R,N,1,146,139,Miami Marlins,Tampa Bay Rays
2018,2018-07-03,530684,2018-07-04 00:05:00+00:00,R,N,1,140,117,Texas Rangers,Houston Astros
2018,2018-07-03,530690,2018-07-04 00:10:00+00:00,R,N,1,115,137,Colorado Rockies,San Francisco Giants
2018,2018-07-03,530682,2018-07-04 00:15:00+00:00,R,N,1,118,114,Kansas City Royals,Cleveland Indians
2018,2018-07-03,530689,2018-07-04 01:05:00+00:00,R,N,1,133,135,Oakland Athletics,San Diego Padres
2018,2018-07-03,530691,2018-07-04 01:40:00+00:00,R,N,1,109,138,Arizona Diamondbacks,St. Louis Cardinals
2018,2018-07-03,530688,2018-07-04 02:10:00+00:00,R,N,1,119,134,Los Angeles Dodgers,Pittsburgh Pirates
2018,2018-07-03,530685,2018-07-04 02:10:00+00:00,R,N,1,136,108,Seattle Mariners,Los Angeles Angels
2018,2018-07-04,530695,2018-07-04 15:05:00+00:00,R,N,1,120,111,Washington Nationals,Boston Red Sox
2018,2018-07-04,530693,2018-07-04 17:05:00+00:00,R,N,1,147,144,New York Yankees,Atlanta Braves
2018,2018-07-04,530707,2018-07-04 17:10:00+00:00,R,N,1,146,139,Miami Marlins,Tampa Bay Rays
2018,2018-07-04,530698,2018-07-04 18:20:00+00:00,R,N,1,112,116,Chicago Cubs,Detroit Tigers
2018,2018-07-04,530704,2018-07-04 20:05:00+00:00,R,N,1,133,135,Oakland Athletics,San Diego Padres
2018,2018-07-04,530694,2018-07-04 20:05:00+00:00,R,N,1,143,110,Philadelphia Phillies,Baltimore Orioles
2018,2018-07-04,530700,2018-07-04 20:10:00+00:00,R,N,1,136,108,Seattle Mariners,Los Angeles Angels
2018,2018-07-04,530701,2018-07-04 20:10:00+00:00,R,N,1,158,142,Milwaukee Brewers,Minnesota Twins
2018,2018-07-04,530699,2018-07-04 23:05:00+00:00,R,N,1,140,117,Texas Rangers,Houston Astros
2018,2018-07-04,530702,2018-07-04 23:07:00+00:00,R,N,1,141,121,Toronto Blue Jays,New York Mets
2018,2018-07-04,530696,2018-07-04 23:10:00+00:00,R,N,1,113,145,Cincinnati Reds,Chicago White Sox
2018,2018-07-04,530703,2018-07-05 00:10:00+00:00,R,N,1,119,134,Los Angeles Dodgers,Pittsburgh Pirates
2018,2018-07-04,530705,2018-07-05 00:10:00+00:00,R,N,1,115,137,Colorado Rockies,San Francisco Giants
2018,2018-07-04,530697,2018-07-05 00:15:00+00:00,R,N,1,118,114,Kansas City Royals,Cleveland Indians
2018,2018-07-04,530706,2018-07-05 02:10:00+00:00,R,N,1,109,138,Arizona Diamondbacks,St. Louis Cardinals
2018,2018-07-05,530712,2018-07-05 23:05:00+00:00,R,N,1,120,146,Washington Nationals,Miami Marlins
2018,2018-07-05,530715,2018-07-05 23:10:00+00:00,R,N,1,116,140,Detroit Tigers,Texas Rangers
2018,2018-07-05,530709,2018-07-06 00:10:00+00:00,R,N,1,142,110,Minnesota Twins,Baltimore Orioles
2018,2018-07-05,530710,2018-07-06 00:10:00+00:00,R,N,1,117,145,Houston Astros,Chicago White Sox
2018,2018-07-05,530708,2018-07-06 00:10:00+00:00,R,N,1,158,144,Milwaukee Brewers,Atlanta Braves
2018,2018-07-05,530713,2018-07-06 01:40:00+00:00,R,N,1,109,135,Arizona Diamondbacks,San Diego Padres
2018,2018-07-05,530711,2018-07-06 02:10:00+00:00,R,N,1,136,108,Seattle Mariners,Los Angeles Angels
2018,2018-07-05,530714,2018-07-06 02:15:00+00:00,R,N,1,137,138,San Francisco Giants,St. Louis Cardinals
2018,2018-07-06,530720,2018-07-06 18:20:00+00:00,R,N,1,112,113,Chicago Cubs,Cincinnati Reds
2018,2018-07-06,530726,2018-07-06 23:05:00+00:00,R,N,1,134,143,Pittsburgh Pirates,Philadelphia Phillies
2018,2018-07-06,530723,2018-07-06 23:05:00+00:00,R,N,1,120,146,Washington Nationals,Miami Marlins
2018,2018-07-06,530724,2018-07-06 23:07:00+00:00,R,N,1,141,147,Toronto Blue Jays,New York Yankees
2018,2018-07-06,530725,2018-07-06 23:10:00+00:00,R,N,1,114,133,Cleveland Indians,Oakland Athletics
2018,2018-07-06,530729,2018-07-06 23:10:00+00:00,R,N,1,121,139,New York Mets,Tampa Bay Rays
2018,2018-07-06,530730,2018-07-06 23:10:00+00:00,R,N,1,116,140,Detroit Tigers,Texas Rangers
2018,2018-07-06,530717,2018-07-07 00:10:00+00:00,R,N,1,142,110,Minnesota Twins,Baltimore Orioles
2018,2018-07-06,530719,2018-07-07 00:10:00+00:00,R,N,1,117,145,Houston Astros,Chicago White Sox
2018,2018-07-06,530716,2018-07-07 00:10:00+00:00,R,N,1,158,144,Milwaukee Brewers,Atlanta Braves
2018,2018-07-06,530718,2018-07-07 00:15:00+00:00,R,N,1,118,111,Kansas City Royals,Boston Red Sox
2018,2018-07-06,530727,2018-07-07 01:40:00+00:00,R,N,1,109,135,Arizona Diamondbacks,San Diego Padres
2018,2018-07-06,530722,2018-07-07 02:07:00+00:00,R,N,1,108,119,Los Angeles Angels,Los Angeles Dodgers
2018,2018-07-06,530721,2018-07-07 02:10:00+00:00,R,N,1,136,115,Seattle Mariners,Colorado Rockies
2018,2018-07-06,530728,2018-07-07 02:15:00+00:00,R,N,1,137,138,San Francisco Giants,St. Louis Cardinals
2018,2018-07-07,530732,2018-07-07 18:10:00+00:00,R,N,1,142,110,Minnesota Twins,Baltimore Orioles
2018,2018-07-07,530735,2018-07-07 18:20:00+00:00,R,N,1,112,113,Chicago Cubs,Cincinnati Reds
2018,2018-07-07,530743,2018-07-07 20:05:00+00:00,R,N,1,137,138,San Francisco Giants,St. Louis Cardinals
2018,2018-07-07,530741,2018-07-07 20:05:00+00:00,R,N,1,134,143,Pittsburgh Pirates,Philadelphia Phillies
2018,2018-07-07,530739,2018-07-07 20:07:00+00:00,R,N,1,141,147,Toronto Blue Jays,New York Yankees
2018,2018-07-07,530740,2018-07-07 20:10:00+00:00,R,N,1,114,133,Cleveland Indians,Oakland Athletics
2018,2018-07-07,530736,2018-07-07 20:10:00+00:00,R,N,1,136,115,Seattle Mariners,Colorado Rockies
2018,2018-07-07,530744,2018-07-07 20:10:00+00:00,R,N,1,121,139,New York Mets,Tampa Bay Rays
2018,2018-07-07,530745,2018-07-07 20:10:00+00:00,R,N,1,116,140,Detroit Tigers,Texas Rangers
2018,2018-07-07,530734,2018-07-07 20:10:00+00:00,R,N,1,117,145,Houston Astros,Chicago White Sox
2018,2018-07-07,530731,2018-07-07 20:10:00+00:00,R,N,1,158,144,Milwaukee Brewers,Atlanta Braves
2018,2018-07-07,530733,2018-07-07 23:15:00+00:00,R,N,1,118,111,Kansas City Royals,Boston Red Sox
2018,2018-07-07,530737,2018-07-07 23:15:00+00:00,R,N,1,108,119,Los Angeles Angels,Los Angeles Dodgers
2018,2018-07-07,530738,2018-07-07 23:15:00+00:00,R,N,1,120,146,Washington Nationals,Miami Marlins
2018,2018-07-07,530742,2018-07-08 02:10:00+00:00,R,N,1,109,135,Arizona Diamondbacks,San Diego Padres
2018,2018-07-08,530754,2018-07-08 17:07:00+00:00,R,N,1,141,147,Toronto Blue Jays,New York Yankees
2018,2018-07-08,530755,2018-07-08 17:10:00+00:00,R,N,1,114,133,Cleveland Indians,Oakland Athletics
2018,2018-07-08,530759,2018-07-08 17:10:00+00:00,R,N,1,121,139,New York Mets,Tampa Bay Rays
2018,2018-07-08,530760,2018-07-08 17:10:00+00:00,R,N,1,116,140,Detroit Tigers,Texas Rangers
2018,2018-07-08,530756,2018-07-08 17:35:00+00:00,R,N,1,134,143,Pittsburgh Pirates,Philadelphia Phillies
2018,2018-07-08,530753,2018-07-08 17:35:00+00:00,R,N,1,120,146,Washington Nationals,Miami Marlins
2018,2018-07-08,530747,2018-07-08 18:10:00+00:00,R,N,1,142,110,Minnesota Twins,Baltimore Orioles
2018,2018-07-08,530749,2018-07-08 18:10:00+00:00,R,N,1,117,145,Houston Astros,Chicago White Sox
2018,2018-07-08,530746,2018-07-08 18:10:00+00:00,R,N,1,158,144,Milwaukee Brewers,Atlanta Braves
2018,2018-07-08,530748,2018-07-08 18:15:00+00:00,R,N,1,118,111,Kansas City Royals,Boston Red Sox
2018,2018-07-08,530750,2018-07-08 18:20:00+00:00,R,N,1,112,113,Chicago Cubs,Cincinnati Reds
2018,2018-07-08,530758,2018-07-08 20:05:00+00:00,R,N,1,137,138,San Francisco Giants,St. Louis Cardinals
2018,2018-07-08,530757,2018-07-08 20:10:00+00:00,R,N,1,109,135,Arizona Diamondbacks,San Diego Padres
2018,2018-07-08,530751,2018-07-08 20:10:00+00:00,R,N,1,136,115,Seattle Mariners,Colorado Rockies
2018,2018-07-08,530752,2018-07-09 00:05:00+00:00,R,N,1,108,119,Los Angeles Angels,Los Angeles Dodgers
2018,2018-07-09,530249,2018-07-09 20:05:00+00:00,R,Y,1,110,147,Baltimore Orioles,New York Yankees
2018,2018-07-09,530767,2018-07-09 20:10:00+00:00,R,Y,2,110,147,Baltimore Orioles,New York Yankees
2018,2018-07-09,530769,2018-07-09 20:10:00+00:00,R,Y,1,121,143,New York Mets,Philadelphia Phillies
2018,2018-07-09,529466,2018-07-09 20:15:00+00:00,R,Y,2,121,143,New York Mets,Philadelphia Phillies
2018,2018-07-09,530771,2018-07-09 23:05:00+00:00,R,N,1,134,120,Pittsburgh Pirates,Washington Nationals
2018,2018-07-09,530762,2018-07-09 23:10:00+00:00,R,N,1,114,113,Cleveland Indians,Cincinnati Reds
2018,2018-07-09,530763,2018-07-09 23:10:00+00:00,R,N,1,139,116,Tampa Bay Rays,Detroit Tigers
2018,2018-07-09,530770,2018-07-09 23:10:00+00:00,R,N,1,111,140,Boston Red Sox,Texas Rangers
2018,2018-07-09,530766,2018-07-09 23:10:00+00:00,R,N,1,146,158,Miami Marlins,Milwaukee Brewers
2018,2018-07-09,530768,2018-07-10 00:10:00+00:00,R,N,1,117,133,Houston Astros,Oakland Athletics
2018,2018-07-09,530764,2018-07-10 00:10:00+00:00,R,N,1,142,118,Minnesota Twins,Kansas City Royals
2018,2018-07-09,530765,2018-07-10 02:10:00+00:00,R,N,1,135,119,San Diego Padres,Los Angeles Dodgers
2018,2018-07-09,530761,2018-07-10 02:15:00+00:00,R,N,1,137,112,San Francisco Giants,Chicago Cubs
2018,2018-07-10,530786,2018-07-10 23:05:00+00:00,R,N,1,134,120,Pittsburgh Pirates,Washington Nationals
2018,2018-07-10,530779,2018-07-10 23:05:00+00:00,R,N,1,110,147,Baltimore Orioles,New York Yankees
2018,2018-07-10,530774,2018-07-10 23:10:00+00:00,R,N,1,114,113,Cleveland Indians,Cincinnati Reds
2018,2018-07-10,530775,2018-07-10 23:10:00+00:00,R,N,1,139,116,Tampa Bay Rays,Detroit Tigers
2018,2018-07-10,530784,2018-07-10 23:10:00+00:00,R,N,1,111,140,Boston Red Sox,Texas Rangers
2018,2018-07-10,530781,2018-07-10 23:10:00+00:00,R,N,1,121,143,New York Mets,Philadelphia Phillies
2018,2018-07-10,530778,2018-07-10 23:10:00+00:00,R,N,1,146,158,Miami Marlins,Milwaukee Brewers
2018,2018-07-10,530785,2018-07-10 23:35:00+00:00,R,N,1,144,141,Atlanta Braves,Toronto Blue Jays
2018,2018-07-10,530780,2018-07-11 00:10:00+00:00,R,N,1,117,133,Houston Astros,Oakland Athletics
2018,2018-07-10,530776,2018-07-11 00:10:00+00:00,R,N,1,142,118,Minnesota Twins,Kansas City Royals
2018,2018-07-10,530783,2018-07-11 00:10:00+00:00,R,N,1,145,138,Chicago White Sox,St. Louis Cardinals
2018,2018-07-10,530772,2018-07-11 00:40:00+00:00,R,N,1,115,109,Colorado Rockies,Arizona Diamondbacks
2018,2018-07-10,530782,2018-07-11 02:07:00+00:00,R,N,1,108,136,Los Angeles Angels,Seattle Mariners
2018,2018-07-10,530777,2018-07-11 02:10:00+00:00,R,N,1,135,119,San Diego Padres,Los Angeles Dodgers
2018,2018-07-10,530773,2018-07-11 02:15:00+00:00,R,N,1,137,112,San Francisco Giants,Chicago Cubs
2018,2018-07-11,530790,2018-07-11 16:10:00+00:00,R,N,1,139,116,Tampa Bay Rays,Detroit Tigers
2018,2018-07-11,530801,2018-07-11 16:35:00+00:00,R,N,1,134,120,Pittsburgh Pirates,Washington Nationals
2018,2018-07-11,530791,2018-07-11 17:10:00+00:00,R,N,1,142,118,Minnesota Twins,Kansas City Royals
2018,2018-07-11,530788,2018-07-11 19:45:00+00:00,R,N,1,137,112,San Francisco Giants,Chicago Cubs
2018,2018-07-11,530794,2018-07-11 23:05:00+00:00,R,N,1,110,147,Baltimore Orioles,New York Yankees
2018,2018-07-11,530789,2018-07-11 23:10:00+00:00,R,N,1,114,113,Cleveland Indians,Cincinnati Reds
2018,2018-07-11,530799,2018-07-11 23:10:00+00:00,R,N,1,111,140,Boston Red Sox,Texas Rangers
2018,2018-07-11,530796,2018-07-11 23:10:00+00:00,R,N,1,121,143,New York Mets,Philadelphia Phillies
2018,2018-07-11,530793,2018-07-11 23:10:00+00:00,R,N,1,146,158,Miami Marlins,Milwaukee Brewers
2018,2018-07-11,530800,2018-07-11 23:35:00+00:00,R,N,1,144,141,Atlanta Braves,Toronto Blue Jays
2018,2018-07-11,530795,2018-07-12 00:10:00+00:00,R,N,1,117,133,Houston Astros,Oakland Athletics
2018,2018-07-11,530798,2018-07-12 00:10:00+00:00,R,N,1,145,138,Chicago White Sox,St. Louis Cardinals
2018,2018-07-11,530787,2018-07-12 00:40:00+00:00,R,N,1,115,109,Colorado Rockies,Arizona Diamondbacks
2018,2018-07-11,530797,2018-07-12 02:07:00+00:00,R,N,1,108,136,Los Angeles Angels,Seattle Mariners
2018,2018-07-11,530792,2018-07-12 02:10:00+00:00,R,N,1,135,119,San Diego Padres,Los Angeles Dodgers
2018,2018-07-12,530806,2018-07-12 18:10:00+00:00,R,N,1,117,133,Houston Astros,Oakland Athletics
2018,2018-07-12,530802,2018-07-12 19:10:00+00:00,R,N,1,115,109,Colorado Rockies,Arizona Diamondbacks
2018,2018-07-12,530034,2018-07-12 22:05:00+00:00,R,N,1,110,143,Baltimore Orioles,Philadelphia Phillies
2018,2018-07-12,530804,2018-07-12 23:05:00+00:00,R,N,1,134,158,Pittsburgh Pirates,Milwaukee Brewers
2018,2018-07-12,530810,2018-07-12 23:10:00+00:00,R,N,1,121,120,New York Mets,Washington Nationals
2018,2018-07-12,530809,2018-07-12 23:10:00+00:00,R,N,1,111,141,Boston Red Sox,Toronto Blue Jays
2018,2018-07-12,530805,2018-07-12 23:10:00+00:00,R,N,1,114,147,Cleveland Indians,New York Yankees
2018,2018-07-12,530808,2018-07-13 00:10:00+00:00,R,N,1,142,139,Minnesota Twins,Tampa Bay Rays
2018,2018-07-12,530807,2018-07-13 02:07:00+00:00,R,N,1,108,136,Los Angeles Angels,Seattle Mariners
2018,2018-07-12,530803,2018-07-13 02:10:00+00:00,R,N,1,135,119,San Diego Padres,Los Angeles Dodgers
2018,2018-07-13,530823,2018-07-13 23:05:00+00:00,R,N,1,110,140,Baltimore Orioles,Texas Rangers
2018,2018-07-13,530817,2018-07-13 23:05:00+00:00,R,N,1,134,158,Pittsburgh Pirates,Milwaukee Brewers
2018,2018-07-13,530825,2018-07-13 23:10:00+00:00,R,N,1,121,120,New York Mets,Washington Nationals
2018,2018-07-13,530824,2018-07-13 23:10:00+00:00,R,N,1,111,141,Boston Red Sox,Toronto Blue Jays
2018,2018-07-13,530820,2018-07-13 23:10:00+00:00,R,N,1,146,143,Miami Marlins,Philadelphia Phillies
2018,2018-07-13,530818,2018-07-13 23:10:00+00:00,R,N,1,114,147,Cleveland Indians,New York Yankees
2018,2018-07-13,530811,2018-07-13 23:35:00+00:00,R,N,1,144,109,Atlanta Braves,Arizona Diamondbacks
2018,2018-07-13,530814,2018-07-14 00:10:00+00:00,R,N,1,117,116,Houston Astros,Detroit Tigers
2018,2018-07-13,530822,2018-07-14 00:10:00+00:00,R,N,1,142,139,Minnesota Twins,Tampa Bay Rays
2018,2018-07-13,530815,2018-07-14 00:10:00+00:00,R,N,1,145,118,Chicago White Sox,Kansas City Royals
2018,2018-07-13,530813,2018-07-14 00:15:00+00:00,R,N,1,138,113,St. Louis Cardinals,Cincinnati Reds
2018,2018-07-13,530821,2018-07-14 00:40:00+00:00,R,N,1,115,136,Colorado Rockies,Seattle Mariners
2018,2018-07-13,530816,2018-07-14 02:10:00+00:00,R,N,1,119,108,Los Angeles Dodgers,Los Angeles Angels
2018,2018-07-13,530812,2018-07-14 02:10:00+00:00,R,N,1,135,112,San Diego Padres,Chicago Cubs
2018,2018-07-13,530819,2018-07-14 02:15:00+00:00,R,N,1,137,133,San Francisco Giants,Oakland Athletics
2018,2018-07-14,530832,2018-07-14 16:35:00+00:00,R,Y,1,134,158,Pittsburgh Pirates,Milwaukee Brewers
2018,2018-07-14,530511,2018-07-14 16:40:00+00:00,R,Y,2,134,158,Pittsburgh Pirates,Milwaukee Brewers
2018,2018-07-14,530839,2018-07-14 17:05:00+00:00,R,N,1,111,141,Boston Red Sox,Toronto Blue Jays
2018,2018-07-14,530837,2018-07-14 18:10:00+00:00,R,N,1,142,139,Minnesota Twins,Tampa Bay Rays
2018,2018-07-14,530830,2018-07-14 18:10:00+00:00,R,N,1,145,118,Chicago White Sox,Kansas City Royals
2018,2018-07-14,530829,2018-07-14 20:10:00+00:00,R,N,1,117,116,Houston Astros,Detroit Tigers
2018,2018-07-14,530840,2018-07-14 20:10:00+00:00,R,N,1,121,120,New York Mets,Washington Nationals
2018,2018-07-14,530828,2018-07-14 20:10:00+00:00,R,N,1,138,113,St. Louis Cardinals,Cincinnati Reds
2018,2018-07-14,530826,2018-07-14 20:10:00+00:00,R,N,1,144,109,Atlanta Braves,Arizona Diamondbacks
2018,2018-07-14,530835,2018-07-14 20:10:00+00:00,R,N,1,146,143,Miami Marlins,Philadelphia Phillies
2018,2018-07-14,530831,2018-07-14 23:15:00+00:00,R,N,1,119,108,Los Angeles Dodgers,Los Angeles Angels
2018,2018-07-14,530838,2018-07-14 23:15:00+00:00,R,N,1,110,140,Baltimore Orioles,Texas Rangers
2018,2018-07-14,530833,2018-07-14 23:15:00+00:00,R,N,1,114,147,Cleveland Indians,New York Yankees
2018,2018-07-14,530836,2018-07-15 01:10:00+00:00,R,N,1,115,136,Colorado Rockies,Seattle Mariners
2018,2018-07-14,530834,2018-07-15 02:05:00+00:00,R,N,1,137,133,San Francisco Giants,Oakland Athletics
2018,2018-07-14,530827,2018-07-15 02:10:00+00:00,R,N,1,135,112,San Diego Padres,Chicago Cubs
2018,2018-07-15,530853,2018-07-15 17:05:00+00:00,R,N,1,110,140,Baltimore Orioles,Texas Rangers
2018,2018-07-15,530854,2018-07-15 17:05:00+00:00,R,N,1,111,141,Boston Red Sox,Toronto Blue Jays
2018,2018-07-15,530855,2018-07-15 17:10:00+00:00,R,N,1,121,120,New York Mets,Washington Nationals
2018,2018-07-15,530850,2018-07-15 17:10:00+00:00,R,N,1,146,143,Miami Marlins,Philadelphia Phillies
2018,2018-07-15,530848,2018-07-15 17:10:00+00:00,R,N,1,114,147,Cleveland Indians,New York Yankees
2018,2018-07-15,530841,2018-07-15 17:35:00+00:00,R,N,1,144,109,Atlanta Braves,Arizona Diamondbacks
2018,2018-07-15,530847,2018-07-15 17:35:00+00:00,R,N,1,134,158,Pittsburgh Pirates,Milwaukee Brewers
2018,2018-07-15,530844,2018-07-15 18:10:00+00:00,R,N,1,117,116,Houston Astros,Detroit Tigers
2018,2018-07-15,530852,2018-07-15 18:10:00+00:00,R,N,1,142,139,Minnesota Twins,Tampa Bay Rays
2018,2018-07-15,530845,2018-07-15 18:10:00+00:00,R,N,1,145,118,Chicago White Sox,Kansas City Royals
2018,2018-07-15,530843,2018-07-15 18:15:00+00:00,R,N,1,138,113,St. Louis Cardinals,Cincinnati Reds
2018,2018-07-15,530851,2018-07-15 19:10:00+00:00,R,N,1,115,136,Colorado Rockies,Seattle Mariners
2018,2018-07-15,530849,2018-07-15 20:05:00+00:00,R,N,1,137,133,San Francisco Giants,Oakland Athletics
2018,2018-07-15,530846,2018-07-15 20:10:00+00:00,R,N,1,119,108,Los Angeles Dodgers,Los Angeles Angels
2018,2018-07-15,530842,2018-07-15 20:10:00+00:00,R,N,1,135,112,San Diego Padres,Chicago Cubs
2018,2018-07-19,530857,2018-07-19 23:05:00+00:00,R,N,1,112,138,Chicago Cubs,St. Louis Cardinals
2018,2018-07-20,530872,2018-07-20 18:20:00+00:00,R,N,1,112,138,Chicago Cubs,St. Louis Cardinals
2018,2018-07-20,530870,2018-07-20 23:05:00+00:00,R,N,1,143,135,Philadelphia Phillies,San Diego Padres
2018,2018-07-20,530858,2018-07-20 23:05:00+00:00,R,N,1,120,144,Washington Nationals,Atlanta Braves
2018,2018-07-20,530868,2018-07-20 23:05:00+00:00,R,N,1,147,121,New York Yankees,New York Mets
2018,2018-07-20,530859,2018-07-20 23:07:00+00:00,R,N,1,141,110,Toronto Blue Jays,Baltimore Orioles
2018,2018-07-20,530860,2018-07-20 23:10:00+00:00,R,N,1,116,111,Detroit Tigers,Boston Red Sox
2018,2018-07-20,530869,2018-07-20 23:10:00+00:00,R,N,1,113,134,Cincinnati Reds,Pittsburgh Pirates
2018,2018-07-20,530866,2018-07-20 23:10:00+00:00,R,N,1,139,146,Tampa Bay Rays,Miami Marlins
2018,2018-07-20,530862,2018-07-21 00:05:00+00:00,R,N,1,140,114,Texas Rangers,Cleveland Indians
2018,2018-07-20,530865,2018-07-21 00:10:00+00:00,R,N,1,158,119,Milwaukee Brewers,Los Angeles Dodgers
2018,2018-07-20,530867,2018-07-21 00:15:00+00:00,R,N,1,118,142,Kansas City Royals,Minnesota Twins
2018,2018-07-20,530871,2018-07-21 01:35:00+00:00,R,N,1,133,137,Oakland Athletics,San Francisco Giants
2018,2018-07-20,530863,2018-07-21 01:40:00+00:00,R,N,1,109,115,Arizona Diamondbacks,Colorado Rockies
2018,2018-07-20,530864,2018-07-21 02:07:00+00:00,R,N,1,108,117,Los Angeles Angels,Houston Astros
2018,2018-07-20,530861,2018-07-21 02:10:00+00:00,R,N,1,136,145,Seattle Mariners,Chicago White Sox
2018,2018-07-21,529651,2018-07-21 17:05:00+00:00,R,S,1,112,138,Chicago Cubs,St. Louis Cardinals
2018,2018-07-21,530887,2018-07-21 23:15:00+00:00,R,S,2,112,138,Chicago Cubs,St. Louis Cardinals
2018,2018-07-21,530883,2018-07-21 17:05:00+00:00,R,N,1,147,121,New York Yankees,New York Mets
2018,2018-07-21,530874,2018-07-21 17:07:00+00:00,R,N,1,141,110,Toronto Blue Jays,Baltimore Orioles
2018,2018-07-21,530875,2018-07-21 22:10:00+00:00,R,N,1,116,111,Detroit Tigers,Boston Red Sox
2018,2018-07-21,530881,2018-07-21 22:10:00+00:00,R,N,1,139,146,Tampa Bay Rays,Miami Marlins
2018,2018-07-21,530884,2018-07-21 23:10:00+00:00,R,N,1,113,134,Cincinnati Reds,Pittsburgh Pirates
2018,2018-07-21,530880,2018-07-21 23:10:00+00:00,R,N,1,158,119,Milwaukee Brewers,Los Angeles Dodgers
2018,2018-07-21,530879,2018-07-21 23:15:00+00:00,R,N,1,108,117,Los Angeles Angels,Houston Astros
2018,2018-07-21,530882,2018-07-21 23:15:00+00:00,R,N,1,118,142,Kansas City Royals,Minnesota Twins
2018,2018-07-21,530877,2018-07-22 00:05:00+00:00,R,N,1,140,114,Texas Rangers,Cleveland Indians
2018,2018-07-21,530878,2018-07-22 00:10:00+00:00,R,N,1,109,115,Arizona Diamondbacks,Colorado Rockies
2018,2018-07-21,530886,2018-07-22 01:05:00+00:00,R,N,1,133,137,Oakland Athletics,San Francisco Giants
2018,2018-07-21,530876,2018-07-22 02:10:00+00:00,R,N,1,136,145,Seattle Mariners,Chicago White Sox
2018,2018-07-22,530885,2018-07-21 23:05:00+00:00,R,N,1,143,135,Philadelphia Phillies,San Diego Padres
2018,2018-08-07,530873,2018-07-21 23:05:00+00:00,R,N,1,120,144,Washington Nationals,Atlanta Braves
2018,2018-07-22,530900,2018-07-22 16:05:00+00:00,R,S,1,143,135,Philadelphia Phillies,San Diego Padres
2018,2018-07-22,530885,2018-07-22 22:05:00+00:00,R,S,2,143,135,Philadelphia Phillies,San Diego Padres
2018,2018-07-22,530889,2018-07-22 17:07:00+00:00,R,N,1,141,110,Toronto Blue Jays,Baltimore Orioles
2018,2018-07-22,530890,2018-07-22 17:10:00+00:00,R,N,1,116,111,Detroit Tigers,Boston Red Sox
2018,2018-07-22,530899,2018-07-22 17:10:00+00:00,R,N,1,113,134,Cincinnati Reds,Pittsburgh Pirates
2018,2018-07-22,530896,2018-07-22 17:10:00+00:00,R,N,1,139,146,Tampa Bay Rays,Miami Marlins
2018,2018-07-22,530888,2018-07-22 17:35:00+00:00,R,N,1,120,144,Washington Nationals,Atlanta Braves
2018,2018-07-22,530895,2018-07-22 18:10:00+00:00,R,N,1,158,119,Milwaukee Brewers,Los Angeles Dodgers
2018,2018-07-22,530897,2018-07-22 18:15:00+00:00,R,N,1,118,142,Kansas City Royals,Minnesota Twins
2018,2018-07-22,530902,2018-07-22 18:20:00+00:00,R,N,1,112,138,Chicago Cubs,St. Louis Cardinals
2018,2018-07-22,530892,2018-07-22 19:05:00+00:00,R,N,1,140,114,Texas Rangers,Cleveland Indians
2018,2018-07-22,530901,2018-07-22 20:05:00+00:00,R,N,1,133,137,Oakland Athletics,San Francisco Giants
2018,2018-07-22,530894,2018-07-22 20:07:00+00:00,R,N,1,108,117,Los Angeles Angels,Houston Astros
2018,2018-07-22,530893,2018-07-22 20:10:00+00:00,R,N,1,109,115,Arizona Diamondbacks,Colorado Rockies
2018,2018-07-22,530891,2018-07-22 20:10:00+00:00,R,N,1,136,145,Seattle Mariners,Chicago White Sox
2018,2018-08-13,530898,2018-07-23 00:05:00+00:00,R,N,1,147,121,New York Yankees,New York Mets
2018,2018-07-23,530905,2018-07-23 23:05:00+00:00,R,N,1,110,111,Baltimore Orioles,Boston Red Sox
2018,2018-07-23,530908,2018-07-23 23:05:00+00:00,R,N,1,143,119,Philadelphia Phillies,Los Angeles Dodgers
2018,2018-07-23,530909,2018-07-23 23:07:00+00:00,R,N,1,141,142,Toronto Blue Jays,Minnesota Twins
2018,2018-07-23,530912,2018-07-23 23:10:00+00:00,R,N,1,114,134,Cleveland Indians,Pittsburgh Pirates
2018,2018-07-23,530913,2018-07-23 23:10:00+00:00,R,N,1,121,135,New York Mets,San Diego Padres
2018,2018-07-23,530914,2018-07-23 23:10:00+00:00,R,N,1,113,138,Cincinnati Reds,St. Louis Cardinals
2018,2018-07-23,530904,2018-07-23 23:10:00+00:00,R,N,1,146,144,Miami Marlins,Atlanta Braves
2018,2018-07-23,530910,2018-07-23 23:10:00+00:00,R,N,1,139,147,Tampa Bay Rays,New York Yankees
2018,2018-07-23,530903,2018-07-24 00:05:00+00:00,R,N,1,112,109,Chicago Cubs,Arizona Diamondbacks
2018,2018-07-23,530911,2018-07-24 00:05:00+00:00,R,N,1,140,133,Texas Rangers,Oakland Athletics
2018,2018-07-23,530915,2018-07-24 00:10:00+00:00,R,N,1,158,120,Milwaukee Brewers,Washington Nationals
2018,2018-07-23,530907,2018-07-24 00:15:00+00:00,R,N,1,118,116,Kansas City Royals,Detroit Tigers
2018,2018-07-23,530906,2018-07-24 02:07:00+00:00,R,N,1,108,145,Los Angeles Angels,Chicago White Sox
2018,2018-07-24,530917,2018-07-24 16:10:00+00:00,R,N,1,146,144,Miami Marlins,Atlanta Braves
2018,2018-07-24,530918,2018-07-24 23:05:00+00:00,R,N,1,110,111,Baltimore Orioles,Boston Red Sox
2018,2018-07-24,530922,2018-07-24 23:05:00+00:00,R,N,1,143,119,Philadelphia Phillies,Los Angeles Dodgers
2018,2018-07-24,530923,2018-07-24 23:07:00+00:00,R,N,1,141,142,Toronto Blue Jays,Minnesota Twins
2018,2018-07-24,530926,2018-07-24 23:10:00+00:00,R,N,1,114,134,Cleveland Indians,Pittsburgh Pirates
2018,2018-07-24,530927,2018-07-24 23:10:00+00:00,R,N,1,121,135,New York Mets,San Diego Padres
2018,2018-07-24,530929,2018-07-24 23:10:00+00:00,R,N,1,113,138,Cincinnati Reds,St. Louis Cardinals
2018,2018-07-24,530924,2018-07-24 23:10:00+00:00,R,N,1,139,147,Tampa Bay Rays,New York Yankees
2018,2018-07-24,530916,2018-07-25 00:05:00+00:00,R,N,1,112,109,Chicago Cubs,Arizona Diamondbacks
2018,2018-07-24,530925,2018-07-25 00:05:00+00:00,R,N,1,140,133,Texas Rangers,Oakland Athletics
2018,2018-07-24,530930,2018-07-25 00:10:00+00:00,R,N,1,158,120,Milwaukee Brewers,Washington Nationals
2018,2018-07-24,530920,2018-07-25 00:15:00+00:00,R,N,1,118,116,Kansas City Royals,Detroit Tigers
2018,2018-07-24,530921,2018-07-25 00:40:00+00:00,R,N,1,115,117,Colorado Rockies,Houston Astros
2018,2018-07-24,530919,2018-07-25 02:07:00+00:00,R,N,1,108,145,Los Angeles Angels,Chicago White Sox
2018,2018-07-24,530928,2018-07-25 02:10:00+00:00,R,N,1,136,137,Seattle Mariners,San Francisco Giants
2018,2018-07-25,530941,2018-07-25 16:10:00+00:00,R,N,1,121,135,New York Mets,San Diego Padres
2018,2018-07-25,530938,2018-07-25 16:10:00+00:00,R,N,1,139,147,Tampa Bay Rays,New York Yankees
2018,2018-07-25,530943,2018-07-25 16:35:00+00:00,R,N,1,113,138,Cincinnati Reds,St. Louis Cardinals
2018,2018-07-25,530936,2018-07-25 16:35:00+00:00,R,N,1,143,119,Philadelphia Phillies,Los Angeles Dodgers
2018,2018-07-25,530940,2018-07-25 17:10:00+00:00,R,N,1,114,134,Cleveland Indians,Pittsburgh Pirates
2018,2018-07-25,530944,2018-07-25 18:10:00+00:00,R,N,1,158,120,Milwaukee Brewers,Washington Nationals
2018,2018-07-25,530934,2018-07-25 18:15:00+00:00,R,N,1,118,116,Kansas City Royals,Detroit Tigers
2018,2018-07-25,530931,2018-07-25 18:20:00+00:00,R,N,1,112,109,Chicago Cubs,Arizona Diamondbacks
2018,2018-07-25,530937,2018-07-25 20:07:00+00:00,R,N,1,141,142,Toronto Blue Jays,Minnesota Twins
2018,2018-07-25,530942,2018-07-25 20:10:00+00:00,R,N,1,136,137,Seattle Mariners,San Francisco Giants
2018,2018-07-25,530939,2018-07-26 00:05:00+00:00,R,N,1,140,133,Texas Rangers,Oakland Athletics
2018,2018-07-25,530935,2018-07-26 00:40:00+00:00,R,N,1,115,117,Colorado Rockies,Houston Astros
2018,2018-07-25,530933,2018-07-26 02:07:00+00:00,R,N,1,108,145,Los Angeles Angels,Chicago White Sox
2018,2018-08-11,530932,2018-07-25 17:05:00+00:00,R,N,1,110,111,Baltimore Orioles,Boston Red Sox
2018,2018-07-26,530945,2018-07-26 18:20:00+00:00,R,N,1,112,109,Chicago Cubs,Arizona Diamondbacks
2018,2018-07-26,530946,2018-07-26 20:07:00+00:00,R,N,1,108,145,Los Angeles Angels,Chicago White Sox
2018,2018-07-26,530951,2018-07-26 23:05:00+00:00,R,N,1,134,121,Pittsburgh Pirates,New York Mets
2018,2018-07-26,530954,2018-07-26 23:05:00+00:00,R,N,1,110,139,Baltimore Orioles,Tampa Bay Rays
2018,2018-07-26,530947,2018-07-26 23:05:00+00:00,R,N,1,147,118,New York Yankees,Kansas City Royals
2018,2018-07-26,530950,2018-07-26 23:10:00+00:00,R,N,1,111,142,Boston Red Sox,Minnesota Twins
2018,2018-07-26,530953,2018-07-26 23:10:00+00:00,R,N,1,113,143,Cincinnati Reds,Philadelphia Phillies
2018,2018-07-26,530955,2018-07-26 23:10:00+00:00,R,N,1,146,120,Miami Marlins,Washington Nationals
2018,2018-07-26,530948,2018-07-26 23:35:00+00:00,R,N,1,144,119,Atlanta Braves,Los Angeles Dodgers
2018,2018-07-26,530952,2018-07-27 00:05:00+00:00,R,N,1,140,133,Texas Rangers,Oakland Athletics
2018,2018-07-26,530949,2018-07-27 02:15:00+00:00,R,N,1,137,158,San Francisco Giants,Milwaukee Brewers
2018,2018-07-27,530963,2018-07-27 23:05:00+00:00,R,N,1,134,121,Pittsburgh Pirates,New York Mets
2018,2018-07-27,530967,2018-07-27 23:05:00+00:00,R,N,1,110,139,Baltimore Orioles,Tampa Bay Rays
2018,2018-07-27,530958,2018-07-27 23:10:00+00:00,R,N,1,116,114,Detroit Tigers,Cleveland Indians
2018,2018-07-27,530962,2018-07-27 23:10:00+00:00,R,N,1,111,142,Boston Red Sox,Minnesota Twins
2018,2018-07-27,530965,2018-07-27 23:10:00+00:00,R,N,1,113,143,Cincinnati Reds,Philadelphia Phillies
2018,2018-07-27,530970,2018-07-27 23:10:00+00:00,R,N,1,146,120,Miami Marlins,Washington Nationals
2018,2018-07-27,530960,2018-07-27 23:35:00+00:00,R,N,1,144,119,Atlanta Braves,Los Angeles Dodgers
2018,2018-07-27,530968,2018-07-28 00:10:00+00:00,R,N,1,117,140,Houston Astros,Texas Rangers
2018,2018-07-27,530969,2018-07-28 00:10:00+00:00,R,N,1,145,141,Chicago White Sox,Toronto Blue Jays
2018,2018-07-27,530957,2018-07-28 00:15:00+00:00,R,N,1,138,112,St. Louis Cardinals,Chicago Cubs
2018,2018-07-27,530964,2018-07-28 00:40:00+00:00,R,N,1,115,133,Colorado Rockies,Oakland Athletics
2018,2018-07-27,530966,2018-07-28 02:07:00+00:00,R,N,1,108,136,Los Angeles Angels,Seattle Mariners
2018,2018-07-27,530956,2018-07-28 02:10:00+00:00,R,N,1,135,109,San Diego Padres,Arizona Diamondbacks
2018,2018-07-27,530961,2018-07-28 02:15:00+00:00,R,N,1,137,158,San Francisco Giants,Milwaukee Brewers
2018,2018-07-28,530959,2018-07-27 23:05:00+00:00,R,N,1,147,118,New York Yankees,Kansas City Royals
2018,2018-07-28,530974,2018-07-28 17:05:00+00:00,R,S,1,147,118,New York Yankees,Kansas City Royals
2018,2018-07-28,530959,2018-07-28 23:05:00+00:00,R,S,2,147,118,New York Yankees,Kansas City Royals
2018,2018-07-28,530972,2018-07-28 20:05:00+00:00,R,N,1,138,112,St. Louis Cardinals,Chicago Cubs
2018,2018-07-28,530973,2018-07-28 22:10:00+00:00,R,N,1,116,114,Detroit Tigers,Cleveland Indians
2018,2018-07-28,530980,2018-07-28 22:40:00+00:00,R,N,1,113,143,Cincinnati Reds,Philadelphia Phillies
2018,2018-07-28,530978,2018-07-28 23:05:00+00:00,R,N,1,134,121,Pittsburgh Pirates,New York Mets
2018,2018-07-28,530982,2018-07-28 23:05:00+00:00,R,N,1,110,139,Baltimore Orioles,Tampa Bay Rays
2018,2018-07-28,530983,2018-07-28 23:10:00+00:00,R,N,1,117,140,Houston Astros,Texas Rangers
2018,2018-07-28,530977,2018-07-28 23:10:00+00:00,R,N,1,111,142,Boston Red Sox,Minnesota Twins
2018,2018-07-28,530975,2018-07-28 23:10:00+00:00,R,N,1,144,119,Atlanta Braves,Los Angeles Dodgers
2018,2018-07-28,530984,2018-07-28 23:10:00+00:00,R,N,1,145,141,Chicago White Sox,Toronto Blue Jays
2018,2018-07-28,530985,2018-07-28 23:10:00+00:00,R,N,1,146,120,Miami Marlins,Washington Nationals
2018,2018-07-28,530979,2018-07-29 00:10:00+00:00,R,N,1,115,133,Colorado Rockies,Oakland Athletics
2018,2018-07-28,530971,2018-07-29 00:40:00+00:00,R,N,1,135,109,San Diego Padres,Arizona Diamondbacks
2018,2018-07-28,530976,2018-07-29 01:05:00+00:00,R,N,1,137,158,San Francisco Giants,Milwaukee Brewers
2018,2018-07-28,530981,2018-07-29 01:07:00+00:00,R,N,1,108,136,Los Angeles Angels,Seattle Mariners
2018,2018-07-29,530997,2018-07-29 17:05:00+00:00,R,N,1,110,139,Baltimore Orioles,Tampa Bay Rays
2018,2018-07-29,530992,2018-07-29 17:05:00+00:00,R,N,1,111,142,Boston Red Sox,Minnesota Twins
2018,2018-07-29,530989,2018-07-29 17:05:00+00:00,R,N,1,147,118,New York Yankees,Kansas City Royals
2018,2018-07-29,530988,2018-07-29 17:10:00+00:00,R,N,1,116,114,Detroit Tigers,Cleveland Indians
2018,2018-07-29,530995,2018-07-29 17:10:00+00:00,R,N,1,113,143,Cincinnati Reds,Philadelphia Phillies
2018,2018-07-29,531000,2018-07-29 17:10:00+00:00,R,N,1,146,120,Miami Marlins,Washington Nationals
2018,2018-07-29,530993,2018-07-29 17:35:00+00:00,R,N,1,134,121,Pittsburgh Pirates,New York Mets
2018,2018-07-29,530990,2018-07-29 17:35:00+00:00,R,N,1,144,119,Atlanta Braves,Los Angeles Dodgers
2018,2018-07-29,530998,2018-07-29 18:10:00+00:00,R,N,1,117,140,Houston Astros,Texas Rangers
2018,2018-07-29,530999,2018-07-29 18:10:00+00:00,R,N,1,145,141,Chicago White Sox,Toronto Blue Jays
2018,2018-07-29,530994,2018-07-29 19:10:00+00:00,R,N,1,115,133,Colorado Rockies,Oakland Athletics
2018,2018-07-29,530991,2018-07-29 20:05:00+00:00,R,N,1,137,158,San Francisco Giants,Milwaukee Brewers
2018,2018-07-29,530996,2018-07-29 20:07:00+00:00,R,N,1,108,136,Los Angeles Angels,Seattle Mariners
2018,2018-07-29,530986,2018-07-29 20:10:00+00:00,R,N,1,135,109,San Diego Padres,Arizona Diamondbacks
2018,2018-07-29,530987,2018-07-30 00:05:00+00:00,R,N,1,138,112,St. Louis Cardinals,Chicago Cubs
2018,2018-07-30,531006,2018-07-30 23:10:00+00:00,R,N,1,111,143,Boston Red Sox,Philadelphia Phillies
2018,2018-07-30,531004,2018-07-30 23:35:00+00:00,R,N,1,144,146,Atlanta Braves,Miami Marlins
2018,2018-07-30,531002,2018-07-31 00:10:00+00:00,R,N,1,138,115,St. Louis Cardinals,Colorado Rockies
2018,2018-07-30,531001,2018-07-31 00:10:00+00:00,R,N,1,142,114,Minnesota Twins,Cleveland Indians
2018,2018-07-30,531008,2018-07-31 01:40:00+00:00,R,N,1,109,140,Arizona Diamondbacks,Texas Rangers
2018,2018-07-30,531009,2018-07-31 02:05:00+00:00,R,N,1,133,141,Oakland Athletics,Toronto Blue Jays
2018,2018-07-30,531003,2018-07-31 02:10:00+00:00,R,N,1,136,117,Seattle Mariners,Houston Astros
2018,2018-07-30,531007,2018-07-31 02:10:00+00:00,R,N,1,135,137,San Diego Padres,San Francisco Giants
2018,2018-07-30,531005,2018-07-31 02:10:00+00:00,R,N,1,119,158,Los Angeles Dodgers,Milwaukee Brewers
2018,2018-07-31,531022,2018-07-31 20:10:00+00:00,R,N,1,135,137,San Diego Padres,San Francisco Giants
2018,2018-07-31,531020,2018-07-31 23:05:00+00:00,R,N,1,120,121,Washington Nationals,New York Mets
2018,2018-07-31,531011,2018-07-31 23:05:00+00:00,R,N,1,134,112,Pittsburgh Pirates,Chicago Cubs
2018,2018-07-31,531010,2018-07-31 23:05:00+00:00,R,N,1,147,110,New York Yankees,Baltimore Orioles
2018,2018-07-31,531012,2018-07-31 23:10:00+00:00,R,N,1,116,113,Detroit Tigers,Cincinnati Reds
2018,2018-07-31,531017,2018-07-31 23:10:00+00:00,R,N,1,139,108,Tampa Bay Rays,Los Angeles Angels
2018,2018-07-31,531021,2018-07-31 23:10:00+00:00,R,N,1,111,143,Boston Red Sox,Philadelphia Phillies
2018,2018-07-31,531018,2018-07-31 23:35:00+00:00,R,N,1,144,146,Atlanta Braves,Miami Marlins
2018,2018-07-31,531013,2018-08-01 00:10:00+00:00,R,N,1,142,114,Minnesota Twins,Cleveland Indians
2018,2018-07-31,531016,2018-08-01 00:10:00+00:00,R,N,1,145,118,Chicago White Sox,Kansas City Royals
2018,2018-07-31,531014,2018-08-01 00:15:00+00:00,R,N,1,138,115,St. Louis Cardinals,Colorado Rockies
2018,2018-07-31,531023,2018-08-01 01:40:00+00:00,R,N,1,109,140,Arizona Diamondbacks,Texas Rangers
2018,2018-07-31,531024,2018-08-01 02:05:00+00:00,R,N,1,133,141,Oakland Athletics,Toronto Blue Jays
2018,2018-07-31,531015,2018-08-01 02:10:00+00:00,R,N,1,136,117,Seattle Mariners,Houston Astros
2018,2018-07-31,531019,2018-08-01 02:10:00+00:00,R,N,1,119,158,Los Angeles Dodgers,Milwaukee Brewers
2018,2018-08-01,531035,2018-08-01 16:05:00+00:00,R,N,1,120,121,Washington Nationals,New York Mets
2018,2018-08-01,531025,2018-08-01 17:05:00+00:00,R,N,1,147,110,New York Yankees,Baltimore Orioles
2018,2018-08-01,531027,2018-08-01 17:10:00+00:00,R,N,1,116,113,Detroit Tigers,Cincinnati Reds
2018,2018-08-01,531028,2018-08-01 17:10:00+00:00,R,N,1,142,114,Minnesota Twins,Cleveland Indians
2018,2018-08-01,531036,2018-08-01 19:35:00+00:00,R,N,1,133,141,Oakland Athletics,Toronto Blue Jays
2018,2018-08-01,531030,2018-08-01 20:10:00+00:00,R,N,1,136,117,Seattle Mariners,Houston Astros
2018,2018-08-01,531026,2018-08-01 23:05:00+00:00,R,N,1,134,112,Pittsburgh Pirates,Chicago Cubs
2018,2018-08-01,531032,2018-08-01 23:10:00+00:00,R,N,1,139,108,Tampa Bay Rays,Los Angeles Angels
2018,2018-08-01,531031,2018-08-02 00:10:00+00:00,R,N,1,145,118,Chicago White Sox,Kansas City Royals
2018,2018-08-01,531029,2018-08-02 00:15:00+00:00,R,N,1,138,115,St. Louis Cardinals,Colorado Rockies
2018,2018-08-01,531034,2018-08-02 02:10:00+00:00,R,N,1,119,158,Los Angeles Dodgers,Milwaukee Brewers
2018,2018-08-13,531033,2018-08-01 23:35:00+00:00,R,N,1,144,146,Atlanta Braves,Miami Marlins
2018,2018-08-02,531042,2018-08-02 17:10:00+00:00,R,N,1,139,108,Tampa Bay Rays,Los Angeles Angels
2018,2018-08-02,531040,2018-08-02 17:15:00+00:00,R,N,1,138,115,St. Louis Cardinals,Colorado Rockies
2018,2018-08-02,531041,2018-08-02 18:10:00+00:00,R,N,1,145,118,Chicago White Sox,Kansas City Royals
2018,2018-08-02,531039,2018-08-02 23:05:00+00:00,R,N,1,120,113,Washington Nationals,Cincinnati Reds
2018,2018-08-02,531043,2018-08-02 23:05:00+00:00,R,N,1,143,146,Philadelphia Phillies,Miami Marlins
2018,2018-08-02,531037,2018-08-02 23:10:00+00:00,R,N,1,121,144,New York Mets,Atlanta Braves
2018,2018-08-02,531045,2018-08-02 23:10:00+00:00,R,N,1,111,147,Boston Red Sox,New York Yankees
2018,2018-08-02,531046,2018-08-03 00:05:00+00:00,R,N,1,112,135,Chicago Cubs,San Diego Padres
2018,2018-08-02,531038,2018-08-03 00:05:00+00:00,R,N,1,140,110,Texas Rangers,Baltimore Orioles
2018,2018-08-02,531044,2018-08-03 01:00:00+00:00,R,N,1,119,158,Los Angeles Dodgers,Milwaukee Brewers
2018,2018-08-02,531047,2018-08-03 01:40:00+00:00,R,N,1,109,137,Arizona Diamondbacks,San Francisco Giants
2018,2018-08-02,531048,2018-08-03 02:10:00+00:00,R,N,1,136,141,Seattle Mariners,Toronto Blue Jays
2018,2018-08-03,531060,2018-08-03 18:20:00+00:00,R,N,1,112,135,Chicago Cubs,San Diego Padres
2018,2018-08-03,531062,2018-08-03 23:05:00+00:00,R,N,1,134,138,Pittsburgh Pirates,St. Louis Cardinals
2018,2018-08-03,531058,2018-08-03 23:05:00+00:00,R,N,1,143,146,Philadelphia Phillies,Miami Marlins
2018,2018-08-03,531057,2018-08-03 23:10:00+00:00,R,N,1,114,108,Cleveland Indians,Los Angeles Angels
2018,2018-08-03,531049,2018-08-03 23:10:00+00:00,R,N,1,121,144,New York Mets,Atlanta Braves
2018,2018-08-03,531051,2018-08-03 23:10:00+00:00,R,N,1,139,145,Tampa Bay Rays,Chicago White Sox
2018,2018-08-03,531059,2018-08-03 23:10:00+00:00,R,N,1,111,147,Boston Red Sox,New York Yankees
2018,2018-08-03,531050,2018-08-04 00:05:00+00:00,R,N,1,140,110,Texas Rangers,Baltimore Orioles
2018,2018-08-03,531056,2018-08-04 00:10:00+00:00,R,N,1,142,118,Minnesota Twins,Kansas City Royals
2018,2018-08-03,531053,2018-08-04 00:10:00+00:00,R,N,1,158,115,Milwaukee Brewers,Colorado Rockies
2018,2018-08-03,531061,2018-08-04 01:40:00+00:00,R,N,1,109,137,Arizona Diamondbacks,San Francisco Giants
2018,2018-08-03,531054,2018-08-04 02:05:00+00:00,R,N,1,133,116,Oakland Athletics,Detroit Tigers
2018,2018-08-03,531055,2018-08-04 02:10:00+00:00,R,N,1,119,117,Los Angeles Dodgers,Houston Astros
2018,2018-08-03,531063,2018-08-04 02:10:00+00:00,R,N,1,136,141,Seattle Mariners,Toronto Blue Jays
2018,2018-08-04,531052,2018-08-03 23:05:00+00:00,R,N,1,120,113,Washington Nationals,Cincinnati Reds
2018,2018-08-04,531052,2018-08-04 17:05:00+00:00,R,S,1,120,113,Washington Nationals,Cincinnati Reds
2018,2018-08-04,531067,2018-08-04 23:05:00+00:00,R,S,2,120,113,Washington Nationals,Cincinnati Reds
2018,2018-08-04,531075,2018-08-04 18:20:00+00:00,R,N,1,112,135,Chicago Cubs,San Diego Padres
2018,2018-08-04,531074,2018-08-04 20:05:00+00:00,R,N,1,111,147,Boston Red Sox,New York Yankees
2018,2018-08-04,531066,2018-08-04 22:10:00+00:00,R,N,1,139,145,Tampa Bay Rays,Chicago White Sox
2018,2018-08-04,531077,2018-08-04 23:05:00+00:00,R,N,1,134,138,Pittsburgh Pirates,St. Louis Cardinals
2018,2018-08-04,531073,2018-08-04 23:05:00+00:00,R,N,1,143,146,Philadelphia Phillies,Miami Marlins
2018,2018-08-04,531072,2018-08-04 23:10:00+00:00,R,N,1,114,108,Cleveland Indians,Los Angeles Angels
2018,2018-08-04,531071,2018-08-04 23:10:00+00:00,R,N,1,142,118,Minnesota Twins,Kansas City Royals
2018,2018-08-04,531064,2018-08-04 23:10:00+00:00,R,N,1,121,144,New York Mets,Atlanta Braves
2018,2018-08-04,531068,2018-08-04 23:10:00+00:00,R,N,1,158,115,Milwaukee Brewers,Colorado Rockies
2018,2018-08-04,531065,2018-08-05 00:05:00+00:00,R,N,1,140,110,Texas Rangers,Baltimore Orioles
2018,2018-08-04,531076,2018-08-05 00:10:00+00:00,R,N,1,109,137,Arizona Diamondbacks,San Francisco Giants
2018,2018-08-04,531069,2018-08-05 01:05:00+00:00,R,N,1,133,116,Oakland Athletics,Detroit Tigers
2018,2018-08-04,531070,2018-08-05 01:10:00+00:00,R,N,1,119,117,Los Angeles Dodgers,Houston Astros
2018,2018-08-04,531078,2018-08-05 02:10:00+00:00,R,N,1,136,141,Seattle Mariners,Toronto Blue Jays
2018,2018-08-05,531087,2018-08-05 17:10:00+00:00,R,N,1,114,108,Cleveland Indians,Los Angeles Angels
2018,2018-08-05,531079,2018-08-05 17:10:00+00:00,R,N,1,121,144,New York Mets,Atlanta Braves
2018,2018-08-05,531081,2018-08-05 17:10:00+00:00,R,N,1,139,145,Tampa Bay Rays,Chicago White Sox
2018,2018-08-05,531082,2018-08-05 17:35:00+00:00,R,N,1,120,113,Washington Nationals,Cincinnati Reds
2018,2018-08-05,531092,2018-08-05 17:35:00+00:00,R,N,1,134,138,Pittsburgh Pirates,St. Louis Cardinals
2018,2018-08-05,531088,2018-08-05 17:35:00+00:00,R,N,1,143,146,Philadelphia Phillies,Miami Marlins
2018,2018-08-05,531086,2018-08-05 18:10:00+00:00,R,N,1,142,118,Minnesota Twins,Kansas City Royals
2018,2018-08-05,531083,2018-08-05 18:10:00+00:00,R,N,1,158,115,Milwaukee Brewers,Colorado Rockies
2018,2018-08-05,531090,2018-08-05 18:20:00+00:00,R,N,1,112,135,Chicago Cubs,San Diego Padres
2018,2018-08-05,531080,2018-08-05 19:05:00+00:00,R,N,1,140,110,Texas Rangers,Baltimore Orioles
2018,2018-08-05,531084,2018-08-05 20:05:00+00:00,R,N,1,133,116,Oakland Athletics,Detroit Tigers
2018,2018-08-05,531085,2018-08-05 20:10:00+00:00,R,N,1,119,117,Los Angeles Dodgers,Houston Astros
2018,2018-08-05,531091,2018-08-05 20:10:00+00:00,R,N,1,109,137,Arizona Diamondbacks,San Francisco Giants
2018,2018-08-05,531093,2018-08-05 20:10:00+00:00,R,N,1,136,141,Seattle Mariners,Toronto Blue Jays
2018,2018-08-05,531089,2018-08-06 00:05:00+00:00,R,N,1,111,147,Boston Red Sox,New York Yankees
2018,2018-08-06,531095,2018-08-06 23:10:00+00:00,R,N,1,121,113,New York Mets,Cincinnati Reds
2018,2018-08-06,531098,2018-08-06 23:10:00+00:00,R,N,1,114,142,Cleveland Indians,Minnesota Twins
2018,2018-08-06,531103,2018-08-06 23:10:00+00:00,R,N,1,146,138,Miami Marlins,St. Louis Cardinals
2018,2018-08-06,531102,2018-08-07 00:05:00+00:00,R,N,1,140,136,Texas Rangers,Seattle Mariners
2018,2018-08-06,531099,2018-08-07 00:10:00+00:00,R,N,1,145,147,Chicago White Sox,New York Yankees
2018,2018-08-06,531094,2018-08-07 00:15:00+00:00,R,N,1,118,112,Kansas City Royals,Chicago Cubs
2018,2018-08-06,531101,2018-08-07 00:40:00+00:00,R,N,1,115,134,Colorado Rockies,Pittsburgh Pirates
2018,2018-08-06,531100,2018-08-07 01:40:00+00:00,R,N,1,109,143,Arizona Diamondbacks,Philadelphia Phillies
2018,2018-08-06,531096,2018-08-07 02:07:00+00:00,R,N,1,108,116,Los Angeles Angels,Detroit Tigers
2018,2018-08-06,531097,2018-08-07 02:15:00+00:00,R,N,1,137,117,San Francisco Giants,Houston Astros
2018,2018-08-07,530873,2018-08-07 17:05:00+00:00,R,S,1,120,144,Washington Nationals,Atlanta Braves
2018,2018-08-07,531104,2018-08-07 23:05:00+00:00,R,S,2,120,144,Washington Nationals,Atlanta Braves
2018,2018-08-07,531110,2018-08-07 19:45:00+00:00,R,N,1,137,117,San Francisco Giants,Houston Astros
2018,2018-08-07,531106,2018-08-07 23:07:00+00:00,R,N,1,141,111,Toronto Blue Jays,Boston Red Sox
2018,2018-08-07,531108,2018-08-07 23:10:00+00:00,R,N,1,121,113,New York Mets,Cincinnati Reds
2018,2018-08-07,531105,2018-08-07 23:10:00+00:00,R,N,1,139,110,Tampa Bay Rays,Baltimore Orioles
2018,2018-08-07,531112,2018-08-07 23:10:00+00:00,R,N,1,114,142,Cleveland Indians,Minnesota Twins
2018,2018-08-07,531118,2018-08-07 23:10:00+00:00,R,N,1,146,138,Miami Marlins,St. Louis Cardinals
2018,2018-08-07,531117,2018-08-08 00:05:00+00:00,R,N,1,140,136,Texas Rangers,Seattle Mariners
2018,2018-08-07,531113,2018-08-08 00:10:00+00:00,R,N,1,145,147,Chicago White Sox,New York Yankees
2018,2018-08-07,531116,2018-08-08 00:10:00+00:00,R,N,1,158,135,Milwaukee Brewers,San Diego Padres
2018,2018-08-07,531107,2018-08-08 00:15:00+00:00,R,N,1,118,112,Kansas City Royals,Chicago Cubs
2018,2018-08-07,531115,2018-08-08 00:40:00+00:00,R,N,1,115,134,Colorado Rockies,Pittsburgh Pirates
2018,2018-08-07,531114,2018-08-08 01:40:00+00:00,R,N,1,109,143,Arizona Diamondbacks,Philadelphia Phillies
2018,2018-08-07,531111,2018-08-08 02:05:00+00:00,R,N,1,133,119,Oakland Athletics,Los Angeles Dodgers
2018,2018-08-07,531109,2018-08-08 02:07:00+00:00,R,N,1,108,116,Los Angeles Angels,Detroit Tigers
2018,2018-08-08,531123,2018-08-08 16:10:00+00:00,R,N,1,121,113,New York Mets,Cincinnati Reds
2018,2018-08-08,531131,2018-08-08 18:05:00+00:00,R,N,1,140,136,Texas Rangers,Seattle Mariners
2018,2018-08-08,531129,2018-08-08 19:10:00+00:00,R,N,1,115,134,Colorado Rockies,Pittsburgh Pirates
2018,2018-08-08,531128,2018-08-08 19:40:00+00:00,R,N,1,109,143,Arizona Diamondbacks,Philadelphia Phillies
2018,2018-08-08,531124,2018-08-08 20:07:00+00:00,R,N,1,108,116,Los Angeles Angels,Detroit Tigers
2018,2018-08-08,531119,2018-08-08 23:05:00+00:00,R,N,1,120,144,Washington Nationals,Atlanta Braves
2018,2018-08-08,531121,2018-08-08 23:07:00+00:00,R,N,1,141,111,Toronto Blue Jays,Boston Red Sox
2018,2018-08-08,531120,2018-08-08 23:10:00+00:00,R,N,1,139,110,Tampa Bay Rays,Baltimore Orioles
2018,2018-08-08,531126,2018-08-08 23:10:00+00:00,R,N,1,114,142,Cleveland Indians,Minnesota Twins
2018,2018-08-08,531132,2018-08-08 23:10:00+00:00,R,N,1,146,138,Miami Marlins,St. Louis Cardinals
2018,2018-08-08,531127,2018-08-09 00:10:00+00:00,R,N,1,145,147,Chicago White Sox,New York Yankees
2018,2018-08-08,531130,2018-08-09 00:10:00+00:00,R,N,1,158,135,Milwaukee Brewers,San Diego Padres
2018,2018-08-08,531122,2018-08-09 00:15:00+00:00,R,N,1,118,112,Kansas City Royals,Chicago Cubs
2018,2018-08-08,531125,2018-08-09 02:05:00+00:00,R,N,1,133,119,Oakland Athletics,Los Angeles Dodgers
2018,2018-08-09,531133,2018-08-09 17:05:00+00:00,R,N,1,120,144,Washington Nationals,Atlanta Braves
2018,2018-08-09,531137,2018-08-09 17:10:00+00:00,R,N,1,114,142,Cleveland Indians,Minnesota Twins
2018,2018-08-09,531139,2018-08-09 18:10:00+00:00,R,N,1,158,135,Milwaukee Brewers,San Diego Padres
2018,2018-08-09,531141,2018-08-09 23:05:00+00:00,R,N,1,147,140,New York Yankees,Texas Rangers
2018,2018-08-09,531135,2018-08-09 23:07:00+00:00,R,N,1,141,111,Toronto Blue Jays,Boston Red Sox
2018,2018-08-09,531134,2018-08-09 23:10:00+00:00,R,N,1,139,110,Tampa Bay Rays,Baltimore Orioles
2018,2018-08-09,531140,2018-08-10 00:10:00+00:00,R,N,1,117,136,Houston Astros,Seattle Mariners
2018,2018-08-09,531136,2018-08-10 00:40:00+00:00,R,N,1,115,119,Colorado Rockies,Los Angeles Dodgers
2018,2018-08-09,531138,2018-08-10 02:15:00+00:00,R,N,1,137,134,San Francisco Giants,Pittsburgh Pirates
2018,2018-08-10,531156,2018-08-10 18:20:00+00:00,R,N,1,112,120,Chicago Cubs,Washington Nationals
2018,2018-08-10,531143,2018-08-10 23:05:00+00:00,R,N,1,110,111,Baltimore Orioles,Boston Red Sox
2018,2018-08-10,531155,2018-08-10 23:05:00+00:00,R,N,1,147,140,New York Yankees,Texas Rangers
2018,2018-08-10,531154,2018-08-10 23:07:00+00:00,R,N,1,141,139,Toronto Blue Jays,Tampa Bay Rays
2018,2018-08-10,531142,2018-08-10 23:10:00+00:00,R,N,1,113,109,Cincinnati Reds,Arizona Diamondbacks
2018,2018-08-10,531147,2018-08-10 23:10:00+00:00,R,N,1,116,142,Detroit Tigers,Minnesota Twins
2018,2018-08-10,531148,2018-08-10 23:10:00+00:00,R,N,1,146,121,Miami Marlins,New York Mets
2018,2018-08-10,531146,2018-08-10 23:35:00+00:00,R,N,1,144,158,Atlanta Braves,Milwaukee Brewers
2018,2018-08-10,531152,2018-08-11 00:10:00+00:00,R,N,1,117,136,Houston Astros,Seattle Mariners
2018,2018-08-10,531144,2018-08-11 00:10:00+00:00,R,N,1,145,114,Chicago White Sox,Cleveland Indians
2018,2018-08-10,531153,2018-08-11 00:15:00+00:00,R,N,1,118,138,Kansas City Royals,St. Louis Cardinals
2018,2018-08-10,531145,2018-08-11 00:40:00+00:00,R,N,1,115,119,Colorado Rockies,Los Angeles Dodgers
2018,2018-08-10,531149,2018-08-11 02:07:00+00:00,R,N,1,108,133,Los Angeles Angels,Oakland Athletics
2018,2018-08-10,531150,2018-08-11 02:10:00+00:00,R,N,1,135,143,San Diego Padres,Philadelphia Phillies
2018,2018-08-10,531151,2018-08-11 02:15:00+00:00,R,N,1,137,134,San Francisco Giants,Pittsburgh Pirates
2018,2018-08-11,530932,2018-08-11 17:05:00+00:00,R,S,1,110,111,Baltimore Orioles,Boston Red Sox
2018,2018-08-11,531158,2018-08-11 23:05:00+00:00,R,S,2,110,111,Baltimore Orioles,Boston Red Sox
2018,2018-08-11,531170,2018-08-11 17:05:00+00:00,R,N,1,147,140,New York Yankees,Texas Rangers
2018,2018-08-11,531171,2018-08-11 20:05:00+00:00,R,N,1,112,120,Chicago Cubs,Washington Nationals
2018,2018-08-11,531169,2018-08-11 20:07:00+00:00,R,N,1,141,139,Toronto Blue Jays,Tampa Bay Rays
2018,2018-08-11,531162,2018-08-11 22:10:00+00:00,R,N,1,116,142,Detroit Tigers,Minnesota Twins
2018,2018-08-11,531157,2018-08-11 22:40:00+00:00,R,N,1,113,109,Cincinnati Reds,Arizona Diamondbacks
2018,2018-08-11,531167,2018-08-11 23:10:00+00:00,R,N,1,117,136,Houston Astros,Seattle Mariners
2018,2018-08-11,531159,2018-08-11 23:10:00+00:00,R,N,1,145,114,Chicago White Sox,Cleveland Indians
2018,2018-08-11,531163,2018-08-11 23:10:00+00:00,R,N,1,146,121,Miami Marlins,New York Mets
2018,2018-08-11,531161,2018-08-11 23:10:00+00:00,R,N,1,144,158,Atlanta Braves,Milwaukee Brewers
2018,2018-08-11,531168,2018-08-11 23:15:00+00:00,R,N,1,118,138,Kansas City Royals,St. Louis Cardinals
2018,2018-08-11,531160,2018-08-12 00:10:00+00:00,R,N,1,115,119,Colorado Rockies,Los Angeles Dodgers
2018,2018-08-11,531165,2018-08-12 00:40:00+00:00,R,N,1,135,143,San Diego Padres,Philadelphia Phillies
2018,2018-08-11,531166,2018-08-12 01:05:00+00:00,R,N,1,137,134,San Francisco Giants,Pittsburgh Pirates
2018,2018-08-11,531164,2018-08-12 01:07:00+00:00,R,N,1,108,133,Los Angeles Angels,Oakland Athletics
2018,2018-08-12,531173,2018-08-12 17:05:00+00:00,R,N,1,110,111,Baltimore Orioles,Boston Red Sox
2018,2018-08-12,531185,2018-08-12 17:05:00+00:00,R,N,1,147,140,New York Yankees,Texas Rangers
2018,2018-08-12,531184,2018-08-12 17:07:00+00:00,R,N,1,141,139,Toronto Blue Jays,Tampa Bay Rays
2018,2018-08-12,531172,2018-08-12 17:10:00+00:00,R,N,1,113,109,Cincinnati Reds,Arizona Diamondbacks
2018,2018-08-12,531177,2018-08-12 17:10:00+00:00,R,N,1,116,142,Detroit Tigers,Minnesota Twins
2018,2018-08-12,531178,2018-08-12 17:10:00+00:00,R,N,1,146,121,Miami Marlins,New York Mets
2018,2018-08-12,531176,2018-08-12 17:35:00+00:00,R,N,1,144,158,Atlanta Braves,Milwaukee Brewers
2018,2018-08-12,531182,2018-08-12 18:10:00+00:00,R,N,1,117,136,Houston Astros,Seattle Mariners
2018,2018-08-12,531174,2018-08-12 18:10:00+00:00,R,N,1,145,114,Chicago White Sox,Cleveland Indians
2018,2018-08-12,531183,2018-08-12 18:15:00+00:00,R,N,1,118,138,Kansas City Royals,St. Louis Cardinals
2018,2018-08-12,531175,2018-08-12 19:10:00+00:00,R,N,1,115,119,Colorado Rockies,Los Angeles Dodgers
2018,2018-08-12,531180,2018-08-12 19:40:00+00:00,R,N,1,135,143,San Diego Padres,Philadelphia Phillies
2018,2018-08-12,531181,2018-08-12 20:05:00+00:00,R,N,1,137,134,San Francisco Giants,Pittsburgh Pirates
2018,2018-08-12,531179,2018-08-12 20:07:00+00:00,R,N,1,108,133,Los Angeles Angels,Oakland Athletics
2018,2018-08-12,531186,2018-08-13 00:05:00+00:00,R,N,1,112,120,Chicago Cubs,Washington Nationals
2018,2018-08-13,531033,2018-08-13 17:35:00+00:00,R,S,1,144,146,Atlanta Braves,Miami Marlins
2018,2018-08-13,531190,2018-08-13 23:35:00+00:00,R,S,2,144,146,Atlanta Braves,Miami Marlins
2018,2018-08-13,530898,2018-08-13 23:05:00+00:00,R,N,1,147,121,New York Yankees,New York Mets
2018,2018-08-13,531188,2018-08-13 23:10:00+00:00,R,N,1,113,114,Cincinnati Reds,Cleveland Indians
2018,2018-08-13,531187,2018-08-13 23:10:00+00:00,R,N,1,116,145,Detroit Tigers,Chicago White Sox
2018,2018-08-13,531195,2018-08-14 00:05:00+00:00,R,N,1,140,109,Texas Rangers,Arizona Diamondbacks
2018,2018-08-13,531194,2018-08-14 00:10:00+00:00,R,N,1,138,120,St. Louis Cardinals,Washington Nationals
2018,2018-08-13,531193,2018-08-14 00:15:00+00:00,R,N,1,118,141,Kansas City Royals,Toronto Blue Jays
2018,2018-08-13,531192,2018-08-14 02:05:00+00:00,R,N,1,133,136,Oakland Athletics,Seattle Mariners
2018,2018-08-13,531189,2018-08-14 02:10:00+00:00,R,N,1,135,108,San Diego Padres,Los Angeles Angels
2018,2018-08-13,531191,2018-08-14 02:10:00+00:00,R,N,1,119,137,Los Angeles Dodgers,San Francisco Giants
2018,2018-08-14,531202,2018-08-14 18:20:00+00:00,R,N,1,112,158,Chicago Cubs,Milwaukee Brewers
2018,2018-08-14,531203,2018-08-14 23:05:00+00:00,R,N,1,110,121,Baltimore Orioles,New York Mets
2018,2018-08-14,531196,2018-08-14 23:05:00+00:00,R,N,1,143,111,Philadelphia Phillies,Boston Red Sox
2018,2018-08-14,531207,2018-08-14 23:05:00+00:00,R,N,1,147,139,New York Yankees,Tampa Bay Rays
2018,2018-08-14,531198,2018-08-14 23:10:00+00:00,R,N,1,113,114,Cincinnati Reds,Cleveland Indians
2018,2018-08-14,531197,2018-08-14 23:10:00+00:00,R,N,1,116,145,Detroit Tigers,Chicago White Sox
2018,2018-08-14,531201,2018-08-14 23:35:00+00:00,R,N,1,144,146,Atlanta Braves,Miami Marlins
2018,2018-08-14,531210,2018-08-15 00:05:00+00:00,R,N,1,140,109,Texas Rangers,Arizona Diamondbacks
2018,2018-08-14,531199,2018-08-15 00:10:00+00:00,R,N,1,117,115,Houston Astros,Colorado Rockies
2018,2018-08-14,531204,2018-08-15 00:10:00+00:00,R,N,1,142,134,Minnesota Twins,Pittsburgh Pirates
2018,2018-08-14,531209,2018-08-15 00:15:00+00:00,R,N,1,138,120,St. Louis Cardinals,Washington Nationals
2018,2018-08-14,531208,2018-08-15 00:15:00+00:00,R,N,1,118,141,Kansas City Royals,Toronto Blue Jays
2018,2018-08-14,531206,2018-08-15 02:05:00+00:00,R,N,1,133,136,Oakland Athletics,Seattle Mariners
2018,2018-08-14,531200,2018-08-15 02:10:00+00:00,R,N,1,135,108,San Diego Padres,Los Angeles Angels
2018,2018-08-14,531205,2018-08-15 02:10:00+00:00,R,N,1,119,137,Los Angeles Dodgers,San Francisco Giants
2018,2018-08-15,531219,2018-08-15 17:10:00+00:00,R,N,1,142,134,Minnesota Twins,Pittsburgh Pirates
2018,2018-08-15,531212,2018-08-15 17:10:00+00:00,R,N,1,116,145,Detroit Tigers,Chicago White Sox
2018,2018-08-15,531217,2018-08-15 18:20:00+00:00,R,N,1,112,158,Chicago Cubs,Milwaukee Brewers
2018,2018-08-15,531221,2018-08-15 19:35:00+00:00,R,N,1,133,136,Oakland Athletics,Seattle Mariners
2018,2018-08-15,531218,2018-08-15 23:05:00+00:00,R,N,1,110,121,Baltimore Orioles,New York Mets
2018,2018-08-15,531211,2018-08-15 23:05:00+00:00,R,N,1,143,111,Philadelphia Phillies,Boston Red Sox
2018,2018-08-15,531222,2018-08-15 23:05:00+00:00,R,N,1,147,139,New York Yankees,Tampa Bay Rays
2018,2018-08-15,531213,2018-08-15 23:10:00+00:00,R,N,1,113,114,Cincinnati Reds,Cleveland Indians
2018,2018-08-15,531216,2018-08-15 23:35:00+00:00,R,N,1,144,146,Atlanta Braves,Miami Marlins
2018,2018-08-15,531214,2018-08-16 00:10:00+00:00,R,N,1,117,115,Houston Astros,Colorado Rockies
2018,2018-08-15,531224,2018-08-16 00:15:00+00:00,R,N,1,138,120,St. Louis Cardinals,Washington Nationals
2018,2018-08-15,531223,2018-08-16 00:15:00+00:00,R,N,1,118,141,Kansas City Royals,Toronto Blue Jays
2018,2018-08-15,531215,2018-08-16 01:10:00+00:00,R,N,1,135,108,San Diego Padres,Los Angeles Angels
2018,2018-08-15,531220,2018-08-16 02:10:00+00:00,R,N,1,119,137,Los Angeles Dodgers,San Francisco Giants
2018,2018-08-16,531231,2018-08-16 17:05:00+00:00,R,N,1,147,139,New York Yankees,Tampa Bay Rays
2018,2018-08-16,531230,2018-08-16 20:05:00+00:00,R,Y,1,143,121,Philadelphia Phillies,New York Mets
2018,2018-08-16,529994,2018-08-16 20:10:00+00:00,R,Y,2,143,121,Philadelphia Phillies,New York Mets
2018,2018-08-16,531226,2018-08-16 23:05:00+00:00,R,N,1,134,112,Pittsburgh Pirates,Chicago Cubs
2018,2018-08-16,531233,2018-08-16 23:15:00+00:00,R,N,1,138,120,St. Louis Cardinals,Washington Nationals
2018,2018-08-16,531227,2018-08-16 23:35:00+00:00,R,N,1,144,115,Atlanta Braves,Colorado Rockies
2018,2018-08-16,531229,2018-08-17 00:05:00+00:00,R,N,1,140,108,Texas Rangers,Los Angeles Angels
2018,2018-08-16,531228,2018-08-17 00:10:00+00:00,R,N,1,142,116,Minnesota Twins,Detroit Tigers
2018,2018-08-16,531232,2018-08-17 00:15:00+00:00,R,N,1,118,141,Kansas City Royals,Toronto Blue Jays
2018,2018-08-16,531225,2018-08-17 02:10:00+00:00,R,N,1,135,109,San Diego Padres,Arizona Diamondbacks
2018,2018-08-17,531245,2018-08-17 22:05:00+00:00,R,N,1,143,121,Philadelphia Phillies,New York Mets
2018,2018-08-17,531236,2018-08-17 23:05:00+00:00,R,N,1,134,112,Pittsburgh Pirates,Chicago Cubs
2018,2018-08-17,531243,2018-08-17 23:05:00+00:00,R,N,1,120,146,Washington Nationals,Miami Marlins
2018,2018-08-17,531248,2018-08-17 23:05:00+00:00,R,N,1,147,141,New York Yankees,Toronto Blue Jays
2018,2018-08-17,531235,2018-08-17 23:10:00+00:00,R,N,1,114,110,Cleveland Indians,Baltimore Orioles
2018,2018-08-17,531246,2018-08-17 23:10:00+00:00,R,N,1,113,137,Cincinnati Reds,San Francisco Giants
2018,2018-08-17,531247,2018-08-17 23:10:00+00:00,R,N,1,111,139,Boston Red Sox,Tampa Bay Rays
2018,2018-08-17,531237,2018-08-17 23:35:00+00:00,R,N,1,144,115,Atlanta Braves,Colorado Rockies
2018,2018-08-17,531241,2018-08-18 00:05:00+00:00,R,N,1,140,108,Texas Rangers,Los Angeles Angels
2018,2018-08-17,531238,2018-08-18 00:10:00+00:00,R,N,1,142,116,Minnesota Twins,Detroit Tigers
2018,2018-08-17,531240,2018-08-18 00:10:00+00:00,R,N,1,145,118,Chicago White Sox,Kansas City Royals
2018,2018-08-17,531244,2018-08-18 00:15:00+00:00,R,N,1,138,158,St. Louis Cardinals,Milwaukee Brewers
2018,2018-08-17,531239,2018-08-18 02:05:00+00:00,R,N,1,133,117,Oakland Athletics,Houston Astros
2018,2018-08-17,531234,2018-08-18 02:10:00+00:00,R,N,1,135,109,San Diego Padres,Arizona Diamondbacks
2018,2018-08-17,531242,2018-08-18 02:10:00+00:00,R,N,1,136,119,Seattle Mariners,Los Angeles Dodgers
2018,2018-08-18,531263,2018-08-18 17:05:00+00:00,R,N,1,147,141,New York Yankees,Toronto Blue Jays
2018,2018-08-18,531250,2018-08-18 20:05:00+00:00,R,N,1,114,110,Cleveland Indians,Baltimore Orioles
2018,2018-08-18,531254,2018-08-18 20:05:00+00:00,R,N,1,133,117,Oakland Athletics,Houston Astros
2018,2018-08-18,531260,2018-08-18 20:05:00+00:00,R,N,1,143,121,Philadelphia Phillies,New York Mets
2018,2018-08-18,531251,2018-08-18 23:05:00+00:00,R,N,1,134,112,Pittsburgh Pirates,Chicago Cubs
2018,2018-08-18,531258,2018-08-18 23:05:00+00:00,R,N,1,120,146,Washington Nationals,Miami Marlins
2018,2018-08-18,531261,2018-08-18 23:10:00+00:00,R,N,1,113,137,Cincinnati Reds,San Francisco Giants
2018,2018-08-18,531262,2018-08-18 23:10:00+00:00,R,N,1,111,139,Boston Red Sox,Tampa Bay Rays
2018,2018-08-18,531253,2018-08-18 23:10:00+00:00,R,N,1,142,116,Minnesota Twins,Detroit Tigers
2018,2018-08-18,531252,2018-08-18 23:10:00+00:00,R,N,1,144,115,Atlanta Braves,Colorado Rockies
2018,2018-08-18,531255,2018-08-18 23:10:00+00:00,R,N,1,145,118,Chicago White Sox,Kansas City Royals
2018,2018-08-18,531259,2018-08-18 23:15:00+00:00,R,N,1,138,158,St. Louis Cardinals,Milwaukee Brewers
2018,2018-08-18,531256,2018-08-19 00:05:00+00:00,R,N,1,140,108,Texas Rangers,Los Angeles Angels
2018,2018-08-18,531249,2018-08-19 00:40:00+00:00,R,N,1,135,109,San Diego Padres,Arizona Diamondbacks
2018,2018-08-18,531257,2018-08-19 02:10:00+00:00,R,N,1,136,119,Seattle Mariners,Los Angeles Dodgers
2018,2018-08-19,531277,2018-08-19 17:05:00+00:00,R,N,1,111,139,Boston Red Sox,Tampa Bay Rays
2018,2018-08-19,531278,2018-08-19 17:05:00+00:00,R,N,1,147,141,New York Yankees,Toronto Blue Jays
2018,2018-08-19,531265,2018-08-19 17:10:00+00:00,R,N,1,114,110,Cleveland Indians,Baltimore Orioles
2018,2018-08-19,531276,2018-08-19 17:10:00+00:00,R,N,1,113,137,Cincinnati Reds,San Francisco Giants
2018,2018-08-19,531266,2018-08-19 17:35:00+00:00,R,N,1,134,112,Pittsburgh Pirates,Chicago Cubs
2018,2018-08-19,531267,2018-08-19 17:35:00+00:00,R,N,1,144,115,Atlanta Braves,Colorado Rockies
2018,2018-08-19,531273,2018-08-19 17:35:00+00:00,R,N,1,120,146,Washington Nationals,Miami Marlins
2018,2018-08-19,531268,2018-08-19 18:10:00+00:00,R,N,1,142,116,Minnesota Twins,Detroit Tigers
2018,2018-08-19,531270,2018-08-19 18:10:00+00:00,R,N,1,145,118,Chicago White Sox,Kansas City Royals
2018,2018-08-19,531274,2018-08-19 18:15:00+00:00,R,N,1,138,158,St. Louis Cardinals,Milwaukee Brewers
2018,2018-08-19,531271,2018-08-19 19:05:00+00:00,R,N,1,140,108,Texas Rangers,Los Angeles Angels
2018,2018-08-19,531269,2018-08-19 20:05:00+00:00,R,N,1,133,117,Oakland Athletics,Houston Astros
2018,2018-08-19,531264,2018-08-19 20:10:00+00:00,R,N,1,135,109,San Diego Padres,Arizona Diamondbacks
2018,2018-08-19,531272,2018-08-19 20:10:00+00:00,R,N,1,136,119,Seattle Mariners,Los Angeles Dodgers
2018,2018-08-19,531275,2018-08-19 23:10:00+00:00,R,N,1,143,121,Philadelphia Phillies,New York Mets
2018,2018-08-20,531279,2018-08-20 23:05:00+00:00,R,N,1,134,144,Pittsburgh Pirates,Atlanta Braves
2018,2018-08-20,531280,2018-08-20 23:07:00+00:00,R,N,1,141,110,Toronto Blue Jays,Baltimore Orioles
2018,2018-08-20,531282,2018-08-20 23:10:00+00:00,R,N,1,111,114,Boston Red Sox,Cleveland Indians
2018,2018-08-20,531285,2018-08-20 23:10:00+00:00,R,N,1,121,137,New York Mets,San Francisco Giants
2018,2018-08-20,531284,2018-08-20 23:10:00+00:00,R,N,1,139,118,Tampa Bay Rays,Kansas City Royals
2018,2018-08-20,529630,2018-08-20 23:10:00+00:00,R,N,1,142,145,Minnesota Twins,Chicago White Sox
2018,2018-08-20,531281,2018-08-21 00:10:00+00:00,R,N,1,158,113,Milwaukee Brewers,Cincinnati Reds
2018,2018-08-20,531287,2018-08-21 02:05:00+00:00,R,N,1,133,140,Oakland Athletics,Texas Rangers
2018,2018-08-20,531283,2018-08-21 02:10:00+00:00,R,N,1,136,117,Seattle Mariners,Houston Astros
2018,2018-08-20,531286,2018-08-21 02:10:00+00:00,R,N,1,119,138,Los Angeles Dodgers,St. Louis Cardinals
2018,2018-08-21,531298,2018-08-21 23:05:00+00:00,R,N,1,120,143,Washington Nationals,Philadelphia Phillies
2018,2018-08-21,531288,2018-08-21 23:05:00+00:00,R,N,1,134,144,Pittsburgh Pirates,Atlanta Braves
2018,2018-08-21,531289,2018-08-21 23:07:00+00:00,R,N,1,141,110,Toronto Blue Jays,Baltimore Orioles
2018,2018-08-21,531292,2018-08-21 23:10:00+00:00,R,N,1,111,114,Boston Red Sox,Cleveland Indians
2018,2018-08-21,531290,2018-08-21 23:10:00+00:00,R,N,1,116,112,Detroit Tigers,Chicago Cubs
2018,2018-08-21,531300,2018-08-21 23:10:00+00:00,R,N,1,121,137,New York Mets,San Francisco Giants
2018,2018-08-21,531294,2018-08-21 23:10:00+00:00,R,N,1,139,118,Tampa Bay Rays,Kansas City Royals
2018,2018-08-21,531297,2018-08-21 23:10:00+00:00,R,N,1,146,147,Miami Marlins,New York Yankees
2018,2018-08-21,531296,2018-08-22 00:10:00+00:00,R,N,1,145,142,Chicago White Sox,Minnesota Twins
2018,2018-08-21,531291,2018-08-22 00:10:00+00:00,R,N,1,158,113,Milwaukee Brewers,Cincinnati Reds
2018,2018-08-21,531299,2018-08-22 00:40:00+00:00,R,N,1,115,135,Colorado Rockies,San Diego Padres
2018,2018-08-21,531295,2018-08-22 01:40:00+00:00,R,N,1,109,108,Arizona Diamondbacks,Los Angeles Angels
2018,2018-08-21,531302,2018-08-22 02:05:00+00:00,R,N,1,133,140,Oakland Athletics,Texas Rangers
2018,2018-08-21,531293,2018-08-22 02:10:00+00:00,R,N,1,136,117,Seattle Mariners,Houston Astros
2018,2018-08-21,531301,2018-08-22 02:10:00+00:00,R,N,1,119,138,Los Angeles Dodgers,St. Louis Cardinals
2018,2018-08-22,531304,2018-08-22 16:37:00+00:00,R,N,1,141,110,Toronto Blue Jays,Baltimore Orioles
2018,2018-08-22,531311,2018-08-22 18:10:00+00:00,R,N,1,145,142,Chicago White Sox,Minnesota Twins
2018,2018-08-22,531306,2018-08-22 18:10:00+00:00,R,N,1,158,113,Milwaukee Brewers,Cincinnati Reds
2018,2018-08-22,531317,2018-08-22 19:35:00+00:00,R,N,1,133,140,Oakland Athletics,Texas Rangers
2018,2018-08-22,531308,2018-08-22 20:10:00+00:00,R,N,1,136,117,Seattle Mariners,Houston Astros
2018,2018-08-22,531313,2018-08-22 23:05:00+00:00,R,N,1,120,143,Washington Nationals,Philadelphia Phillies
2018,2018-08-22,531303,2018-08-22 23:05:00+00:00,R,N,1,134,144,Pittsburgh Pirates,Atlanta Braves
2018,2018-08-22,531307,2018-08-22 23:10:00+00:00,R,N,1,111,114,Boston Red Sox,Cleveland Indians
2018,2018-08-22,531305,2018-08-22 23:10:00+00:00,R,N,1,116,112,Detroit Tigers,Chicago Cubs
2018,2018-08-22,531315,2018-08-22 23:10:00+00:00,R,N,1,121,137,New York Mets,San Francisco Giants
2018,2018-08-22,531309,2018-08-22 23:10:00+00:00,R,N,1,139,118,Tampa Bay Rays,Kansas City Royals
2018,2018-08-22,531312,2018-08-22 23:10:00+00:00,R,N,1,146,147,Miami Marlins,New York Yankees
2018,2018-08-22,531314,2018-08-23 00:40:00+00:00,R,N,1,115,135,Colorado Rockies,San Diego Padres
2018,2018-08-22,531310,2018-08-23 01:40:00+00:00,R,N,1,109,108,Arizona Diamondbacks,Los Angeles Angels
2018,2018-08-22,531316,2018-08-23 02:10:00+00:00,R,N,1,119,138,Los Angeles Dodgers,St. Louis Cardinals
2018,2018-08-23,531321,2018-08-23 17:05:00+00:00,R,N,1,111,114,Boston Red Sox,Cleveland Indians
2018,2018-08-23,531324,2018-08-23 17:05:00+00:00,R,N,1,120,143,Washington Nationals,Philadelphia Phillies
2018,2018-08-23,531326,2018-08-23 17:10:00+00:00,R,N,1,121,137,New York Mets,San Francisco Giants
2018,2018-08-23,531319,2018-08-23 17:10:00+00:00,R,N,1,116,145,Detroit Tigers,Chicago White Sox
2018,2018-08-23,531325,2018-08-23 19:10:00+00:00,R,N,1,115,135,Colorado Rockies,San Diego Padres
2018,2018-08-23,531322,2018-08-23 23:10:00+00:00,R,N,1,139,118,Tampa Bay Rays,Kansas City Royals
2018,2018-08-23,531318,2018-08-23 23:10:00+00:00,R,N,1,146,144,Miami Marlins,Atlanta Braves
2018,2018-08-23,531320,2018-08-24 00:05:00+00:00,R,N,1,112,113,Chicago Cubs,Cincinnati Reds
2018,2018-08-23,531323,2018-08-24 00:10:00+00:00,R,N,1,142,133,Minnesota Twins,Oakland Athletics
2018,2018-08-24,531330,2018-08-24 18:20:00+00:00,R,N,1,112,113,Chicago Cubs,Cincinnati Reds
2018,2018-08-24,531333,2018-08-24 23:05:00+00:00,R,N,1,110,147,Baltimore Orioles,New York Yankees
2018,2018-08-24,531335,2018-08-24 23:07:00+00:00,R,N,1,141,143,Toronto Blue Jays,Philadelphia Phillies
2018,2018-08-24,531341,2018-08-24 23:10:00+00:00,R,N,1,121,120,New York Mets,Washington Nationals
2018,2018-08-24,531328,2018-08-24 23:10:00+00:00,R,N,1,139,111,Tampa Bay Rays,Boston Red Sox
2018,2018-08-24,531329,2018-08-24 23:10:00+00:00,R,N,1,116,145,Detroit Tigers,Chicago White Sox
2018,2018-08-24,531327,2018-08-24 23:10:00+00:00,R,N,1,146,144,Miami Marlins,Atlanta Braves
2018,2018-08-24,531334,2018-08-25 00:10:00+00:00,R,N,1,142,133,Minnesota Twins,Oakland Athletics
2018,2018-08-24,531336,2018-08-25 00:10:00+00:00,R,N,1,158,134,Milwaukee Brewers,Pittsburgh Pirates
2018,2018-08-24,531331,2018-08-25 00:15:00+00:00,R,N,1,118,114,Kansas City Royals,Cleveland Indians
2018,2018-08-24,531339,2018-08-25 00:40:00+00:00,R,N,1,115,138,Colorado Rockies,St. Louis Cardinals
2018,2018-08-24,531338,2018-08-25 01:40:00+00:00,R,N,1,109,136,Arizona Diamondbacks,Seattle Mariners
2018,2018-08-24,531332,2018-08-25 02:07:00+00:00,R,N,1,108,117,Los Angeles Angels,Houston Astros
2018,2018-08-24,531337,2018-08-25 02:10:00+00:00,R,N,1,119,135,Los Angeles Dodgers,San Diego Padres
2018,2018-08-24,531340,2018-08-25 02:15:00+00:00,R,N,1,137,140,San Francisco Giants,Texas Rangers
2018,2018-08-25,530292,2018-08-25 17:05:00+00:00,R,S,1,110,147,Baltimore Orioles,New York Yankees
2018,2018-08-25,531348,2018-08-25 23:05:00+00:00,R,S,2,110,147,Baltimore Orioles,New York Yankees
2018,2018-08-25,531345,2018-08-25 18:20:00+00:00,R,N,1,112,113,Chicago Cubs,Cincinnati Reds
2018,2018-08-25,531356,2018-08-25 20:05:00+00:00,R,N,1,121,120,New York Mets,Washington Nationals
2018,2018-08-25,531355,2018-08-25 20:05:00+00:00,R,N,1,137,140,San Francisco Giants,Texas Rangers
2018,2018-08-25,531350,2018-08-25 20:07:00+00:00,R,N,1,141,143,Toronto Blue Jays,Philadelphia Phillies
2018,2018-08-25,531343,2018-08-25 22:10:00+00:00,R,N,1,139,111,Tampa Bay Rays,Boston Red Sox
2018,2018-08-25,531344,2018-08-25 22:10:00+00:00,R,N,1,116,145,Detroit Tigers,Chicago White Sox
2018,2018-08-25,531349,2018-08-25 23:10:00+00:00,R,N,1,142,133,Minnesota Twins,Oakland Athletics
2018,2018-08-25,531342,2018-08-25 23:10:00+00:00,R,N,1,146,144,Miami Marlins,Atlanta Braves
2018,2018-08-25,531351,2018-08-25 23:10:00+00:00,R,N,1,158,134,Milwaukee Brewers,Pittsburgh Pirates
2018,2018-08-25,531346,2018-08-25 23:15:00+00:00,R,N,1,118,114,Kansas City Royals,Cleveland Indians
2018,2018-08-25,531353,2018-08-26 00:10:00+00:00,R,N,1,109,136,Arizona Diamondbacks,Seattle Mariners
2018,2018-08-25,531354,2018-08-26 00:10:00+00:00,R,N,1,115,138,Colorado Rockies,St. Louis Cardinals
2018,2018-08-25,531347,2018-08-26 01:07:00+00:00,R,N,1,108,117,Los Angeles Angels,Houston Astros
2018,2018-08-25,531352,2018-08-26 01:10:00+00:00,R,N,1,119,135,Los Angeles Dodgers,San Diego Padres
2018,2018-08-26,531365,2018-08-26 17:07:00+00:00,R,N,1,141,143,Toronto Blue Jays,Philadelphia Phillies
2018,2018-08-26,531371,2018-08-26 17:10:00+00:00,R,N,1,121,120,New York Mets,Washington Nationals
2018,2018-08-26,531358,2018-08-26 17:10:00+00:00,R,N,1,139,111,Tampa Bay Rays,Boston Red Sox
2018,2018-08-26,531359,2018-08-26 17:10:00+00:00,R,N,1,116,145,Detroit Tigers,Chicago White Sox
2018,2018-08-26,531357,2018-08-26 17:10:00+00:00,R,N,1,146,144,Miami Marlins,Atlanta Braves
2018,2018-08-26,531364,2018-08-26 18:10:00+00:00,R,N,1,142,133,Minnesota Twins,Oakland Athletics
2018,2018-08-26,531366,2018-08-26 18:10:00+00:00,R,N,1,158,134,Milwaukee Brewers,Pittsburgh Pirates
2018,2018-08-26,531361,2018-08-26 18:15:00+00:00,R,N,1,118,114,Kansas City Royals,Cleveland Indians
2018,2018-08-26,531360,2018-08-26 18:20:00+00:00,R,N,1,112,113,Chicago Cubs,Cincinnati Reds
2018,2018-08-26,531369,2018-08-26 19:10:00+00:00,R,N,1,115,138,Colorado Rockies,St. Louis Cardinals
2018,2018-08-26,531370,2018-08-26 20:05:00+00:00,R,N,1,137,140,San Francisco Giants,Texas Rangers
2018,2018-08-26,531362,2018-08-26 20:07:00+00:00,R,N,1,108,117,Los Angeles Angels,Houston Astros
2018,2018-08-26,531367,2018-08-26 20:10:00+00:00,R,N,1,119,135,Los Angeles Dodgers,San Diego Padres
2018,2018-08-26,531368,2018-08-26 20:10:00+00:00,R,N,1,109,136,Arizona Diamondbacks,Seattle Mariners
2018,2018-08-26,531363,2018-08-27 00:05:00+00:00,R,N,1,110,147,Baltimore Orioles,New York Yankees
2018,2018-08-27,531377,2018-08-27 23:05:00+00:00,R,N,1,110,141,Baltimore Orioles,Toronto Blue Jays
2018,2018-08-27,531378,2018-08-27 23:05:00+00:00,R,N,1,143,120,Philadelphia Phillies,Washington Nationals
2018,2018-08-27,531373,2018-08-27 23:05:00+00:00,R,N,1,147,145,New York Yankees,Chicago White Sox
2018,2018-08-27,531375,2018-08-28 00:05:00+00:00,R,N,1,112,121,Chicago Cubs,New York Mets
2018,2018-08-27,531376,2018-08-28 00:10:00+00:00,R,N,1,117,133,Houston Astros,Oakland Athletics
2018,2018-08-27,531374,2018-08-28 02:07:00+00:00,R,N,1,108,115,Los Angeles Angels,Colorado Rockies
2018,2018-08-27,531372,2018-08-28 02:15:00+00:00,R,N,1,137,109,San Francisco Giants,Arizona Diamondbacks
2018,2018-08-28,531392,2018-08-28 23:05:00+00:00,R,N,1,110,141,Baltimore Orioles,Toronto Blue Jays
2018,2018-08-28,531393,2018-08-28 23:05:00+00:00,R,N,1,143,120,Philadelphia Phillies,Washington Nationals
2018,2018-08-28,531380,2018-08-28 23:05:00+00:00,R,N,1,147,145,New York Yankees,Chicago White Sox
2018,2018-08-28,531386,2018-08-28 23:10:00+00:00,R,N,1,114,142,Cleveland Indians,Minnesota Twins
2018,2018-08-28,531384,2018-08-28 23:10:00+00:00,R,N,1,111,146,Boston Red Sox,Miami Marlins
2018,2018-08-28,531385,2018-08-28 23:10:00+00:00,R,N,1,113,158,Cincinnati Reds,Milwaukee Brewers
2018,2018-08-28,531391,2018-08-28 23:35:00+00:00,R,N,1,144,139,Atlanta Braves,Tampa Bay Rays
2018,2018-08-28,531387,2018-08-29 00:05:00+00:00,R,N,1,112,121,Chicago Cubs,New York Mets
2018,2018-08-28,531383,2018-08-29 00:05:00+00:00,R,N,1,140,119,Texas Rangers,Los Angeles Dodgers
2018,2018-08-28,531388,2018-08-29 00:10:00+00:00,R,N,1,117,133,Houston Astros,Oakland Athletics
2018,2018-08-28,531382,2018-08-29 00:15:00+00:00,R,N,1,118,116,Kansas City Royals,Detroit Tigers
2018,2018-08-28,531389,2018-08-29 00:15:00+00:00,R,N,1,138,134,St. Louis Cardinals,Pittsburgh Pirates
2018,2018-08-28,531381,2018-08-29 02:07:00+00:00,R,N,1,108,115,Los Angeles Angels,Colorado Rockies
2018,2018-08-28,531390,2018-08-29 02:10:00+00:00,R,N,1,135,136,San Diego Padres,Seattle Mariners
2018,2018-08-28,531379,2018-08-29 02:15:00+00:00,R,N,1,137,109,San Francisco Giants,Arizona Diamondbacks
2018,2018-08-28,531387,2018-08-29 17:00:00+00:00,R,N,1,112,121,Chicago Cubs,New York Mets
2018,2018-08-29,531402,2018-08-29 18:10:00+00:00,R,N,1,117,133,Houston Astros,Oakland Athletics
2018,2018-08-29,531396,2018-08-29 18:15:00+00:00,R,N,1,118,116,Kansas City Royals,Detroit Tigers
2018,2018-08-29,531401,2018-08-29 18:20:00+00:00,R,N,1,112,121,Chicago Cubs,New York Mets
2018,2018-08-29,531404,2018-08-29 19:40:00+00:00,R,N,1,135,136,San Diego Padres,Seattle Mariners
2018,2018-08-29,531398,2018-08-29 22:35:00+00:00,R,N,1,111,146,Boston Red Sox,Miami Marlins
2018,2018-08-29,531406,2018-08-29 23:05:00+00:00,R,N,1,110,141,Baltimore Orioles,Toronto Blue Jays
2018,2018-08-29,531407,2018-08-29 23:05:00+00:00,R,N,1,143,120,Philadelphia Phillies,Washington Nationals
2018,2018-08-29,531395,2018-08-29 23:05:00+00:00,R,N,1,147,145,New York Yankees,Chicago White Sox
2018,2018-08-29,531400,2018-08-29 23:10:00+00:00,R,N,1,114,142,Cleveland Indians,Minnesota Twins
2018,2018-08-29,531399,2018-08-29 23:10:00+00:00,R,N,1,113,158,Cincinnati Reds,Milwaukee Brewers
2018,2018-08-29,531405,2018-08-29 23:35:00+00:00,R,N,1,144,139,Atlanta Braves,Tampa Bay Rays
2018,2018-08-29,531397,2018-08-30 00:05:00+00:00,R,N,1,140,119,Texas Rangers,Los Angeles Dodgers
2018,2018-08-29,531403,2018-08-30 00:15:00+00:00,R,N,1,138,134,St. Louis Cardinals,Pittsburgh Pirates
2018,2018-08-29,531394,2018-08-30 02:15:00+00:00,R,N,1,137,109,San Francisco Giants,Arizona Diamondbacks
2018,2018-08-30,531413,2018-08-30 16:35:00+00:00,R,N,1,113,158,Cincinnati Reds,Milwaukee Brewers
2018,2018-08-30,531414,2018-08-30 17:10:00+00:00,R,N,1,114,142,Cleveland Indians,Minnesota Twins
2018,2018-08-30,531411,2018-08-30 23:05:00+00:00,R,N,1,147,116,New York Yankees,Detroit Tigers
2018,2018-08-30,531415,2018-08-30 23:15:00+00:00,R,N,1,138,134,St. Louis Cardinals,Pittsburgh Pirates
2018,2018-08-30,530053,2018-08-30 23:35:00+00:00,R,N,1,144,112,Atlanta Braves,Chicago Cubs
2018,2018-08-30,531412,2018-08-31 00:10:00+00:00,R,N,1,117,108,Houston Astros,Los Angeles Angels
2018,2018-08-30,531409,2018-08-31 00:10:00+00:00,R,N,1,145,111,Chicago White Sox,Boston Red Sox
2018,2018-08-30,531416,2018-08-31 02:05:00+00:00,R,N,1,133,136,Oakland Athletics,Seattle Mariners
2018,2018-08-30,531408,2018-08-31 02:10:00+00:00,R,N,1,119,109,Los Angeles Dodgers,Arizona Diamondbacks
2018,2018-08-30,531410,2018-08-31 02:10:00+00:00,R,N,1,135,115,San Diego Padres,Colorado Rockies
2018,2018-08-31,531420,2018-08-31 23:05:00+00:00,R,N,1,143,112,Philadelphia Phillies,Chicago Cubs
2018,2018-08-31,531423,2018-08-31 23:05:00+00:00,R,N,1,147,116,New York Yankees,Detroit Tigers
2018,2018-08-31,531425,2018-08-31 23:05:00+00:00,R,N,1,120,158,Washington Nationals,Milwaukee Brewers
2018,2018-08-31,531430,2018-08-31 23:10:00+00:00,R,N,1,114,139,Cleveland Indians,Tampa Bay Rays
2018,2018-08-31,531431,2018-08-31 23:10:00+00:00,R,N,1,146,141,Miami Marlins,Toronto Blue Jays
2018,2018-08-31,531428,2018-08-31 23:35:00+00:00,R,N,1,144,134,Atlanta Braves,Pittsburgh Pirates
2018,2018-08-31,531426,2018-09-01 00:05:00+00:00,R,N,1,140,142,Texas Rangers,Minnesota Twins
2018,2018-08-31,531424,2018-09-01 00:10:00+00:00,R,N,1,117,108,Houston Astros,Los Angeles Angels
2018,2018-08-31,531419,2018-09-01 00:10:00+00:00,R,N,1,145,111,Chicago White Sox,Boston Red Sox
2018,2018-08-31,531418,2018-09-01 00:15:00+00:00,R,N,1,118,110,Kansas City Royals,Baltimore Orioles
2018,2018-08-31,531421,2018-09-01 00:15:00+00:00,R,N,1,138,113,St. Louis Cardinals,Cincinnati Reds
2018,2018-08-31,531429,2018-09-01 02:05:00+00:00,R,N,1,133,136,Oakland Athletics,Seattle Mariners
2018,2018-08-31,531417,2018-09-01 02:10:00+00:00,R,N,1,119,109,Los Angeles Dodgers,Arizona Diamondbacks
2018,2018-08-31,531422,2018-09-01 02:10:00+00:00,R,N,1,135,115,San Diego Padres,Colorado Rockies
2018,2018-08-31,531427,2018-09-01 02:15:00+00:00,R,N,1,137,121,San Francisco Giants,New York Mets
2018,2018-09-01,531442,2018-09-01 20:05:00+00:00,R,N,1,137,121,San Francisco Giants,New York Mets
2018,2018-09-01,531438,2018-09-01 20:05:00+00:00,R,N,1,147,116,New York Yankees,Detroit Tigers
2018,2018-09-01,531435,2018-09-01 23:05:00+00:00,R,N,1,143,112,Philadelphia Phillies,Chicago Cubs
2018,2018-09-01,531440,2018-09-01 23:05:00+00:00,R,N,1,120,158,Washington Nationals,Milwaukee Brewers
2018,2018-09-01,531439,2018-09-01 23:10:00+00:00,R,N,1,117,108,Houston Astros,Los Angeles Angels
2018,2018-09-01,531445,2018-09-01 23:10:00+00:00,R,N,1,114,139,Cleveland Indians,Tampa Bay Rays
2018,2018-09-01,531443,2018-09-01 23:10:00+00:00,R,N,1,144,134,Atlanta Braves,Pittsburgh Pirates
2018,2018-09-01,531434,2018-09-01 23:10:00+00:00,R,N,1,145,111,Chicago White Sox,Boston Red Sox
2018,2018-09-01,531446,2018-09-01 23:10:00+00:00,R,N,1,146,141,Miami Marlins,Toronto Blue Jays
2018,2018-09-01,531433,2018-09-01 23:15:00+00:00,R,N,1,118,110,Kansas City Royals,Baltimore Orioles
2018,2018-09-01,531436,2018-09-01 23:15:00+00:00,R,N,1,138,113,St. Louis Cardinals,Cincinnati Reds
2018,2018-09-01,531441,2018-09-02 00:05:00+00:00,R,N,1,140,142,Texas Rangers,Minnesota Twins
2018,2018-09-01,531437,2018-09-02 00:40:00+00:00,R,N,1,135,115,San Diego Padres,Colorado Rockies
2018,2018-09-01,531444,2018-09-02 01:05:00+00:00,R,N,1,133,136,Oakland Athletics,Seattle Mariners
2018,2018-09-01,531432,2018-09-02 01:10:00+00:00,R,N,1,119,109,Los Angeles Dodgers,Arizona Diamondbacks
2018,2018-09-02,531453,2018-09-02 17:05:00+00:00,R,N,1,147,116,New York Yankees,Detroit Tigers
2018,2018-09-02,531461,2018-09-02 17:10:00+00:00,R,N,1,146,141,Miami Marlins,Toronto Blue Jays
2018,2018-09-02,531450,2018-09-02 17:35:00+00:00,R,N,1,143,112,Philadelphia Phillies,Chicago Cubs
2018,2018-09-02,531455,2018-09-02 17:35:00+00:00,R,N,1,120,158,Washington Nationals,Milwaukee Brewers
2018,2018-09-02,531449,2018-09-02 18:10:00+00:00,R,N,1,145,111,Chicago White Sox,Boston Red Sox
2018,2018-09-02,531448,2018-09-02 18:15:00+00:00,R,N,1,118,110,Kansas City Royals,Baltimore Orioles
2018,2018-09-02,531451,2018-09-02 18:15:00+00:00,R,N,1,138,113,St. Louis Cardinals,Cincinnati Reds
2018,2018-09-02,531456,2018-09-02 19:05:00+00:00,R,N,1,140,142,Texas Rangers,Minnesota Twins
2018,2018-09-02,531459,2018-09-02 20:05:00+00:00,R,N,1,133,136,Oakland Athletics,Seattle Mariners
2018,2018-09-02,531457,2018-09-02 20:05:00+00:00,R,N,1,137,121,San Francisco Giants,New York Mets
2018,2018-09-02,531447,2018-09-02 20:10:00+00:00,R,N,1,119,109,Los Angeles Dodgers,Arizona Diamondbacks
2018,2018-09-02,531452,2018-09-02 20:10:00+00:00,R,N,1,135,115,San Diego Padres,Colorado Rockies
2018,2018-09-02,531460,2018-09-02 20:10:00+00:00,R,N,1,114,139,Cleveland Indians,Tampa Bay Rays
2018,2018-09-02,531458,2018-09-02 21:05:00+00:00,R,N,1,144,134,Atlanta Braves,Pittsburgh Pirates
2018,2018-09-02,531454,2018-09-03 00:05:00+00:00,R,N,1,117,108,Houston Astros,Los Angeles Angels
2018,2018-09-03,531475,2018-09-03 17:05:00+00:00,R,N,1,120,138,Washington Nationals,St. Louis Cardinals
2018,2018-09-03,531463,2018-09-03 17:05:00+00:00,R,N,1,144,111,Atlanta Braves,Boston Red Sox
2018,2018-09-03,531472,2018-09-03 17:10:00+00:00,R,N,1,146,143,Miami Marlins,Philadelphia Phillies
2018,2018-09-03,531465,2018-09-03 17:35:00+00:00,R,N,1,134,113,Pittsburgh Pirates,Cincinnati Reds
2018,2018-09-03,531469,2018-09-03 18:10:00+00:00,R,N,1,117,142,Houston Astros,Minnesota Twins
2018,2018-09-03,531466,2018-09-03 18:10:00+00:00,R,N,1,145,116,Chicago White Sox,Detroit Tigers
2018,2018-09-03,531464,2018-09-03 18:10:00+00:00,R,N,1,158,112,Milwaukee Brewers,Chicago Cubs
2018,2018-09-03,531474,2018-09-03 19:10:00+00:00,R,N,1,115,137,Colorado Rockies,San Francisco Giants
2018,2018-09-03,531471,2018-09-03 20:05:00+00:00,R,N,1,133,147,Oakland Athletics,New York Yankees
2018,2018-09-03,531467,2018-09-03 20:10:00+00:00,R,N,1,114,118,Cleveland Indians,Kansas City Royals
2018,2018-09-03,531476,2018-09-03 23:07:00+00:00,R,N,1,141,139,Toronto Blue Jays,Tampa Bay Rays
2018,2018-09-03,531468,2018-09-04 00:05:00+00:00,R,N,1,140,108,Texas Rangers,Los Angeles Angels
2018,2018-09-03,531470,2018-09-04 00:10:00+00:00,R,N,1,119,121,Los Angeles Dodgers,New York Mets
2018,2018-09-03,531473,2018-09-04 00:10:00+00:00,R,N,1,109,135,Arizona Diamondbacks,San Diego Padres
2018,2018-09-03,531462,2018-09-04 01:10:00+00:00,R,N,1,136,110,Seattle Mariners,Baltimore Orioles
2018,2018-09-04,531480,2018-09-04 23:05:00+00:00,R,N,1,134,113,Pittsburgh Pirates,Cincinnati Reds
2018,2018-09-04,531490,2018-09-04 23:05:00+00:00,R,N,1,120,138,Washington Nationals,St. Louis Cardinals
2018,2018-09-04,531491,2018-09-04 23:07:00+00:00,R,N,1,141,139,Toronto Blue Jays,Tampa Bay Rays
2018,2018-09-04,531482,2018-09-04 23:10:00+00:00,R,N,1,114,118,Cleveland Indians,Kansas City Royals
2018,2018-09-04,531487,2018-09-04 23:10:00+00:00,R,N,1,146,143,Miami Marlins,Philadelphia Phillies
2018,2018-09-04,531478,2018-09-04 23:35:00+00:00,R,N,1,144,111,Atlanta Braves,Boston Red Sox
2018,2018-09-04,531483,2018-09-05 00:05:00+00:00,R,N,1,140,108,Texas Rangers,Los Angeles Angels
2018,2018-09-04,531484,2018-09-05 00:10:00+00:00,R,N,1,117,142,Houston Astros,Minnesota Twins
2018,2018-09-04,531481,2018-09-05 00:10:00+00:00,R,N,1,145,116,Chicago White Sox,Detroit Tigers
2018,2018-09-04,531479,2018-09-05 00:10:00+00:00,R,N,1,158,112,Milwaukee Brewers,Chicago Cubs
2018,2018-09-04,531489,2018-09-05 00:40:00+00:00,R,N,1,115,137,Colorado Rockies,San Francisco Giants
2018,2018-09-04,531488,2018-09-05 01:40:00+00:00,R,N,1,109,135,Arizona Diamondbacks,San Diego Padres
2018,2018-09-04,531486,2018-09-05 02:05:00+00:00,R,N,1,133,147,Oakland Athletics,New York Yankees
2018,2018-09-04,531485,2018-09-05 02:10:00+00:00,R,N,1,119,121,Los Angeles Dodgers,New York Mets
2018,2018-09-04,531477,2018-09-05 02:10:00+00:00,R,N,1,136,110,Seattle Mariners,Baltimore Orioles
2018,2018-09-05,531493,2018-09-05 16:10:00+00:00,R,N,1,144,111,Atlanta Braves,Boston Red Sox
2018,2018-09-05,531497,2018-09-05 17:10:00+00:00,R,N,1,114,118,Cleveland Indians,Kansas City Royals
2018,2018-09-05,531495,2018-09-05 23:05:00+00:00,R,N,1,134,113,Pittsburgh Pirates,Cincinnati Reds
2018,2018-09-05,531504,2018-09-05 23:05:00+00:00,R,N,1,120,138,Washington Nationals,St. Louis Cardinals
2018,2018-09-05,531505,2018-09-05 23:07:00+00:00,R,N,1,141,139,Toronto Blue Jays,Tampa Bay Rays
2018,2018-09-05,531502,2018-09-05 23:10:00+00:00,R,N,1,146,143,Miami Marlins,Philadelphia Phillies
2018,2018-09-05,531500,2018-09-05 23:35:00+00:00,R,N,1,119,121,Los Angeles Dodgers,New York Mets
2018,2018-09-05,531498,2018-09-06 00:05:00+00:00,R,N,1,140,108,Texas Rangers,Los Angeles Angels
2018,2018-09-05,531499,2018-09-06 00:10:00+00:00,R,N,1,117,142,Houston Astros,Minnesota Twins
2018,2018-09-05,531496,2018-09-06 00:10:00+00:00,R,N,1,145,116,Chicago White Sox,Detroit Tigers
2018,2018-09-05,531494,2018-09-06 00:10:00+00:00,R,N,1,158,112,Milwaukee Brewers,Chicago Cubs
2018,2018-09-05,531503,2018-09-06 00:40:00+00:00,R,N,1,115,137,Colorado Rockies,San Francisco Giants
2018,2018-09-05,531501,2018-09-06 02:05:00+00:00,R,N,1,133,147,Oakland Athletics,New York Yankees
2018,2018-09-05,531492,2018-09-06 02:10:00+00:00,R,N,1,136,110,Seattle Mariners,Baltimore Orioles
2018,2018-09-06,531509,2018-09-06 22:40:00+00:00,R,N,1,113,135,Cincinnati Reds,San Diego Padres
2018,2018-09-06,531507,2018-09-06 23:05:00+00:00,R,N,1,120,112,Washington Nationals,Chicago Cubs
2018,2018-09-06,531508,2018-09-06 23:07:00+00:00,R,N,1,141,114,Toronto Blue Jays,Cleveland Indians
2018,2018-09-06,531506,2018-09-07 01:40:00+00:00,R,N,1,109,144,Arizona Diamondbacks,Atlanta Braves
2018,2018-09-07,531521,2018-09-07 22:40:00+00:00,R,N,1,113,135,Cincinnati Reds,San Diego Padres
2018,2018-09-07,531518,2018-09-07 23:05:00+00:00,R,N,1,134,146,Pittsburgh Pirates,Miami Marlins
2018,2018-09-07,531513,2018-09-07 23:07:00+00:00,R,N,1,141,114,Toronto Blue Jays,Cleveland Indians
2018,2018-09-07,531514,2018-09-07 23:10:00+00:00,R,N,1,111,117,Boston Red Sox,Houston Astros
2018,2018-09-07,531523,2018-09-07 23:10:00+00:00,R,N,1,116,138,Detroit Tigers,St. Louis Cardinals
2018,2018-09-07,531511,2018-09-07 23:10:00+00:00,R,N,1,139,110,Tampa Bay Rays,Baltimore Orioles
2018,2018-09-07,531520,2018-09-07 23:10:00+00:00,R,N,1,121,143,New York Mets,Philadelphia Phillies
2018,2018-09-07,531515,2018-09-08 00:10:00+00:00,R,N,1,142,118,Minnesota Twins,Kansas City Royals
2018,2018-09-07,531516,2018-09-08 00:10:00+00:00,R,N,1,145,108,Chicago White Sox,Los Angeles Angels
2018,2018-09-07,531522,2018-09-08 00:10:00+00:00,R,N,1,158,137,Milwaukee Brewers,San Francisco Giants
2018,2018-09-07,531517,2018-09-08 00:40:00+00:00,R,N,1,115,119,Colorado Rockies,Los Angeles Dodgers
2018,2018-09-07,531510,2018-09-08 01:40:00+00:00,R,N,1,109,144,Arizona Diamondbacks,Atlanta Braves
2018,2018-09-07,531524,2018-09-08 02:05:00+00:00,R,N,1,133,140,Oakland Athletics,Texas Rangers
2018,2018-09-07,531519,2018-09-08 02:10:00+00:00,R,N,1,136,147,Seattle Mariners,New York Yankees
2018,2018-09-08,531512,2018-09-07 23:05:00+00:00,R,N,1,120,112,Washington Nationals,Chicago Cubs
2018,2018-09-08,531533,2018-09-08 17:05:00+00:00,R,N,1,134,146,Pittsburgh Pirates,Miami Marlins
2018,2018-09-08,531527,2018-09-08 19:05:00+00:00,R,Y,1,120,112,Washington Nationals,Chicago Cubs
2018,2018-09-08,531512,2018-09-08 19:10:00+00:00,R,Y,2,120,112,Washington Nationals,Chicago Cubs
2018,2018-09-08,531536,2018-09-08 19:10:00+00:00,R,N,1,113,135,Cincinnati Reds,San Diego Padres
2018,2018-09-08,531529,2018-09-08 20:05:00+00:00,R,N,1,111,117,Boston Red Sox,Houston Astros
2018,2018-09-08,531539,2018-09-08 20:05:00+00:00,R,N,1,133,140,Oakland Athletics,Texas Rangers
2018,2018-09-08,531528,2018-09-08 20:07:00+00:00,R,N,1,141,114,Toronto Blue Jays,Cleveland Indians
2018,2018-09-08,531538,2018-09-08 22:10:00+00:00,R,N,1,116,138,Detroit Tigers,St. Louis Cardinals
2018,2018-09-08,531526,2018-09-08 22:10:00+00:00,R,N,1,139,110,Tampa Bay Rays,Baltimore Orioles
2018,2018-09-08,531530,2018-09-08 23:10:00+00:00,R,N,1,142,118,Minnesota Twins,Kansas City Royals
2018,2018-09-08,531535,2018-09-08 23:10:00+00:00,R,N,1,121,143,New York Mets,Philadelphia Phillies
2018,2018-09-08,531531,2018-09-08 23:10:00+00:00,R,N,1,145,108,Chicago White Sox,Los Angeles Angels
2018,2018-09-08,531537,2018-09-08 23:10:00+00:00,R,N,1,158,137,Milwaukee Brewers,San Francisco Giants
2018,2018-09-08,531532,2018-09-09 00:10:00+00:00,R,N,1,115,119,Colorado Rockies,Los Angeles Dodgers
2018,2018-09-08,531525,2018-09-09 00:10:00+00:00,R,N,1,109,144,Arizona Diamondbacks,Atlanta Braves
2018,2018-09-08,531534,2018-09-09 01:10:00+00:00,R,N,1,136,147,Seattle Mariners,New York Yankees
2018,2018-09-09,531543,2018-09-09 17:07:00+00:00,R,N,1,141,114,Toronto Blue Jays,Cleveland Indians
2018,2018-09-09,531553,2018-09-09 17:10:00+00:00,R,N,1,116,138,Detroit Tigers,St. Louis Cardinals
2018,2018-09-09,531541,2018-09-09 17:10:00+00:00,R,N,1,139,110,Tampa Bay Rays,Baltimore Orioles
2018,2018-09-09,531550,2018-09-09 17:10:00+00:00,R,N,1,121,143,New York Mets,Philadelphia Phillies
2018,2018-09-09,531545,2018-09-09 18:10:00+00:00,R,N,1,142,118,Minnesota Twins,Kansas City Royals
2018,2018-09-09,531546,2018-09-09 18:10:00+00:00,R,N,1,145,108,Chicago White Sox,Los Angeles Angels
2018,2018-09-09,531552,2018-09-09 18:10:00+00:00,R,N,1,158,137,Milwaukee Brewers,San Francisco Giants
2018,2018-09-09,531547,2018-09-09 19:10:00+00:00,R,N,1,115,119,Colorado Rockies,Los Angeles Dodgers
2018,2018-09-09,531554,2018-09-09 20:05:00+00:00,R,N,1,133,140,Oakland Athletics,Texas Rangers
2018,2018-09-09,531551,2018-09-09 20:10:00+00:00,R,N,1,113,135,Cincinnati Reds,San Diego Padres
2018,2018-09-09,531540,2018-09-09 20:10:00+00:00,R,N,1,109,144,Arizona Diamondbacks,Atlanta Braves
2018,2018-09-09,531549,2018-09-09 20:10:00+00:00,R,N,1,136,147,Seattle Mariners,New York Yankees
2018,2018-09-09,531544,2018-09-10 00:05:00+00:00,R,N,1,111,117,Boston Red Sox,Houston Astros
2018,2018-09-13,531542,2018-09-09 17:35:00+00:00,R,N,1,120,112,Washington Nationals,Chicago Cubs
2018,2018-09-09,531548,2018-09-09 07:33:00+00:00,R,N,1,134,146,Pittsburgh Pirates,Miami Marlins
2018,2018-09-10,531559,2018-09-10 22:10:00+00:00,R,N,1,116,117,Detroit Tigers,Houston Astros
2018,2018-09-10,531560,2018-09-10 22:40:00+00:00,R,N,1,113,119,Cincinnati Reds,Los Angeles Dodgers
2018,2018-09-10,531558,2018-09-10 23:10:00+00:00,R,N,1,139,114,Tampa Bay Rays,Cleveland Indians
2018,2018-09-10,531562,2018-09-11 00:05:00+00:00,R,N,1,112,158,Chicago Cubs,Milwaukee Brewers
2018,2018-09-10,531563,2018-09-11 00:10:00+00:00,R,N,1,142,147,Minnesota Twins,New York Yankees
2018,2018-09-10,531564,2018-09-11 00:15:00+00:00,R,N,1,138,134,St. Louis Cardinals,Pittsburgh Pirates
2018,2018-09-10,531557,2018-09-11 00:15:00+00:00,R,N,1,118,145,Kansas City Royals,Chicago White Sox
2018,2018-09-10,531555,2018-09-11 00:40:00+00:00,R,N,1,115,109,Colorado Rockies,Arizona Diamondbacks
2018,2018-09-10,531565,2018-09-11 02:07:00+00:00,R,N,1,108,140,Los Angeles Angels,Texas Rangers
2018,2018-09-10,531556,2018-09-11 02:15:00+00:00,R,N,1,137,144,San Francisco Giants,Atlanta Braves
2018,2018-09-11,531566,2018-09-10 23:05:00+00:00,R,N,1,143,120,Philadelphia Phillies,Washington Nationals
2018,2018-09-13,531561,2018-09-10 23:10:00+00:00,R,N,1,121,146,New York Mets,Miami Marlins
2018,2018-09-11,531581,2018-09-11 19:05:00+00:00,R,Y,1,143,120,Philadelphia Phillies,Washington Nationals
2018,2018-09-11,531566,2018-09-11 19:10:00+00:00,R,Y,2,143,120,Philadelphia Phillies,Washington Nationals
2018,2018-09-11,531571,2018-09-11 22:40:00+00:00,R,N,1,116,117,Detroit Tigers,Houston Astros
2018,2018-09-11,531572,2018-09-11 22:40:00+00:00,R,N,1,113,119,Cincinnati Reds,Los Angeles Dodgers
2018,2018-09-11,531576,2018-09-11 23:05:00+00:00,R,N,1,110,133,Baltimore Orioles,Oakland Athletics
2018,2018-09-11,531570,2018-09-11 23:10:00+00:00,R,N,1,139,114,Tampa Bay Rays,Cleveland Indians
2018,2018-09-11,531580,2018-09-11 23:10:00+00:00,R,N,1,111,141,Boston Red Sox,Toronto Blue Jays
2018,2018-09-11,531573,2018-09-11 23:10:00+00:00,R,N,1,121,146,New York Mets,Miami Marlins
2018,2018-09-11,531574,2018-09-12 00:05:00+00:00,R,N,1,112,158,Chicago Cubs,Milwaukee Brewers
2018,2018-09-11,531575,2018-09-12 00:10:00+00:00,R,N,1,142,147,Minnesota Twins,New York Yankees
2018,2018-09-11,531577,2018-09-12 00:15:00+00:00,R,N,1,138,134,St. Louis Cardinals,Pittsburgh Pirates
2018,2018-09-11,531569,2018-09-12 00:15:00+00:00,R,N,1,118,145,Kansas City Royals,Chicago White Sox
2018,2018-09-11,531567,2018-09-12 00:40:00+00:00,R,N,1,115,109,Colorado Rockies,Arizona Diamondbacks
2018,2018-09-11,531579,2018-09-12 02:07:00+00:00,R,N,1,108,140,Los Angeles Angels,Texas Rangers
2018,2018-09-11,531578,2018-09-12 02:10:00+00:00,R,N,1,136,135,Seattle Mariners,San Diego Padres
2018,2018-09-11,531568,2018-09-12 02:15:00+00:00,R,N,1,137,144,San Francisco Giants,Atlanta Braves
2018,2018-09-12,531587,2018-09-12 16:35:00+00:00,R,N,1,113,119,Cincinnati Reds,Los Angeles Dodgers
2018,2018-09-12,531586,2018-09-12 17:10:00+00:00,R,N,1,116,117,Detroit Tigers,Houston Astros
2018,2018-09-12,531585,2018-09-12 17:10:00+00:00,R,N,1,139,114,Tampa Bay Rays,Cleveland Indians
2018,2018-09-12,531592,2018-09-12 17:15:00+00:00,R,N,1,138,134,St. Louis Cardinals,Pittsburgh Pirates
2018,2018-09-12,531583,2018-09-12 19:45:00+00:00,R,N,1,137,144,San Francisco Giants,Atlanta Braves
2018,2018-09-12,531588,2018-09-12 20:10:00+00:00,R,Y,1,121,146,New York Mets,Miami Marlins
2018,2018-09-12,531593,2018-09-12 22:40:00+00:00,R,N,1,136,135,Seattle Mariners,San Diego Padres
2018,2018-09-12,531591,2018-09-12 23:05:00+00:00,R,N,1,110,133,Baltimore Orioles,Oakland Athletics
2018,2018-09-12,531596,2018-09-12 23:05:00+00:00,R,N,1,143,120,Philadelphia Phillies,Washington Nationals
2018,2018-09-12,531595,2018-09-12 23:10:00+00:00,R,N,1,111,141,Boston Red Sox,Toronto Blue Jays
2018,2018-09-12,531589,2018-09-13 00:05:00+00:00,R,N,1,112,158,Chicago Cubs,Milwaukee Brewers
2018,2018-09-12,531590,2018-09-13 00:10:00+00:00,R,N,1,142,147,Minnesota Twins,New York Yankees
2018,2018-09-12,531584,2018-09-13 00:15:00+00:00,R,N,1,118,145,Kansas City Royals,Chicago White Sox
2018,2018-09-12,531582,2018-09-13 00:40:00+00:00,R,N,1,115,109,Colorado Rockies,Arizona Diamondbacks
2018,2018-09-12,531594,2018-09-13 02:07:00+00:00,R,N,1,108,140,Los Angeles Angels,Texas Rangers
2018,2018-09-13,531561,2018-09-12 20:15:00+00:00,R,Y,2,121,146,New York Mets,Miami Marlins
2018,2018-09-13,531597,2018-09-13 19:10:00+00:00,R,N,1,115,109,Colorado Rockies,Arizona Diamondbacks
2018,2018-09-13,531599,2018-09-13 19:10:00+00:00,R,Y,1,121,146,New York Mets,Miami Marlins
2018,2018-09-13,531561,2018-09-13 19:15:00+00:00,R,Y,2,121,146,New York Mets,Miami Marlins
2018,2018-09-13,531542,2018-09-13 20:05:00+00:00,R,N,1,120,112,Washington Nationals,Chicago Cubs
2018,2018-09-13,531601,2018-09-13 23:05:00+00:00,R,N,1,110,133,Baltimore Orioles,Oakland Athletics
2018,2018-09-13,531603,2018-09-13 23:10:00+00:00,R,N,1,111,141,Boston Red Sox,Toronto Blue Jays
2018,2018-09-13,531598,2018-09-13 23:15:00+00:00,R,N,1,138,119,St. Louis Cardinals,Los Angeles Dodgers
2018,2018-09-13,531600,2018-09-14 00:15:00+00:00,R,N,1,118,142,Kansas City Royals,Minnesota Twins
2018,2018-09-13,531602,2018-09-14 02:07:00+00:00,R,N,1,108,136,Los Angeles Angels,Seattle Mariners
2018,2018-09-14,531605,2018-09-14 23:05:00+00:00,R,N,1,110,145,Baltimore Orioles,Chicago White Sox
2018,2018-09-14,531610,2018-09-14 23:05:00+00:00,R,N,1,143,146,Philadelphia Phillies,Miami Marlins
2018,2018-09-14,531617,2018-09-14 23:05:00+00:00,R,N,1,147,141,New York Yankees,Toronto Blue Jays
2018,2018-09-14,531608,2018-09-14 23:10:00+00:00,R,N,1,114,116,Cleveland Indians,Detroit Tigers
2018,2018-09-14,531612,2018-09-14 23:10:00+00:00,R,N,1,111,121,Boston Red Sox,New York Mets
2018,2018-09-14,531613,2018-09-14 23:10:00+00:00,R,N,1,139,133,Tampa Bay Rays,Oakland Athletics
2018,2018-09-14,531618,2018-09-14 23:35:00+00:00,R,N,1,144,120,Atlanta Braves,Washington Nationals
2018,2018-09-14,531606,2018-09-15 00:05:00+00:00,R,N,1,112,113,Chicago Cubs,Cincinnati Reds
2018,2018-09-14,531604,2018-09-15 00:10:00+00:00,R,N,1,117,109,Houston Astros,Arizona Diamondbacks
2018,2018-09-14,531614,2018-09-15 00:10:00+00:00,R,N,1,158,134,Milwaukee Brewers,Pittsburgh Pirates
2018,2018-09-14,531609,2018-09-15 00:15:00+00:00,R,N,1,138,119,St. Louis Cardinals,Los Angeles Dodgers
2018,2018-09-14,531611,2018-09-15 00:15:00+00:00,R,N,1,118,142,Kansas City Royals,Minnesota Twins
2018,2018-09-14,531615,2018-09-15 02:07:00+00:00,R,N,1,108,136,Los Angeles Angels,Seattle Mariners
2018,2018-09-14,531616,2018-09-15 02:10:00+00:00,R,N,1,135,140,San Diego Padres,Texas Rangers
2018,2018-09-14,531607,2018-09-15 02:15:00+00:00,R,N,1,137,115,San Francisco Giants,Colorado Rockies
2018,2018-09-15,531624,2018-09-15 17:05:00+00:00,R,N,1,138,119,St. Louis Cardinals,Los Angeles Dodgers
2018,2018-09-15,531633,2018-09-15 17:05:00+00:00,R,N,1,144,120,Atlanta Braves,Washington Nationals
2018,2018-09-15,531623,2018-09-15 19:10:00+00:00,R,N,1,114,116,Cleveland Indians,Detroit Tigers
2018,2018-09-15,531621,2018-09-15 20:05:00+00:00,R,N,1,112,113,Chicago Cubs,Cincinnati Reds
2018,2018-09-15,531627,2018-09-15 20:05:00+00:00,R,N,1,111,121,Boston Red Sox,New York Mets
2018,2018-09-15,531632,2018-09-15 20:05:00+00:00,R,N,1,147,141,New York Yankees,Toronto Blue Jays
2018,2018-09-15,531628,2018-09-15 22:10:00+00:00,R,N,1,139,133,Tampa Bay Rays,Oakland Athletics
2018,2018-09-15,531620,2018-09-15 23:05:00+00:00,R,N,1,110,145,Baltimore Orioles,Chicago White Sox
2018,2018-09-15,531625,2018-09-15 23:05:00+00:00,R,N,1,143,146,Philadelphia Phillies,Miami Marlins
2018,2018-09-15,531619,2018-09-15 23:10:00+00:00,R,N,1,117,109,Houston Astros,Arizona Diamondbacks
2018,2018-09-15,531629,2018-09-15 23:10:00+00:00,R,N,1,158,134,Milwaukee Brewers,Pittsburgh Pirates
2018,2018-09-15,531626,2018-09-15 23:15:00+00:00,R,N,1,118,142,Kansas City Royals,Minnesota Twins
2018,2018-09-15,531631,2018-09-16 00:40:00+00:00,R,N,1,135,140,San Diego Padres,Texas Rangers
2018,2018-09-15,531622,2018-09-16 01:05:00+00:00,R,N,1,137,115,San Francisco Giants,Colorado Rockies
2018,2018-09-15,531630,2018-09-16 01:07:00+00:00,R,N,1,108,136,Los Angeles Angels,Seattle Mariners
2018,2018-09-16,531642,2018-09-16 17:05:00+00:00,R,N,1,111,121,Boston Red Sox,New York Mets
2018,2018-09-16,531635,2018-09-16 17:05:00+00:00,R,N,1,110,145,Baltimore Orioles,Chicago White Sox
2018,2018-09-16,531647,2018-09-16 17:05:00+00:00,R,N,1,147,141,New York Yankees,Toronto Blue Jays
2018,2018-09-16,531638,2018-09-16 17:10:00+00:00,R,N,1,114,116,Cleveland Indians,Detroit Tigers
2018,2018-09-16,531643,2018-09-16 17:10:00+00:00,R,N,1,139,133,Tampa Bay Rays,Oakland Athletics
2018,2018-09-16,531648,2018-09-16 17:35:00+00:00,R,N,1,144,120,Atlanta Braves,Washington Nationals
2018,2018-09-16,531640,2018-09-16 17:35:00+00:00,R,N,1,143,146,Philadelphia Phillies,Miami Marlins
2018,2018-09-16,531634,2018-09-16 18:10:00+00:00,R,N,1,117,109,Houston Astros,Arizona Diamondbacks
2018,2018-09-16,531644,2018-09-16 18:10:00+00:00,R,N,1,158,134,Milwaukee Brewers,Pittsburgh Pirates
2018,2018-09-16,531641,2018-09-16 18:15:00+00:00,R,N,1,118,142,Kansas City Royals,Minnesota Twins
2018,2018-09-16,531636,2018-09-16 18:20:00+00:00,R,N,1,112,113,Chicago Cubs,Cincinnati Reds
2018,2018-09-16,531637,2018-09-16 20:05:00+00:00,R,N,1,137,115,San Francisco Giants,Colorado Rockies
2018,2018-09-16,531645,2018-09-16 20:07:00+00:00,R,N,1,108,136,Los Angeles Angels,Seattle Mariners
2018,2018-09-16,531646,2018-09-16 20:10:00+00:00,R,N,1,135,140,San Diego Padres,Texas Rangers
2018,2018-09-16,531639,2018-09-17 00:05:00+00:00,R,N,1,138,119,St. Louis Cardinals,Los Angeles Dodgers
2018,2018-09-17,531652,2018-09-17 23:05:00+00:00,R,N,1,134,118,Pittsburgh Pirates,Kansas City Royals
2018,2018-09-17,531659,2018-09-17 23:05:00+00:00,R,N,1,110,141,Baltimore Orioles,Toronto Blue Jays
2018,2018-09-17,531654,2018-09-17 23:05:00+00:00,R,N,1,143,121,Philadelphia Phillies,New York Mets
2018,2018-09-17,531653,2018-09-17 23:10:00+00:00,R,N,1,116,142,Detroit Tigers,Minnesota Twins
2018,2018-09-17,531660,2018-09-17 23:10:00+00:00,R,N,1,146,120,Miami Marlins,Washington Nationals
2018,2018-09-17,531657,2018-09-17 23:35:00+00:00,R,N,1,144,138,Atlanta Braves,St. Louis Cardinals
2018,2018-09-17,531650,2018-09-17 23:40:00+00:00,R,N,1,158,113,Milwaukee Brewers,Cincinnati Reds
2018,2018-09-17,531658,2018-09-18 00:05:00+00:00,R,N,1,140,139,Texas Rangers,Tampa Bay Rays
2018,2018-09-17,531656,2018-09-18 00:10:00+00:00,R,N,1,117,136,Houston Astros,Seattle Mariners
2018,2018-09-17,531649,2018-09-18 01:40:00+00:00,R,N,1,109,112,Arizona Diamondbacks,Chicago Cubs
2018,2018-09-17,531651,2018-09-18 02:10:00+00:00,R,N,1,119,115,Los Angeles Dodgers,Colorado Rockies
2018,2018-09-17,531655,2018-09-18 02:10:00+00:00,R,N,1,135,137,San Diego Padres,San Francisco Giants
2018,2018-09-18,531666,2018-09-18 23:05:00+00:00,R,N,1,134,118,Pittsburgh Pirates,Kansas City Royals
2018,2018-09-18,531674,2018-09-18 23:05:00+00:00,R,N,1,110,141,Baltimore Orioles,Toronto Blue Jays
2018,2018-09-18,531669,2018-09-18 23:05:00+00:00,R,N,1,143,121,Philadelphia Phillies,New York Mets
2018,2018-09-18,531661,2018-09-18 23:05:00+00:00,R,N,1,147,111,New York Yankees,Boston Red Sox
2018,2018-09-18,531668,2018-09-18 23:10:00+00:00,R,N,1,116,142,Detroit Tigers,Minnesota Twins
2018,2018-09-18,531663,2018-09-18 23:10:00+00:00,R,N,1,114,145,Cleveland Indians,Chicago White Sox
2018,2018-09-18,531675,2018-09-18 23:10:00+00:00,R,N,1,146,120,Miami Marlins,Washington Nationals
2018,2018-09-18,531672,2018-09-18 23:35:00+00:00,R,N,1,144,138,Atlanta Braves,St. Louis Cardinals
2018,2018-09-18,531664,2018-09-18 23:40:00+00:00,R,N,1,158,113,Milwaukee Brewers,Cincinnati Reds
2018,2018-09-18,531673,2018-09-19 00:05:00+00:00,R,N,1,140,139,Texas Rangers,Tampa Bay Rays
2018,2018-09-18,531671,2018-09-19 00:10:00+00:00,R,N,1,117,136,Houston Astros,Seattle Mariners
2018,2018-09-18,531662,2018-09-19 01:40:00+00:00,R,N,1,109,112,Arizona Diamondbacks,Chicago Cubs
2018,2018-09-18,531667,2018-09-19 02:05:00+00:00,R,N,1,133,108,Oakland Athletics,Los Angeles Angels
2018,2018-09-18,531665,2018-09-19 02:10:00+00:00,R,N,1,119,115,Los Angeles Dodgers,Colorado Rockies
2018,2018-09-18,531670,2018-09-19 02:10:00+00:00,R,N,1,135,137,San Diego Padres,San Francisco Giants
2018,2018-09-19,531687,2018-09-19 16:10:00+00:00,R,N,1,144,138,Atlanta Braves,St. Louis Cardinals
2018,2018-09-19,531683,2018-09-19 17:10:00+00:00,R,N,1,116,142,Detroit Tigers,Minnesota Twins
2018,2018-09-19,531688,2018-09-19 18:05:00+00:00,R,N,1,140,139,Texas Rangers,Tampa Bay Rays
2018,2018-09-19,531684,2018-09-19 22:05:00+00:00,R,N,1,143,121,Philadelphia Phillies,New York Mets
2018,2018-09-19,531681,2018-09-19 23:05:00+00:00,R,N,1,134,118,Pittsburgh Pirates,Kansas City Royals
2018,2018-09-19,531689,2018-09-19 23:05:00+00:00,R,N,1,110,141,Baltimore Orioles,Toronto Blue Jays
2018,2018-09-19,531676,2018-09-19 23:05:00+00:00,R,N,1,147,111,New York Yankees,Boston Red Sox
2018,2018-09-19,531678,2018-09-19 23:10:00+00:00,R,N,1,114,145,Cleveland Indians,Chicago White Sox
2018,2018-09-19,531679,2018-09-19 23:40:00+00:00,R,N,1,158,113,Milwaukee Brewers,Cincinnati Reds
2018,2018-09-19,531686,2018-09-20 00:10:00+00:00,R,N,1,117,136,Houston Astros,Seattle Mariners
2018,2018-09-19,531685,2018-09-20 01:10:00+00:00,R,N,1,135,137,San Diego Padres,San Francisco Giants
2018,2018-09-19,531677,2018-09-20 01:40:00+00:00,R,N,1,109,112,Arizona Diamondbacks,Chicago Cubs
2018,2018-09-19,531682,2018-09-20 02:05:00+00:00,R,N,1,133,108,Oakland Athletics,Los Angeles Angels
2018,2018-09-19,531680,2018-09-20 02:10:00+00:00,R,N,1,119,115,Los Angeles Dodgers,Colorado Rockies
2018,2018-09-20,531694,2018-09-20 19:35:00+00:00,R,N,1,133,108,Oakland Athletics,Los Angeles Angels
2018,2018-09-20,531695,2018-09-20 23:05:00+00:00,R,N,1,120,121,Washington Nationals,New York Mets
2018,2018-09-20,531690,2018-09-20 23:05:00+00:00,R,N,1,147,111,New York Yankees,Boston Red Sox
2018,2018-09-20,531697,2018-09-20 23:07:00+00:00,R,N,1,141,139,Toronto Blue Jays,Tampa Bay Rays
2018,2018-09-20,531693,2018-09-20 23:10:00+00:00,R,N,1,116,118,Detroit Tigers,Kansas City Royals
2018,2018-09-20,531691,2018-09-20 23:10:00+00:00,R,N,1,114,145,Cleveland Indians,Chicago White Sox
2018,2018-09-20,531692,2018-09-20 23:10:00+00:00,R,N,1,146,113,Miami Marlins,Cincinnati Reds
2018,2018-09-20,531696,2018-09-20 23:35:00+00:00,R,N,1,144,143,Atlanta Braves,Philadelphia Phillies
2018,2018-09-21,531700,2018-09-21 20:10:00+00:00,R,N,1,145,112,Chicago White Sox,Chicago Cubs
2018,2018-09-21,531707,2018-09-21 23:05:00+00:00,R,N,1,120,121,Washington Nationals,New York Mets
2018,2018-09-21,531698,2018-09-21 23:05:00+00:00,R,N,1,147,110,New York Yankees,Baltimore Orioles
2018,2018-09-21,531705,2018-09-21 23:05:00+00:00,R,N,1,134,158,Pittsburgh Pirates,Milwaukee Brewers
2018,2018-09-21,531712,2018-09-21 23:07:00+00:00,R,N,1,141,139,Toronto Blue Jays,Tampa Bay Rays
2018,2018-09-21,531699,2018-09-21 23:10:00+00:00,R,N,1,114,111,Cleveland Indians,Boston Red Sox
2018,2018-09-21,531703,2018-09-21 23:10:00+00:00,R,N,1,116,118,Detroit Tigers,Kansas City Royals
2018,2018-09-21,531701,2018-09-21 23:10:00+00:00,R,N,1,146,113,Miami Marlins,Cincinnati Reds
2018,2018-09-21,531708,2018-09-21 23:35:00+00:00,R,N,1,144,143,Atlanta Braves,Philadelphia Phillies
2018,2018-09-21,531711,2018-09-22 00:05:00+00:00,R,N,1,140,136,Texas Rangers,Seattle Mariners
2018,2018-09-21,531704,2018-09-22 00:10:00+00:00,R,N,1,117,108,Houston Astros,Los Angeles Angels
2018,2018-09-21,531710,2018-09-22 00:15:00+00:00,R,N,1,138,137,St. Louis Cardinals,San Francisco Giants
2018,2018-09-21,531702,2018-09-22 01:40:00+00:00,R,N,1,109,115,Arizona Diamondbacks,Colorado Rockies
2018,2018-09-21,531706,2018-09-22 02:05:00+00:00,R,N,1,133,142,Oakland Athletics,Minnesota Twins
2018,2018-09-21,531709,2018-09-22 02:10:00+00:00,R,N,1,119,135,Los Angeles Dodgers,San Diego Padres
2018,2018-09-22,531725,2018-09-22 17:05:00+00:00,R,N,1,138,137,St. Louis Cardinals,San Francisco Giants
2018,2018-09-22,531723,2018-09-22 17:05:00+00:00,R,N,1,144,143,Atlanta Braves,Philadelphia Phillies
2018,2018-09-22,531722,2018-09-22 20:05:00+00:00,R,N,1,120,121,Washington Nationals,New York Mets
2018,2018-09-22,531713,2018-09-22 20:05:00+00:00,R,N,1,147,110,New York Yankees,Baltimore Orioles
2018,2018-09-22,531727,2018-09-22 20:07:00+00:00,R,N,1,141,139,Toronto Blue Jays,Tampa Bay Rays
2018,2018-09-22,531718,2018-09-22 22:10:00+00:00,R,N,1,116,118,Detroit Tigers,Kansas City Royals
2018,2018-09-22,531720,2018-09-22 23:05:00+00:00,R,N,1,134,158,Pittsburgh Pirates,Milwaukee Brewers
2018,2018-09-22,531714,2018-09-22 23:10:00+00:00,R,N,1,114,111,Cleveland Indians,Boston Red Sox
2018,2018-09-22,531719,2018-09-22 23:10:00+00:00,R,N,1,117,108,Houston Astros,Los Angeles Angels
2018,2018-09-22,531715,2018-09-22 23:10:00+00:00,R,N,1,145,112,Chicago White Sox,Chicago Cubs
2018,2018-09-22,531716,2018-09-22 23:10:00+00:00,R,N,1,146,113,Miami Marlins,Cincinnati Reds
2018,2018-09-22,531726,2018-09-23 00:05:00+00:00,R,N,1,140,136,Texas Rangers,Seattle Mariners
2018,2018-09-22,531717,2018-09-23 00:10:00+00:00,R,N,1,109,115,Arizona Diamondbacks,Colorado Rockies
2018,2018-09-22,531721,2018-09-23 01:05:00+00:00,R,N,1,133,142,Oakland Athletics,Minnesota Twins
2018,2018-09-22,531724,2018-09-23 01:10:00+00:00,R,N,1,119,135,Los Angeles Dodgers,San Diego Padres
2018,2018-09-23,531728,2018-09-23 17:05:00+00:00,R,N,1,147,110,New York Yankees,Baltimore Orioles
2018,2018-09-23,531742,2018-09-23 17:07:00+00:00,R,N,1,141,139,Toronto Blue Jays,Tampa Bay Rays
2018,2018-09-23,531733,2018-09-23 17:10:00+00:00,R,N,1,116,118,Detroit Tigers,Kansas City Royals
2018,2018-09-23,531731,2018-09-23 17:10:00+00:00,R,N,1,146,113,Miami Marlins,Cincinnati Reds
2018,2018-09-23,531737,2018-09-23 17:35:00+00:00,R,N,1,120,121,Washington Nationals,New York Mets
2018,2018-09-23,531738,2018-09-23 17:35:00+00:00,R,N,1,144,143,Atlanta Braves,Philadelphia Phillies
2018,2018-09-23,531735,2018-09-23 17:35:00+00:00,R,N,1,134,158,Pittsburgh Pirates,Milwaukee Brewers
2018,2018-09-23,531734,2018-09-23 18:10:00+00:00,R,N,1,117,108,Houston Astros,Los Angeles Angels
2018,2018-09-23,531730,2018-09-23 18:10:00+00:00,R,N,1,145,112,Chicago White Sox,Chicago Cubs
2018,2018-09-23,531740,2018-09-23 18:15:00+00:00,R,N,1,138,137,St. Louis Cardinals,San Francisco Giants
2018,2018-09-23,531741,2018-09-23 19:05:00+00:00,R,N,1,140,136,Texas Rangers,Seattle Mariners
2018,2018-09-23,531736,2018-09-23 20:05:00+00:00,R,N,1,133,142,Oakland Athletics,Minnesota Twins
2018,2018-09-23,531732,2018-09-23 20:10:00+00:00,R,N,1,109,115,Arizona Diamondbacks,Colorado Rockies
2018,2018-09-23,531739,2018-09-23 20:10:00+00:00,R,N,1,119,135,Los Angeles Dodgers,San Diego Padres
2018,2018-09-23,531729,2018-09-23 23:05:00+00:00,R,N,1,114,111,Cleveland Indians,Boston Red Sox
2018,2018-09-24,531747,2018-09-24 23:05:00+00:00,R,N,1,120,146,Washington Nationals,Miami Marlins
2018,2018-09-24,531745,2018-09-24 23:07:00+00:00,R,N,1,141,117,Toronto Blue Jays,Houston Astros
2018,2018-09-24,531743,2018-09-24 23:10:00+00:00,R,N,1,111,110,Boston Red Sox,Baltimore Orioles
2018,2018-09-24,531749,2018-09-24 23:10:00+00:00,R,N,1,139,147,Tampa Bay Rays,New York Yankees
2018,2018-09-24,531752,2018-09-25 00:05:00+00:00,R,N,1,112,134,Chicago Cubs,Pittsburgh Pirates
2018,2018-09-24,531744,2018-09-25 00:10:00+00:00,R,N,1,145,114,Chicago White Sox,Cleveland Indians
2018,2018-09-24,531748,2018-09-25 00:15:00+00:00,R,N,1,138,158,St. Louis Cardinals,Milwaukee Brewers
2018,2018-09-24,531751,2018-09-25 00:40:00+00:00,R,N,1,115,143,Colorado Rockies,Philadelphia Phillies
2018,2018-09-24,531746,2018-09-25 01:40:00+00:00,R,N,1,109,119,Arizona Diamondbacks,Los Angeles Dodgers
2018,2018-09-24,531754,2018-09-25 02:07:00+00:00,R,N,1,108,140,Los Angeles Angels,Texas Rangers
2018,2018-09-24,531750,2018-09-25 02:10:00+00:00,R,N,1,136,133,Seattle Mariners,Oakland Athletics
2018,2018-09-24,531753,2018-09-25 02:15:00+00:00,R,N,1,137,135,San Francisco Giants,San Diego Padres
2018,2018-09-25,531760,2018-09-25 22:40:00+00:00,R,N,1,113,118,Cincinnati Reds,Kansas City Royals
2018,2018-09-25,531762,2018-09-25 23:05:00+00:00,R,N,1,120,146,Washington Nationals,Miami Marlins
2018,2018-09-25,531759,2018-09-25 23:07:00+00:00,R,N,1,141,117,Toronto Blue Jays,Houston Astros
2018,2018-09-25,531755,2018-09-25 23:10:00+00:00,R,N,1,121,144,New York Mets,Atlanta Braves
2018,2018-09-25,531764,2018-09-25 23:10:00+00:00,R,N,1,139,147,Tampa Bay Rays,New York Yankees
2018,2018-09-25,531767,2018-09-26 00:05:00+00:00,R,N,1,112,134,Chicago Cubs,Pittsburgh Pirates
2018,2018-09-25,531758,2018-09-26 00:10:00+00:00,R,N,1,142,116,Minnesota Twins,Detroit Tigers
2018,2018-09-25,531757,2018-09-26 00:10:00+00:00,R,N,1,145,114,Chicago White Sox,Cleveland Indians
2018,2018-09-25,531763,2018-09-26 00:15:00+00:00,R,N,1,138,158,St. Louis Cardinals,Milwaukee Brewers
2018,2018-09-25,531766,2018-09-26 00:40:00+00:00,R,N,1,115,143,Colorado Rockies,Philadelphia Phillies
2018,2018-09-25,531761,2018-09-26 01:40:00+00:00,R,N,1,109,119,Arizona Diamondbacks,Los Angeles Dodgers
2018,2018-09-25,531769,2018-09-26 02:07:00+00:00,R,N,1,108,140,Los Angeles Angels,Texas Rangers
2018,2018-09-25,531765,2018-09-26 02:10:00+00:00,R,N,1,136,133,Seattle Mariners,Oakland Athletics
2018,2018-09-25,531768,2018-09-26 02:15:00+00:00,R,N,1,137,135,San Francisco Giants,San Diego Padres
2018,2018-09-26,531756,2018-09-25 23:10:00+00:00,R,N,1,111,110,Boston Red Sox,Baltimore Orioles
2018,2018-09-26,531756,2018-09-26 17:05:00+00:00,R,S,1,111,110,Boston Red Sox,Baltimore Orioles
2018,2018-09-26,531771,2018-09-26 23:10:00+00:00,R,S,2,111,110,Boston Red Sox,Baltimore Orioles
2018,2018-09-26,531777,2018-09-26 20:05:00+00:00,R,N,1,120,146,Washington Nationals,Miami Marlins
2018,2018-09-26,531774,2018-09-26 20:07:00+00:00,R,N,1,141,117,Toronto Blue Jays,Houston Astros
2018,2018-09-26,531775,2018-09-26 22:40:00+00:00,R,N,1,113,118,Cincinnati Reds,Kansas City Royals
2018,2018-09-26,531770,2018-09-26 23:10:00+00:00,R,N,1,121,144,New York Mets,Atlanta Braves
2018,2018-09-26,531779,2018-09-26 23:10:00+00:00,R,N,1,139,147,Tampa Bay Rays,New York Yankees
2018,2018-09-26,531778,2018-09-26 23:10:00+00:00,R,N,1,138,158,St. Louis Cardinals,Milwaukee Brewers
2018,2018-09-26,531782,2018-09-27 00:05:00+00:00,R,N,1,112,134,Chicago Cubs,Pittsburgh Pirates
2018,2018-09-26,531773,2018-09-27 00:10:00+00:00,R,N,1,142,116,Minnesota Twins,Detroit Tigers
2018,2018-09-26,531772,2018-09-27 00:10:00+00:00,R,N,1,145,114,Chicago White Sox,Cleveland Indians
2018,2018-09-26,531781,2018-09-27 00:40:00+00:00,R,N,1,115,143,Colorado Rockies,Philadelphia Phillies
2018,2018-09-26,531776,2018-09-27 01:40:00+00:00,R,N,1,109,119,Arizona Diamondbacks,Los Angeles Dodgers
2018,2018-09-26,531784,2018-09-27 02:07:00+00:00,R,N,1,108,140,Los Angeles Angels,Texas Rangers
2018,2018-09-26,531780,2018-09-27 02:10:00+00:00,R,N,1,136,133,Seattle Mariners,Oakland Athletics
2018,2018-09-26,531783,2018-09-27 02:15:00+00:00,R,N,1,137,135,San Francisco Giants,San Diego Padres
2018,2018-09-27,531789,2018-09-27 17:10:00+00:00,R,N,1,139,147,Tampa Bay Rays,New York Yankees
2018,2018-09-27,531790,2018-09-27 19:10:00+00:00,R,N,1,115,143,Colorado Rockies,Philadelphia Phillies
2018,2018-09-27,531785,2018-09-27 23:10:00+00:00,R,N,1,121,144,New York Mets,Atlanta Braves
2018,2018-09-27,531791,2018-09-28 00:05:00+00:00,R,N,1,112,134,Chicago Cubs,Pittsburgh Pirates
2018,2018-09-27,531787,2018-09-28 00:10:00+00:00,R,N,1,142,116,Minnesota Twins,Detroit Tigers
2018,2018-09-27,531786,2018-09-28 00:15:00+00:00,R,N,1,118,114,Kansas City Royals,Cleveland Indians
2018,2018-09-27,531792,2018-09-28 02:10:00+00:00,R,N,1,136,140,Seattle Mariners,Texas Rangers
2018,2018-09-29,531788,2018-09-27 23:05:00+00:00,R,N,1,110,117,Baltimore Orioles,Houston Astros
2018,2018-09-28,529615,2018-09-28 18:10:00+00:00,R,S,1,142,145,Minnesota Twins,Chicago White Sox
2018,2018-09-28,531795,2018-09-29 00:10:00+00:00,R,S,2,142,145,Minnesota Twins,Chicago White Sox
2018,2018-09-28,531804,2018-09-28 18:20:00+00:00,R,N,1,112,138,Chicago Cubs,St. Louis Cardinals
2018,2018-09-28,531803,2018-09-28 22:40:00+00:00,R,N,1,113,134,Cincinnati Reds,Pittsburgh Pirates
2018,2018-09-28,531798,2018-09-28 23:05:00+00:00,R,N,1,110,117,Baltimore Orioles,Houston Astros
2018,2018-09-28,531794,2018-09-28 23:05:00+00:00,R,N,1,143,144,Philadelphia Phillies,Atlanta Braves
2018,2018-09-28,531806,2018-09-28 23:10:00+00:00,R,N,1,139,141,Tampa Bay Rays,Toronto Blue Jays
2018,2018-09-28,531800,2018-09-28 23:10:00+00:00,R,N,1,121,146,New York Mets,Miami Marlins
2018,2018-09-28,531801,2018-09-28 23:10:00+00:00,R,N,1,111,147,Boston Red Sox,New York Yankees
2018,2018-09-28,531807,2018-09-29 00:10:00+00:00,R,N,1,115,120,Colorado Rockies,Washington Nationals
2018,2018-09-28,531797,2018-09-29 00:10:00+00:00,R,N,1,158,116,Milwaukee Brewers,Detroit Tigers
2018,2018-09-28,531796,2018-09-29 00:15:00+00:00,R,N,1,118,114,Kansas City Royals,Cleveland Indians
2018,2018-09-28,531802,2018-09-29 02:07:00+00:00,R,N,1,108,133,Los Angeles Angels,Oakland Athletics
2018,2018-09-28,531793,2018-09-29 02:10:00+00:00,R,N,1,135,109,San Diego Padres,Arizona Diamondbacks
2018,2018-09-28,531805,2018-09-29 02:10:00+00:00,R,N,1,136,140,Seattle Mariners,Texas Rangers
2018,2018-09-28,531799,2018-09-29 02:15:00+00:00,R,N,1,137,119,San Francisco Giants,Los Angeles Dodgers
2018,2018-09-29,531819,2018-09-29 17:05:00+00:00,R,N,1,112,138,Chicago Cubs,St. Louis Cardinals
2018,2018-09-29,531816,2018-09-29 17:05:00+00:00,R,N,1,111,147,Boston Red Sox,New York Yankees
2018,2018-09-29,531813,2018-09-29 20:05:00+00:00,R,Y,1,110,117,Baltimore Orioles,Houston Astros
2018,2018-09-29,531788,2018-09-29 20:10:00+00:00,R,Y,2,110,117,Baltimore Orioles,Houston Astros
2018,2018-09-29,531814,2018-09-29 20:05:00+00:00,R,N,1,137,119,San Francisco Giants,Los Angeles Dodgers
2018,2018-09-29,531818,2018-09-29 20:10:00+00:00,R,N,1,113,134,Cincinnati Reds,Pittsburgh Pirates
2018,2018-09-29,531821,2018-09-29 22:10:00+00:00,R,N,1,139,141,Tampa Bay Rays,Toronto Blue Jays
2018,2018-09-29,531809,2018-09-29 23:05:00+00:00,R,N,1,143,144,Philadelphia Phillies,Atlanta Braves
2018,2018-09-29,531810,2018-09-29 23:10:00+00:00,R,N,1,142,145,Minnesota Twins,Chicago White Sox
2018,2018-09-29,531815,2018-09-29 23:10:00+00:00,R,N,1,121,146,New York Mets,Miami Marlins
2018,2018-09-29,531812,2018-09-29 23:10:00+00:00,R,N,1,158,116,Milwaukee Brewers,Detroit Tigers
2018,2018-09-29,531811,2018-09-29 23:15:00+00:00,R,N,1,118,114,Kansas City Royals,Cleveland Indians
2018,2018-09-29,531822,2018-09-30 00:10:00+00:00,R,N,1,115,120,Colorado Rockies,Washington Nationals
2018,2018-09-29,531808,2018-09-30 00:40:00+00:00,R,N,1,135,109,San Diego Padres,Arizona Diamondbacks
2018,2018-09-29,531817,2018-09-30 01:07:00+00:00,R,N,1,108,133,Los Angeles Angels,Oakland Athletics
2018,2018-09-29,531820,2018-09-30 01:10:00+00:00,R,N,1,136,140,Seattle Mariners,Texas Rangers
2018,2018-09-30,531828,2018-09-30 19:05:00+00:00,R,N,1,110,117,Baltimore Orioles,Houston Astros
2018,2018-09-30,531829,2018-09-30 19:05:00+00:00,R,N,1,137,119,San Francisco Giants,Los Angeles Dodgers
2018,2018-09-30,531824,2018-09-30 19:05:00+00:00,R,N,1,143,144,Philadelphia Phillies,Atlanta Braves
2018,2018-09-30,531831,2018-09-30 19:05:00+00:00,R,N,1,111,147,Boston Red Sox,New York Yankees
2018,2018-09-30,531832,2018-09-30 19:07:00+00:00,R,N,1,108,133,Los Angeles Angels,Oakland Athletics
2018,2018-09-30,531837,2018-09-30 19:10:00+00:00,R,N,1,115,120,Colorado Rockies,Washington Nationals
2018,2018-09-30,531833,2018-09-30 19:10:00+00:00,R,N,1,113,134,Cincinnati Reds,Pittsburgh Pirates
2018,2018-09-30,531823,2018-09-30 19:10:00+00:00,R,N,1,135,109,San Diego Padres,Arizona Diamondbacks
2018,2018-09-30,531835,2018-09-30 19:10:00+00:00,R,N,1,136,140,Seattle Mariners,Texas Rangers
2018,2018-09-30,531836,2018-09-30 19:10:00+00:00,R,N,1,139,141,Tampa Bay Rays,Toronto Blue Jays
2018,2018-09-30,531825,2018-09-30 19:10:00+00:00,R,N,1,142,145,Minnesota Twins,Chicago White Sox
2018,2018-09-30,531830,2018-09-30 19:10:00+00:00,R,N,1,121,146,New York Mets,Miami Marlins
2018,2018-09-30,531827,2018-09-30 19:10:00+00:00,R,N,1,158,116,Milwaukee Brewers,Detroit Tigers
2018,2018-09-30,531826,2018-09-30 19:15:00+00:00,R,N,1,118,114,Kansas City Royals,Cleveland Indians
2018,2018-09-30,531834,2018-09-30 19:20:00+00:00,R,N,1,112,138,Chicago Cubs,St. Louis Cardinals
2018,2018-10-01,570334,2018-10-01 17:05:00+00:00,R,N,1,112,158,Chicago Cubs,Milwaukee Brewers
2018,2018-10-01,570335,2018-10-01 20:09:00+00:00,R,N,1,119,115,Los Angeles Dodgers,Colorado Rockies
