season,game_date_et,game_pk,start_utc,game_type,doubleheader,game_number,home_team_id,away_team_id,home_team,away_team
2019,2019-03-20,566083,2019-03-20 09:35:00+00:00,R,N,1,133,136,Oakland Athletics,Seattle Mariners
2019,2019-03-21,566084,2019-03-21 09:35:00+00:00,R,N,1,133,136,Oakland Athletics,Seattle Mariners
2019,2019-03-28,565895,2019-03-28 17:05:00+00:00,R,N,1,120,121,Washington Nationals,New York Mets
2019,2019-03-28,567456,2019-03-28 17:05:00+00:00,R,N,1,147,110,New York Yankees,Baltimore Orioles
2019,2019-03-28,567552,2019-03-28 18:10:00+00:00,R,N,1,158,138,Milwaukee Brewers,St. Louis Cardinals
2019,2019-03-28,567059,2019-03-28 19:05:00+00:00,R,N,1,143,144,Philadelphia Phillies,Atlanta Braves
2019,2019-03-28,566864,2019-03-28 19:37:00+00:00,R,N,1,141,116,Toronto Blue Jays,Detroit Tigers
2019,2019-03-28,566664,2019-03-28 20:00:00+00:00,R,N,1,139,117,Tampa Bay Rays,Houston Astros
2019,2019-03-28,566763,2019-03-28 20:05:00+00:00,R,N,1,140,112,Texas Rangers,Chicago Cubs
2019,2019-03-28,566086,2019-03-28 20:07:00+00:00,R,N,1,133,108,Oakland Athletics,Los Angeles Angels
2019,2019-03-28,565799,2019-03-28 20:10:00+00:00,R,N,1,119,109,Los Angeles Dodgers,Arizona Diamondbacks
2019,2019-03-28,565220,2019-03-28 20:10:00+00:00,R,N,1,113,134,Cincinnati Reds,Pittsburgh Pirates
2019,2019-03-28,566275,2019-03-28 20:10:00+00:00,R,N,1,135,137,San Diego Padres,San Francisco Giants
2019,2019-03-28,566962,2019-03-28 20:10:00+00:00,R,N,1,142,114,Minnesota Twins,Cleveland Indians
2019,2019-03-28,567359,2019-03-28 20:10:00+00:00,R,N,1,146,115,Miami Marlins,Colorado Rockies
2019,2019-03-28,565702,2019-03-28 20:15:00+00:00,R,N,1,118,145,Kansas City Royals,Chicago White Sox
2019,2019-03-28,566372,2019-03-28 23:10:00+00:00,R,N,1,136,111,Seattle Mariners,Boston Red Sox
2019,2019-03-29,566865,2019-03-29 23:07:00+00:00,R,N,1,141,116,Toronto Blue Jays,Detroit Tigers
2019,2019-03-29,566665,2019-03-29 23:10:00+00:00,R,N,1,139,117,Tampa Bay Rays,Houston Astros
2019,2019-03-29,567360,2019-03-29 23:10:00+00:00,R,N,1,146,115,Miami Marlins,Colorado Rockies
2019,2019-03-29,567553,2019-03-30 00:10:00+00:00,R,N,1,158,138,Milwaukee Brewers,St. Louis Cardinals
2019,2019-03-29,566087,2019-03-30 02:07:00+00:00,R,N,1,133,108,Oakland Athletics,Los Angeles Angels
2019,2019-03-29,565800,2019-03-30 02:10:00+00:00,R,N,1,119,109,Los Angeles Dodgers,Arizona Diamondbacks
2019,2019-03-29,566373,2019-03-30 02:10:00+00:00,R,N,1,136,111,Seattle Mariners,Boston Red Sox
2019,2019-03-29,566276,2019-03-30 02:10:00+00:00,R,N,1,135,137,San Diego Padres,San Francisco Giants
2019,2019-03-30,565896,2019-03-30 17:05:00+00:00,R,N,1,120,121,Washington Nationals,New York Mets
2019,2019-03-30,567457,2019-03-30 17:05:00+00:00,R,N,1,147,110,New York Yankees,Baltimore Orioles
2019,2019-03-30,566963,2019-03-30 18:10:00+00:00,R,N,1,142,114,Minnesota Twins,Cleveland Indians
2019,2019-03-30,565703,2019-03-30 18:15:00+00:00,R,N,1,118,145,Kansas City Royals,Chicago White Sox
2019,2019-03-30,566866,2019-03-30 19:07:00+00:00,R,N,1,141,116,Toronto Blue Jays,Detroit Tigers
2019,2019-03-30,567060,2019-03-30 20:05:00+00:00,R,N,1,143,144,Philadelphia Phillies,Atlanta Braves
2019,2019-03-30,566666,2019-03-30 22:10:00+00:00,R,N,1,139,117,Tampa Bay Rays,Houston Astros
2019,2019-03-30,567361,2019-03-30 22:10:00+00:00,R,N,1,146,115,Miami Marlins,Colorado Rockies
2019,2019-03-30,567554,2019-03-30 23:10:00+00:00,R,N,1,158,138,Milwaukee Brewers,St. Louis Cardinals
2019,2019-03-30,566764,2019-03-31 00:05:00+00:00,R,N,1,140,112,Texas Rangers,Chicago Cubs
2019,2019-03-30,566277,2019-03-31 00:40:00+00:00,R,N,1,135,137,San Diego Padres,San Francisco Giants
2019,2019-03-30,566088,2019-03-31 01:07:00+00:00,R,N,1,133,108,Oakland Athletics,Los Angeles Angels
2019,2019-03-30,565801,2019-03-31 01:10:00+00:00,R,N,1,119,109,Los Angeles Dodgers,Arizona Diamondbacks
2019,2019-03-30,566374,2019-03-31 01:10:00+00:00,R,N,1,136,111,Seattle Mariners,Boston Red Sox
2019,2019-05-27,565221,2019-03-30 18:10:00+00:00,R,N,1,113,134,Cincinnati Reds,Pittsburgh Pirates
2019,2019-03-31,567458,2019-03-31 17:05:00+00:00,R,N,1,147,110,New York Yankees,Baltimore Orioles
2019,2019-03-31,566867,2019-03-31 17:07:00+00:00,R,N,1,141,116,Toronto Blue Jays,Detroit Tigers
2019,2019-03-31,565222,2019-03-31 17:10:00+00:00,R,N,1,113,134,Cincinnati Reds,Pittsburgh Pirates
2019,2019-03-31,566667,2019-03-31 17:10:00+00:00,R,N,1,139,117,Tampa Bay Rays,Houston Astros
2019,2019-03-31,567362,2019-03-31 17:10:00+00:00,R,N,1,146,115,Miami Marlins,Colorado Rockies
2019,2019-03-31,565897,2019-03-31 17:35:00+00:00,R,N,1,120,121,Washington Nationals,New York Mets
2019,2019-03-31,566964,2019-03-31 18:10:00+00:00,R,N,1,142,114,Minnesota Twins,Cleveland Indians
2019,2019-03-31,567555,2019-03-31 18:10:00+00:00,R,N,1,158,138,Milwaukee Brewers,St. Louis Cardinals
2019,2019-03-31,565704,2019-03-31 18:15:00+00:00,R,N,1,118,145,Kansas City Royals,Chicago White Sox
2019,2019-03-31,566765,2019-03-31 20:05:00+00:00,R,N,1,140,112,Texas Rangers,Chicago Cubs
2019,2019-03-31,566089,2019-03-31 20:07:00+00:00,R,N,1,133,108,Oakland Athletics,Los Angeles Angels
2019,2019-03-31,565802,2019-03-31 20:10:00+00:00,R,N,1,119,109,Los Angeles Dodgers,Arizona Diamondbacks
2019,2019-03-31,566375,2019-03-31 20:10:00+00:00,R,N,1,136,111,Seattle Mariners,Boston Red Sox
2019,2019-03-31,566278,2019-03-31 20:10:00+00:00,R,N,1,135,137,San Diego Padres,San Francisco Giants
2019,2019-03-31,567061,2019-03-31 23:05:00+00:00,R,N,1,143,144,Philadelphia Phillies,Atlanta Braves
2019,2019-04-01,566180,2019-04-01 17:05:00+00:00,R,N,1,134,138,Pittsburgh Pirates,St. Louis Cardinals
2019,2019-04-01,565316,2019-04-01 20:10:00+00:00,R,N,1,114,145,Cleveland Indians,Chicago White Sox
2019,2019-04-01,567459,2019-04-01 22:35:00+00:00,R,N,1,147,116,New York Yankees,Detroit Tigers
2019,2019-04-01,565223,2019-04-01 22:40:00+00:00,R,N,1,113,158,Cincinnati Reds,Milwaukee Brewers
2019,2019-04-01,566868,2019-04-01 23:07:00+00:00,R,N,1,141,110,Toronto Blue Jays,Baltimore Orioles
2019,2019-04-01,566668,2019-04-01 23:10:00+00:00,R,N,1,139,115,Tampa Bay Rays,Colorado Rockies
2019,2019-04-01,567157,2019-04-01 23:10:00+00:00,R,N,1,144,112,Atlanta Braves,Chicago Cubs
2019,2019-04-01,567363,2019-04-01 23:10:00+00:00,R,N,1,146,121,Miami Marlins,New York Mets
2019,2019-04-01,566766,2019-04-02 00:05:00+00:00,R,N,1,140,117,Texas Rangers,Houston Astros
2019,2019-04-01,566090,2019-04-02 02:07:00+00:00,R,N,1,133,111,Oakland Athletics,Boston Red Sox
2019,2019-04-01,566279,2019-04-02 02:10:00+00:00,R,N,1,135,109,San Diego Padres,Arizona Diamondbacks
2019,2019-04-01,566376,2019-04-02 02:10:00+00:00,R,N,1,136,108,Seattle Mariners,Los Angeles Angels
2019,2019-04-01,565803,2019-04-02 02:10:00+00:00,R,N,1,119,137,Los Angeles Dodgers,San Francisco Giants
2019,2019-04-02,567460,2019-04-02 22:35:00+00:00,R,N,1,147,116,New York Yankees,Detroit Tigers
2019,2019-04-02,565224,2019-04-02 22:40:00+00:00,R,N,1,113,158,Cincinnati Reds,Milwaukee Brewers
2019,2019-04-02,565898,2019-04-02 23:05:00+00:00,R,N,1,120,143,Washington Nationals,Philadelphia Phillies
2019,2019-04-02,566869,2019-04-02 23:07:00+00:00,R,N,1,141,110,Toronto Blue Jays,Baltimore Orioles
2019,2019-04-02,566669,2019-04-02 23:10:00+00:00,R,N,1,139,115,Tampa Bay Rays,Colorado Rockies
2019,2019-04-02,567364,2019-04-02 23:10:00+00:00,R,N,1,146,121,Miami Marlins,New York Mets
2019,2019-04-02,566767,2019-04-03 00:05:00+00:00,R,N,1,140,117,Texas Rangers,Houston Astros
2019,2019-04-02,565705,2019-04-03 00:15:00+00:00,R,N,1,118,142,Kansas City Royals,Minnesota Twins
2019,2019-04-02,566091,2019-04-03 02:07:00+00:00,R,N,1,133,111,Oakland Athletics,Boston Red Sox
2019,2019-04-02,566280,2019-04-03 02:10:00+00:00,R,N,1,135,109,San Diego Padres,Arizona Diamondbacks
2019,2019-04-02,566377,2019-04-03 02:10:00+00:00,R,N,1,136,108,Seattle Mariners,Los Angeles Angels
2019,2019-04-02,565804,2019-04-03 02:10:00+00:00,R,N,1,119,137,Los Angeles Dodgers,San Francisco Giants
2019,2019-04-03,565225,2019-04-03 16:35:00+00:00,R,N,1,113,158,Cincinnati Reds,Milwaukee Brewers
2019,2019-04-03,565899,2019-04-03 17:05:00+00:00,R,N,1,120,143,Washington Nationals,Philadelphia Phillies
2019,2019-04-03,566670,2019-04-03 17:10:00+00:00,R,N,1,139,115,Tampa Bay Rays,Colorado Rockies
2019,2019-04-03,565317,2019-04-03 17:10:00+00:00,R,N,1,114,145,Cleveland Indians,Chicago White Sox
2019,2019-04-03,565706,2019-04-03 17:15:00+00:00,R,N,1,118,142,Kansas City Royals,Minnesota Twins
2019,2019-04-03,566281,2019-04-03 19:40:00+00:00,R,N,1,135,109,San Diego Padres,Arizona Diamondbacks
2019,2019-04-03,567461,2019-04-03 20:05:00+00:00,R,N,1,147,116,New York Yankees,Detroit Tigers
2019,2019-04-03,566870,2019-04-03 20:07:00+00:00,R,N,1,141,110,Toronto Blue Jays,Baltimore Orioles
2019,2019-04-03,567365,2019-04-03 22:10:00+00:00,R,N,1,146,121,Miami Marlins,New York Mets
2019,2019-04-03,566181,2019-04-03 23:05:00+00:00,R,N,1,134,138,Pittsburgh Pirates,St. Louis Cardinals
2019,2019-04-03,567158,2019-04-03 23:20:00+00:00,R,N,1,144,112,Atlanta Braves,Chicago Cubs
2019,2019-04-03,566768,2019-04-04 00:05:00+00:00,R,N,1,140,117,Texas Rangers,Houston Astros
2019,2019-04-03,566092,2019-04-04 02:07:00+00:00,R,N,1,133,111,Oakland Athletics,Boston Red Sox
2019,2019-04-03,565805,2019-04-04 02:10:00+00:00,R,N,1,119,137,Los Angeles Dodgers,San Francisco Giants
2019,2019-04-04,565510,2019-04-04 17:10:00+00:00,R,N,1,116,118,Detroit Tigers,Kansas City Royals
2019,2019-04-04,565990,2019-04-04 17:10:00+00:00,R,N,1,121,120,New York Mets,Washington Nationals
2019,2019-04-04,564930,2019-04-04 19:05:00+00:00,R,N,1,110,147,Baltimore Orioles,New York Yankees
2019,2019-04-04,566093,2019-04-04 19:37:00+00:00,R,N,1,133,111,Oakland Athletics,Boston Red Sox
2019,2019-04-04,565318,2019-04-04 22:10:00+00:00,R,N,1,114,141,Cleveland Indians,Toronto Blue Jays
2019,2019-04-04,566182,2019-04-04 23:05:00+00:00,R,N,1,134,113,Pittsburgh Pirates,Cincinnati Reds
2019,2019-04-04,567159,2019-04-04 23:20:00+00:00,R,N,1,144,112,Atlanta Braves,Chicago Cubs
2019,2019-04-04,564734,2019-04-05 02:07:00+00:00,R,N,1,108,140,Los Angeles Angels,Texas Rangers
2019,2019-04-05,567263,2019-04-04 18:10:00+00:00,R,N,1,145,136,Chicago White Sox,Seattle Mariners
2019,2019-04-05,566567,2019-04-04 20:15:00+00:00,R,N,1,138,135,St. Louis Cardinals,San Diego Padres
2019,2019-04-05,567263,2019-04-05 18:10:00+00:00,R,N,1,145,136,Chicago White Sox,Seattle Mariners
2019,2019-04-05,565413,2019-04-05 20:10:00+00:00,R,N,1,115,119,Colorado Rockies,Los Angeles Dodgers
2019,2019-04-05,566567,2019-04-05 20:15:00+00:00,R,N,1,138,135,St. Louis Cardinals,San Diego Padres
2019,2019-04-05,566471,2019-04-05 20:35:00+00:00,R,N,1,137,139,San Francisco Giants,Tampa Bay Rays
2019,2019-04-05,566183,2019-04-05 23:05:00+00:00,R,N,1,134,113,Pittsburgh Pirates,Cincinnati Reds
2019,2019-04-05,567062,2019-04-05 23:05:00+00:00,R,N,1,143,142,Philadelphia Phillies,Minnesota Twins
2019,2019-04-05,564833,2019-04-05 23:10:00+00:00,R,N,1,109,111,Arizona Diamondbacks,Boston Red Sox
2019,2019-04-05,565319,2019-04-05 23:10:00+00:00,R,N,1,114,141,Cleveland Indians,Toronto Blue Jays
2019,2019-04-05,567160,2019-04-05 23:20:00+00:00,R,N,1,144,146,Atlanta Braves,Miami Marlins
2019,2019-04-05,565606,2019-04-06 00:10:00+00:00,R,N,1,117,133,Houston Astros,Oakland Athletics
2019,2019-04-05,567556,2019-04-06 00:10:00+00:00,R,N,1,158,112,Milwaukee Brewers,Chicago Cubs
2019,2019-04-05,564735,2019-04-06 02:07:00+00:00,R,N,1,108,140,Los Angeles Angels,Texas Rangers
2019,2019-04-06,565511,2019-04-06 17:10:00+00:00,R,N,1,116,118,Detroit Tigers,Kansas City Royals
2019,2019-04-06,565991,2019-04-06 17:10:00+00:00,R,N,1,121,120,New York Mets,Washington Nationals
2019,2019-04-06,566184,2019-04-06 17:35:00+00:00,R,N,1,134,113,Pittsburgh Pirates,Cincinnati Reds
2019,2019-04-06,567063,2019-04-06 18:05:00+00:00,R,N,1,143,142,Philadelphia Phillies,Minnesota Twins
2019,2019-04-06,567264,2019-04-06 18:10:00+00:00,R,N,1,145,136,Chicago White Sox,Seattle Mariners
2019,2019-04-06,566568,2019-04-06 18:15:00+00:00,R,N,1,138,135,St. Louis Cardinals,San Diego Padres
2019,2019-04-06,566472,2019-04-06 20:05:00+00:00,R,N,1,137,139,San Francisco Giants,Tampa Bay Rays
2019,2019-04-06,564736,2019-04-06 20:05:00+00:00,R,N,1,108,140,Los Angeles Angels,Texas Rangers
2019,2019-04-06,565320,2019-04-06 20:10:00+00:00,R,N,1,114,141,Cleveland Indians,Toronto Blue Jays
2019,2019-04-06,564931,2019-04-06 23:05:00+00:00,R,N,1,110,147,Baltimore Orioles,New York Yankees
2019,2019-04-06,565607,2019-04-06 23:10:00+00:00,R,N,1,117,133,Houston Astros,Oakland Athletics
2019,2019-04-06,567557,2019-04-06 23:10:00+00:00,R,N,1,158,112,Milwaukee Brewers,Chicago Cubs
2019,2019-04-06,567161,2019-04-06 23:20:00+00:00,R,N,1,144,146,Atlanta Braves,Miami Marlins
2019,2019-04-06,564834,2019-04-07 00:10:00+00:00,R,N,1,109,111,Arizona Diamondbacks,Boston Red Sox
2019,2019-04-06,565414,2019-04-07 00:10:00+00:00,R,N,1,115,119,Colorado Rockies,Los Angeles Dodgers
2019,2019-04-07,567064,2019-04-07 17:05:00+00:00,R,N,1,143,142,Philadelphia Phillies,Minnesota Twins
2019,2019-04-07,564932,2019-04-07 17:05:00+00:00,R,N,1,110,147,Baltimore Orioles,New York Yankees
2019,2019-04-07,565512,2019-04-07 17:10:00+00:00,R,N,1,116,118,Detroit Tigers,Kansas City Royals
2019,2019-04-07,565992,2019-04-07 17:10:00+00:00,R,N,1,121,120,New York Mets,Washington Nationals
2019,2019-04-07,565321,2019-04-07 17:10:00+00:00,R,N,1,114,141,Cleveland Indians,Toronto Blue Jays
2019,2019-04-07,567162,2019-04-07 17:20:00+00:00,R,N,1,144,146,Atlanta Braves,Miami Marlins
2019,2019-04-07,566185,2019-04-07 17:35:00+00:00,R,N,1,134,113,Pittsburgh Pirates,Cincinnati Reds
2019,2019-04-07,565608,2019-04-07 18:10:00+00:00,R,N,1,117,133,Houston Astros,Oakland Athletics
2019,2019-04-07,567265,2019-04-07 18:10:00+00:00,R,N,1,145,136,Chicago White Sox,Seattle Mariners
2019,2019-04-07,567558,2019-04-07 18:10:00+00:00,R,N,1,158,112,Milwaukee Brewers,Chicago Cubs
2019,2019-04-07,566569,2019-04-07 18:15:00+00:00,R,N,1,138,135,St. Louis Cardinals,San Diego Padres
2019,2019-04-07,566473,2019-04-07 20:05:00+00:00,R,N,1,137,139,San Francisco Giants,Tampa Bay Rays
2019,2019-04-07,564737,2019-04-07 20:07:00+00:00,R,N,1,108,140,Los Angeles Angels,Texas Rangers
2019,2019-04-07,564835,2019-04-07 20:10:00+00:00,R,N,1,109,111,Arizona Diamondbacks,Boston Red Sox
2019,2019-04-07,565415,2019-04-08 00:37:00+00:00,R,N,1,115,119,Colorado Rockies,Los Angeles Dodgers
2019,2019-04-08,567266,2019-04-08 18:10:00+00:00,R,N,1,145,139,Chicago White Sox,Tampa Bay Rays
2019,2019-04-08,565124,2019-04-08 18:20:00+00:00,R,N,1,112,134,Chicago Cubs,Pittsburgh Pirates
2019,2019-04-08,564933,2019-04-08 23:05:00+00:00,R,N,1,110,133,Baltimore Orioles,Oakland Athletics
2019,2019-04-08,567065,2019-04-08 23:05:00+00:00,R,N,1,143,120,Philadelphia Phillies,Washington Nationals
2019,2019-04-08,565609,2019-04-08 23:10:00+00:00,R,N,1,117,147,Houston Astros,New York Yankees
2019,2019-04-08,566570,2019-04-08 23:45:00+00:00,R,N,1,138,119,St. Louis Cardinals,Los Angeles Dodgers
2019,2019-04-08,565707,2019-04-09 00:15:00+00:00,R,N,1,118,136,Kansas City Royals,Seattle Mariners
2019,2019-04-08,565416,2019-04-09 00:40:00+00:00,R,N,1,115,144,Colorado Rockies,Atlanta Braves
2019,2019-04-08,566474,2019-04-09 01:45:00+00:00,R,N,1,137,135,San Francisco Giants,San Diego Padres
2019,2019-04-08,564738,2019-04-09 02:07:00+00:00,R,N,1,108,158,Los Angeles Angels,Milwaukee Brewers
2019,2019-04-09,565513,2019-04-09 17:10:00+00:00,R,N,1,116,114,Detroit Tigers,Cleveland Indians
2019,2019-04-09,565027,2019-04-09 18:05:00+00:00,R,N,1,111,141,Boston Red Sox,Toronto Blue Jays
2019,2019-04-09,567267,2019-04-09 18:10:00+00:00,R,N,1,145,139,Chicago White Sox,Tampa Bay Rays
2019,2019-04-09,565226,2019-04-09 22:40:00+00:00,R,N,1,113,146,Cincinnati Reds,Miami Marlins
2019,2019-04-09,564934,2019-04-09 23:05:00+00:00,R,N,1,110,133,Baltimore Orioles,Oakland Athletics
2019,2019-04-09,567066,2019-04-09 23:05:00+00:00,R,N,1,143,120,Philadelphia Phillies,Washington Nationals
2019,2019-04-09,565993,2019-04-09 23:10:00+00:00,R,N,1,121,142,New York Mets,Minnesota Twins
2019,2019-04-09,566571,2019-04-09 23:45:00+00:00,R,N,1,138,119,St. Louis Cardinals,Los Angeles Dodgers
2019,2019-04-09,565610,2019-04-10 00:10:00+00:00,R,N,1,117,147,Houston Astros,New York Yankees
2019,2019-04-09,565708,2019-04-10 00:15:00+00:00,R,N,1,118,136,Kansas City Royals,Seattle Mariners
2019,2019-04-09,565417,2019-04-10 00:40:00+00:00,R,N,1,115,144,Colorado Rockies,Atlanta Braves
2019,2019-04-09,564836,2019-04-10 01:40:00+00:00,R,N,1,109,140,Arizona Diamondbacks,Texas Rangers
2019,2019-04-09,566475,2019-04-10 01:45:00+00:00,R,N,1,137,135,San Francisco Giants,San Diego Padres
2019,2019-04-09,564739,2019-04-10 02:07:00+00:00,R,N,1,108,158,Los Angeles Angels,Milwaukee Brewers
2019,2019-04-10,565514,2019-04-10 17:10:00+00:00,R,N,1,116,114,Detroit Tigers,Cleveland Indians
2019,2019-04-10,567268,2019-04-10 18:10:00+00:00,R,N,1,145,139,Chicago White Sox,Tampa Bay Rays
2019,2019-04-10,566476,2019-04-10 19:45:00+00:00,R,N,1,137,135,San Francisco Giants,San Diego Padres
2019,2019-04-10,565227,2019-04-10 22:40:00+00:00,R,N,1,113,146,Cincinnati Reds,Miami Marlins
2019,2019-04-10,564935,2019-04-10 23:05:00+00:00,R,N,1,110,133,Baltimore Orioles,Oakland Athletics
2019,2019-04-10,567067,2019-04-10 23:05:00+00:00,R,N,1,143,120,Philadelphia Phillies,Washington Nationals
2019,2019-04-10,565994,2019-04-10 23:10:00+00:00,R,N,1,121,142,New York Mets,Minnesota Twins
2019,2019-04-10,565611,2019-04-10 23:40:00+00:00,R,N,1,117,147,Houston Astros,New York Yankees
2019,2019-04-10,566572,2019-04-10 23:45:00+00:00,R,N,1,138,119,St. Louis Cardinals,Los Angeles Dodgers
2019,2019-04-10,565125,2019-04-11 00:05:00+00:00,R,N,1,112,134,Chicago Cubs,Pittsburgh Pirates
2019,2019-04-10,565709,2019-04-11 00:15:00+00:00,R,N,1,118,136,Kansas City Royals,Seattle Mariners
2019,2019-04-10,564837,2019-04-11 01:40:00+00:00,R,N,1,109,140,Arizona Diamondbacks,Texas Rangers
2019,2019-04-10,564740,2019-04-11 02:07:00+00:00,R,N,1,108,158,Los Angeles Angels,Milwaukee Brewers
2019,2019-08-26,565418,2019-04-10 19:10:00+00:00,R,N,1,115,144,Colorado Rockies,Atlanta Braves
2019,2019-04-11,564936,2019-04-11 16:35:00+00:00,R,N,1,110,133,Baltimore Orioles,Oakland Athletics
2019,2019-04-11,565228,2019-04-11 16:35:00+00:00,R,N,1,113,146,Cincinnati Reds,Miami Marlins
2019,2019-04-11,565515,2019-04-11 17:10:00+00:00,R,N,1,116,114,Detroit Tigers,Cleveland Indians
2019,2019-04-11,565710,2019-04-11 17:15:00+00:00,R,N,1,118,136,Kansas City Royals,Seattle Mariners
2019,2019-04-11,566573,2019-04-11 17:15:00+00:00,R,N,1,138,119,St. Louis Cardinals,Los Angeles Dodgers
2019,2019-04-11,565028,2019-04-11 23:10:00+00:00,R,N,1,111,141,Boston Red Sox,Toronto Blue Jays
2019,2019-04-11,567163,2019-04-11 23:20:00+00:00,R,N,1,144,121,Atlanta Braves,New York Mets
2019,2019-04-11,565126,2019-04-11 23:35:00+00:00,R,N,1,112,134,Chicago Cubs,Pittsburgh Pirates
2019,2019-04-11,564838,2019-04-12 01:40:00+00:00,R,N,1,109,135,Arizona Diamondbacks,San Diego Padres
2019,2019-04-11,566477,2019-04-12 01:45:00+00:00,R,N,1,137,115,San Francisco Giants,Colorado Rockies
2019,2019-04-12,565127,2019-04-12 18:20:00+00:00,R,N,1,112,108,Chicago Cubs,Los Angeles Angels
2019,2019-04-12,565900,2019-04-12 23:05:00+00:00,R,N,1,120,134,Washington Nationals,Pittsburgh Pirates
2019,2019-04-12,567462,2019-04-12 23:05:00+00:00,R,N,1,147,145,New York Yankees,Chicago White Sox
2019,2019-04-12,566871,2019-04-12 23:07:00+00:00,R,N,1,141,139,Toronto Blue Jays,Tampa Bay Rays
2019,2019-04-12,565029,2019-04-12 23:10:00+00:00,R,N,1,111,110,Boston Red Sox,Baltimore Orioles
2019,2019-04-12,567366,2019-04-12 23:10:00+00:00,R,N,1,146,143,Miami Marlins,Philadelphia Phillies
2019,2019-04-12,567164,2019-04-12 23:20:00+00:00,R,N,1,144,121,Atlanta Braves,New York Mets
2019,2019-04-12,566769,2019-04-13 00:05:00+00:00,R,N,1,140,133,Texas Rangers,Oakland Athletics
2019,2019-04-12,565711,2019-04-13 00:15:00+00:00,R,N,1,118,114,Kansas City Royals,Cleveland Indians
2019,2019-04-12,564839,2019-04-13 01:40:00+00:00,R,N,1,109,135,Arizona Diamondbacks,San Diego Padres
2019,2019-04-12,566378,2019-04-13 02:10:00+00:00,R,N,1,136,117,Seattle Mariners,Houston Astros
2019,2019-04-12,565806,2019-04-13 02:10:00+00:00,R,N,1,119,158,Los Angeles Dodgers,Milwaukee Brewers
2019,2019-04-12,566478,2019-04-13 02:15:00+00:00,R,N,1,137,115,San Francisco Giants,Colorado Rockies
2019,2019-05-11,566965,2019-04-13 00:10:00+00:00,R,N,1,142,116,Minnesota Twins,Detroit Tigers
2019,2019-04-13,565030,2019-04-13 17:05:00+00:00,R,N,1,111,110,Boston Red Sox,Baltimore Orioles
2019,2019-04-13,567463,2019-04-13 17:05:00+00:00,R,N,1,147,145,New York Yankees,Chicago White Sox
2019,2019-04-13,566966,2019-04-13 18:10:00+00:00,R,N,1,142,116,Minnesota Twins,Detroit Tigers
2019,2019-04-13,565128,2019-04-13 18:20:00+00:00,R,N,1,112,108,Chicago Cubs,Los Angeles Angels
2019,2019-04-13,566872,2019-04-13 19:07:00+00:00,R,N,1,141,139,Toronto Blue Jays,Tampa Bay Rays
2019,2019-04-13,565901,2019-04-13 20:05:00+00:00,R,N,1,120,134,Washington Nationals,Pittsburgh Pirates
2019,2019-04-13,566479,2019-04-13 20:05:00+00:00,R,N,1,137,115,San Francisco Giants,Colorado Rockies
2019,2019-04-13,567367,2019-04-13 22:10:00+00:00,R,N,1,146,143,Miami Marlins,Philadelphia Phillies
2019,2019-04-13,565229,2019-04-13 23:10:00+00:00,R,N,1,113,138,Cincinnati Reds,St. Louis Cardinals
2019,2019-04-13,565712,2019-04-13 23:15:00+00:00,R,N,1,118,114,Kansas City Royals,Cleveland Indians
2019,2019-04-13,567165,2019-04-13 23:20:00+00:00,R,N,1,144,121,Atlanta Braves,New York Mets
2019,2019-04-13,564840,2019-04-14 00:10:00+00:00,R,N,1,109,135,Arizona Diamondbacks,San Diego Padres
2019,2019-04-13,566379,2019-04-14 01:10:00+00:00,R,N,1,136,117,Seattle Mariners,Houston Astros
2019,2019-04-13,565807,2019-04-14 01:10:00+00:00,R,N,1,119,158,Los Angeles Dodgers,Milwaukee Brewers
2019,2019-06-08,566770,2019-04-14 00:05:00+00:00,R,N,1,140,133,Texas Rangers,Oakland Athletics
2019,2019-04-14,565031,2019-04-14 17:05:00+00:00,R,N,1,111,110,Boston Red Sox,Baltimore Orioles
2019,2019-04-14,567464,2019-04-14 17:05:00+00:00,R,N,1,147,145,New York Yankees,Chicago White Sox
2019,2019-04-14,566873,2019-04-14 17:07:00+00:00,R,N,1,141,139,Toronto Blue Jays,Tampa Bay Rays
2019,2019-04-14,567368,2019-04-14 17:10:00+00:00,R,N,1,146,143,Miami Marlins,Philadelphia Phillies
2019,2019-04-14,565902,2019-04-14 17:35:00+00:00,R,N,1,120,134,Washington Nationals,Pittsburgh Pirates
2019,2019-04-14,566967,2019-04-14 18:10:00+00:00,R,N,1,142,116,Minnesota Twins,Detroit Tigers
2019,2019-04-14,565713,2019-04-14 18:15:00+00:00,R,N,1,118,114,Kansas City Royals,Cleveland Indians
2019,2019-04-14,566771,2019-04-14 19:05:00+00:00,R,N,1,140,133,Texas Rangers,Oakland Athletics
2019,2019-04-14,566480,2019-04-14 20:05:00+00:00,R,N,1,137,115,San Francisco Giants,Colorado Rockies
2019,2019-04-14,564841,2019-04-14 20:10:00+00:00,R,N,1,109,135,Arizona Diamondbacks,San Diego Padres
2019,2019-04-14,566380,2019-04-14 20:10:00+00:00,R,N,1,136,117,Seattle Mariners,Houston Astros
2019,2019-04-14,565230,2019-04-14 20:10:00+00:00,R,N,1,113,138,Cincinnati Reds,St. Louis Cardinals
2019,2019-04-14,565808,2019-04-14 20:10:00+00:00,R,N,1,119,158,Los Angeles Dodgers,Milwaukee Brewers
2019,2019-04-14,567166,2019-04-14 23:05:00+00:00,R,N,1,144,121,Atlanta Braves,New York Mets
2019,2019-06-03,565129,2019-04-14 18:20:00+00:00,R,N,1,112,108,Chicago Cubs,Los Angeles Angels
2019,2019-04-15,565032,2019-04-15 15:05:00+00:00,R,N,1,111,110,Boston Red Sox,Baltimore Orioles
2019,2019-04-15,567068,2019-04-15 23:05:00+00:00,R,N,1,143,121,Philadelphia Phillies,New York Mets
2019,2019-04-15,567369,2019-04-15 23:10:00+00:00,R,N,1,146,112,Miami Marlins,Chicago Cubs
2019,2019-04-15,566968,2019-04-15 23:40:00+00:00,R,N,1,142,141,Minnesota Twins,Toronto Blue Jays
2019,2019-04-15,567559,2019-04-15 23:40:00+00:00,R,N,1,158,138,Milwaukee Brewers,St. Louis Cardinals
2019,2019-04-15,566772,2019-04-16 00:05:00+00:00,R,N,1,140,108,Texas Rangers,Los Angeles Angels
2019,2019-04-15,567269,2019-04-16 00:10:00+00:00,R,N,1,145,118,Chicago White Sox,Kansas City Royals
2019,2019-04-15,565809,2019-04-16 02:10:00+00:00,R,N,1,119,113,Los Angeles Dodgers,Cincinnati Reds
2019,2019-04-15,566282,2019-04-16 02:10:00+00:00,R,N,1,135,115,San Diego Padres,Colorado Rockies
2019,2019-04-15,566381,2019-04-16 02:10:00+00:00,R,N,1,136,114,Seattle Mariners,Cleveland Indians
2019,2019-04-16,567465,2019-04-16 22:35:00+00:00,R,N,1,147,111,New York Yankees,Boston Red Sox
2019,2019-04-16,565516,2019-04-16 22:40:00+00:00,R,N,1,116,134,Detroit Tigers,Pittsburgh Pirates
2019,2019-04-16,565903,2019-04-16 23:05:00+00:00,R,N,1,120,137,Washington Nationals,San Francisco Giants
2019,2019-04-16,567069,2019-04-16 23:05:00+00:00,R,N,1,143,121,Philadelphia Phillies,New York Mets
2019,2019-04-16,566671,2019-04-16 23:10:00+00:00,R,N,1,139,110,Tampa Bay Rays,Baltimore Orioles
2019,2019-04-16,567370,2019-04-16 23:10:00+00:00,R,N,1,146,112,Miami Marlins,Chicago Cubs
2019,2019-04-16,567167,2019-04-16 23:20:00+00:00,R,N,1,144,109,Atlanta Braves,Arizona Diamondbacks
2019,2019-04-16,566969,2019-04-16 23:40:00+00:00,R,N,1,142,141,Minnesota Twins,Toronto Blue Jays
2019,2019-04-16,567560,2019-04-16 23:40:00+00:00,R,N,1,158,138,Milwaukee Brewers,St. Louis Cardinals
2019,2019-04-16,566773,2019-04-17 00:05:00+00:00,R,N,1,140,108,Texas Rangers,Los Angeles Angels
2019,2019-04-16,567270,2019-04-17 00:10:00+00:00,R,N,1,145,118,Chicago White Sox,Kansas City Royals
2019,2019-04-16,566283,2019-04-17 01:10:00+00:00,R,N,1,135,115,San Diego Padres,Colorado Rockies
2019,2019-04-16,566094,2019-04-17 02:07:00+00:00,R,N,1,133,117,Oakland Athletics,Houston Astros
2019,2019-04-16,565810,2019-04-17 02:10:00+00:00,R,N,1,119,113,Los Angeles Dodgers,Cincinnati Reds
2019,2019-04-16,566382,2019-04-17 02:10:00+00:00,R,N,1,136,114,Seattle Mariners,Cleveland Indians
2019,2019-04-17,567070,2019-04-17 17:05:00+00:00,R,N,1,143,121,Philadelphia Phillies,New York Mets
2019,2019-04-17,567561,2019-04-17 17:40:00+00:00,R,N,1,158,138,Milwaukee Brewers,St. Louis Cardinals
2019,2019-04-17,567271,2019-04-17 18:10:00+00:00,R,N,1,145,118,Chicago White Sox,Kansas City Royals
2019,2019-04-17,565811,2019-04-17 19:10:00+00:00,R,N,1,119,113,Los Angeles Dodgers,Cincinnati Reds
2019,2019-04-17,567466,2019-04-17 22:35:00+00:00,R,N,1,147,111,New York Yankees,Boston Red Sox
2019,2019-04-17,565517,2019-04-17 22:40:00+00:00,R,N,1,116,134,Detroit Tigers,Pittsburgh Pirates
2019,2019-04-17,566383,2019-04-17 22:40:00+00:00,R,N,1,136,114,Seattle Mariners,Cleveland Indians
2019,2019-04-17,565904,2019-04-17 23:05:00+00:00,R,N,1,120,137,Washington Nationals,San Francisco Giants
2019,2019-04-17,566672,2019-04-17 23:10:00+00:00,R,N,1,139,110,Tampa Bay Rays,Baltimore Orioles
2019,2019-04-17,567371,2019-04-17 23:10:00+00:00,R,N,1,146,112,Miami Marlins,Chicago Cubs
2019,2019-04-17,567168,2019-04-17 23:20:00+00:00,R,N,1,144,109,Atlanta Braves,Arizona Diamondbacks
2019,2019-04-17,566970,2019-04-17 23:40:00+00:00,R,N,1,142,141,Minnesota Twins,Toronto Blue Jays
2019,2019-04-17,566774,2019-04-18 00:05:00+00:00,R,N,1,140,108,Texas Rangers,Los Angeles Angels
2019,2019-04-17,566095,2019-04-18 02:07:00+00:00,R,N,1,133,117,Oakland Athletics,Houston Astros
2019,2019-04-18,567169,2019-04-18 16:10:00+00:00,R,N,1,144,109,Atlanta Braves,Arizona Diamondbacks
2019,2019-04-18,565905,2019-04-18 17:05:00+00:00,R,N,1,120,137,Washington Nationals,San Francisco Giants
2019,2019-04-18,566971,2019-04-18 17:10:00+00:00,R,N,1,142,141,Minnesota Twins,Toronto Blue Jays
2019,2019-04-18,565518,2019-04-18 17:10:00+00:00,R,N,1,116,145,Detroit Tigers,Chicago White Sox
2019,2019-04-18,567467,2019-04-18 22:35:00+00:00,R,N,1,147,118,New York Yankees,Kansas City Royals
2019,2019-04-18,566673,2019-04-18 23:10:00+00:00,R,N,1,139,110,Tampa Bay Rays,Baltimore Orioles
2019,2019-04-18,567562,2019-04-19 00:10:00+00:00,R,N,1,158,119,Milwaukee Brewers,Los Angeles Dodgers
2019,2019-04-18,565419,2019-04-19 00:40:00+00:00,R,N,1,115,143,Colorado Rockies,Philadelphia Phillies
2019,2019-04-18,564741,2019-04-19 02:07:00+00:00,R,N,1,108,136,Los Angeles Angels,Seattle Mariners
2019,2019-04-18,566284,2019-04-19 02:10:00+00:00,R,N,1,135,113,San Diego Padres,Cincinnati Reds
2019,2019-04-19,565130,2019-04-19 18:20:00+00:00,R,N,1,112,109,Chicago Cubs,Arizona Diamondbacks
2019,2019-04-19,566186,2019-04-19 23:05:00+00:00,R,N,1,134,137,Pittsburgh Pirates,San Francisco Giants
2019,2019-04-19,567468,2019-04-19 23:05:00+00:00,R,N,1,147,118,New York Yankees,Kansas City Royals
2019,2019-04-19,566674,2019-04-19 23:10:00+00:00,R,N,1,139,111,Tampa Bay Rays,Boston Red Sox
2019,2019-04-19,565519,2019-04-19 23:10:00+00:00,R,N,1,116,145,Detroit Tigers,Chicago White Sox
2019,2019-04-19,567372,2019-04-19 23:10:00+00:00,R,N,1,146,120,Miami Marlins,Washington Nationals
2019,2019-04-19,566775,2019-04-20 00:05:00+00:00,R,N,1,140,117,Texas Rangers,Houston Astros
2019,2019-04-19,567563,2019-04-20 00:10:00+00:00,R,N,1,158,119,Milwaukee Brewers,Los Angeles Dodgers
2019,2019-04-19,566574,2019-04-20 00:15:00+00:00,R,N,1,138,121,St. Louis Cardinals,New York Mets
2019,2019-04-19,565420,2019-04-20 00:40:00+00:00,R,N,1,115,143,Colorado Rockies,Philadelphia Phillies
2019,2019-04-19,564742,2019-04-20 02:07:00+00:00,R,N,1,108,136,Los Angeles Angels,Seattle Mariners
2019,2019-04-19,566096,2019-04-20 02:07:00+00:00,R,N,1,133,141,Oakland Athletics,Toronto Blue Jays
2019,2019-04-19,566285,2019-04-20 02:10:00+00:00,R,N,1,135,113,San Diego Padres,Cincinnati Reds
2019,2019-04-20,564937,2019-04-19 23:05:00+00:00,R,N,1,110,142,Baltimore Orioles,Minnesota Twins
2019,2019-04-20,565322,2019-04-19 23:10:00+00:00,R,N,1,114,144,Cleveland Indians,Atlanta Braves
2019,2019-04-20,567469,2019-04-20 17:05:00+00:00,R,N,1,147,118,New York Yankees,Kansas City Royals
2019,2019-04-20,566575,2019-04-20 18:15:00+00:00,R,N,1,138,121,St. Louis Cardinals,New York Mets
2019,2019-04-20,565131,2019-04-20 18:20:00+00:00,R,N,1,112,109,Chicago Cubs,Arizona Diamondbacks
2019,2019-04-20,566187,2019-04-20 20:05:00+00:00,R,N,1,134,137,Pittsburgh Pirates,San Francisco Giants
2019,2019-04-20,564938,2019-04-20 20:05:00+00:00,R,Y,1,110,142,Baltimore Orioles,Minnesota Twins
2019,2019-04-20,564937,2019-04-20 20:10:00+00:00,R,Y,2,110,142,Baltimore Orioles,Minnesota Twins
2019,2019-04-20,566097,2019-04-20 20:07:00+00:00,R,N,1,133,141,Oakland Athletics,Toronto Blue Jays
2019,2019-04-20,565323,2019-04-20 20:10:00+00:00,R,Y,1,114,144,Cleveland Indians,Atlanta Braves
2019,2019-04-20,565322,2019-04-20 20:15:00+00:00,R,Y,2,114,144,Cleveland Indians,Atlanta Braves
2019,2019-04-20,566675,2019-04-20 22:10:00+00:00,R,N,1,139,111,Tampa Bay Rays,Boston Red Sox
2019,2019-04-20,567373,2019-04-20 22:10:00+00:00,R,N,1,146,120,Miami Marlins,Washington Nationals
2019,2019-04-20,567564,2019-04-20 23:10:00+00:00,R,N,1,158,119,Milwaukee Brewers,Los Angeles Dodgers
2019,2019-04-20,566776,2019-04-21 00:05:00+00:00,R,N,1,140,117,Texas Rangers,Houston Astros
2019,2019-04-20,565421,2019-04-21 00:10:00+00:00,R,N,1,115,143,Colorado Rockies,Philadelphia Phillies
2019,2019-04-20,566286,2019-04-21 00:40:00+00:00,R,N,1,135,113,San Diego Padres,Cincinnati Reds
2019,2019-04-20,564743,2019-04-21 01:07:00+00:00,R,N,1,108,136,Los Angeles Angels,Seattle Mariners
2019,2019-08-06,565520,2019-04-20 17:10:00+00:00,R,S,1,116,145,Detroit Tigers,Chicago White Sox
2019,2019-04-21,564939,2019-04-21 17:05:00+00:00,R,N,1,110,142,Baltimore Orioles,Minnesota Twins
2019,2019-04-21,567470,2019-04-21 17:05:00+00:00,R,N,1,147,118,New York Yankees,Kansas City Royals
2019,2019-04-21,565521,2019-04-21 17:10:00+00:00,R,N,1,116,145,Detroit Tigers,Chicago White Sox
2019,2019-04-21,567374,2019-04-21 17:10:00+00:00,R,N,1,146,120,Miami Marlins,Washington Nationals
2019,2019-04-21,566188,2019-04-21 17:35:00+00:00,R,N,1,134,137,Pittsburgh Pirates,San Francisco Giants
2019,2019-04-21,566676,2019-04-21 18:10:00+00:00,R,N,1,139,111,Tampa Bay Rays,Boston Red Sox
2019,2019-04-21,567565,2019-04-21 18:10:00+00:00,R,N,1,158,119,Milwaukee Brewers,Los Angeles Dodgers
2019,2019-04-21,566576,2019-04-21 18:15:00+00:00,R,N,1,138,121,St. Louis Cardinals,New York Mets
2019,2019-04-21,565132,2019-04-21 18:20:00+00:00,R,N,1,112,109,Chicago Cubs,Arizona Diamondbacks
2019,2019-04-21,566777,2019-04-21 19:05:00+00:00,R,N,1,140,117,Texas Rangers,Houston Astros
2019,2019-04-21,565422,2019-04-21 19:10:00+00:00,R,N,1,115,143,Colorado Rockies,Philadelphia Phillies
2019,2019-04-21,564744,2019-04-21 20:07:00+00:00,R,N,1,108,136,Los Angeles Angels,Seattle Mariners
2019,2019-04-21,566098,2019-04-21 20:07:00+00:00,R,N,1,133,141,Oakland Athletics,Toronto Blue Jays
2019,2019-04-21,566287,2019-04-21 20:10:00+00:00,R,N,1,135,113,San Diego Padres,Cincinnati Reds
2019,2019-04-21,565324,2019-04-21 23:05:00+00:00,R,N,1,114,144,Cleveland Indians,Atlanta Braves
2019,2019-04-22,566189,2019-04-22 23:05:00+00:00,R,N,1,134,109,Pittsburgh Pirates,Arizona Diamondbacks
2019,2019-04-22,564940,2019-04-22 23:05:00+00:00,R,N,1,110,145,Baltimore Orioles,Chicago White Sox
2019,2019-04-22,566677,2019-04-22 23:10:00+00:00,R,N,1,139,118,Tampa Bay Rays,Kansas City Royals
2019,2019-04-22,565995,2019-04-22 23:10:00+00:00,R,N,1,121,143,New York Mets,Philadelphia Phillies
2019,2019-04-22,566577,2019-04-22 23:45:00+00:00,R,N,1,138,158,St. Louis Cardinals,Milwaukee Brewers
2019,2019-04-22,565612,2019-04-23 00:10:00+00:00,R,N,1,117,142,Houston Astros,Minnesota Twins
2019,2019-04-22,565423,2019-04-23 00:40:00+00:00,R,N,1,115,120,Colorado Rockies,Washington Nationals
2019,2019-04-22,566099,2019-04-23 02:07:00+00:00,R,N,1,133,140,Oakland Athletics,Texas Rangers
2019,2019-04-22,564745,2019-04-23 02:07:00+00:00,R,N,1,108,147,Los Angeles Angels,New York Yankees
2019,2019-04-23,565033,2019-04-22 23:10:00+00:00,R,N,1,111,116,Boston Red Sox,Detroit Tigers
2019,2019-04-23,565033,2019-04-23 17:10:00+00:00,R,S,1,111,116,Boston Red Sox,Detroit Tigers
2019,2019-04-23,565034,2019-04-23 23:10:00+00:00,R,S,2,111,116,Boston Red Sox,Detroit Tigers
2019,2019-04-23,565325,2019-04-23 22:10:00+00:00,R,N,1,114,146,Cleveland Indians,Miami Marlins
2019,2019-04-23,565231,2019-04-23 22:40:00+00:00,R,N,1,113,144,Cincinnati Reds,Atlanta Braves
2019,2019-04-23,566190,2019-04-23 23:05:00+00:00,R,N,1,134,109,Pittsburgh Pirates,Arizona Diamondbacks
2019,2019-04-23,564941,2019-04-23 23:05:00+00:00,R,N,1,110,145,Baltimore Orioles,Chicago White Sox
2019,2019-04-23,566874,2019-04-23 23:07:00+00:00,R,N,1,141,137,Toronto Blue Jays,San Francisco Giants
2019,2019-04-23,566678,2019-04-23 23:10:00+00:00,R,N,1,139,118,Tampa Bay Rays,Kansas City Royals
2019,2019-04-23,565996,2019-04-23 23:10:00+00:00,R,N,1,121,143,New York Mets,Philadelphia Phillies
2019,2019-04-23,566578,2019-04-23 23:45:00+00:00,R,N,1,138,158,St. Louis Cardinals,Milwaukee Brewers
2019,2019-04-23,565133,2019-04-24 00:05:00+00:00,R,N,1,112,119,Chicago Cubs,Los Angeles Dodgers
2019,2019-04-23,565613,2019-04-24 00:10:00+00:00,R,N,1,117,142,Houston Astros,Minnesota Twins
2019,2019-04-23,565424,2019-04-24 00:40:00+00:00,R,N,1,115,120,Colorado Rockies,Washington Nationals
2019,2019-04-23,566100,2019-04-24 02:07:00+00:00,R,N,1,133,140,Oakland Athletics,Texas Rangers
2019,2019-04-23,564746,2019-04-24 02:07:00+00:00,R,N,1,108,147,Los Angeles Angels,New York Yankees
2019,2019-04-23,566288,2019-04-24 02:10:00+00:00,R,N,1,135,136,San Diego Padres,Seattle Mariners
2019,2019-04-24,566679,2019-04-24 17:10:00+00:00,R,N,1,139,118,Tampa Bay Rays,Kansas City Royals
2019,2019-04-24,565326,2019-04-24 17:10:00+00:00,R,N,1,114,146,Cleveland Indians,Miami Marlins
2019,2019-04-24,566579,2019-04-24 17:15:00+00:00,R,N,1,138,158,St. Louis Cardinals,Milwaukee Brewers
2019,2019-04-24,565425,2019-04-24 19:10:00+00:00,R,N,1,115,120,Colorado Rockies,Washington Nationals
2019,2019-04-24,566101,2019-04-24 19:37:00+00:00,R,N,1,133,140,Oakland Athletics,Texas Rangers
2019,2019-04-24,566289,2019-04-24 19:40:00+00:00,R,N,1,135,136,San Diego Padres,Seattle Mariners
2019,2019-04-24,566875,2019-04-24 20:07:00+00:00,R,N,1,141,137,Toronto Blue Jays,San Francisco Giants
2019,2019-04-24,565232,2019-04-24 22:40:00+00:00,R,N,1,113,144,Cincinnati Reds,Atlanta Braves
2019,2019-04-24,566191,2019-04-24 23:05:00+00:00,R,N,1,134,109,Pittsburgh Pirates,Arizona Diamondbacks
2019,2019-04-24,564942,2019-04-24 23:05:00+00:00,R,N,1,110,145,Baltimore Orioles,Chicago White Sox
2019,2019-04-24,565035,2019-04-24 23:10:00+00:00,R,N,1,111,116,Boston Red Sox,Detroit Tigers
2019,2019-04-24,565997,2019-04-24 23:10:00+00:00,R,N,1,121,143,New York Mets,Philadelphia Phillies
2019,2019-04-24,565134,2019-04-25 00:05:00+00:00,R,N,1,112,119,Chicago Cubs,Los Angeles Dodgers
2019,2019-04-24,565614,2019-04-25 00:10:00+00:00,R,N,1,117,142,Houston Astros,Minnesota Twins
2019,2019-04-24,564747,2019-04-25 02:07:00+00:00,R,N,1,108,147,Los Angeles Angels,New York Yankees
2019,2019-04-25,566192,2019-04-25 16:35:00+00:00,R,N,1,134,109,Pittsburgh Pirates,Arizona Diamondbacks
2019,2019-04-25,565135,2019-04-25 18:20:00+00:00,R,N,1,112,119,Chicago Cubs,Los Angeles Dodgers
2019,2019-04-25,565233,2019-04-25 22:40:00+00:00,R,N,1,113,144,Cincinnati Reds,Atlanta Braves
2019,2019-04-25,567071,2019-04-25 23:05:00+00:00,R,N,1,143,146,Philadelphia Phillies,Miami Marlins
2019,2019-04-25,565036,2019-04-25 23:10:00+00:00,R,N,1,111,116,Boston Red Sox,Detroit Tigers
2019,2019-04-25,565615,2019-04-26 00:10:00+00:00,R,N,1,117,114,Houston Astros,Cleveland Indians
2019,2019-04-25,564748,2019-04-26 01:07:00+00:00,R,N,1,108,147,Los Angeles Angels,New York Yankees
2019,2019-04-25,566384,2019-04-26 02:10:00+00:00,R,N,1,136,140,Seattle Mariners,Texas Rangers
2019,2019-04-26,565906,2019-04-26 23:05:00+00:00,R,N,1,120,135,Washington Nationals,San Diego Padres
2019,2019-04-26,567072,2019-04-26 23:05:00+00:00,R,N,1,143,146,Philadelphia Phillies,Miami Marlins
2019,2019-04-26,566876,2019-04-26 23:07:00+00:00,R,N,1,141,133,Toronto Blue Jays,Oakland Athletics
2019,2019-04-26,565998,2019-04-26 23:10:00+00:00,R,N,1,121,158,New York Mets,Milwaukee Brewers
2019,2019-04-26,567170,2019-04-26 23:20:00+00:00,R,N,1,144,115,Atlanta Braves,Colorado Rockies
2019,2019-04-26,565616,2019-04-27 00:10:00+00:00,R,N,1,117,114,Houston Astros,Cleveland Indians
2019,2019-04-26,566972,2019-04-27 00:10:00+00:00,R,N,1,142,110,Minnesota Twins,Baltimore Orioles
2019,2019-04-26,567272,2019-04-27 00:10:00+00:00,R,N,1,145,116,Chicago White Sox,Detroit Tigers
2019,2019-04-26,565714,2019-04-27 00:15:00+00:00,R,N,1,118,108,Kansas City Royals,Los Angeles Angels
2019,2019-04-26,566580,2019-04-27 00:15:00+00:00,R,N,1,138,113,St. Louis Cardinals,Cincinnati Reds
2019,2019-04-26,564842,2019-04-27 01:40:00+00:00,R,N,1,109,112,Arizona Diamondbacks,Chicago Cubs
2019,2019-04-26,565812,2019-04-27 02:10:00+00:00,R,N,1,119,134,Los Angeles Dodgers,Pittsburgh Pirates
2019,2019-04-26,566385,2019-04-27 02:10:00+00:00,R,N,1,136,140,Seattle Mariners,Texas Rangers
2019,2019-04-26,566481,2019-04-27 02:15:00+00:00,R,N,1,137,147,San Francisco Giants,New York Yankees
2019,2019-06-08,565037,2019-04-26 23:10:00+00:00,R,N,1,111,139,Boston Red Sox,Tampa Bay Rays
2019,2019-04-27,566973,2019-04-27 18:10:00+00:00,R,N,1,142,110,Minnesota Twins,Baltimore Orioles
2019,2019-04-27,566581,2019-04-27 18:15:00+00:00,R,N,1,138,113,St. Louis Cardinals,Cincinnati Reds
2019,2019-04-27,566877,2019-04-27 19:07:00+00:00,R,N,1,141,133,Toronto Blue Jays,Oakland Athletics
2019,2019-04-27,565617,2019-04-27 20:05:00+00:00,R,N,1,117,114,Houston Astros,Cleveland Indians
2019,2019-04-27,565907,2019-04-27 20:05:00+00:00,R,N,1,120,135,Washington Nationals,San Diego Padres
2019,2019-04-27,565038,2019-04-27 20:05:00+00:00,R,N,1,111,139,Boston Red Sox,Tampa Bay Rays
2019,2019-04-27,566482,2019-04-27 20:05:00+00:00,R,N,1,137,147,San Francisco Giants,New York Yankees
2019,2019-04-27,567073,2019-04-27 22:05:00+00:00,R,N,1,143,146,Philadelphia Phillies,Miami Marlins
2019,2019-04-27,565999,2019-04-27 23:10:00+00:00,R,N,1,121,158,New York Mets,Milwaukee Brewers
2019,2019-04-27,565715,2019-04-27 23:15:00+00:00,R,N,1,118,108,Kansas City Royals,Los Angeles Angels
2019,2019-04-27,567171,2019-04-27 23:20:00+00:00,R,N,1,144,115,Atlanta Braves,Colorado Rockies
2019,2019-04-27,564843,2019-04-28 00:10:00+00:00,R,N,1,109,112,Arizona Diamondbacks,Chicago Cubs
2019,2019-04-27,565813,2019-04-28 01:10:00+00:00,R,N,1,119,134,Los Angeles Dodgers,Pittsburgh Pirates
2019,2019-04-27,566386,2019-04-28 01:10:00+00:00,R,N,1,136,140,Seattle Mariners,Texas Rangers
2019,2019-07-03,567273,2019-04-27 23:10:00+00:00,R,N,1,145,116,Chicago White Sox,Detroit Tigers
2019,2019-04-28,565039,2019-04-28 17:05:00+00:00,R,N,1,111,139,Boston Red Sox,Tampa Bay Rays
2019,2019-04-28,567074,2019-04-28 17:05:00+00:00,R,N,1,143,146,Philadelphia Phillies,Miami Marlins
2019,2019-04-28,566878,2019-04-28 17:07:00+00:00,R,N,1,141,133,Toronto Blue Jays,Oakland Athletics
2019,2019-04-28,566000,2019-04-28 17:10:00+00:00,R,N,1,121,158,New York Mets,Milwaukee Brewers
2019,2019-04-28,567172,2019-04-28 17:20:00+00:00,R,N,1,144,115,Atlanta Braves,Colorado Rockies
2019,2019-04-28,565908,2019-04-28 17:35:00+00:00,R,N,1,120,135,Washington Nationals,San Diego Padres
2019,2019-04-28,566974,2019-04-28 18:10:00+00:00,R,N,1,142,110,Minnesota Twins,Baltimore Orioles
2019,2019-04-28,567274,2019-04-28 18:10:00+00:00,R,N,1,145,116,Chicago White Sox,Detroit Tigers
2019,2019-04-28,565716,2019-04-28 18:15:00+00:00,R,N,1,118,108,Kansas City Royals,Los Angeles Angels
2019,2019-04-28,566582,2019-04-28 18:15:00+00:00,R,N,1,138,113,St. Louis Cardinals,Cincinnati Reds
2019,2019-04-28,566483,2019-04-28 20:05:00+00:00,R,N,1,137,147,San Francisco Giants,New York Yankees
2019,2019-04-28,564844,2019-04-28 20:10:00+00:00,R,N,1,109,112,Arizona Diamondbacks,Chicago Cubs
2019,2019-04-28,565814,2019-04-28 20:10:00+00:00,R,N,1,119,134,Los Angeles Dodgers,Pittsburgh Pirates
2019,2019-04-28,566387,2019-04-28 20:10:00+00:00,R,N,1,136,140,Seattle Mariners,Texas Rangers
2019,2019-04-28,565618,2019-04-28 23:05:00+00:00,R,N,1,117,114,Houston Astros,Cleveland Indians
2019,2019-04-29,565909,2019-04-29 23:05:00+00:00,R,N,1,120,138,Washington Nationals,St. Louis Cardinals
2019,2019-04-29,566001,2019-04-29 23:10:00+00:00,R,N,1,121,113,New York Mets,Cincinnati Reds
2019,2019-04-29,565040,2019-04-29 23:10:00+00:00,R,N,1,111,133,Boston Red Sox,Oakland Athletics
2019,2019-04-29,567173,2019-04-29 23:20:00+00:00,R,N,1,144,135,Atlanta Braves,San Diego Padres
2019,2019-04-29,566975,2019-04-29 23:40:00+00:00,R,N,1,142,117,Minnesota Twins,Houston Astros
2019,2019-04-29,567566,2019-04-29 23:40:00+00:00,R,N,1,158,115,Milwaukee Brewers,Colorado Rockies
2019,2019-04-29,567275,2019-04-30 00:10:00+00:00,R,N,1,145,110,Chicago White Sox,Baltimore Orioles
2019,2019-04-29,565717,2019-04-30 00:15:00+00:00,R,N,1,118,139,Kansas City Royals,Tampa Bay Rays
2019,2019-04-29,566484,2019-04-30 01:45:00+00:00,R,N,1,137,119,San Francisco Giants,Los Angeles Dodgers
2019,2019-04-30,565910,2019-04-30 23:05:00+00:00,R,N,1,120,138,Washington Nationals,St. Louis Cardinals
2019,2019-04-30,567075,2019-04-30 23:05:00+00:00,R,N,1,143,116,Philadelphia Phillies,Detroit Tigers
2019,2019-04-30,566002,2019-04-30 23:10:00+00:00,R,N,1,121,113,New York Mets,Cincinnati Reds
2019,2019-04-30,565041,2019-04-30 23:10:00+00:00,R,N,1,111,133,Boston Red Sox,Oakland Athletics
2019,2019-04-30,567375,2019-04-30 23:10:00+00:00,R,N,1,146,114,Miami Marlins,Cleveland Indians
2019,2019-04-30,567179,2019-04-30 23:20:00+00:00,R,N,1,144,135,Atlanta Braves,San Diego Padres
2019,2019-04-30,566976,2019-04-30 23:40:00+00:00,R,N,1,142,117,Minnesota Twins,Houston Astros
2019,2019-04-30,567567,2019-04-30 23:40:00+00:00,R,N,1,158,115,Milwaukee Brewers,Colorado Rockies
2019,2019-04-30,566778,2019-05-01 00:05:00+00:00,R,N,1,140,134,Texas Rangers,Pittsburgh Pirates
2019,2019-04-30,564845,2019-05-01 01:40:00+00:00,R,N,1,109,147,Arizona Diamondbacks,New York Yankees
2019,2019-04-30,566485,2019-05-01 01:45:00+00:00,R,N,1,137,119,San Francisco Giants,Los Angeles Dodgers
2019,2019-04-30,564749,2019-05-01 02:07:00+00:00,R,N,1,108,141,Los Angeles Angels,Toronto Blue Jays
2019,2019-04-30,566388,2019-05-01 02:10:00+00:00,R,N,1,136,112,Seattle Mariners,Chicago Cubs
2019,2019-05-01,567276,2019-05-01 00:10:00+00:00,R,N,1,145,110,Chicago White Sox,Baltimore Orioles
2019,2019-05-01,565718,2019-05-01 00:15:00+00:00,R,N,1,118,139,Kansas City Royals,Tampa Bay Rays
2019,2019-05-01,565042,2019-05-01 17:05:00+00:00,R,N,1,111,133,Boston Red Sox,Oakland Athletics
2019,2019-05-01,565719,2019-05-01 17:15:00+00:00,R,Y,1,118,139,Kansas City Royals,Tampa Bay Rays
2019,2019-05-01,565718,2019-05-01 17:20:00+00:00,R,Y,2,118,139,Kansas City Royals,Tampa Bay Rays
2019,2019-05-01,566779,2019-05-01 18:05:00+00:00,R,N,1,140,134,Texas Rangers,Pittsburgh Pirates
2019,2019-05-01,564846,2019-05-01 19:40:00+00:00,R,N,1,109,147,Arizona Diamondbacks,New York Yankees
2019,2019-05-01,567277,2019-05-01 20:10:00+00:00,R,Y,1,145,110,Chicago White Sox,Baltimore Orioles
2019,2019-05-01,567276,2019-05-01 20:15:00+00:00,R,Y,2,145,110,Chicago White Sox,Baltimore Orioles
2019,2019-05-01,566389,2019-05-01 22:40:00+00:00,R,N,1,136,112,Seattle Mariners,Chicago Cubs
2019,2019-05-01,565911,2019-05-01 23:05:00+00:00,R,N,1,120,138,Washington Nationals,St. Louis Cardinals
2019,2019-05-01,567076,2019-05-01 23:05:00+00:00,R,N,1,143,116,Philadelphia Phillies,Detroit Tigers
2019,2019-05-01,566003,2019-05-01 23:10:00+00:00,R,N,1,121,113,New York Mets,Cincinnati Reds
2019,2019-05-01,567376,2019-05-01 23:10:00+00:00,R,N,1,146,114,Miami Marlins,Cleveland Indians
2019,2019-05-01,567180,2019-05-01 23:20:00+00:00,R,N,1,144,135,Atlanta Braves,San Diego Padres
2019,2019-05-01,567568,2019-05-01 23:40:00+00:00,R,N,1,158,115,Milwaukee Brewers,Colorado Rockies
2019,2019-05-01,566977,2019-05-02 00:10:00+00:00,R,N,1,142,117,Minnesota Twins,Houston Astros
2019,2019-05-01,566486,2019-05-02 01:45:00+00:00,R,N,1,137,119,San Francisco Giants,Los Angeles Dodgers
2019,2019-05-01,564750,2019-05-02 02:07:00+00:00,R,N,1,108,141,Los Angeles Angels,Toronto Blue Jays
2019,2019-05-02,566004,2019-05-02 16:10:00+00:00,R,N,1,121,113,New York Mets,Cincinnati Reds
2019,2019-05-02,567181,2019-05-02 16:10:00+00:00,R,N,1,144,135,Atlanta Braves,San Diego Padres
2019,2019-05-02,566978,2019-05-02 17:10:00+00:00,R,N,1,142,117,Minnesota Twins,Houston Astros
2019,2019-05-02,567569,2019-05-02 17:10:00+00:00,R,N,1,158,115,Milwaukee Brewers,Colorado Rockies
2019,2019-05-02,565720,2019-05-02 18:15:00+00:00,R,N,1,118,139,Kansas City Royals,Tampa Bay Rays
2019,2019-05-02,565912,2019-05-02 20:05:00+00:00,R,N,1,120,138,Washington Nationals,St. Louis Cardinals
2019,2019-05-02,567278,2019-05-03 00:10:00+00:00,R,N,1,145,111,Chicago White Sox,Boston Red Sox
2019,2019-05-02,564751,2019-05-03 02:07:00+00:00,R,N,1,108,141,Los Angeles Angels,Toronto Blue Jays
2019,2019-05-03,565136,2019-05-03 18:20:00+00:00,R,N,1,112,138,Chicago Cubs,St. Louis Cardinals
2019,2019-05-03,566193,2019-05-03 23:05:00+00:00,R,N,1,134,133,Pittsburgh Pirates,Oakland Athletics
2019,2019-05-03,564943,2019-05-03 23:05:00+00:00,R,N,1,110,139,Baltimore Orioles,Tampa Bay Rays
2019,2019-05-03,567077,2019-05-03 23:05:00+00:00,R,N,1,143,120,Philadelphia Phillies,Washington Nationals
2019,2019-05-03,567471,2019-05-03 23:05:00+00:00,R,N,1,147,142,New York Yankees,Minnesota Twins
2019,2019-05-03,565522,2019-05-03 23:10:00+00:00,R,N,1,116,118,Detroit Tigers,Kansas City Royals
2019,2019-05-03,565327,2019-05-03 23:10:00+00:00,R,N,1,114,136,Cleveland Indians,Seattle Mariners
2019,2019-05-03,565234,2019-05-03 23:10:00+00:00,R,N,1,113,137,Cincinnati Reds,San Francisco Giants
2019,2019-05-03,567377,2019-05-03 23:10:00+00:00,R,N,1,146,144,Miami Marlins,Atlanta Braves
2019,2019-05-03,566780,2019-05-04 00:05:00+00:00,R,N,1,140,141,Texas Rangers,Toronto Blue Jays
2019,2019-05-03,567279,2019-05-04 00:10:00+00:00,R,N,1,145,111,Chicago White Sox,Boston Red Sox
2019,2019-05-03,567570,2019-05-04 00:10:00+00:00,R,N,1,158,121,Milwaukee Brewers,New York Mets
2019,2019-05-03,565426,2019-05-04 00:40:00+00:00,R,N,1,115,109,Colorado Rockies,Arizona Diamondbacks
2019,2019-05-03,566290,2019-05-04 02:10:00+00:00,R,N,1,135,119,San Diego Padres,Los Angeles Dodgers
2019,2019-05-04,567472,2019-05-04 17:05:00+00:00,R,N,1,147,142,New York Yankees,Minnesota Twins
2019,2019-05-04,565137,2019-05-04 20:05:00+00:00,R,N,1,112,138,Chicago Cubs,St. Louis Cardinals
2019,2019-05-04,565523,2019-05-04 20:10:00+00:00,R,N,1,116,118,Detroit Tigers,Kansas City Royals
2019,2019-05-04,565328,2019-05-04 20:10:00+00:00,R,N,1,114,136,Cleveland Indians,Seattle Mariners
2019,2019-05-04,567378,2019-05-04 22:10:00+00:00,R,N,1,146,144,Miami Marlins,Atlanta Braves
2019,2019-05-04,566194,2019-05-04 23:05:00+00:00,R,N,1,134,133,Pittsburgh Pirates,Oakland Athletics
2019,2019-05-04,564944,2019-05-04 23:05:00+00:00,R,N,1,110,139,Baltimore Orioles,Tampa Bay Rays
2019,2019-05-04,567078,2019-05-04 23:05:00+00:00,R,N,1,143,120,Philadelphia Phillies,Washington Nationals
2019,2019-05-04,564752,2019-05-04 23:10:00+00:00,R,N,1,108,117,Los Angeles Angels,Houston Astros
2019,2019-05-04,565235,2019-05-04 23:10:00+00:00,R,N,1,113,137,Cincinnati Reds,San Francisco Giants
2019,2019-05-04,567280,2019-05-04 23:10:00+00:00,R,N,1,145,111,Chicago White Sox,Boston Red Sox
2019,2019-05-04,567571,2019-05-04 23:10:00+00:00,R,N,1,158,121,Milwaukee Brewers,New York Mets
2019,2019-05-04,566781,2019-05-05 00:05:00+00:00,R,N,1,140,141,Texas Rangers,Toronto Blue Jays
2019,2019-05-04,565427,2019-05-05 00:10:00+00:00,R,N,1,115,109,Colorado Rockies,Arizona Diamondbacks
2019,2019-05-04,566291,2019-05-05 00:40:00+00:00,R,N,1,135,119,San Diego Padres,Los Angeles Dodgers
2019,2019-05-05,565524,2019-05-05 17:10:00+00:00,R,N,1,116,118,Detroit Tigers,Kansas City Royals
2019,2019-05-05,565329,2019-05-05 17:10:00+00:00,R,N,1,114,136,Cleveland Indians,Seattle Mariners
2019,2019-05-05,567379,2019-05-05 17:10:00+00:00,R,N,1,146,144,Miami Marlins,Atlanta Braves
2019,2019-05-05,566195,2019-05-05 17:35:00+00:00,R,N,1,134,133,Pittsburgh Pirates,Oakland Athletics
2019,2019-05-05,567079,2019-05-05 18:05:00+00:00,R,N,1,143,120,Philadelphia Phillies,Washington Nationals
2019,2019-05-05,567281,2019-05-05 18:10:00+00:00,R,N,1,145,111,Chicago White Sox,Boston Red Sox
2019,2019-05-05,567572,2019-05-05 18:10:00+00:00,R,N,1,158,121,Milwaukee Brewers,New York Mets
2019,2019-05-05,566782,2019-05-05 19:05:00+00:00,R,N,1,140,141,Texas Rangers,Toronto Blue Jays
2019,2019-05-05,565428,2019-05-05 19:10:00+00:00,R,N,1,115,109,Colorado Rockies,Arizona Diamondbacks
2019,2019-05-05,567473,2019-05-05 20:05:00+00:00,R,N,1,147,142,New York Yankees,Minnesota Twins
2019,2019-05-05,564753,2019-05-05 20:10:00+00:00,R,N,1,108,117,Los Angeles Angels,Houston Astros
2019,2019-05-05,566292,2019-05-05 20:10:00+00:00,R,N,1,135,119,San Diego Padres,Los Angeles Dodgers
2019,2019-05-05,565236,2019-05-05 20:10:00+00:00,R,N,1,113,137,Cincinnati Reds,San Francisco Giants
2019,2019-05-05,565138,2019-05-05 23:05:00+00:00,R,N,1,112,138,Chicago Cubs,St. Louis Cardinals
2019,2019-07-13,564945,2019-05-05 17:05:00+00:00,R,N,1,110,139,Baltimore Orioles,Tampa Bay Rays
2019,2019-05-06,565237,2019-05-06 16:35:00+00:00,R,N,1,113,137,Cincinnati Reds,San Francisco Giants
2019,2019-05-06,565330,2019-05-06 22:10:00+00:00,R,N,1,114,145,Cleveland Indians,Chicago White Sox
2019,2019-05-06,567474,2019-05-06 22:35:00+00:00,R,N,1,147,136,New York Yankees,Seattle Mariners
2019,2019-05-06,564946,2019-05-06 23:05:00+00:00,R,N,1,110,111,Baltimore Orioles,Boston Red Sox
2019,2019-05-06,566879,2019-05-06 23:07:00+00:00,R,N,1,141,142,Toronto Blue Jays,Minnesota Twins
2019,2019-05-06,566680,2019-05-06 23:10:00+00:00,R,N,1,139,109,Tampa Bay Rays,Arizona Diamondbacks
2019,2019-05-06,567573,2019-05-06 23:40:00+00:00,R,N,1,158,120,Milwaukee Brewers,Washington Nationals
2019,2019-05-06,566583,2019-05-07 00:05:00+00:00,R,N,1,138,143,St. Louis Cardinals,Philadelphia Phillies
2019,2019-05-06,565139,2019-05-07 00:05:00+00:00,R,N,1,112,146,Chicago Cubs,Miami Marlins
2019,2019-05-06,565619,2019-05-07 00:10:00+00:00,R,N,1,117,118,Houston Astros,Kansas City Royals
2019,2019-05-06,566293,2019-05-07 02:10:00+00:00,R,N,1,135,121,San Diego Padres,New York Mets
2019,2019-05-06,565815,2019-05-07 02:10:00+00:00,R,N,1,119,144,Los Angeles Dodgers,Atlanta Braves
2019,2019-05-07,565331,2019-05-07 22:10:00+00:00,R,N,1,114,145,Cleveland Indians,Chicago White Sox
2019,2019-05-07,567475,2019-05-07 22:35:00+00:00,R,N,1,147,136,New York Yankees,Seattle Mariners
2019,2019-05-07,564947,2019-05-07 23:05:00+00:00,R,N,1,110,111,Baltimore Orioles,Boston Red Sox
2019,2019-05-07,566196,2019-05-07 23:05:00+00:00,R,N,1,134,140,Pittsburgh Pirates,Texas Rangers
2019,2019-05-07,566880,2019-05-07 23:07:00+00:00,R,N,1,141,142,Toronto Blue Jays,Minnesota Twins
2019,2019-05-07,565525,2019-05-07 23:10:00+00:00,R,N,1,116,108,Detroit Tigers,Los Angeles Angels
2019,2019-05-07,566681,2019-05-07 23:10:00+00:00,R,N,1,139,109,Tampa Bay Rays,Arizona Diamondbacks
2019,2019-05-07,567574,2019-05-07 23:40:00+00:00,R,N,1,158,120,Milwaukee Brewers,Washington Nationals
2019,2019-05-07,566584,2019-05-07 23:45:00+00:00,R,N,1,138,143,St. Louis Cardinals,Philadelphia Phillies
2019,2019-05-07,565140,2019-05-08 00:05:00+00:00,R,N,1,112,146,Chicago Cubs,Miami Marlins
2019,2019-05-07,565620,2019-05-08 00:10:00+00:00,R,N,1,117,118,Houston Astros,Kansas City Royals
2019,2019-05-07,565429,2019-05-08 00:40:00+00:00,R,N,1,115,137,Colorado Rockies,San Francisco Giants
2019,2019-05-07,566102,2019-05-08 02:07:00+00:00,R,N,1,133,113,Oakland Athletics,Cincinnati Reds
2019,2019-05-07,566294,2019-05-08 02:10:00+00:00,R,N,1,135,121,San Diego Padres,New York Mets
2019,2019-05-07,565816,2019-05-08 02:10:00+00:00,R,N,1,119,144,Los Angeles Dodgers,Atlanta Braves
2019,2019-05-08,566197,2019-05-08 16:35:00+00:00,R,N,1,134,140,Pittsburgh Pirates,Texas Rangers
2019,2019-05-08,566682,2019-05-08 17:10:00+00:00,R,N,1,139,109,Tampa Bay Rays,Arizona Diamondbacks
2019,2019-05-08,567575,2019-05-08 17:10:00+00:00,R,N,1,158,120,Milwaukee Brewers,Washington Nationals
2019,2019-05-08,566585,2019-05-08 17:15:00+00:00,R,N,1,138,143,St. Louis Cardinals,Philadelphia Phillies
2019,2019-05-08,566295,2019-05-08 19:40:00+00:00,R,N,1,135,121,San Diego Padres,New York Mets
2019,2019-05-08,565332,2019-05-08 22:10:00+00:00,R,N,1,114,145,Cleveland Indians,Chicago White Sox
2019,2019-05-08,567476,2019-05-08 22:35:00+00:00,R,N,1,147,136,New York Yankees,Seattle Mariners
2019,2019-05-08,564948,2019-05-08 23:05:00+00:00,R,N,1,110,111,Baltimore Orioles,Boston Red Sox
2019,2019-05-08,566881,2019-05-08 23:07:00+00:00,R,N,1,141,142,Toronto Blue Jays,Minnesota Twins
2019,2019-05-08,565526,2019-05-08 23:10:00+00:00,R,N,1,116,108,Detroit Tigers,Los Angeles Angels
2019,2019-05-08,565141,2019-05-08 23:35:00+00:00,R,N,1,112,146,Chicago Cubs,Miami Marlins
2019,2019-05-08,565621,2019-05-09 00:10:00+00:00,R,N,1,117,118,Houston Astros,Kansas City Royals
2019,2019-05-08,566103,2019-05-09 02:07:00+00:00,R,N,1,133,113,Oakland Athletics,Cincinnati Reds
2019,2019-05-08,565817,2019-05-09 02:10:00+00:00,R,N,1,119,144,Los Angeles Dodgers,Atlanta Braves
2019,2019-07-15,565430,2019-05-09 00:40:00+00:00,R,N,1,115,137,Colorado Rockies,San Francisco Giants
2019,2019-05-09,565527,2019-05-09 17:10:00+00:00,R,N,1,116,108,Detroit Tigers,Los Angeles Angels
2019,2019-05-09,565333,2019-05-09 17:10:00+00:00,R,N,1,114,145,Cleveland Indians,Chicago White Sox
2019,2019-05-09,565142,2019-05-09 18:20:00+00:00,R,N,1,112,146,Chicago Cubs,Miami Marlins
2019,2019-05-09,565431,2019-05-09 19:10:00+00:00,R,N,1,115,137,Colorado Rockies,San Francisco Giants
2019,2019-05-09,566104,2019-05-09 19:37:00+00:00,R,N,1,133,113,Oakland Athletics,Cincinnati Reds
2019,2019-05-09,567477,2019-05-09 22:35:00+00:00,R,N,1,147,136,New York Yankees,Seattle Mariners
2019,2019-05-09,566586,2019-05-09 23:45:00+00:00,R,N,1,138,134,St. Louis Cardinals,Pittsburgh Pirates
2019,2019-05-09,565622,2019-05-10 00:10:00+00:00,R,N,1,117,140,Houston Astros,Texas Rangers
2019,2019-05-09,564847,2019-05-10 01:40:00+00:00,R,N,1,109,144,Arizona Diamondbacks,Atlanta Braves
2019,2019-05-09,565818,2019-05-10 02:10:00+00:00,R,N,1,119,120,Los Angeles Dodgers,Washington Nationals
2019,2019-05-10,565143,2019-05-10 18:20:00+00:00,R,N,1,112,158,Chicago Cubs,Milwaukee Brewers
2019,2019-05-10,564949,2019-05-10 23:05:00+00:00,R,N,1,110,108,Baltimore Orioles,Los Angeles Angels
2019,2019-05-10,566882,2019-05-10 23:07:00+00:00,R,N,1,141,145,Toronto Blue Jays,Chicago White Sox
2019,2019-05-10,565043,2019-05-10 23:10:00+00:00,R,N,1,111,136,Boston Red Sox,Seattle Mariners
2019,2019-05-10,566005,2019-05-10 23:10:00+00:00,R,N,1,121,146,New York Mets,Miami Marlins
2019,2019-05-10,566683,2019-05-10 23:10:00+00:00,R,N,1,139,147,Tampa Bay Rays,New York Yankees
2019,2019-05-10,565623,2019-05-11 00:10:00+00:00,R,N,1,117,140,Houston Astros,Texas Rangers
2019,2019-05-10,566979,2019-05-11 00:10:00+00:00,R,N,1,142,116,Minnesota Twins,Detroit Tigers
2019,2019-05-10,566587,2019-05-11 00:15:00+00:00,R,N,1,138,134,St. Louis Cardinals,Pittsburgh Pirates
2019,2019-05-10,565721,2019-05-11 00:15:00+00:00,R,N,1,118,143,Kansas City Royals,Philadelphia Phillies
2019,2019-05-10,565432,2019-05-11 00:40:00+00:00,R,N,1,115,135,Colorado Rockies,San Diego Padres
2019,2019-05-10,566105,2019-05-11 01:37:00+00:00,R,N,1,133,114,Oakland Athletics,Cleveland Indians
2019,2019-05-10,564848,2019-05-11 01:40:00+00:00,R,N,1,109,144,Arizona Diamondbacks,Atlanta Braves
2019,2019-05-10,565819,2019-05-11 02:10:00+00:00,R,N,1,119,120,Los Angeles Dodgers,Washington Nationals
2019,2019-05-10,566487,2019-05-11 02:15:00+00:00,R,N,1,137,113,San Francisco Giants,Cincinnati Reds
2019,2019-05-11,565044,2019-05-11 17:05:00+00:00,R,N,1,111,136,Boston Red Sox,Seattle Mariners
2019,2019-05-11,566980,2019-05-11 18:10:00+00:00,R,S,1,142,116,Minnesota Twins,Detroit Tigers
2019,2019-05-11,566965,2019-05-12 00:10:00+00:00,R,S,2,142,116,Minnesota Twins,Detroit Tigers
2019,2019-05-11,566588,2019-05-11 18:15:00+00:00,R,N,1,138,134,St. Louis Cardinals,Pittsburgh Pirates
2019,2019-05-11,565144,2019-05-11 18:20:00+00:00,R,N,1,112,158,Chicago Cubs,Milwaukee Brewers
2019,2019-05-11,566883,2019-05-11 19:07:00+00:00,R,N,1,141,145,Toronto Blue Jays,Chicago White Sox
2019,2019-05-11,564950,2019-05-11 20:05:00+00:00,R,N,1,110,108,Baltimore Orioles,Los Angeles Angels
2019,2019-05-11,566106,2019-05-11 20:05:00+00:00,R,N,1,133,114,Oakland Athletics,Cleveland Indians
2019,2019-05-11,566684,2019-05-11 22:10:00+00:00,R,N,1,139,147,Tampa Bay Rays,New York Yankees
2019,2019-05-11,566006,2019-05-11 23:10:00+00:00,R,N,1,121,146,New York Mets,Miami Marlins
2019,2019-05-11,565722,2019-05-11 23:15:00+00:00,R,N,1,118,143,Kansas City Royals,Philadelphia Phillies
2019,2019-05-11,565433,2019-05-12 00:10:00+00:00,R,N,1,115,135,Colorado Rockies,San Diego Padres
2019,2019-05-11,565624,2019-05-12 00:10:00+00:00,R,N,1,117,140,Houston Astros,Texas Rangers
2019,2019-05-11,564849,2019-05-12 00:10:00+00:00,R,N,1,109,144,Arizona Diamondbacks,Atlanta Braves
2019,2019-05-11,566488,2019-05-12 01:05:00+00:00,R,N,1,137,113,San Francisco Giants,Cincinnati Reds
2019,2019-05-11,565820,2019-05-12 01:10:00+00:00,R,N,1,119,120,Los Angeles Dodgers,Washington Nationals
2019,2019-05-12,564951,2019-05-12 17:05:00+00:00,R,N,1,110,108,Baltimore Orioles,Los Angeles Angels
2019,2019-05-12,565045,2019-05-12 17:05:00+00:00,R,N,1,111,136,Boston Red Sox,Seattle Mariners
2019,2019-05-12,566884,2019-05-12 17:07:00+00:00,R,N,1,141,145,Toronto Blue Jays,Chicago White Sox
2019,2019-05-12,566685,2019-05-12 17:10:00+00:00,R,N,1,139,147,Tampa Bay Rays,New York Yankees
2019,2019-05-12,565625,2019-05-12 18:10:00+00:00,R,N,1,117,140,Houston Astros,Texas Rangers
2019,2019-05-12,566981,2019-05-12 18:10:00+00:00,R,N,1,142,116,Minnesota Twins,Detroit Tigers
2019,2019-05-12,566589,2019-05-12 18:15:00+00:00,R,N,1,138,134,St. Louis Cardinals,Pittsburgh Pirates
2019,2019-05-12,565723,2019-05-12 18:15:00+00:00,R,N,1,118,143,Kansas City Royals,Philadelphia Phillies
2019,2019-05-12,565434,2019-05-12 19:10:00+00:00,R,N,1,115,135,Colorado Rockies,San Diego Padres
2019,2019-05-12,566489,2019-05-12 20:05:00+00:00,R,N,1,137,113,San Francisco Giants,Cincinnati Reds
2019,2019-05-12,566107,2019-05-12 20:07:00+00:00,R,N,1,133,114,Oakland Athletics,Cleveland Indians
2019,2019-05-12,565821,2019-05-12 20:10:00+00:00,R,N,1,119,120,Los Angeles Dodgers,Washington Nationals
2019,2019-05-12,564850,2019-05-12 20:10:00+00:00,R,N,1,109,144,Arizona Diamondbacks,Atlanta Braves
2019,2019-05-12,565145,2019-05-12 23:05:00+00:00,R,N,1,112,158,Chicago Cubs,Milwaukee Brewers
2019,2019-08-05,566007,2019-05-12 17:10:00+00:00,R,N,1,121,146,New York Mets,Miami Marlins
2019,2019-05-13,567080,2019-05-13 23:05:00+00:00,R,N,1,143,158,Philadelphia Phillies,Milwaukee Brewers
2019,2019-05-13,565528,2019-05-13 23:10:00+00:00,R,N,1,116,117,Detroit Tigers,Houston Astros
2019,2019-05-13,566982,2019-05-13 23:40:00+00:00,R,N,1,142,108,Minnesota Twins,Los Angeles Angels
2019,2019-05-13,567282,2019-05-14 00:10:00+00:00,R,N,1,145,114,Chicago White Sox,Cleveland Indians
2019,2019-05-13,564851,2019-05-14 01:40:00+00:00,R,N,1,109,134,Arizona Diamondbacks,Pittsburgh Pirates
2019,2019-05-13,566390,2019-05-14 02:10:00+00:00,R,N,1,136,133,Seattle Mariners,Oakland Athletics
2019,2019-05-15,567478,2019-05-13 22:35:00+00:00,R,N,1,147,110,New York Yankees,Baltimore Orioles
2019,2019-05-14,567283,2019-05-14 18:10:00+00:00,R,N,1,145,114,Chicago White Sox,Cleveland Indians
2019,2019-05-14,565238,2019-05-14 22:40:00+00:00,R,N,1,113,112,Cincinnati Reds,Chicago Cubs
2019,2019-05-14,565913,2019-05-14 23:05:00+00:00,R,N,1,120,121,Washington Nationals,New York Mets
2019,2019-05-14,567081,2019-05-14 23:05:00+00:00,R,N,1,143,158,Philadelphia Phillies,Milwaukee Brewers
2019,2019-05-14,565046,2019-05-14 23:10:00+00:00,R,N,1,111,115,Boston Red Sox,Colorado Rockies
2019,2019-05-14,565529,2019-05-14 23:10:00+00:00,R,N,1,116,117,Detroit Tigers,Houston Astros
2019,2019-05-14,567380,2019-05-14 23:10:00+00:00,R,N,1,146,139,Miami Marlins,Tampa Bay Rays
2019,2019-05-14,567182,2019-05-14 23:20:00+00:00,R,N,1,144,138,Atlanta Braves,St. Louis Cardinals
2019,2019-05-14,566983,2019-05-14 23:40:00+00:00,R,N,1,142,108,Minnesota Twins,Los Angeles Angels
2019,2019-05-14,565724,2019-05-15 00:15:00+00:00,R,N,1,118,140,Kansas City Royals,Texas Rangers
2019,2019-05-14,564852,2019-05-15 01:40:00+00:00,R,N,1,109,134,Arizona Diamondbacks,Pittsburgh Pirates
2019,2019-05-14,566490,2019-05-15 01:45:00+00:00,R,N,1,137,141,San Francisco Giants,Toronto Blue Jays
2019,2019-05-14,565822,2019-05-15 02:10:00+00:00,R,N,1,119,135,Los Angeles Dodgers,San Diego Padres
2019,2019-05-14,566391,2019-05-15 02:10:00+00:00,R,N,1,136,133,Seattle Mariners,Oakland Athletics
2019,2019-08-12,567479,2019-05-14 17:05:00+00:00,R,Y,1,147,110,New York Yankees,Baltimore Orioles
2019,2019-05-15,566984,2019-05-15 17:10:00+00:00,R,N,1,142,108,Minnesota Twins,Los Angeles Angels
2019,2019-05-15,567480,2019-05-15 19:05:00+00:00,R,Y,1,147,110,New York Yankees,Baltimore Orioles
2019,2019-05-15,567478,2019-05-15 19:10:00+00:00,R,Y,2,147,110,New York Yankees,Baltimore Orioles
2019,2019-05-15,564853,2019-05-15 19:40:00+00:00,R,N,1,109,134,Arizona Diamondbacks,Pittsburgh Pirates
2019,2019-05-15,566491,2019-05-15 19:45:00+00:00,R,N,1,137,141,San Francisco Giants,Toronto Blue Jays
2019,2019-05-15,565239,2019-05-15 22:40:00+00:00,R,N,1,113,112,Cincinnati Reds,Chicago Cubs
2019,2019-05-15,565914,2019-05-15 23:05:00+00:00,R,N,1,120,121,Washington Nationals,New York Mets
2019,2019-05-15,567082,2019-05-15 23:05:00+00:00,R,N,1,143,158,Philadelphia Phillies,Milwaukee Brewers
2019,2019-05-15,565047,2019-05-15 23:10:00+00:00,R,N,1,111,115,Boston Red Sox,Colorado Rockies
2019,2019-05-15,565530,2019-05-15 23:10:00+00:00,R,N,1,116,117,Detroit Tigers,Houston Astros
2019,2019-05-15,567381,2019-05-15 23:10:00+00:00,R,N,1,146,139,Miami Marlins,Tampa Bay Rays
2019,2019-05-15,567183,2019-05-15 23:20:00+00:00,R,N,1,144,138,Atlanta Braves,St. Louis Cardinals
2019,2019-05-15,565725,2019-05-16 00:15:00+00:00,R,N,1,118,140,Kansas City Royals,Texas Rangers
2019,2019-05-15,565823,2019-05-16 02:10:00+00:00,R,N,1,119,135,Los Angeles Dodgers,San Diego Padres
2019,2019-05-16,565915,2019-05-16 17:05:00+00:00,R,N,1,120,121,Washington Nationals,New York Mets
2019,2019-05-16,567083,2019-05-16 17:05:00+00:00,R,N,1,143,158,Philadelphia Phillies,Milwaukee Brewers
2019,2019-05-16,565531,2019-05-16 17:10:00+00:00,R,N,1,116,133,Detroit Tigers,Oakland Athletics
2019,2019-05-16,565726,2019-05-16 17:15:00+00:00,R,N,1,118,140,Kansas City Royals,Texas Rangers
2019,2019-05-16,565334,2019-05-16 22:10:00+00:00,R,N,1,114,110,Cleveland Indians,Baltimore Orioles
2019,2019-05-16,565240,2019-05-16 22:40:00+00:00,R,N,1,113,112,Cincinnati Reds,Chicago Cubs
2019,2019-05-16,567184,2019-05-16 23:20:00+00:00,R,N,1,144,138,Atlanta Braves,St. Louis Cardinals
2019,2019-05-16,567284,2019-05-17 00:10:00+00:00,R,N,1,145,141,Chicago White Sox,Toronto Blue Jays
2019,2019-05-16,566296,2019-05-17 02:10:00+00:00,R,N,1,135,134,San Diego Padres,Pittsburgh Pirates
2019,2019-05-16,566392,2019-05-17 02:10:00+00:00,R,N,1,136,142,Seattle Mariners,Minnesota Twins
2019,2019-05-17,565916,2019-05-17 23:05:00+00:00,R,N,1,120,112,Washington Nationals,Chicago Cubs
2019,2019-05-17,567084,2019-05-17 23:05:00+00:00,R,N,1,143,115,Philadelphia Phillies,Colorado Rockies
2019,2019-05-17,567481,2019-05-17 23:05:00+00:00,R,N,1,147,139,New York Yankees,Tampa Bay Rays
2019,2019-05-17,565335,2019-05-17 23:10:00+00:00,R,N,1,114,110,Cleveland Indians,Baltimore Orioles
2019,2019-05-17,565048,2019-05-17 23:10:00+00:00,R,N,1,111,117,Boston Red Sox,Houston Astros
2019,2019-05-17,565241,2019-05-17 23:10:00+00:00,R,N,1,113,119,Cincinnati Reds,Los Angeles Dodgers
2019,2019-05-17,565532,2019-05-17 23:10:00+00:00,R,N,1,116,133,Detroit Tigers,Oakland Athletics
2019,2019-05-17,567382,2019-05-17 23:10:00+00:00,R,N,1,146,121,Miami Marlins,New York Mets
2019,2019-05-17,567185,2019-05-17 23:20:00+00:00,R,N,1,144,158,Atlanta Braves,Milwaukee Brewers
2019,2019-05-17,566783,2019-05-18 00:05:00+00:00,R,N,1,140,138,Texas Rangers,St. Louis Cardinals
2019,2019-05-17,567285,2019-05-18 00:10:00+00:00,R,N,1,145,141,Chicago White Sox,Toronto Blue Jays
2019,2019-05-17,564854,2019-05-18 01:40:00+00:00,R,N,1,109,137,Arizona Diamondbacks,San Francisco Giants
2019,2019-05-17,564754,2019-05-18 02:07:00+00:00,R,N,1,108,118,Los Angeles Angels,Kansas City Royals
2019,2019-05-17,566297,2019-05-18 02:10:00+00:00,R,N,1,135,134,San Diego Padres,Pittsburgh Pirates
2019,2019-05-17,566393,2019-05-18 02:10:00+00:00,R,N,1,136,142,Seattle Mariners,Minnesota Twins
2019,2019-05-18,567482,2019-05-18 17:05:00+00:00,R,N,1,147,139,New York Yankees,Tampa Bay Rays
2019,2019-05-18,567286,2019-05-18 18:10:00+00:00,R,N,1,145,141,Chicago White Sox,Toronto Blue Jays
2019,2019-05-18,566784,2019-05-18 20:05:00+00:00,R,N,1,140,138,Texas Rangers,St. Louis Cardinals
2019,2019-05-18,567085,2019-05-18 20:05:00+00:00,R,N,1,143,115,Philadelphia Phillies,Colorado Rockies
2019,2019-05-18,565336,2019-05-18 20:10:00+00:00,R,N,1,114,110,Cleveland Indians,Baltimore Orioles
2019,2019-05-18,565242,2019-05-18 20:10:00+00:00,R,N,1,113,119,Cincinnati Reds,Los Angeles Dodgers
2019,2019-05-18,565533,2019-05-18 20:10:00+00:00,R,N,1,116,133,Detroit Tigers,Oakland Athletics
2019,2019-05-18,567383,2019-05-18 20:10:00+00:00,R,N,1,146,121,Miami Marlins,New York Mets
2019,2019-05-18,565049,2019-05-18 23:15:00+00:00,R,N,1,111,117,Boston Red Sox,Houston Astros
2019,2019-05-18,565917,2019-05-18 23:15:00+00:00,R,N,1,120,112,Washington Nationals,Chicago Cubs
2019,2019-05-18,567186,2019-05-18 23:15:00+00:00,R,N,1,144,158,Atlanta Braves,Milwaukee Brewers
2019,2019-05-18,566298,2019-05-19 00:40:00+00:00,R,N,1,135,134,San Diego Padres,Pittsburgh Pirates
2019,2019-05-18,564755,2019-05-19 02:07:00+00:00,R,N,1,108,118,Los Angeles Angels,Kansas City Royals
2019,2019-05-18,564855,2019-05-19 02:10:00+00:00,R,N,1,109,137,Arizona Diamondbacks,San Francisco Giants
2019,2019-05-18,566394,2019-05-19 02:10:00+00:00,R,N,1,136,142,Seattle Mariners,Minnesota Twins
2019,2019-05-19,565050,2019-05-19 17:05:00+00:00,R,N,1,111,117,Boston Red Sox,Houston Astros
2019,2019-05-19,567086,2019-05-19 17:05:00+00:00,R,N,1,143,115,Philadelphia Phillies,Colorado Rockies
2019,2019-05-19,567483,2019-05-19 17:05:00+00:00,R,N,1,147,139,New York Yankees,Tampa Bay Rays
2019,2019-05-19,565337,2019-05-19 17:10:00+00:00,R,N,1,114,110,Cleveland Indians,Baltimore Orioles
2019,2019-05-19,565243,2019-05-19 17:10:00+00:00,R,N,1,113,119,Cincinnati Reds,Los Angeles Dodgers
2019,2019-05-19,565534,2019-05-19 17:10:00+00:00,R,N,1,116,133,Detroit Tigers,Oakland Athletics
2019,2019-05-19,567384,2019-05-19 17:10:00+00:00,R,N,1,146,121,Miami Marlins,New York Mets
2019,2019-05-19,567187,2019-05-19 17:20:00+00:00,R,N,1,144,158,Atlanta Braves,Milwaukee Brewers
2019,2019-05-19,567287,2019-05-19 18:10:00+00:00,R,N,1,145,141,Chicago White Sox,Toronto Blue Jays
2019,2019-05-19,566785,2019-05-19 19:05:00+00:00,R,N,1,140,138,Texas Rangers,St. Louis Cardinals
2019,2019-05-19,564756,2019-05-19 20:07:00+00:00,R,N,1,108,118,Los Angeles Angels,Kansas City Royals
2019,2019-05-19,566299,2019-05-19 20:10:00+00:00,R,N,1,135,134,San Diego Padres,Pittsburgh Pirates
2019,2019-05-19,564856,2019-05-19 20:10:00+00:00,R,N,1,109,137,Arizona Diamondbacks,San Francisco Giants
2019,2019-05-19,566395,2019-05-19 20:10:00+00:00,R,N,1,136,142,Seattle Mariners,Minnesota Twins
2019,2019-05-19,565918,2019-05-19 23:05:00+00:00,R,N,1,120,112,Washington Nationals,Chicago Cubs
2019,2019-05-20,566885,2019-05-20 17:07:00+00:00,R,N,1,141,111,Toronto Blue Jays,Boston Red Sox
2019,2019-05-20,565338,2019-05-20 22:10:00+00:00,R,N,1,114,133,Cleveland Indians,Oakland Athletics
2019,2019-05-20,564952,2019-05-20 23:05:00+00:00,R,N,1,110,147,Baltimore Orioles,New York Yankees
2019,2019-05-20,566008,2019-05-20 23:10:00+00:00,R,N,1,121,120,New York Mets,Washington Nationals
2019,2019-05-20,566786,2019-05-21 00:05:00+00:00,R,N,1,140,136,Texas Rangers,Seattle Mariners
2019,2019-05-20,565146,2019-05-21 00:05:00+00:00,R,N,1,112,143,Chicago Cubs,Philadelphia Phillies
2019,2019-05-20,565626,2019-05-21 00:10:00+00:00,R,N,1,117,145,Houston Astros,Chicago White Sox
2019,2019-05-20,566492,2019-05-21 01:45:00+00:00,R,N,1,137,144,San Francisco Giants,Atlanta Braves
2019,2019-05-20,564757,2019-05-21 02:07:00+00:00,R,N,1,108,142,Los Angeles Angels,Minnesota Twins
2019,2019-05-20,566300,2019-05-21 02:10:00+00:00,R,N,1,135,109,San Diego Padres,Arizona Diamondbacks
2019,2019-05-21,565339,2019-05-21 22:10:00+00:00,R,N,1,114,133,Cleveland Indians,Oakland Athletics
2019,2019-05-21,566198,2019-05-21 23:05:00+00:00,R,N,1,134,115,Pittsburgh Pirates,Colorado Rockies
2019,2019-05-21,565147,2019-05-21 23:05:00+00:00,R,N,1,112,143,Chicago Cubs,Philadelphia Phillies
2019,2019-05-21,564953,2019-05-21 23:05:00+00:00,R,N,1,110,147,Baltimore Orioles,New York Yankees
2019,2019-05-21,566886,2019-05-21 23:07:00+00:00,R,N,1,141,111,Toronto Blue Jays,Boston Red Sox
2019,2019-05-21,566009,2019-05-21 23:10:00+00:00,R,N,1,121,120,New York Mets,Washington Nationals
2019,2019-05-21,566686,2019-05-21 23:10:00+00:00,R,N,1,139,119,Tampa Bay Rays,Los Angeles Dodgers
2019,2019-05-21,565535,2019-05-21 23:10:00+00:00,R,N,1,116,146,Detroit Tigers,Miami Marlins
2019,2019-05-21,567576,2019-05-21 23:40:00+00:00,R,N,1,158,113,Milwaukee Brewers,Cincinnati Reds
2019,2019-05-21,566787,2019-05-22 00:05:00+00:00,R,N,1,140,136,Texas Rangers,Seattle Mariners
2019,2019-05-21,565627,2019-05-22 00:10:00+00:00,R,N,1,117,145,Houston Astros,Chicago White Sox
2019,2019-05-21,566493,2019-05-22 01:45:00+00:00,R,N,1,137,144,San Francisco Giants,Atlanta Braves
2019,2019-05-21,564758,2019-05-22 02:07:00+00:00,R,N,1,108,142,Los Angeles Angels,Minnesota Twins
2019,2019-05-21,566301,2019-05-22 02:10:00+00:00,R,N,1,135,109,San Diego Padres,Arizona Diamondbacks
2019,2019-05-22,566590,2019-05-22 00:15:00+00:00,R,N,1,138,118,St. Louis Cardinals,Kansas City Royals
2019,2019-05-22,565340,2019-05-22 17:10:00+00:00,R,N,1,114,133,Cleveland Indians,Oakland Athletics
2019,2019-05-22,567577,2019-05-22 17:10:00+00:00,R,N,1,158,113,Milwaukee Brewers,Cincinnati Reds
2019,2019-05-22,566591,2019-05-22 17:15:00+00:00,R,S,1,138,118,St. Louis Cardinals,Kansas City Royals
2019,2019-05-22,566590,2019-05-22 23:45:00+00:00,R,S,2,138,118,St. Louis Cardinals,Kansas City Royals
2019,2019-05-22,566788,2019-05-22 18:05:00+00:00,R,N,1,140,136,Texas Rangers,Seattle Mariners
2019,2019-05-22,566302,2019-05-22 19:40:00+00:00,R,N,1,135,109,San Diego Padres,Arizona Diamondbacks
2019,2019-05-22,566199,2019-05-22 23:05:00+00:00,R,N,1,134,115,Pittsburgh Pirates,Colorado Rockies
2019,2019-05-22,564954,2019-05-22 23:05:00+00:00,R,N,1,110,147,Baltimore Orioles,New York Yankees
2019,2019-05-22,566887,2019-05-22 23:07:00+00:00,R,N,1,141,111,Toronto Blue Jays,Boston Red Sox
2019,2019-05-22,566010,2019-05-22 23:10:00+00:00,R,N,1,121,120,New York Mets,Washington Nationals
2019,2019-05-22,566687,2019-05-22 23:10:00+00:00,R,N,1,139,119,Tampa Bay Rays,Los Angeles Dodgers
2019,2019-05-22,565536,2019-05-22 23:10:00+00:00,R,N,1,116,146,Detroit Tigers,Miami Marlins
2019,2019-05-22,565148,2019-05-23 00:05:00+00:00,R,N,1,112,143,Chicago Cubs,Philadelphia Phillies
2019,2019-05-22,565628,2019-05-23 00:10:00+00:00,R,N,1,117,145,Houston Astros,Chicago White Sox
2019,2019-05-22,566494,2019-05-23 01:45:00+00:00,R,N,1,137,144,San Francisco Giants,Atlanta Braves
2019,2019-05-23,564759,2019-05-23 01:07:00+00:00,R,N,1,108,142,Los Angeles Angels,Minnesota Twins
2019,2019-05-23,566011,2019-05-23 16:10:00+00:00,R,N,1,121,120,New York Mets,Washington Nationals
2019,2019-05-23,566200,2019-05-23 16:35:00+00:00,R,N,1,134,115,Pittsburgh Pirates,Colorado Rockies
2019,2019-05-23,564955,2019-05-23 16:35:00+00:00,R,N,1,110,147,Baltimore Orioles,New York Yankees
2019,2019-05-23,566888,2019-05-23 16:37:00+00:00,R,N,1,141,111,Toronto Blue Jays,Boston Red Sox
2019,2019-05-23,565537,2019-05-23 17:10:00+00:00,R,N,1,116,146,Detroit Tigers,Miami Marlins
2019,2019-05-23,565149,2019-05-23 18:20:00+00:00,R,N,1,112,143,Chicago Cubs,Philadelphia Phillies
2019,2019-05-23,566495,2019-05-23 19:45:00+00:00,R,N,1,137,144,San Francisco Giants,Atlanta Braves
2019,2019-05-23,564759,2019-05-23 20:07:00+00:00,R,N,1,108,142,Los Angeles Angels,Minnesota Twins
2019,2019-05-23,565341,2019-05-23 22:10:00+00:00,R,N,1,114,139,Cleveland Indians,Tampa Bay Rays
2019,2019-05-23,565629,2019-05-24 00:10:00+00:00,R,N,1,117,145,Houston Astros,Chicago White Sox
2019,2019-05-24,565150,2019-05-24 18:20:00+00:00,R,N,1,112,113,Chicago Cubs,Cincinnati Reds
2019,2019-05-24,566201,2019-05-24 23:05:00+00:00,R,N,1,134,119,Pittsburgh Pirates,Los Angeles Dodgers
2019,2019-05-24,565919,2019-05-24 23:05:00+00:00,R,N,1,120,146,Washington Nationals,Miami Marlins
2019,2019-05-24,566889,2019-05-24 23:07:00+00:00,R,N,1,141,135,Toronto Blue Jays,San Diego Padres
2019,2019-05-24,566012,2019-05-24 23:10:00+00:00,R,N,1,121,116,New York Mets,Detroit Tigers
2019,2019-05-24,565342,2019-05-24 23:10:00+00:00,R,N,1,114,139,Cleveland Indians,Tampa Bay Rays
2019,2019-05-24,565630,2019-05-25 00:10:00+00:00,R,N,1,117,111,Houston Astros,Boston Red Sox
2019,2019-05-24,566985,2019-05-25 00:10:00+00:00,R,N,1,142,145,Minnesota Twins,Chicago White Sox
2019,2019-05-24,567578,2019-05-25 00:10:00+00:00,R,N,1,158,143,Milwaukee Brewers,Philadelphia Phillies
2019,2019-05-24,566592,2019-05-25 00:15:00+00:00,R,N,1,138,144,St. Louis Cardinals,Atlanta Braves
2019,2019-05-24,565435,2019-05-25 00:40:00+00:00,R,N,1,115,110,Colorado Rockies,Baltimore Orioles
2019,2019-05-24,566108,2019-05-25 02:07:00+00:00,R,N,1,133,136,Oakland Athletics,Seattle Mariners
2019,2019-05-24,564760,2019-05-25 02:07:00+00:00,R,N,1,108,140,Los Angeles Angels,Texas Rangers
2019,2019-05-24,566496,2019-05-25 02:15:00+00:00,R,N,1,137,109,San Francisco Giants,Arizona Diamondbacks
2019,2019-05-25,565727,2019-05-25 00:15:00+00:00,R,N,1,118,147,Kansas City Royals,New York Yankees
2019,2019-05-25,566986,2019-05-25 18:10:00+00:00,R,N,1,142,145,Minnesota Twins,Chicago White Sox
2019,2019-05-25,565728,2019-05-25 18:15:00+00:00,R,S,1,118,147,Kansas City Royals,New York Yankees
2019,2019-05-25,565727,2019-05-26 00:15:00+00:00,R,S,2,118,147,Kansas City Royals,New York Yankees
2019,2019-05-25,565151,2019-05-25 18:20:00+00:00,R,N,1,112,113,Chicago Cubs,Cincinnati Reds
2019,2019-05-25,566890,2019-05-25 19:07:00+00:00,R,N,1,141,135,Toronto Blue Jays,San Diego Padres
2019,2019-05-25,566497,2019-05-25 20:05:00+00:00,R,N,1,137,109,San Francisco Giants,Arizona Diamondbacks
2019,2019-05-25,565920,2019-05-25 20:05:00+00:00,R,N,1,120,146,Washington Nationals,Miami Marlins
2019,2019-05-25,566109,2019-05-25 20:07:00+00:00,R,N,1,133,136,Oakland Athletics,Seattle Mariners
2019,2019-05-25,566013,2019-05-25 20:10:00+00:00,R,N,1,121,116,New York Mets,Detroit Tigers
2019,2019-05-25,565343,2019-05-25 20:10:00+00:00,R,N,1,114,139,Cleveland Indians,Tampa Bay Rays
2019,2019-05-25,567579,2019-05-25 20:10:00+00:00,R,N,1,158,143,Milwaukee Brewers,Philadelphia Phillies
2019,2019-05-25,565631,2019-05-25 23:15:00+00:00,R,N,1,117,111,Houston Astros,Boston Red Sox
2019,2019-05-25,566202,2019-05-25 23:15:00+00:00,R,N,1,134,119,Pittsburgh Pirates,Los Angeles Dodgers
2019,2019-05-25,566593,2019-05-25 23:15:00+00:00,R,N,1,138,144,St. Louis Cardinals,Atlanta Braves
2019,2019-05-25,565436,2019-05-26 01:10:00+00:00,R,N,1,115,110,Colorado Rockies,Baltimore Orioles
2019,2019-05-25,564761,2019-05-26 02:07:00+00:00,R,N,1,108,140,Los Angeles Angels,Texas Rangers
2019,2019-05-26,566891,2019-05-26 17:07:00+00:00,R,N,1,141,135,Toronto Blue Jays,San Diego Padres
2019,2019-05-26,566014,2019-05-26 17:10:00+00:00,R,N,1,121,116,New York Mets,Detroit Tigers
2019,2019-05-26,565344,2019-05-26 17:10:00+00:00,R,N,1,114,139,Cleveland Indians,Tampa Bay Rays
2019,2019-05-26,566203,2019-05-26 17:35:00+00:00,R,N,1,134,119,Pittsburgh Pirates,Los Angeles Dodgers
2019,2019-05-26,565921,2019-05-26 17:35:00+00:00,R,N,1,120,146,Washington Nationals,Miami Marlins
2019,2019-05-26,565632,2019-05-26 18:10:00+00:00,R,N,1,117,111,Houston Astros,Boston Red Sox
2019,2019-05-26,566987,2019-05-26 18:10:00+00:00,R,N,1,142,145,Minnesota Twins,Chicago White Sox
2019,2019-05-26,567580,2019-05-26 18:10:00+00:00,R,N,1,158,143,Milwaukee Brewers,Philadelphia Phillies
2019,2019-05-26,565729,2019-05-26 18:15:00+00:00,R,N,1,118,147,Kansas City Royals,New York Yankees
2019,2019-05-26,565152,2019-05-26 18:20:00+00:00,R,N,1,112,113,Chicago Cubs,Cincinnati Reds
2019,2019-05-26,565437,2019-05-26 19:10:00+00:00,R,N,1,115,110,Colorado Rockies,Baltimore Orioles
2019,2019-05-26,566498,2019-05-26 20:05:00+00:00,R,N,1,137,109,San Francisco Giants,Arizona Diamondbacks
2019,2019-05-26,566110,2019-05-26 20:07:00+00:00,R,N,1,133,136,Oakland Athletics,Seattle Mariners
2019,2019-05-26,564762,2019-05-26 20:07:00+00:00,R,N,1,108,140,Los Angeles Angels,Texas Rangers
2019,2019-05-26,566594,2019-05-26 23:05:00+00:00,R,N,1,138,144,St. Louis Cardinals,Atlanta Braves
2019,2019-05-27,564956,2019-05-27 17:05:00+00:00,R,N,1,110,116,Baltimore Orioles,Detroit Tigers
2019,2019-05-27,565922,2019-05-27 17:05:00+00:00,R,N,1,120,146,Washington Nationals,Miami Marlins
2019,2019-05-27,567484,2019-05-27 17:05:00+00:00,R,N,1,147,135,New York Yankees,San Diego Padres
2019,2019-05-27,565244,2019-05-27 17:10:00+00:00,R,S,1,113,134,Cincinnati Reds,Pittsburgh Pirates
2019,2019-05-27,565221,2019-05-27 23:10:00+00:00,R,S,2,113,134,Cincinnati Reds,Pittsburgh Pirates
2019,2019-05-27,566688,2019-05-27 17:10:00+00:00,R,N,1,139,141,Tampa Bay Rays,Toronto Blue Jays
2019,2019-05-27,565633,2019-05-27 18:10:00+00:00,R,N,1,117,112,Houston Astros,Chicago Cubs
2019,2019-05-27,567288,2019-05-27 18:10:00+00:00,R,N,1,145,118,Chicago White Sox,Kansas City Royals
2019,2019-05-27,565438,2019-05-27 19:10:00+00:00,R,N,1,115,109,Colorado Rockies,Arizona Diamondbacks
2019,2019-05-27,565051,2019-05-27 20:05:00+00:00,R,N,1,111,114,Boston Red Sox,Cleveland Indians
2019,2019-05-27,566111,2019-05-27 20:07:00+00:00,R,N,1,133,108,Oakland Athletics,Los Angeles Angels
2019,2019-05-27,566988,2019-05-27 23:10:00+00:00,R,N,1,142,158,Minnesota Twins,Milwaukee Brewers
2019,2019-05-27,565824,2019-05-28 00:10:00+00:00,R,N,1,119,121,Los Angeles Dodgers,New York Mets
2019,2019-05-27,566396,2019-05-28 01:10:00+00:00,R,N,1,136,140,Seattle Mariners,Texas Rangers
2019,2019-05-27,567288,2019-05-28 21:40:00+00:00,R,N,1,145,118,Chicago White Sox,Kansas City Royals
2019,2019-05-28,567485,2019-05-28 22:35:00+00:00,R,N,1,147,135,New York Yankees,San Diego Padres
2019,2019-05-28,565245,2019-05-28 22:40:00+00:00,R,N,1,113,134,Cincinnati Reds,Pittsburgh Pirates
2019,2019-05-28,564957,2019-05-28 23:05:00+00:00,R,N,1,110,116,Baltimore Orioles,Detroit Tigers
2019,2019-05-28,567087,2019-05-28 23:05:00+00:00,R,N,1,143,138,Philadelphia Phillies,St. Louis Cardinals
2019,2019-05-28,565052,2019-05-28 23:10:00+00:00,R,N,1,111,114,Boston Red Sox,Cleveland Indians
2019,2019-05-28,566689,2019-05-28 23:10:00+00:00,R,N,1,139,141,Tampa Bay Rays,Toronto Blue Jays
2019,2019-05-28,567385,2019-05-28 23:10:00+00:00,R,N,1,146,137,Miami Marlins,San Francisco Giants
2019,2019-05-28,567188,2019-05-28 23:20:00+00:00,R,N,1,144,120,Atlanta Braves,Washington Nationals
2019,2019-05-28,565634,2019-05-29 00:10:00+00:00,R,N,1,117,112,Houston Astros,Chicago Cubs
2019,2019-05-28,567289,2019-05-29 00:10:00+00:00,R,N,1,145,118,Chicago White Sox,Kansas City Royals
2019,2019-05-28,566989,2019-05-29 00:10:00+00:00,R,N,1,142,158,Minnesota Twins,Milwaukee Brewers
2019,2019-05-28,565439,2019-05-29 00:40:00+00:00,R,N,1,115,109,Colorado Rockies,Arizona Diamondbacks
2019,2019-05-28,566112,2019-05-29 02:07:00+00:00,R,N,1,133,108,Oakland Athletics,Los Angeles Angels
2019,2019-05-28,565825,2019-05-29 02:10:00+00:00,R,N,1,119,121,Los Angeles Dodgers,New York Mets
2019,2019-05-28,566397,2019-05-29 02:10:00+00:00,R,N,1,136,140,Seattle Mariners,Texas Rangers
2019,2019-05-29,565246,2019-05-29 16:35:00+00:00,R,N,1,113,134,Cincinnati Reds,Pittsburgh Pirates
2019,2019-05-29,567486,2019-05-29 17:05:00+00:00,R,N,1,147,135,New York Yankees,San Diego Padres
2019,2019-05-29,566113,2019-05-29 19:37:00+00:00,R,N,1,133,108,Oakland Athletics,Los Angeles Angels
2019,2019-05-29,566398,2019-05-29 19:40:00+00:00,R,N,1,136,140,Seattle Mariners,Texas Rangers
2019,2019-05-29,565053,2019-05-29 22:10:00+00:00,R,N,1,111,114,Boston Red Sox,Cleveland Indians
2019,2019-05-29,564958,2019-05-29 23:05:00+00:00,R,N,1,110,116,Baltimore Orioles,Detroit Tigers
2019,2019-05-29,567088,2019-05-29 23:05:00+00:00,R,N,1,143,138,Philadelphia Phillies,St. Louis Cardinals
2019,2019-05-29,566690,2019-05-29 23:10:00+00:00,R,N,1,139,141,Tampa Bay Rays,Toronto Blue Jays
2019,2019-05-29,567386,2019-05-29 23:10:00+00:00,R,N,1,146,137,Miami Marlins,San Francisco Giants
2019,2019-05-29,567189,2019-05-29 23:20:00+00:00,R,N,1,144,120,Atlanta Braves,Washington Nationals
2019,2019-05-29,565635,2019-05-30 00:10:00+00:00,R,N,1,117,112,Houston Astros,Chicago Cubs
2019,2019-05-29,567290,2019-05-30 00:10:00+00:00,R,N,1,145,118,Chicago White Sox,Kansas City Royals
2019,2019-05-29,565440,2019-05-30 00:40:00+00:00,R,N,1,115,109,Colorado Rockies,Arizona Diamondbacks
2019,2019-05-29,565826,2019-05-30 02:10:00+00:00,R,N,1,119,121,Los Angeles Dodgers,New York Mets
2019,2019-05-30,567089,2019-05-30 17:05:00+00:00,R,N,1,143,138,Philadelphia Phillies,St. Louis Cardinals
2019,2019-05-30,567387,2019-05-30 17:10:00+00:00,R,N,1,146,137,Miami Marlins,San Francisco Giants
2019,2019-05-30,565441,2019-05-30 19:10:00+00:00,R,N,1,115,109,Colorado Rockies,Arizona Diamondbacks
2019,2019-05-30,566204,2019-05-30 23:05:00+00:00,R,N,1,134,158,Pittsburgh Pirates,Milwaukee Brewers
2019,2019-05-30,566691,2019-05-30 23:10:00+00:00,R,N,1,139,142,Tampa Bay Rays,Minnesota Twins
2019,2019-05-30,566789,2019-05-31 00:05:00+00:00,R,N,1,140,118,Texas Rangers,Kansas City Royals
2019,2019-05-30,567291,2019-05-31 00:10:00+00:00,R,N,1,145,114,Chicago White Sox,Cleveland Indians
2019,2019-05-30,565827,2019-05-31 02:10:00+00:00,R,N,1,119,121,Los Angeles Dodgers,New York Mets
2019,2019-05-30,566399,2019-05-31 02:10:00+00:00,R,N,1,136,108,Seattle Mariners,Los Angeles Angels
2019,2019-08-03,567487,2019-05-30 23:05:00+00:00,R,N,1,147,111,New York Yankees,Boston Red Sox
2019,2019-05-31,564959,2019-05-31 23:05:00+00:00,R,N,1,110,137,Baltimore Orioles,San Francisco Giants
2019,2019-05-31,567488,2019-05-31 23:05:00+00:00,R,N,1,147,111,New York Yankees,Boston Red Sox
2019,2019-05-31,566205,2019-05-31 23:05:00+00:00,R,N,1,134,158,Pittsburgh Pirates,Milwaukee Brewers
2019,2019-05-31,565247,2019-05-31 23:10:00+00:00,R,N,1,113,120,Cincinnati Reds,Washington Nationals
2019,2019-05-31,566692,2019-05-31 23:10:00+00:00,R,N,1,139,142,Tampa Bay Rays,Minnesota Twins
2019,2019-05-31,567190,2019-05-31 23:20:00+00:00,R,N,1,144,116,Atlanta Braves,Detroit Tigers
2019,2019-05-31,566790,2019-06-01 00:05:00+00:00,R,N,1,140,118,Texas Rangers,Kansas City Royals
2019,2019-05-31,567292,2019-06-01 00:10:00+00:00,R,N,1,145,114,Chicago White Sox,Cleveland Indians
2019,2019-05-31,566595,2019-06-01 00:15:00+00:00,R,N,1,138,112,St. Louis Cardinals,Chicago Cubs
2019,2019-05-31,565442,2019-06-01 00:40:00+00:00,R,N,1,115,141,Colorado Rockies,Toronto Blue Jays
2019,2019-05-31,564857,2019-06-01 01:40:00+00:00,R,N,1,109,121,Arizona Diamondbacks,New York Mets
2019,2019-05-31,566114,2019-06-01 02:07:00+00:00,R,N,1,133,117,Oakland Athletics,Houston Astros
2019,2019-05-31,566400,2019-06-01 02:10:00+00:00,R,N,1,136,108,Seattle Mariners,Los Angeles Angels
2019,2019-05-31,565828,2019-06-01 02:10:00+00:00,R,N,1,119,143,Los Angeles Dodgers,Philadelphia Phillies
2019,2019-05-31,566303,2019-06-01 02:10:00+00:00,R,N,1,135,146,San Diego Padres,Miami Marlins
2019,2019-06-01,566693,2019-06-01 17:10:00+00:00,R,N,1,139,142,Tampa Bay Rays,Minnesota Twins
2019,2019-06-01,567293,2019-06-01 18:10:00+00:00,R,N,1,145,114,Chicago White Sox,Cleveland Indians
2019,2019-06-01,564960,2019-06-01 20:05:00+00:00,R,N,1,110,137,Baltimore Orioles,San Francisco Giants
2019,2019-06-01,566791,2019-06-01 20:05:00+00:00,R,N,1,140,118,Texas Rangers,Kansas City Royals
2019,2019-06-01,566206,2019-06-01 20:05:00+00:00,R,N,1,134,158,Pittsburgh Pirates,Milwaukee Brewers
2019,2019-06-01,565248,2019-06-01 20:10:00+00:00,R,N,1,113,120,Cincinnati Reds,Washington Nationals
2019,2019-06-01,567191,2019-06-01 20:10:00+00:00,R,N,1,144,116,Atlanta Braves,Detroit Tigers
2019,2019-06-01,566401,2019-06-01 23:15:00+00:00,R,N,1,136,108,Seattle Mariners,Los Angeles Angels
2019,2019-06-01,566596,2019-06-01 23:15:00+00:00,R,N,1,138,112,St. Louis Cardinals,Chicago Cubs
2019,2019-06-01,567489,2019-06-01 23:15:00+00:00,R,N,1,147,111,New York Yankees,Boston Red Sox
2019,2019-06-01,565443,2019-06-02 01:10:00+00:00,R,N,1,115,141,Colorado Rockies,Toronto Blue Jays
2019,2019-06-01,566115,2019-06-02 02:07:00+00:00,R,N,1,133,117,Oakland Athletics,Houston Astros
2019,2019-06-01,564858,2019-06-02 02:10:00+00:00,R,N,1,109,121,Arizona Diamondbacks,New York Mets
2019,2019-06-01,565829,2019-06-02 02:10:00+00:00,R,N,1,119,143,Los Angeles Dodgers,Philadelphia Phillies
2019,2019-06-01,566304,2019-06-02 02:10:00+00:00,R,N,1,135,146,San Diego Padres,Miami Marlins
2019,2019-06-02,564961,2019-06-02 17:05:00+00:00,R,N,1,110,137,Baltimore Orioles,San Francisco Giants
2019,2019-06-02,565249,2019-06-02 17:10:00+00:00,R,N,1,113,120,Cincinnati Reds,Washington Nationals
2019,2019-06-02,566694,2019-06-02 17:10:00+00:00,R,N,1,139,142,Tampa Bay Rays,Minnesota Twins
2019,2019-06-02,567192,2019-06-02 17:20:00+00:00,R,N,1,144,116,Atlanta Braves,Detroit Tigers
2019,2019-06-02,566207,2019-06-02 17:35:00+00:00,R,N,1,134,158,Pittsburgh Pirates,Milwaukee Brewers
2019,2019-06-02,567294,2019-06-02 18:10:00+00:00,R,N,1,145,114,Chicago White Sox,Cleveland Indians
2019,2019-06-02,566597,2019-06-02 18:15:00+00:00,R,N,1,138,112,St. Louis Cardinals,Chicago Cubs
2019,2019-06-02,566792,2019-06-02 19:05:00+00:00,R,N,1,140,118,Texas Rangers,Kansas City Royals
2019,2019-06-02,565444,2019-06-02 19:10:00+00:00,R,N,1,115,141,Colorado Rockies,Toronto Blue Jays
2019,2019-06-02,566116,2019-06-02 20:07:00+00:00,R,N,1,133,117,Oakland Athletics,Houston Astros
2019,2019-06-02,564859,2019-06-02 20:10:00+00:00,R,N,1,109,121,Arizona Diamondbacks,New York Mets
2019,2019-06-02,566402,2019-06-02 20:10:00+00:00,R,N,1,136,108,Seattle Mariners,Los Angeles Angels
2019,2019-06-02,565830,2019-06-02 20:10:00+00:00,R,N,1,119,143,Los Angeles Dodgers,Philadelphia Phillies
2019,2019-06-02,566305,2019-06-02 22:10:00+00:00,R,N,1,135,146,San Diego Padres,Miami Marlins
2019,2019-06-02,567490,2019-06-02 23:05:00+00:00,R,N,1,147,111,New York Yankees,Boston Red Sox
2019,2019-06-03,565129,2019-06-03 20:05:00+00:00,R,N,1,112,108,Chicago Cubs,Los Angeles Angels
2019,2019-06-03,564860,2019-06-04 01:40:00+00:00,R,N,1,109,119,Arizona Diamondbacks,Los Angeles Dodgers
2019,2019-06-03,566403,2019-06-04 02:10:00+00:00,R,N,1,136,117,Seattle Mariners,Houston Astros
2019,2019-06-03,566306,2019-06-04 02:10:00+00:00,R,N,1,135,143,San Diego Padres,Philadelphia Phillies
2019,2019-06-04,566208,2019-06-04 23:05:00+00:00,R,N,1,134,144,Pittsburgh Pirates,Atlanta Braves
2019,2019-06-04,565923,2019-06-04 23:05:00+00:00,R,N,1,120,145,Washington Nationals,Chicago White Sox
2019,2019-06-04,566892,2019-06-04 23:07:00+00:00,R,N,1,141,147,Toronto Blue Jays,New York Yankees
2019,2019-06-04,566015,2019-06-04 23:10:00+00:00,R,N,1,121,137,New York Mets,San Francisco Giants
2019,2019-06-04,565538,2019-06-04 23:10:00+00:00,R,N,1,116,139,Detroit Tigers,Tampa Bay Rays
2019,2019-06-04,565345,2019-06-04 23:10:00+00:00,R,N,1,114,142,Cleveland Indians,Minnesota Twins
2019,2019-06-04,567581,2019-06-04 23:40:00+00:00,R,N,1,158,146,Milwaukee Brewers,Miami Marlins
2019,2019-06-04,565153,2019-06-05 00:05:00+00:00,R,N,1,112,115,Chicago Cubs,Colorado Rockies
2019,2019-06-04,566793,2019-06-05 00:05:00+00:00,R,N,1,140,110,Texas Rangers,Baltimore Orioles
2019,2019-06-04,565730,2019-06-05 00:15:00+00:00,R,N,1,118,111,Kansas City Royals,Boston Red Sox
2019,2019-06-04,566598,2019-06-05 00:15:00+00:00,R,N,1,138,113,St. Louis Cardinals,Cincinnati Reds
2019,2019-06-04,564861,2019-06-05 01:40:00+00:00,R,N,1,109,119,Arizona Diamondbacks,Los Angeles Dodgers
2019,2019-06-04,564763,2019-06-05 02:07:00+00:00,R,N,1,108,133,Los Angeles Angels,Oakland Athletics
2019,2019-06-04,566404,2019-06-05 02:10:00+00:00,R,N,1,136,117,Seattle Mariners,Houston Astros
2019,2019-06-04,566307,2019-06-05 02:10:00+00:00,R,N,1,135,143,San Diego Padres,Philadelphia Phillies
2019,2019-06-05,565924,2019-06-05 17:05:00+00:00,R,N,1,120,145,Washington Nationals,Chicago White Sox
2019,2019-06-05,564862,2019-06-05 19:40:00+00:00,R,N,1,109,119,Arizona Diamondbacks,Los Angeles Dodgers
2019,2019-06-05,566308,2019-06-05 19:40:00+00:00,R,N,1,135,143,San Diego Padres,Philadelphia Phillies
2019,2019-06-05,566209,2019-06-05 23:05:00+00:00,R,N,1,134,144,Pittsburgh Pirates,Atlanta Braves
2019,2019-06-05,566893,2019-06-05 23:07:00+00:00,R,N,1,141,147,Toronto Blue Jays,New York Yankees
2019,2019-06-05,566016,2019-06-05 23:10:00+00:00,R,N,1,121,137,New York Mets,San Francisco Giants
2019,2019-06-05,565539,2019-06-05 23:10:00+00:00,R,N,1,116,139,Detroit Tigers,Tampa Bay Rays
2019,2019-06-05,565346,2019-06-05 23:10:00+00:00,R,N,1,114,142,Cleveland Indians,Minnesota Twins
2019,2019-06-05,567582,2019-06-05 23:40:00+00:00,R,N,1,158,146,Milwaukee Brewers,Miami Marlins
2019,2019-06-05,565154,2019-06-06 00:05:00+00:00,R,N,1,112,115,Chicago Cubs,Colorado Rockies
2019,2019-06-05,566794,2019-06-06 00:05:00+00:00,R,N,1,140,110,Texas Rangers,Baltimore Orioles
2019,2019-06-05,565731,2019-06-06 00:15:00+00:00,R,N,1,118,111,Kansas City Royals,Boston Red Sox
2019,2019-06-05,564764,2019-06-06 02:07:00+00:00,R,N,1,108,133,Los Angeles Angels,Oakland Athletics
2019,2019-06-05,566405,2019-06-06 02:10:00+00:00,R,N,1,136,117,Seattle Mariners,Houston Astros
2019,2019-08-31,566599,2019-06-06 00:15:00+00:00,R,N,1,138,113,St. Louis Cardinals,Cincinnati Reds
2019,2019-06-06,566017,2019-06-06 16:10:00+00:00,R,N,1,121,137,New York Mets,San Francisco Giants
2019,2019-06-06,566210,2019-06-06 16:35:00+00:00,R,N,1,134,144,Pittsburgh Pirates,Atlanta Braves
2019,2019-06-06,565540,2019-06-06 17:10:00+00:00,R,N,1,116,139,Detroit Tigers,Tampa Bay Rays
2019,2019-06-06,565732,2019-06-06 17:15:00+00:00,R,N,1,118,111,Kansas City Royals,Boston Red Sox
2019,2019-06-06,566600,2019-06-06 17:15:00+00:00,R,N,1,138,113,St. Louis Cardinals,Cincinnati Reds
2019,2019-06-06,567583,2019-06-06 18:10:00+00:00,R,N,1,158,146,Milwaukee Brewers,Miami Marlins
2019,2019-06-06,565155,2019-06-06 18:20:00+00:00,R,N,1,112,115,Chicago Cubs,Colorado Rockies
2019,2019-06-06,566406,2019-06-06 19:40:00+00:00,R,N,1,136,117,Seattle Mariners,Houston Astros
2019,2019-06-06,566894,2019-06-06 23:07:00+00:00,R,N,1,141,147,Toronto Blue Jays,New York Yankees
2019,2019-06-06,565347,2019-06-06 23:10:00+00:00,R,N,1,114,142,Cleveland Indians,Minnesota Twins
2019,2019-06-06,566795,2019-06-07 00:05:00+00:00,R,N,1,140,110,Texas Rangers,Baltimore Orioles
2019,2019-06-06,564765,2019-06-07 02:07:00+00:00,R,N,1,108,133,Los Angeles Angels,Oakland Athletics
2019,2019-06-06,566309,2019-06-07 02:10:00+00:00,R,N,1,135,120,San Diego Padres,Washington Nationals
2019,2019-06-07,565156,2019-06-07 18:20:00+00:00,R,N,1,112,138,Chicago Cubs,St. Louis Cardinals
2019,2019-06-07,567090,2019-06-07 23:05:00+00:00,R,N,1,143,113,Philadelphia Phillies,Cincinnati Reds
2019,2019-06-07,566895,2019-06-07 23:07:00+00:00,R,N,1,141,109,Toronto Blue Jays,Arizona Diamondbacks
2019,2019-06-07,566018,2019-06-07 23:10:00+00:00,R,N,1,121,115,New York Mets,Colorado Rockies
2019,2019-06-07,565054,2019-06-07 23:10:00+00:00,R,N,1,111,139,Boston Red Sox,Tampa Bay Rays
2019,2019-06-07,565541,2019-06-07 23:10:00+00:00,R,N,1,116,142,Detroit Tigers,Minnesota Twins
2019,2019-06-07,567388,2019-06-07 23:10:00+00:00,R,N,1,146,144,Miami Marlins,Atlanta Braves
2019,2019-06-07,565348,2019-06-07 23:10:00+00:00,R,N,1,114,147,Cleveland Indians,New York Yankees
2019,2019-06-07,566796,2019-06-08 00:05:00+00:00,R,N,1,140,133,Texas Rangers,Oakland Athletics
2019,2019-06-07,565636,2019-06-08 00:10:00+00:00,R,N,1,117,110,Houston Astros,Baltimore Orioles
2019,2019-06-07,567584,2019-06-08 00:10:00+00:00,R,N,1,158,134,Milwaukee Brewers,Pittsburgh Pirates
2019,2019-06-07,565733,2019-06-08 00:15:00+00:00,R,N,1,118,145,Kansas City Royals,Chicago White Sox
2019,2019-06-07,564766,2019-06-08 02:07:00+00:00,R,N,1,108,136,Los Angeles Angels,Seattle Mariners
2019,2019-06-07,566310,2019-06-08 02:10:00+00:00,R,N,1,135,120,San Diego Padres,Washington Nationals
2019,2019-06-07,566499,2019-06-08 02:15:00+00:00,R,N,1,137,119,San Francisco Giants,Los Angeles Dodgers
2019,2019-06-08,565055,2019-06-08 17:05:00+00:00,R,S,1,111,139,Boston Red Sox,Tampa Bay Rays
2019,2019-06-08,565037,2019-06-08 22:10:00+00:00,R,S,2,111,139,Boston Red Sox,Tampa Bay Rays
2019,2019-06-08,566770,2019-06-08 18:05:00+00:00,R,S,1,140,133,Texas Rangers,Oakland Athletics
2019,2019-06-08,566797,2019-06-09 01:05:00+00:00,R,S,2,140,133,Texas Rangers,Oakland Athletics
2019,2019-06-08,565734,2019-06-08 18:15:00+00:00,R,N,1,118,145,Kansas City Royals,Chicago White Sox
2019,2019-06-08,566896,2019-06-08 19:07:00+00:00,R,N,1,141,109,Toronto Blue Jays,Arizona Diamondbacks
2019,2019-06-08,567091,2019-06-08 20:05:00+00:00,R,N,1,143,113,Philadelphia Phillies,Cincinnati Reds
2019,2019-06-08,565637,2019-06-08 20:10:00+00:00,R,N,1,117,110,Houston Astros,Baltimore Orioles
2019,2019-06-08,565542,2019-06-08 20:10:00+00:00,R,N,1,116,142,Detroit Tigers,Minnesota Twins
2019,2019-06-08,567389,2019-06-08 20:10:00+00:00,R,N,1,146,144,Miami Marlins,Atlanta Braves
2019,2019-06-08,565349,2019-06-08 20:10:00+00:00,R,N,1,114,147,Cleveland Indians,New York Yankees
2019,2019-06-08,567585,2019-06-08 20:10:00+00:00,R,N,1,158,134,Milwaukee Brewers,Pittsburgh Pirates
2019,2019-06-08,566019,2019-06-08 23:15:00+00:00,R,N,1,121,115,New York Mets,Colorado Rockies
2019,2019-06-08,566500,2019-06-08 23:15:00+00:00,R,N,1,137,119,San Francisco Giants,Los Angeles Dodgers
2019,2019-06-08,565157,2019-06-08 23:15:00+00:00,R,N,1,112,138,Chicago Cubs,St. Louis Cardinals
2019,2019-06-08,564767,2019-06-09 02:07:00+00:00,R,N,1,108,136,Los Angeles Angels,Seattle Mariners
2019,2019-06-08,566311,2019-06-09 02:10:00+00:00,R,N,1,135,120,San Diego Padres,Washington Nationals
2019,2019-06-09,565056,2019-06-09 17:05:00+00:00,R,N,1,111,139,Boston Red Sox,Tampa Bay Rays
2019,2019-06-09,567092,2019-06-09 17:05:00+00:00,R,N,1,143,113,Philadelphia Phillies,Cincinnati Reds
2019,2019-06-09,566897,2019-06-09 17:07:00+00:00,R,N,1,141,109,Toronto Blue Jays,Arizona Diamondbacks
2019,2019-06-09,566020,2019-06-09 17:10:00+00:00,R,N,1,121,115,New York Mets,Colorado Rockies
2019,2019-06-09,565543,2019-06-09 17:10:00+00:00,R,N,1,116,142,Detroit Tigers,Minnesota Twins
2019,2019-06-09,567390,2019-06-09 17:10:00+00:00,R,N,1,146,144,Miami Marlins,Atlanta Braves
2019,2019-06-09,565350,2019-06-09 17:10:00+00:00,R,N,1,114,147,Cleveland Indians,New York Yankees
2019,2019-06-09,565638,2019-06-09 18:10:00+00:00,R,N,1,117,110,Houston Astros,Baltimore Orioles
2019,2019-06-09,567586,2019-06-09 18:10:00+00:00,R,N,1,158,134,Milwaukee Brewers,Pittsburgh Pirates
2019,2019-06-09,565735,2019-06-09 18:15:00+00:00,R,N,1,118,145,Kansas City Royals,Chicago White Sox
2019,2019-06-09,566798,2019-06-09 19:05:00+00:00,R,N,1,140,133,Texas Rangers,Oakland Athletics
2019,2019-06-09,566501,2019-06-09 20:05:00+00:00,R,N,1,137,119,San Francisco Giants,Los Angeles Dodgers
2019,2019-06-09,564768,2019-06-09 20:07:00+00:00,R,N,1,108,136,Los Angeles Angels,Seattle Mariners
2019,2019-06-09,566312,2019-06-09 20:10:00+00:00,R,N,1,135,120,San Diego Padres,Washington Nationals
2019,2019-06-09,565158,2019-06-09 23:05:00+00:00,R,N,1,112,138,Chicago Cubs,St. Louis Cardinals
2019,2019-06-10,567093,2019-06-10 23:05:00+00:00,R,N,1,143,109,Philadelphia Phillies,Arizona Diamondbacks
2019,2019-06-10,566695,2019-06-10 23:10:00+00:00,R,N,1,139,133,Tampa Bay Rays,Oakland Athletics
2019,2019-06-10,565057,2019-06-10 23:10:00+00:00,R,N,1,111,140,Boston Red Sox,Texas Rangers
2019,2019-06-10,567391,2019-06-10 23:10:00+00:00,R,N,1,146,138,Miami Marlins,St. Louis Cardinals
2019,2019-06-10,567193,2019-06-10 23:20:00+00:00,R,N,1,144,134,Atlanta Braves,Pittsburgh Pirates
2019,2019-06-10,567295,2019-06-11 00:10:00+00:00,R,N,1,145,120,Chicago White Sox,Washington Nationals
2019,2019-06-10,565445,2019-06-11 00:40:00+00:00,R,N,1,115,112,Colorado Rockies,Chicago Cubs
2019,2019-06-10,564769,2019-06-11 02:07:00+00:00,R,N,1,108,119,Los Angeles Angels,Los Angeles Dodgers
2019,2019-06-11,567491,2019-06-10 23:05:00+00:00,R,N,1,147,121,New York Yankees,New York Mets
2019,2019-06-11,567491,2019-06-11 17:05:00+00:00,R,S,1,147,121,New York Yankees,New York Mets
2019,2019-06-11,567492,2019-06-11 23:05:00+00:00,R,S,2,147,121,New York Yankees,New York Mets
2019,2019-06-11,564962,2019-06-11 23:05:00+00:00,R,N,1,110,141,Baltimore Orioles,Toronto Blue Jays
2019,2019-06-11,567094,2019-06-11 23:05:00+00:00,R,N,1,143,109,Philadelphia Phillies,Arizona Diamondbacks
2019,2019-06-11,565351,2019-06-11 23:10:00+00:00,R,N,1,114,113,Cleveland Indians,Cincinnati Reds
2019,2019-06-11,566696,2019-06-11 23:10:00+00:00,R,N,1,139,133,Tampa Bay Rays,Oakland Athletics
2019,2019-06-11,565058,2019-06-11 23:10:00+00:00,R,N,1,111,140,Boston Red Sox,Texas Rangers
2019,2019-06-11,567392,2019-06-11 23:10:00+00:00,R,N,1,146,138,Miami Marlins,St. Louis Cardinals
2019,2019-06-11,567199,2019-06-11 23:20:00+00:00,R,N,1,144,134,Atlanta Braves,Pittsburgh Pirates
2019,2019-06-11,566990,2019-06-12 00:10:00+00:00,R,N,1,142,136,Minnesota Twins,Seattle Mariners
2019,2019-06-11,567296,2019-06-12 00:10:00+00:00,R,N,1,145,120,Chicago White Sox,Washington Nationals
2019,2019-06-11,565639,2019-06-12 00:10:00+00:00,R,N,1,117,158,Houston Astros,Milwaukee Brewers
2019,2019-06-11,565736,2019-06-12 00:15:00+00:00,R,N,1,118,116,Kansas City Royals,Detroit Tigers
2019,2019-06-11,565446,2019-06-12 00:40:00+00:00,R,N,1,115,112,Colorado Rockies,Chicago Cubs
2019,2019-06-11,566502,2019-06-12 01:45:00+00:00,R,N,1,137,135,San Francisco Giants,San Diego Padres
2019,2019-06-11,564770,2019-06-12 02:07:00+00:00,R,N,1,108,119,Los Angeles Angels,Los Angeles Dodgers
2019,2019-06-12,566697,2019-06-12 16:10:00+00:00,R,N,1,139,133,Tampa Bay Rays,Oakland Athletics
2019,2019-06-12,565352,2019-06-12 17:10:00+00:00,R,N,1,114,113,Cleveland Indians,Cincinnati Reds
2019,2019-06-12,565447,2019-06-12 19:10:00+00:00,R,N,1,115,112,Colorado Rockies,Chicago Cubs
2019,2019-06-12,565059,2019-06-12 20:05:00+00:00,R,N,1,111,140,Boston Red Sox,Texas Rangers
2019,2019-06-12,564963,2019-06-12 23:05:00+00:00,R,N,1,110,141,Baltimore Orioles,Toronto Blue Jays
2019,2019-06-12,567095,2019-06-12 23:05:00+00:00,R,N,1,143,109,Philadelphia Phillies,Arizona Diamondbacks
2019,2019-06-12,567393,2019-06-12 23:10:00+00:00,R,N,1,146,138,Miami Marlins,St. Louis Cardinals
2019,2019-06-12,567200,2019-06-12 23:20:00+00:00,R,N,1,144,134,Atlanta Braves,Pittsburgh Pirates
2019,2019-06-12,566991,2019-06-13 00:10:00+00:00,R,N,1,142,136,Minnesota Twins,Seattle Mariners
2019,2019-06-12,565640,2019-06-13 00:10:00+00:00,R,N,1,117,158,Houston Astros,Milwaukee Brewers
2019,2019-06-12,565737,2019-06-13 00:15:00+00:00,R,N,1,118,116,Kansas City Royals,Detroit Tigers
2019,2019-06-12,566503,2019-06-13 01:45:00+00:00,R,N,1,137,135,San Francisco Giants,San Diego Padres
2019,2019-06-13,567201,2019-06-13 16:10:00+00:00,R,N,1,144,134,Atlanta Braves,Pittsburgh Pirates
2019,2019-06-13,566992,2019-06-13 17:10:00+00:00,R,N,1,142,136,Minnesota Twins,Seattle Mariners
2019,2019-06-13,565925,2019-06-13 23:05:00+00:00,R,N,1,120,109,Washington Nationals,Arizona Diamondbacks
2019,2019-06-13,564964,2019-06-13 23:05:00+00:00,R,N,1,110,141,Baltimore Orioles,Toronto Blue Jays
2019,2019-06-13,566021,2019-06-13 23:10:00+00:00,R,N,1,121,138,New York Mets,St. Louis Cardinals
2019,2019-06-13,566698,2019-06-13 23:10:00+00:00,R,N,1,139,108,Tampa Bay Rays,Los Angeles Angels
2019,2019-06-13,565060,2019-06-13 23:10:00+00:00,R,N,1,111,140,Boston Red Sox,Texas Rangers
2019,2019-06-13,565738,2019-06-14 00:05:00+00:00,R,N,1,118,116,Kansas City Royals,Detroit Tigers
2019,2019-06-13,567297,2019-06-14 00:10:00+00:00,R,N,1,145,147,Chicago White Sox,New York Yankees
2019,2019-06-13,565448,2019-06-14 00:40:00+00:00,R,N,1,115,135,Colorado Rockies,San Diego Padres
2019,2019-06-13,565831,2019-06-14 02:10:00+00:00,R,N,1,119,112,Los Angeles Dodgers,Chicago Cubs
2019,2019-06-13,566021,2019-06-14 22:10:00+00:00,R,N,1,121,138,New York Mets,St. Louis Cardinals
2019,2019-06-14,564965,2019-06-14 23:05:00+00:00,R,N,1,110,111,Baltimore Orioles,Boston Red Sox
2019,2019-06-14,565926,2019-06-14 23:05:00+00:00,R,N,1,120,109,Washington Nationals,Arizona Diamondbacks
2019,2019-06-14,565544,2019-06-14 23:10:00+00:00,R,N,1,116,114,Detroit Tigers,Cleveland Indians
2019,2019-06-14,566022,2019-06-14 23:10:00+00:00,R,N,1,121,138,New York Mets,St. Louis Cardinals
2019,2019-06-14,566699,2019-06-14 23:10:00+00:00,R,N,1,139,108,Tampa Bay Rays,Los Angeles Angels
2019,2019-06-14,565250,2019-06-14 23:10:00+00:00,R,N,1,113,140,Cincinnati Reds,Texas Rangers
2019,2019-06-14,567394,2019-06-14 23:10:00+00:00,R,N,1,146,134,Miami Marlins,Pittsburgh Pirates
2019,2019-06-14,567202,2019-06-14 23:20:00+00:00,R,N,1,144,143,Atlanta Braves,Philadelphia Phillies
2019,2019-06-14,565641,2019-06-15 00:10:00+00:00,R,N,1,117,141,Houston Astros,Toronto Blue Jays
2019,2019-06-14,566993,2019-06-15 00:10:00+00:00,R,N,1,142,118,Minnesota Twins,Kansas City Royals
2019,2019-06-14,567298,2019-06-15 00:10:00+00:00,R,N,1,145,147,Chicago White Sox,New York Yankees
2019,2019-06-14,565449,2019-06-15 00:40:00+00:00,R,N,1,115,135,Colorado Rockies,San Diego Padres
2019,2019-06-14,566117,2019-06-15 01:37:00+00:00,R,N,1,133,136,Oakland Athletics,Seattle Mariners
2019,2019-06-14,565832,2019-06-15 02:10:00+00:00,R,N,1,119,112,Los Angeles Dodgers,Chicago Cubs
2019,2019-06-14,566504,2019-06-15 02:15:00+00:00,R,N,1,137,158,San Francisco Giants,Milwaukee Brewers
2019,2019-06-15,566700,2019-06-15 17:10:00+00:00,R,N,1,139,108,Tampa Bay Rays,Los Angeles Angels
2019,2019-06-15,564966,2019-06-15 20:05:00+00:00,R,N,1,110,111,Baltimore Orioles,Boston Red Sox
2019,2019-06-15,565927,2019-06-15 20:05:00+00:00,R,N,1,120,109,Washington Nationals,Arizona Diamondbacks
2019,2019-06-15,566505,2019-06-15 20:05:00+00:00,R,N,1,137,158,San Francisco Giants,Milwaukee Brewers
2019,2019-06-15,565642,2019-06-15 20:10:00+00:00,R,N,1,117,141,Houston Astros,Toronto Blue Jays
2019,2019-06-15,565545,2019-06-15 22:10:00+00:00,R,N,1,116,114,Detroit Tigers,Cleveland Indians
2019,2019-06-15,567395,2019-06-15 22:10:00+00:00,R,N,1,146,134,Miami Marlins,Pittsburgh Pirates
2019,2019-06-15,566023,2019-06-15 23:10:00+00:00,R,N,1,121,138,New York Mets,St. Louis Cardinals
2019,2019-06-15,565251,2019-06-15 23:10:00+00:00,R,N,1,113,140,Cincinnati Reds,Texas Rangers
2019,2019-06-15,566994,2019-06-15 23:10:00+00:00,R,N,1,142,118,Minnesota Twins,Kansas City Royals
2019,2019-06-15,567299,2019-06-15 23:10:00+00:00,R,N,1,145,147,Chicago White Sox,New York Yankees
2019,2019-06-15,567203,2019-06-15 23:20:00+00:00,R,N,1,144,143,Atlanta Braves,Philadelphia Phillies
2019,2019-06-15,565450,2019-06-16 00:10:00+00:00,R,N,1,115,135,Colorado Rockies,San Diego Padres
2019,2019-06-15,566118,2019-06-16 01:07:00+00:00,R,N,1,133,136,Oakland Athletics,Seattle Mariners
2019,2019-06-15,565833,2019-06-16 01:10:00+00:00,R,N,1,119,112,Los Angeles Dodgers,Chicago Cubs
2019,2019-06-16,564967,2019-06-16 17:05:00+00:00,R,N,1,110,111,Baltimore Orioles,Boston Red Sox
2019,2019-06-16,565546,2019-06-16 17:10:00+00:00,R,N,1,116,114,Detroit Tigers,Cleveland Indians
2019,2019-06-16,566024,2019-06-16 17:10:00+00:00,R,N,1,121,138,New York Mets,St. Louis Cardinals
2019,2019-06-16,566701,2019-06-16 17:10:00+00:00,R,N,1,139,108,Tampa Bay Rays,Los Angeles Angels
2019,2019-06-16,565252,2019-06-16 17:10:00+00:00,R,N,1,113,140,Cincinnati Reds,Texas Rangers
2019,2019-06-16,567396,2019-06-16 17:10:00+00:00,R,N,1,146,134,Miami Marlins,Pittsburgh Pirates
2019,2019-06-16,567204,2019-06-16 17:20:00+00:00,R,N,1,144,143,Atlanta Braves,Philadelphia Phillies
2019,2019-06-16,565928,2019-06-16 17:35:00+00:00,R,N,1,120,109,Washington Nationals,Arizona Diamondbacks
2019,2019-06-16,565643,2019-06-16 18:10:00+00:00,R,N,1,117,141,Houston Astros,Toronto Blue Jays
2019,2019-06-16,566995,2019-06-16 18:10:00+00:00,R,N,1,142,118,Minnesota Twins,Kansas City Royals
2019,2019-06-16,567300,2019-06-16 18:10:00+00:00,R,N,1,145,147,Chicago White Sox,New York Yankees
2019,2019-06-16,565451,2019-06-16 19:10:00+00:00,R,N,1,115,135,Colorado Rockies,San Diego Padres
2019,2019-06-16,566506,2019-06-16 20:05:00+00:00,R,N,1,137,158,San Francisco Giants,Milwaukee Brewers
2019,2019-06-16,566119,2019-06-16 20:07:00+00:00,R,N,1,133,136,Oakland Athletics,Seattle Mariners
2019,2019-06-16,565834,2019-06-16 23:05:00+00:00,R,N,1,119,112,Los Angeles Dodgers,Chicago Cubs
2019,2019-06-17,567493,2019-06-17 23:05:00+00:00,R,N,1,147,139,New York Yankees,Tampa Bay Rays
2019,2019-06-17,566898,2019-06-17 23:07:00+00:00,R,N,1,141,108,Toronto Blue Jays,Los Angeles Angels
2019,2019-06-17,565253,2019-06-17 23:10:00+00:00,R,N,1,113,117,Cincinnati Reds,Houston Astros
2019,2019-06-17,567205,2019-06-17 23:20:00+00:00,R,N,1,144,121,Atlanta Braves,New York Mets
2019,2019-06-17,566799,2019-06-18 00:05:00+00:00,R,N,1,140,114,Texas Rangers,Cleveland Indians
2019,2019-06-17,566996,2019-06-18 00:10:00+00:00,R,N,1,142,111,Minnesota Twins,Boston Red Sox
2019,2019-06-17,566601,2019-06-18 00:15:00+00:00,R,N,1,138,146,St. Louis Cardinals,Miami Marlins
2019,2019-06-17,566120,2019-06-18 02:07:00+00:00,R,N,1,133,110,Oakland Athletics,Baltimore Orioles
2019,2019-06-17,566407,2019-06-18 02:10:00+00:00,R,N,1,136,118,Seattle Mariners,Kansas City Royals
2019,2019-06-17,565835,2019-06-18 02:10:00+00:00,R,N,1,119,137,Los Angeles Dodgers,San Francisco Giants
2019,2019-06-17,566313,2019-06-18 02:10:00+00:00,R,N,1,135,158,San Diego Padres,Milwaukee Brewers
2019,2019-06-19,565929,2019-06-17 23:05:00+00:00,R,N,1,120,143,Washington Nationals,Philadelphia Phillies
2019,2019-06-18,566211,2019-06-18 23:05:00+00:00,R,N,1,134,116,Pittsburgh Pirates,Detroit Tigers
2019,2019-06-18,567494,2019-06-18 23:05:00+00:00,R,N,1,147,139,New York Yankees,Tampa Bay Rays
2019,2019-06-18,566899,2019-06-18 23:07:00+00:00,R,N,1,141,108,Toronto Blue Jays,Los Angeles Angels
2019,2019-06-18,565254,2019-06-18 23:10:00+00:00,R,N,1,113,117,Cincinnati Reds,Houston Astros
2019,2019-06-18,567206,2019-06-18 23:20:00+00:00,R,N,1,144,121,Atlanta Braves,New York Mets
2019,2019-06-18,566800,2019-06-19 00:05:00+00:00,R,N,1,140,114,Texas Rangers,Cleveland Indians
2019,2019-06-18,565159,2019-06-19 00:05:00+00:00,R,N,1,112,145,Chicago Cubs,Chicago White Sox
2019,2019-06-18,566997,2019-06-19 00:10:00+00:00,R,N,1,142,111,Minnesota Twins,Boston Red Sox
2019,2019-06-18,566602,2019-06-19 00:15:00+00:00,R,N,1,138,146,St. Louis Cardinals,Miami Marlins
2019,2019-06-18,564863,2019-06-19 01:40:00+00:00,R,N,1,109,115,Arizona Diamondbacks,Colorado Rockies
2019,2019-06-18,566121,2019-06-19 02:07:00+00:00,R,N,1,133,110,Oakland Athletics,Baltimore Orioles
2019,2019-06-18,566408,2019-06-19 02:10:00+00:00,R,N,1,136,118,Seattle Mariners,Kansas City Royals
2019,2019-06-18,565836,2019-06-19 02:10:00+00:00,R,N,1,119,137,Los Angeles Dodgers,San Francisco Giants
2019,2019-06-18,566314,2019-06-19 02:10:00+00:00,R,N,1,135,158,San Diego Padres,Milwaukee Brewers
2019,2019-09-24,565930,2019-06-18 23:05:00+00:00,R,N,1,120,143,Washington Nationals,Philadelphia Phillies
2019,2019-06-19,565255,2019-06-19 16:35:00+00:00,R,N,1,113,117,Cincinnati Reds,Houston Astros
2019,2019-06-19,565929,2019-06-19 17:05:00+00:00,R,S,1,120,143,Washington Nationals,Philadelphia Phillies
2019,2019-06-19,565931,2019-06-19 23:05:00+00:00,R,S,2,120,143,Washington Nationals,Philadelphia Phillies
2019,2019-06-19,567495,2019-06-19 17:05:00+00:00,R,N,1,147,139,New York Yankees,Tampa Bay Rays
2019,2019-06-19,566122,2019-06-19 19:37:00+00:00,R,N,1,133,110,Oakland Athletics,Baltimore Orioles
2019,2019-06-19,566315,2019-06-19 19:40:00+00:00,R,N,1,135,158,San Diego Padres,Milwaukee Brewers
2019,2019-06-19,566409,2019-06-19 22:40:00+00:00,R,N,1,136,118,Seattle Mariners,Kansas City Royals
2019,2019-06-19,566212,2019-06-19 23:05:00+00:00,R,N,1,134,116,Pittsburgh Pirates,Detroit Tigers
2019,2019-06-19,566900,2019-06-19 23:07:00+00:00,R,N,1,141,108,Toronto Blue Jays,Los Angeles Angels
2019,2019-06-19,567207,2019-06-19 23:20:00+00:00,R,N,1,144,121,Atlanta Braves,New York Mets
2019,2019-06-19,566801,2019-06-20 00:05:00+00:00,R,N,1,140,114,Texas Rangers,Cleveland Indians
2019,2019-06-19,565160,2019-06-20 00:05:00+00:00,R,N,1,112,145,Chicago Cubs,Chicago White Sox
2019,2019-06-19,566998,2019-06-20 00:10:00+00:00,R,N,1,142,111,Minnesota Twins,Boston Red Sox
2019,2019-06-19,566603,2019-06-20 00:15:00+00:00,R,N,1,138,146,St. Louis Cardinals,Miami Marlins
2019,2019-06-19,564864,2019-06-20 01:40:00+00:00,R,N,1,109,115,Arizona Diamondbacks,Colorado Rockies
2019,2019-06-19,565837,2019-06-20 02:10:00+00:00,R,N,1,119,137,Los Angeles Dodgers,San Francisco Giants
2019,2019-06-20,566802,2019-06-20 18:05:00+00:00,R,N,1,140,114,Texas Rangers,Cleveland Indians
2019,2019-06-20,564865,2019-06-20 19:40:00+00:00,R,N,1,109,115,Arizona Diamondbacks,Colorado Rockies
2019,2019-06-20,565932,2019-06-20 23:05:00+00:00,R,N,1,120,143,Washington Nationals,Philadelphia Phillies
2019,2019-06-20,567496,2019-06-20 23:05:00+00:00,R,N,1,147,117,New York Yankees,Houston Astros
2019,2019-06-20,566901,2019-06-20 23:07:00+00:00,R,N,1,141,108,Toronto Blue Jays,Los Angeles Angels
2019,2019-06-20,566604,2019-06-20 23:15:00+00:00,R,N,1,138,146,St. Louis Cardinals,Miami Marlins
2019,2019-06-20,565161,2019-06-21 00:05:00+00:00,R,N,1,112,121,Chicago Cubs,New York Mets
2019,2019-06-20,567587,2019-06-21 00:10:00+00:00,R,N,1,158,113,Milwaukee Brewers,Cincinnati Reds
2019,2019-06-20,565739,2019-06-21 00:15:00+00:00,R,N,1,118,142,Kansas City Royals,Minnesota Twins
2019,2019-06-20,566123,2019-06-21 02:07:00+00:00,R,N,1,133,139,Oakland Athletics,Tampa Bay Rays
2019,2019-06-20,566410,2019-06-21 02:10:00+00:00,R,N,1,136,110,Seattle Mariners,Baltimore Orioles
2019,2019-06-20,565838,2019-06-21 02:10:00+00:00,R,N,1,119,137,Los Angeles Dodgers,San Francisco Giants
2019,2019-06-21,565162,2019-06-21 18:20:00+00:00,R,N,1,112,121,Chicago Cubs,New York Mets
2019,2019-06-21,566213,2019-06-21 23:05:00+00:00,R,N,1,134,135,Pittsburgh Pirates,San Diego Padres
2019,2019-06-21,565933,2019-06-21 23:05:00+00:00,R,N,1,120,144,Washington Nationals,Atlanta Braves
2019,2019-06-21,567096,2019-06-21 23:05:00+00:00,R,N,1,143,146,Philadelphia Phillies,Miami Marlins
2019,2019-06-21,567497,2019-06-21 23:05:00+00:00,R,N,1,147,117,New York Yankees,Houston Astros
2019,2019-06-21,565353,2019-06-21 23:10:00+00:00,R,N,1,114,116,Cleveland Indians,Detroit Tigers
2019,2019-06-21,565061,2019-06-21 23:10:00+00:00,R,N,1,111,141,Boston Red Sox,Toronto Blue Jays
2019,2019-06-21,566803,2019-06-22 00:05:00+00:00,R,N,1,140,145,Texas Rangers,Chicago White Sox
2019,2019-06-21,567588,2019-06-22 00:10:00+00:00,R,N,1,158,113,Milwaukee Brewers,Cincinnati Reds
2019,2019-06-21,566605,2019-06-22 00:15:00+00:00,R,N,1,138,108,St. Louis Cardinals,Los Angeles Angels
2019,2019-06-21,565740,2019-06-22 00:15:00+00:00,R,N,1,118,142,Kansas City Royals,Minnesota Twins
2019,2019-06-21,564866,2019-06-22 01:40:00+00:00,R,N,1,109,137,Arizona Diamondbacks,San Francisco Giants
2019,2019-06-21,566124,2019-06-22 02:07:00+00:00,R,N,1,133,139,Oakland Athletics,Tampa Bay Rays
2019,2019-06-21,565839,2019-06-22 02:10:00+00:00,R,N,1,119,115,Los Angeles Dodgers,Colorado Rockies
2019,2019-06-21,566411,2019-06-22 02:10:00+00:00,R,N,1,136,110,Seattle Mariners,Baltimore Orioles
2019,2019-06-22,566606,2019-06-22 18:15:00+00:00,R,N,1,138,108,St. Louis Cardinals,Los Angeles Angels
2019,2019-06-22,565741,2019-06-22 18:15:00+00:00,R,N,1,118,142,Kansas City Royals,Minnesota Twins
2019,2019-06-22,565163,2019-06-22 18:20:00+00:00,R,N,1,112,121,Chicago Cubs,New York Mets
2019,2019-06-22,566214,2019-06-22 20:05:00+00:00,R,N,1,134,135,Pittsburgh Pirates,San Diego Padres
2019,2019-06-22,565062,2019-06-22 20:05:00+00:00,R,N,1,111,141,Boston Red Sox,Toronto Blue Jays
2019,2019-06-22,567097,2019-06-22 20:05:00+00:00,R,N,1,143,146,Philadelphia Phillies,Miami Marlins
2019,2019-06-22,566125,2019-06-22 20:07:00+00:00,R,N,1,133,139,Oakland Athletics,Tampa Bay Rays
2019,2019-06-22,565354,2019-06-22 20:10:00+00:00,R,N,1,114,116,Cleveland Indians,Detroit Tigers
2019,2019-06-22,566412,2019-06-22 20:10:00+00:00,R,N,1,136,110,Seattle Mariners,Baltimore Orioles
2019,2019-06-22,567589,2019-06-22 20:10:00+00:00,R,N,1,158,113,Milwaukee Brewers,Cincinnati Reds
2019,2019-06-22,565840,2019-06-22 23:15:00+00:00,R,N,1,119,115,Los Angeles Dodgers,Colorado Rockies
2019,2019-06-22,565934,2019-06-22 23:15:00+00:00,R,N,1,120,144,Washington Nationals,Atlanta Braves
2019,2019-06-22,567498,2019-06-22 23:15:00+00:00,R,N,1,147,117,New York Yankees,Houston Astros
2019,2019-06-22,566804,2019-06-23 01:05:00+00:00,R,N,1,140,145,Texas Rangers,Chicago White Sox
2019,2019-06-22,564867,2019-06-23 02:10:00+00:00,R,N,1,109,137,Arizona Diamondbacks,San Francisco Giants
2019,2019-06-23,565063,2019-06-23 17:05:00+00:00,R,N,1,111,141,Boston Red Sox,Toronto Blue Jays
2019,2019-06-23,567098,2019-06-23 17:05:00+00:00,R,N,1,143,146,Philadelphia Phillies,Miami Marlins
2019,2019-06-23,565355,2019-06-23 17:10:00+00:00,R,N,1,114,116,Cleveland Indians,Detroit Tigers
2019,2019-06-23,566215,2019-06-23 17:35:00+00:00,R,N,1,134,135,Pittsburgh Pirates,San Diego Padres
2019,2019-06-23,565935,2019-06-23 17:35:00+00:00,R,N,1,120,144,Washington Nationals,Atlanta Braves
2019,2019-06-23,567499,2019-06-23 18:05:00+00:00,R,N,1,147,117,New York Yankees,Houston Astros
2019,2019-06-23,567590,2019-06-23 18:10:00+00:00,R,N,1,158,113,Milwaukee Brewers,Cincinnati Reds
2019,2019-06-23,565742,2019-06-23 18:15:00+00:00,R,N,1,118,142,Kansas City Royals,Minnesota Twins
2019,2019-06-23,565164,2019-06-23 18:20:00+00:00,R,N,1,112,121,Chicago Cubs,New York Mets
2019,2019-06-23,566805,2019-06-23 19:05:00+00:00,R,N,1,140,145,Texas Rangers,Chicago White Sox
2019,2019-06-23,566126,2019-06-23 20:07:00+00:00,R,N,1,133,139,Oakland Athletics,Tampa Bay Rays
2019,2019-06-23,565841,2019-06-23 20:10:00+00:00,R,N,1,119,115,Los Angeles Dodgers,Colorado Rockies
2019,2019-06-23,566413,2019-06-23 20:10:00+00:00,R,N,1,136,110,Seattle Mariners,Baltimore Orioles
2019,2019-06-23,564868,2019-06-23 20:10:00+00:00,R,N,1,109,137,Arizona Diamondbacks,San Francisco Giants
2019,2019-06-23,566607,2019-06-23 23:05:00+00:00,R,N,1,138,108,St. Louis Cardinals,Los Angeles Angels
2019,2019-06-24,567099,2019-06-24 23:05:00+00:00,R,N,1,143,121,Philadelphia Phillies,New York Mets
2019,2019-06-24,567500,2019-06-24 23:05:00+00:00,R,N,1,147,141,New York Yankees,Toronto Blue Jays
2019,2019-06-24,565356,2019-06-24 23:10:00+00:00,R,N,1,114,118,Cleveland Indians,Kansas City Royals
2019,2019-06-24,565064,2019-06-24 23:10:00+00:00,R,N,1,111,145,Boston Red Sox,Chicago White Sox
2019,2019-06-24,565165,2019-06-25 00:05:00+00:00,R,N,1,112,144,Chicago Cubs,Atlanta Braves
2019,2019-06-24,564869,2019-06-25 01:40:00+00:00,R,N,1,109,119,Arizona Diamondbacks,Los Angeles Dodgers
2019,2019-06-24,566507,2019-06-25 02:05:00+00:00,R,N,1,137,115,San Francisco Giants,Colorado Rockies
2019,2019-06-25,564968,2019-06-25 23:05:00+00:00,R,N,1,110,135,Baltimore Orioles,San Diego Padres
2019,2019-06-25,567100,2019-06-25 23:05:00+00:00,R,N,1,143,121,Philadelphia Phillies,New York Mets
2019,2019-06-25,567501,2019-06-25 23:05:00+00:00,R,N,1,147,141,New York Yankees,Toronto Blue Jays
2019,2019-06-25,565357,2019-06-25 23:10:00+00:00,R,N,1,114,118,Cleveland Indians,Kansas City Royals
2019,2019-06-25,565547,2019-06-25 23:10:00+00:00,R,N,1,116,140,Detroit Tigers,Texas Rangers
2019,2019-06-25,565065,2019-06-25 23:10:00+00:00,R,N,1,111,145,Boston Red Sox,Chicago White Sox
2019,2019-06-25,567397,2019-06-25 23:10:00+00:00,R,N,1,146,120,Miami Marlins,Washington Nationals
2019,2019-06-25,565166,2019-06-26 00:05:00+00:00,R,N,1,112,144,Chicago Cubs,Atlanta Braves
2019,2019-06-25,565644,2019-06-26 00:10:00+00:00,R,N,1,117,134,Houston Astros,Pittsburgh Pirates
2019,2019-06-25,566999,2019-06-26 00:10:00+00:00,R,N,1,142,139,Minnesota Twins,Tampa Bay Rays
2019,2019-06-25,567591,2019-06-26 00:10:00+00:00,R,N,1,158,136,Milwaukee Brewers,Seattle Mariners
2019,2019-06-25,566608,2019-06-26 00:15:00+00:00,R,N,1,138,133,St. Louis Cardinals,Oakland Athletics
2019,2019-06-25,564870,2019-06-26 01:40:00+00:00,R,N,1,109,119,Arizona Diamondbacks,Los Angeles Dodgers
2019,2019-06-25,566508,2019-06-26 01:45:00+00:00,R,N,1,137,115,San Francisco Giants,Colorado Rockies
2019,2019-06-25,564771,2019-06-26 02:07:00+00:00,R,N,1,108,113,Los Angeles Angels,Cincinnati Reds
2019,2019-06-26,565066,2019-06-26 17:05:00+00:00,R,N,1,111,145,Boston Red Sox,Chicago White Sox
2019,2019-06-26,567502,2019-06-26 17:05:00+00:00,R,N,1,147,141,New York Yankees,Toronto Blue Jays
2019,2019-06-26,565358,2019-06-26 17:10:00+00:00,R,N,1,114,118,Cleveland Indians,Kansas City Royals
2019,2019-06-26,564969,2019-06-26 19:05:00+00:00,R,N,1,110,135,Baltimore Orioles,San Diego Padres
2019,2019-06-26,564871,2019-06-26 19:40:00+00:00,R,N,1,109,119,Arizona Diamondbacks,Los Angeles Dodgers
2019,2019-06-26,566509,2019-06-26 19:45:00+00:00,R,N,1,137,115,San Francisco Giants,Colorado Rockies
2019,2019-06-26,567101,2019-06-26 23:05:00+00:00,R,N,1,143,121,Philadelphia Phillies,New York Mets
2019,2019-06-26,565548,2019-06-26 23:10:00+00:00,R,N,1,116,140,Detroit Tigers,Texas Rangers
2019,2019-06-26,567398,2019-06-26 23:10:00+00:00,R,N,1,146,120,Miami Marlins,Washington Nationals
2019,2019-06-26,566609,2019-06-26 23:15:00+00:00,R,N,1,138,133,St. Louis Cardinals,Oakland Athletics
2019,2019-06-26,565167,2019-06-27 00:05:00+00:00,R,N,1,112,144,Chicago Cubs,Atlanta Braves
2019,2019-06-26,564772,2019-06-27 00:07:00+00:00,R,N,1,108,113,Los Angeles Angels,Cincinnati Reds
2019,2019-06-26,565645,2019-06-27 00:10:00+00:00,R,N,1,117,134,Houston Astros,Pittsburgh Pirates
2019,2019-06-26,567000,2019-06-27 00:10:00+00:00,R,N,1,142,139,Minnesota Twins,Tampa Bay Rays
2019,2019-06-26,567592,2019-06-27 00:10:00+00:00,R,N,1,158,136,Milwaukee Brewers,Seattle Mariners
2019,2019-06-27,567102,2019-06-27 17:05:00+00:00,R,N,1,143,121,Philadelphia Phillies,New York Mets
2019,2019-06-27,565549,2019-06-27 17:10:00+00:00,R,N,1,116,140,Detroit Tigers,Texas Rangers
2019,2019-06-27,567001,2019-06-27 17:10:00+00:00,R,N,1,142,139,Minnesota Twins,Tampa Bay Rays
2019,2019-06-27,565646,2019-06-27 18:10:00+00:00,R,N,1,117,134,Houston Astros,Pittsburgh Pirates
2019,2019-06-27,567593,2019-06-27 18:10:00+00:00,R,N,1,158,136,Milwaukee Brewers,Seattle Mariners
2019,2019-06-27,565168,2019-06-27 18:20:00+00:00,R,N,1,112,144,Chicago Cubs,Atlanta Braves
2019,2019-06-27,567399,2019-06-27 23:10:00+00:00,R,N,1,146,120,Miami Marlins,Washington Nationals
2019,2019-06-27,565452,2019-06-28 00:40:00+00:00,R,N,1,115,119,Colorado Rockies,Los Angeles Dodgers
2019,2019-06-27,566512,2019-06-28 01:45:00+00:00,R,N,1,137,109,San Francisco Giants,Arizona Diamondbacks
2019,2019-06-27,564773,2019-06-28 02:07:00+00:00,R,N,1,108,133,Los Angeles Angels,Oakland Athletics
2019,2019-06-28,564970,2019-06-28 23:05:00+00:00,R,N,1,110,114,Baltimore Orioles,Cleveland Indians
2019,2019-06-28,566902,2019-06-28 23:07:00+00:00,R,N,1,141,118,Toronto Blue Jays,Kansas City Royals
2019,2019-06-28,565256,2019-06-28 23:10:00+00:00,R,N,1,113,112,Cincinnati Reds,Chicago Cubs
2019,2019-06-28,565550,2019-06-28 23:10:00+00:00,R,N,1,116,120,Detroit Tigers,Washington Nationals
2019,2019-06-28,566702,2019-06-28 23:10:00+00:00,R,N,1,139,140,Tampa Bay Rays,Texas Rangers
2019,2019-06-28,566025,2019-06-28 23:10:00+00:00,R,N,1,121,144,New York Mets,Atlanta Braves
2019,2019-06-28,567400,2019-06-28 23:10:00+00:00,R,N,1,146,143,Miami Marlins,Philadelphia Phillies
2019,2019-06-28,565647,2019-06-29 00:10:00+00:00,R,N,1,117,136,Houston Astros,Seattle Mariners
2019,2019-06-28,567301,2019-06-29 00:10:00+00:00,R,N,1,145,142,Chicago White Sox,Minnesota Twins
2019,2019-06-28,567594,2019-06-29 00:10:00+00:00,R,N,1,158,134,Milwaukee Brewers,Pittsburgh Pirates
2019,2019-06-28,565453,2019-06-29 00:40:00+00:00,R,N,1,115,119,Colorado Rockies,Los Angeles Dodgers
2019,2019-06-28,564774,2019-06-29 02:07:00+00:00,R,N,1,108,133,Los Angeles Angels,Oakland Athletics
2019,2019-06-28,566316,2019-06-29 02:10:00+00:00,R,N,1,135,138,San Diego Padres,St. Louis Cardinals
2019,2019-06-28,566510,2019-06-29 02:15:00+00:00,R,N,1,137,109,San Francisco Giants,Arizona Diamondbacks
2019,2019-06-29,565067,2019-06-29 17:10:00+00:00,R,N,1,111,147,Boston Red Sox,New York Yankees
2019,2019-06-29,564971,2019-06-29 20:05:00+00:00,R,N,1,110,114,Baltimore Orioles,Cleveland Indians
2019,2019-06-29,566903,2019-06-29 20:07:00+00:00,R,N,1,141,118,Toronto Blue Jays,Kansas City Royals
2019,2019-06-29,565257,2019-06-29 20:10:00+00:00,R,N,1,113,112,Cincinnati Reds,Chicago Cubs
2019,2019-06-29,565551,2019-06-29 20:10:00+00:00,R,N,1,116,120,Detroit Tigers,Washington Nationals
2019,2019-06-29,566703,2019-06-29 20:10:00+00:00,R,N,1,139,140,Tampa Bay Rays,Texas Rangers
2019,2019-06-29,566026,2019-06-29 20:10:00+00:00,R,N,1,121,144,New York Mets,Atlanta Braves
2019,2019-06-29,567401,2019-06-29 20:10:00+00:00,R,N,1,146,143,Miami Marlins,Philadelphia Phillies
2019,2019-06-29,567302,2019-06-29 20:12:00+00:00,R,N,1,145,142,Chicago White Sox,Minnesota Twins
2019,2019-06-29,565454,2019-06-30 00:15:00+00:00,R,N,1,115,119,Colorado Rockies,Los Angeles Dodgers
2019,2019-06-29,565648,2019-06-30 00:15:00+00:00,R,N,1,117,136,Houston Astros,Seattle Mariners
2019,2019-06-29,567595,2019-06-30 00:15:00+00:00,R,N,1,158,134,Milwaukee Brewers,Pittsburgh Pirates
2019,2019-06-29,566511,2019-06-30 02:05:00+00:00,R,N,1,137,109,San Francisco Giants,Arizona Diamondbacks
2019,2019-06-29,564775,2019-06-30 02:07:00+00:00,R,N,1,108,133,Los Angeles Angels,Oakland Athletics
2019,2019-06-29,566317,2019-06-30 02:10:00+00:00,R,N,1,135,138,San Diego Padres,St. Louis Cardinals
2019,2019-06-30,565068,2019-06-30 14:10:00+00:00,R,N,1,111,147,Boston Red Sox,New York Yankees
2019,2019-06-30,564972,2019-06-30 17:05:00+00:00,R,N,1,110,114,Baltimore Orioles,Cleveland Indians
2019,2019-06-30,566904,2019-06-30 17:07:00+00:00,R,N,1,141,118,Toronto Blue Jays,Kansas City Royals
2019,2019-06-30,565258,2019-06-30 17:10:00+00:00,R,N,1,113,112,Cincinnati Reds,Chicago Cubs
2019,2019-06-30,565552,2019-06-30 17:10:00+00:00,R,N,1,116,120,Detroit Tigers,Washington Nationals
2019,2019-06-30,566704,2019-06-30 17:10:00+00:00,R,N,1,139,140,Tampa Bay Rays,Texas Rangers
2019,2019-06-30,567402,2019-06-30 17:10:00+00:00,R,N,1,146,143,Miami Marlins,Philadelphia Phillies
2019,2019-06-30,565649,2019-06-30 18:10:00+00:00,R,N,1,117,136,Houston Astros,Seattle Mariners
2019,2019-06-30,567303,2019-06-30 18:10:00+00:00,R,N,1,145,142,Chicago White Sox,Minnesota Twins
2019,2019-06-30,567596,2019-06-30 18:10:00+00:00,R,N,1,158,134,Milwaukee Brewers,Pittsburgh Pirates
2019,2019-06-30,565455,2019-06-30 19:10:00+00:00,R,N,1,115,119,Colorado Rockies,Los Angeles Dodgers
2019,2019-06-30,566513,2019-06-30 20:05:00+00:00,R,N,1,137,109,San Francisco Giants,Arizona Diamondbacks
2019,2019-06-30,564776,2019-06-30 20:07:00+00:00,R,N,1,108,133,Los Angeles Angels,Oakland Athletics
2019,2019-06-30,566318,2019-06-30 20:10:00+00:00,R,N,1,135,138,San Diego Padres,St. Louis Cardinals
2019,2019-06-30,566027,2019-06-30 23:05:00+00:00,R,N,1,121,144,New York Mets,Atlanta Braves
2019,2019-07-01,566905,2019-07-01 17:07:00+00:00,R,N,1,141,118,Toronto Blue Jays,Kansas City Royals
2019,2019-07-01,566216,2019-07-01 23:05:00+00:00,R,N,1,134,112,Pittsburgh Pirates,Chicago Cubs
2019,2019-07-01,566705,2019-07-01 23:10:00+00:00,R,N,1,139,110,Tampa Bay Rays,Baltimore Orioles
2019,2019-07-01,565259,2019-07-01 23:10:00+00:00,R,N,1,113,158,Cincinnati Reds,Milwaukee Brewers
2019,2019-07-01,566319,2019-07-02 02:10:00+00:00,R,N,1,135,137,San Diego Padres,San Francisco Giants
2019,2019-08-20,566806,2019-07-02 00:05:00+00:00,R,N,1,140,108,Texas Rangers,Los Angeles Angels
2019,2019-07-02,566217,2019-07-02 23:05:00+00:00,R,N,1,134,112,Pittsburgh Pirates,Chicago Cubs
2019,2019-07-02,565936,2019-07-02 23:05:00+00:00,R,N,1,120,146,Washington Nationals,Miami Marlins
2019,2019-07-02,566906,2019-07-02 23:07:00+00:00,R,N,1,141,111,Toronto Blue Jays,Boston Red Sox
2019,2019-07-02,566706,2019-07-02 23:10:00+00:00,R,N,1,139,110,Tampa Bay Rays,Baltimore Orioles
2019,2019-07-02,566028,2019-07-02 23:10:00+00:00,R,N,1,121,147,New York Mets,New York Yankees
2019,2019-07-02,565260,2019-07-02 23:10:00+00:00,R,N,1,113,158,Cincinnati Reds,Milwaukee Brewers
2019,2019-07-02,567208,2019-07-02 23:20:00+00:00,R,N,1,144,143,Atlanta Braves,Philadelphia Phillies
2019,2019-07-02,566807,2019-07-03 00:05:00+00:00,R,N,1,140,108,Texas Rangers,Los Angeles Angels
2019,2019-07-02,565456,2019-07-03 00:10:00+00:00,R,N,1,115,117,Colorado Rockies,Houston Astros
2019,2019-07-02,565743,2019-07-03 00:15:00+00:00,R,N,1,118,114,Kansas City Royals,Cleveland Indians
2019,2019-07-02,566127,2019-07-03 02:07:00+00:00,R,N,1,133,142,Oakland Athletics,Minnesota Twins
2019,2019-07-02,565842,2019-07-03 02:10:00+00:00,R,N,1,119,109,Los Angeles Dodgers,Arizona Diamondbacks
2019,2019-07-02,566320,2019-07-03 02:10:00+00:00,R,N,1,135,137,San Diego Padres,San Francisco Giants
2019,2019-07-02,566414,2019-07-03 02:10:00+00:00,R,N,1,136,138,Seattle Mariners,St. Louis Cardinals
2019,2019-09-27,567304,2019-07-03 00:10:00+00:00,R,N,1,145,116,Chicago White Sox,Detroit Tigers
2019,2019-07-03,567273,2019-07-03 18:10:00+00:00,R,S,1,145,116,Chicago White Sox,Detroit Tigers
2019,2019-07-03,567305,2019-07-04 00:10:00+00:00,R,S,2,145,116,Chicago White Sox,Detroit Tigers
2019,2019-07-03,565937,2019-07-03 22:05:00+00:00,R,N,1,120,146,Washington Nationals,Miami Marlins
2019,2019-07-03,566218,2019-07-03 23:05:00+00:00,R,N,1,134,112,Pittsburgh Pirates,Chicago Cubs
2019,2019-07-03,566907,2019-07-03 23:07:00+00:00,R,N,1,141,111,Toronto Blue Jays,Boston Red Sox
2019,2019-07-03,566707,2019-07-03 23:10:00+00:00,R,N,1,139,110,Tampa Bay Rays,Baltimore Orioles
2019,2019-07-03,566029,2019-07-03 23:10:00+00:00,R,N,1,121,147,New York Mets,New York Yankees
2019,2019-07-03,565261,2019-07-03 23:10:00+00:00,R,N,1,113,158,Cincinnati Reds,Milwaukee Brewers
2019,2019-07-03,567209,2019-07-03 23:20:00+00:00,R,N,1,144,143,Atlanta Braves,Philadelphia Phillies
2019,2019-07-03,566808,2019-07-04 00:05:00+00:00,R,N,1,140,108,Texas Rangers,Los Angeles Angels
2019,2019-07-03,565457,2019-07-04 00:10:00+00:00,R,N,1,115,117,Colorado Rockies,Houston Astros
2019,2019-07-03,565744,2019-07-04 00:15:00+00:00,R,N,1,118,114,Kansas City Royals,Cleveland Indians
2019,2019-07-03,566128,2019-07-04 01:07:00+00:00,R,N,1,133,142,Oakland Athletics,Minnesota Twins
2019,2019-07-03,566321,2019-07-04 01:10:00+00:00,R,N,1,135,137,San Diego Padres,San Francisco Giants
2019,2019-07-03,565843,2019-07-04 02:10:00+00:00,R,N,1,119,109,Los Angeles Dodgers,Arizona Diamondbacks
2019,2019-07-03,566415,2019-07-04 02:10:00+00:00,R,N,1,136,138,Seattle Mariners,St. Louis Cardinals
2019,2019-07-04,565938,2019-07-04 15:05:00+00:00,R,N,1,120,146,Washington Nationals,Miami Marlins
2019,2019-07-04,565745,2019-07-04 17:15:00+00:00,R,N,1,118,114,Kansas City Royals,Cleveland Indians
2019,2019-07-04,567306,2019-07-04 18:10:00+00:00,R,N,1,145,116,Chicago White Sox,Detroit Tigers
2019,2019-07-04,565262,2019-07-04 18:10:00+00:00,R,N,1,113,158,Cincinnati Reds,Milwaukee Brewers
2019,2019-07-04,566219,2019-07-04 20:05:00+00:00,R,N,1,134,112,Pittsburgh Pirates,Chicago Cubs
2019,2019-07-04,566129,2019-07-04 20:07:00+00:00,R,N,1,133,142,Oakland Athletics,Minnesota Twins
2019,2019-07-04,566416,2019-07-04 20:10:00+00:00,R,N,1,136,138,Seattle Mariners,St. Louis Cardinals
2019,2019-07-04,566708,2019-07-04 21:10:00+00:00,R,N,1,139,147,Tampa Bay Rays,New York Yankees
2019,2019-07-04,566908,2019-07-04 23:07:00+00:00,R,N,1,141,111,Toronto Blue Jays,Boston Red Sox
2019,2019-07-04,567210,2019-07-04 23:20:00+00:00,R,N,1,144,143,Atlanta Braves,Philadelphia Phillies
2019,2019-07-04,566809,2019-07-05 00:05:00+00:00,R,N,1,140,108,Texas Rangers,Los Angeles Angels
2019,2019-07-04,565844,2019-07-05 01:10:00+00:00,R,N,1,119,135,Los Angeles Dodgers,San Diego Padres
2019,2019-07-05,565939,2019-07-05 23:05:00+00:00,R,N,1,120,118,Washington Nationals,Kansas City Royals
2019,2019-07-05,566220,2019-07-05 23:05:00+00:00,R,N,1,134,158,Pittsburgh Pirates,Milwaukee Brewers
2019,2019-07-05,566909,2019-07-05 23:07:00+00:00,R,N,1,141,110,Toronto Blue Jays,Baltimore Orioles
2019,2019-07-05,565553,2019-07-05 23:10:00+00:00,R,N,1,116,111,Detroit Tigers,Boston Red Sox
2019,2019-07-05,566030,2019-07-05 23:10:00+00:00,R,N,1,121,143,New York Mets,Philadelphia Phillies
2019,2019-07-05,566709,2019-07-05 23:10:00+00:00,R,N,1,139,147,Tampa Bay Rays,New York Yankees
2019,2019-07-05,567211,2019-07-05 23:20:00+00:00,R,N,1,144,146,Atlanta Braves,Miami Marlins
2019,2019-07-05,565650,2019-07-06 00:10:00+00:00,R,N,1,117,108,Houston Astros,Los Angeles Angels
2019,2019-07-05,567002,2019-07-06 00:10:00+00:00,R,N,1,142,140,Minnesota Twins,Texas Rangers
2019,2019-07-05,564872,2019-07-06 01:10:00+00:00,R,N,1,109,115,Arizona Diamondbacks,Colorado Rockies
2019,2019-07-05,565845,2019-07-06 02:10:00+00:00,R,N,1,119,135,Los Angeles Dodgers,San Diego Padres
2019,2019-07-05,566417,2019-07-06 02:10:00+00:00,R,N,1,136,133,Seattle Mariners,Oakland Athletics
2019,2019-07-05,566514,2019-07-06 02:15:00+00:00,R,N,1,137,138,San Francisco Giants,St. Louis Cardinals
2019,2019-07-06,567003,2019-07-06 18:10:00+00:00,R,N,1,142,140,Minnesota Twins,Texas Rangers
2019,2019-07-06,566910,2019-07-06 19:07:00+00:00,R,N,1,141,110,Toronto Blue Jays,Baltimore Orioles
2019,2019-07-06,565940,2019-07-06 20:05:00+00:00,R,N,1,120,118,Washington Nationals,Kansas City Royals
2019,2019-07-06,566221,2019-07-06 20:05:00+00:00,R,N,1,134,158,Pittsburgh Pirates,Milwaukee Brewers
2019,2019-07-06,565263,2019-07-06 20:10:00+00:00,R,N,1,113,114,Cincinnati Reds,Cleveland Indians
2019,2019-07-06,565554,2019-07-06 20:10:00+00:00,R,N,1,116,111,Detroit Tigers,Boston Red Sox
2019,2019-07-06,567212,2019-07-06 20:10:00+00:00,R,N,1,144,146,Atlanta Braves,Miami Marlins
2019,2019-07-06,566710,2019-07-06 20:10:00+00:00,R,N,1,139,147,Tampa Bay Rays,New York Yankees
2019,2019-07-06,565651,2019-07-06 23:15:00+00:00,R,N,1,117,108,Houston Astros,Los Angeles Angels
2019,2019-07-06,566031,2019-07-06 23:15:00+00:00,R,N,1,121,143,New York Mets,Philadelphia Phillies
2019,2019-07-06,567307,2019-07-06 23:15:00+00:00,R,N,1,145,112,Chicago White Sox,Chicago Cubs
2019,2019-07-06,566515,2019-07-07 02:05:00+00:00,R,N,1,137,138,San Francisco Giants,St. Louis Cardinals
2019,2019-07-06,564873,2019-07-07 02:10:00+00:00,R,N,1,109,115,Arizona Diamondbacks,Colorado Rockies
2019,2019-07-06,565846,2019-07-07 02:10:00+00:00,R,N,1,119,135,Los Angeles Dodgers,San Diego Padres
2019,2019-07-06,566418,2019-07-07 02:10:00+00:00,R,N,1,136,133,Seattle Mariners,Oakland Athletics
2019,2019-07-07,566911,2019-07-07 17:07:00+00:00,R,N,1,141,110,Toronto Blue Jays,Baltimore Orioles
2019,2019-07-07,565264,2019-07-07 17:10:00+00:00,R,N,1,113,114,Cincinnati Reds,Cleveland Indians
2019,2019-07-07,565555,2019-07-07 17:10:00+00:00,R,N,1,116,111,Detroit Tigers,Boston Red Sox
2019,2019-07-07,566032,2019-07-07 17:10:00+00:00,R,N,1,121,143,New York Mets,Philadelphia Phillies
2019,2019-07-07,566711,2019-07-07 17:10:00+00:00,R,N,1,139,147,Tampa Bay Rays,New York Yankees
2019,2019-07-07,567213,2019-07-07 17:20:00+00:00,R,N,1,144,146,Atlanta Braves,Miami Marlins
2019,2019-07-07,565941,2019-07-07 17:35:00+00:00,R,N,1,120,118,Washington Nationals,Kansas City Royals
2019,2019-07-07,566222,2019-07-07 17:35:00+00:00,R,N,1,134,158,Pittsburgh Pirates,Milwaukee Brewers
2019,2019-07-07,565652,2019-07-07 18:10:00+00:00,R,N,1,117,108,Houston Astros,Los Angeles Angels
2019,2019-07-07,567004,2019-07-07 18:10:00+00:00,R,N,1,142,140,Minnesota Twins,Texas Rangers
2019,2019-07-07,567308,2019-07-07 18:10:00+00:00,R,N,1,145,112,Chicago White Sox,Chicago Cubs
2019,2019-07-07,566516,2019-07-07 20:05:00+00:00,R,N,1,137,138,San Francisco Giants,St. Louis Cardinals
2019,2019-07-07,564874,2019-07-07 20:10:00+00:00,R,N,1,109,115,Arizona Diamondbacks,Colorado Rockies
2019,2019-07-07,565847,2019-07-07 20:10:00+00:00,R,N,1,119,135,Los Angeles Dodgers,San Diego Padres
2019,2019-07-07,566419,2019-07-07 20:10:00+00:00,R,N,1,136,133,Seattle Mariners,Oakland Athletics
2019,2019-07-11,566810,2019-07-12 00:05:00+00:00,R,N,1,140,117,Texas Rangers,Houston Astros
2019,2019-07-12,565169,2019-07-12 18:20:00+00:00,R,N,1,112,134,Chicago Cubs,Pittsburgh Pirates
2019,2019-07-12,567103,2019-07-12 22:05:00+00:00,R,N,1,143,120,Philadelphia Phillies,Washington Nationals
2019,2019-07-12,564973,2019-07-12 23:05:00+00:00,R,N,1,110,139,Baltimore Orioles,Tampa Bay Rays
2019,2019-07-12,567503,2019-07-12 23:05:00+00:00,R,N,1,147,141,New York Yankees,Toronto Blue Jays
2019,2019-07-12,565069,2019-07-12 23:10:00+00:00,R,N,1,111,119,Boston Red Sox,Los Angeles Dodgers
2019,2019-07-12,565359,2019-07-12 23:10:00+00:00,R,N,1,114,142,Cleveland Indians,Minnesota Twins
2019,2019-07-12,567403,2019-07-12 23:10:00+00:00,R,N,1,146,121,Miami Marlins,New York Mets
2019,2019-07-12,566811,2019-07-13 00:05:00+00:00,R,N,1,140,117,Texas Rangers,Houston Astros
2019,2019-07-12,567597,2019-07-13 00:10:00+00:00,R,N,1,158,137,Milwaukee Brewers,San Francisco Giants
2019,2019-07-12,565746,2019-07-13 00:15:00+00:00,R,N,1,118,116,Kansas City Royals,Detroit Tigers
2019,2019-07-12,566610,2019-07-13 00:15:00+00:00,R,N,1,138,109,St. Louis Cardinals,Arizona Diamondbacks
2019,2019-07-12,565458,2019-07-13 00:40:00+00:00,R,N,1,115,113,Colorado Rockies,Cincinnati Reds
2019,2019-07-12,564777,2019-07-13 02:07:00+00:00,R,N,1,108,136,Los Angeles Angels,Seattle Mariners
2019,2019-07-12,566130,2019-07-13 02:07:00+00:00,R,N,1,133,145,Oakland Athletics,Chicago White Sox
2019,2019-07-12,566322,2019-07-13 02:10:00+00:00,R,N,1,135,144,San Diego Padres,Atlanta Braves
2019,2019-07-13,564945,2019-07-13 17:05:00+00:00,R,S,1,110,139,Baltimore Orioles,Tampa Bay Rays
2019,2019-07-13,564974,2019-07-13 23:05:00+00:00,R,S,2,110,139,Baltimore Orioles,Tampa Bay Rays
2019,2019-07-13,567504,2019-07-13 17:05:00+00:00,R,N,1,147,141,New York Yankees,Toronto Blue Jays
2019,2019-07-13,565170,2019-07-13 18:20:00+00:00,R,N,1,112,134,Chicago Cubs,Pittsburgh Pirates
2019,2019-07-13,566131,2019-07-13 20:07:00+00:00,R,N,1,133,145,Oakland Athletics,Chicago White Sox
2019,2019-07-13,567404,2019-07-13 22:10:00+00:00,R,N,1,146,121,Miami Marlins,New York Mets
2019,2019-07-13,565360,2019-07-13 23:10:00+00:00,R,N,1,114,142,Cleveland Indians,Minnesota Twins
2019,2019-07-13,565747,2019-07-13 23:15:00+00:00,R,N,1,118,116,Kansas City Royals,Detroit Tigers
2019,2019-07-13,565070,2019-07-13 23:15:00+00:00,R,N,1,111,119,Boston Red Sox,Los Angeles Dodgers
2019,2019-07-13,566611,2019-07-13 23:15:00+00:00,R,N,1,138,109,St. Louis Cardinals,Arizona Diamondbacks
2019,2019-07-13,567104,2019-07-13 23:15:00+00:00,R,N,1,143,120,Philadelphia Phillies,Washington Nationals
2019,2019-07-13,567598,2019-07-13 23:15:00+00:00,R,N,1,158,137,Milwaukee Brewers,San Francisco Giants
2019,2019-07-13,566812,2019-07-14 00:05:00+00:00,R,N,1,140,117,Texas Rangers,Houston Astros
2019,2019-07-13,565459,2019-07-14 00:10:00+00:00,R,N,1,115,113,Colorado Rockies,Cincinnati Reds
2019,2019-07-13,566323,2019-07-14 00:40:00+00:00,R,N,1,135,144,San Diego Padres,Atlanta Braves
2019,2019-07-13,564778,2019-07-14 01:07:00+00:00,R,N,1,108,136,Los Angeles Angels,Seattle Mariners
2019,2019-07-14,564975,2019-07-14 17:05:00+00:00,R,N,1,110,139,Baltimore Orioles,Tampa Bay Rays
2019,2019-07-14,567105,2019-07-14 17:05:00+00:00,R,N,1,143,120,Philadelphia Phillies,Washington Nationals
2019,2019-07-14,567505,2019-07-14 17:05:00+00:00,R,N,1,147,141,New York Yankees,Toronto Blue Jays
2019,2019-07-14,565361,2019-07-14 17:10:00+00:00,R,N,1,114,142,Cleveland Indians,Minnesota Twins
2019,2019-07-14,567405,2019-07-14 17:10:00+00:00,R,N,1,146,121,Miami Marlins,New York Mets
2019,2019-07-14,567599,2019-07-14 18:10:00+00:00,R,N,1,158,137,Milwaukee Brewers,San Francisco Giants
2019,2019-07-14,565748,2019-07-14 18:15:00+00:00,R,N,1,118,116,Kansas City Royals,Detroit Tigers
2019,2019-07-14,566612,2019-07-14 18:15:00+00:00,R,N,1,138,109,St. Louis Cardinals,Arizona Diamondbacks
2019,2019-07-14,565171,2019-07-14 18:20:00+00:00,R,N,1,112,134,Chicago Cubs,Pittsburgh Pirates
2019,2019-07-14,566813,2019-07-14 19:05:00+00:00,R,N,1,140,117,Texas Rangers,Houston Astros
2019,2019-07-14,565460,2019-07-14 19:10:00+00:00,R,N,1,115,113,Colorado Rockies,Cincinnati Reds
2019,2019-07-14,564779,2019-07-14 20:07:00+00:00,R,N,1,108,136,Los Angeles Angels,Seattle Mariners
2019,2019-07-14,566132,2019-07-14 20:07:00+00:00,R,N,1,133,145,Oakland Athletics,Chicago White Sox
2019,2019-07-14,566324,2019-07-14 20:10:00+00:00,R,N,1,135,144,San Diego Padres,Atlanta Braves
2019,2019-07-14,565071,2019-07-14 23:05:00+00:00,R,N,1,111,119,Boston Red Sox,Los Angeles Dodgers
2019,2019-07-15,565430,2019-07-15 18:10:00+00:00,R,S,1,115,137,Colorado Rockies,San Francisco Giants
2019,2019-07-15,565461,2019-07-16 00:40:00+00:00,R,S,2,115,137,Colorado Rockies,San Francisco Giants
2019,2019-07-15,567106,2019-07-15 23:05:00+00:00,R,N,1,143,119,Philadelphia Phillies,Los Angeles Dodgers
2019,2019-07-15,567506,2019-07-15 23:05:00+00:00,R,N,1,147,139,New York Yankees,Tampa Bay Rays
2019,2019-07-15,565362,2019-07-15 23:10:00+00:00,R,N,1,114,116,Cleveland Indians,Detroit Tigers
2019,2019-07-15,565072,2019-07-15 23:10:00+00:00,R,N,1,111,141,Boston Red Sox,Toronto Blue Jays
2019,2019-07-15,565172,2019-07-16 00:05:00+00:00,R,N,1,112,113,Chicago Cubs,Cincinnati Reds
2019,2019-07-15,567600,2019-07-16 00:10:00+00:00,R,N,1,158,144,Milwaukee Brewers,Atlanta Braves
2019,2019-07-15,566613,2019-07-16 00:15:00+00:00,R,N,1,138,134,St. Louis Cardinals,Pittsburgh Pirates
2019,2019-07-15,565749,2019-07-16 00:15:00+00:00,R,N,1,118,145,Kansas City Royals,Chicago White Sox
2019,2019-07-15,564780,2019-07-16 02:07:00+00:00,R,N,1,108,117,Los Angeles Angels,Houston Astros
2019,2019-07-16,564976,2019-07-16 23:05:00+00:00,R,N,1,110,120,Baltimore Orioles,Washington Nationals
2019,2019-07-16,567107,2019-07-16 23:05:00+00:00,R,N,1,143,119,Philadelphia Phillies,Los Angeles Dodgers
2019,2019-07-16,567507,2019-07-16 23:05:00+00:00,R,N,1,147,139,New York Yankees,Tampa Bay Rays
2019,2019-07-16,565363,2019-07-16 23:10:00+00:00,R,N,1,114,116,Cleveland Indians,Detroit Tigers
2019,2019-07-16,565073,2019-07-16 23:10:00+00:00,R,N,1,111,141,Boston Red Sox,Toronto Blue Jays
2019,2019-07-16,567406,2019-07-16 23:10:00+00:00,R,N,1,146,135,Miami Marlins,San Diego Padres
2019,2019-07-16,565173,2019-07-17 00:05:00+00:00,R,N,1,112,113,Chicago Cubs,Cincinnati Reds
2019,2019-07-16,566814,2019-07-17 00:05:00+00:00,R,N,1,140,109,Texas Rangers,Arizona Diamondbacks
2019,2019-07-16,567005,2019-07-17 00:10:00+00:00,R,N,1,142,121,Minnesota Twins,New York Mets
2019,2019-07-16,567601,2019-07-17 00:10:00+00:00,R,N,1,158,144,Milwaukee Brewers,Atlanta Braves
2019,2019-07-16,566614,2019-07-17 00:15:00+00:00,R,N,1,138,134,St. Louis Cardinals,Pittsburgh Pirates
2019,2019-07-16,565750,2019-07-17 00:15:00+00:00,R,N,1,118,145,Kansas City Royals,Chicago White Sox
2019,2019-07-16,565462,2019-07-17 00:40:00+00:00,R,N,1,115,137,Colorado Rockies,San Francisco Giants
2019,2019-07-16,564781,2019-07-17 02:07:00+00:00,R,N,1,108,117,Los Angeles Angels,Houston Astros
2019,2019-07-16,566133,2019-07-17 02:07:00+00:00,R,N,1,133,136,Oakland Athletics,Seattle Mariners
2019,2019-07-17,567006,2019-07-17 17:10:00+00:00,R,N,1,142,121,Minnesota Twins,New York Mets
2019,2019-07-17,566615,2019-07-17 17:15:00+00:00,R,N,1,138,134,St. Louis Cardinals,Pittsburgh Pirates
2019,2019-07-17,567602,2019-07-17 18:10:00+00:00,R,N,1,158,144,Milwaukee Brewers,Atlanta Braves
2019,2019-07-17,565174,2019-07-17 18:20:00+00:00,R,N,1,112,113,Chicago Cubs,Cincinnati Reds
2019,2019-07-17,565463,2019-07-17 19:10:00+00:00,R,N,1,115,137,Colorado Rockies,San Francisco Giants
2019,2019-07-17,566134,2019-07-17 19:37:00+00:00,R,N,1,133,136,Oakland Athletics,Seattle Mariners
2019,2019-07-17,564977,2019-07-17 23:05:00+00:00,R,N,1,110,120,Baltimore Orioles,Washington Nationals
2019,2019-07-17,567108,2019-07-17 23:05:00+00:00,R,N,1,143,119,Philadelphia Phillies,Los Angeles Dodgers
2019,2019-07-17,565364,2019-07-17 23:10:00+00:00,R,N,1,114,116,Cleveland Indians,Detroit Tigers
2019,2019-07-17,565074,2019-07-17 23:10:00+00:00,R,N,1,111,141,Boston Red Sox,Toronto Blue Jays
2019,2019-07-17,567407,2019-07-17 23:10:00+00:00,R,N,1,146,135,Miami Marlins,San Diego Padres
2019,2019-07-17,566815,2019-07-18 00:05:00+00:00,R,N,1,140,109,Texas Rangers,Arizona Diamondbacks
2019,2019-07-17,565751,2019-07-18 00:15:00+00:00,R,N,1,118,145,Kansas City Royals,Chicago White Sox
2019,2019-07-17,564782,2019-07-18 02:07:00+00:00,R,N,1,108,117,Los Angeles Angels,Houston Astros
2019,2019-07-18,567508,2019-07-17 23:05:00+00:00,R,N,1,147,139,New York Yankees,Tampa Bay Rays
2019,2019-07-18,567408,2019-07-18 16:10:00+00:00,R,N,1,146,135,Miami Marlins,San Diego Padres
2019,2019-07-18,567109,2019-07-18 16:35:00+00:00,R,N,1,143,119,Philadelphia Phillies,Los Angeles Dodgers
2019,2019-07-18,565075,2019-07-18 17:05:00+00:00,R,N,1,111,141,Boston Red Sox,Toronto Blue Jays
2019,2019-07-18,565752,2019-07-18 17:15:00+00:00,R,N,1,118,145,Kansas City Royals,Chicago White Sox
2019,2019-07-18,567509,2019-07-18 19:00:00+00:00,R,Y,1,147,139,New York Yankees,Tampa Bay Rays
2019,2019-07-18,567508,2019-07-18 19:05:00+00:00,R,Y,2,147,139,New York Yankees,Tampa Bay Rays
2019,2019-07-18,565365,2019-07-18 23:10:00+00:00,R,N,1,114,116,Cleveland Indians,Detroit Tigers
2019,2019-07-18,565265,2019-07-18 23:10:00+00:00,R,N,1,113,138,Cincinnati Reds,St. Louis Cardinals
2019,2019-07-18,567214,2019-07-18 23:20:00+00:00,R,N,1,144,120,Atlanta Braves,Washington Nationals
2019,2019-07-18,567007,2019-07-19 00:10:00+00:00,R,N,1,142,133,Minnesota Twins,Oakland Athletics
2019,2019-07-18,564783,2019-07-19 01:07:00+00:00,R,N,1,108,117,Los Angeles Angels,Houston Astros
2019,2019-07-18,564875,2019-07-19 01:40:00+00:00,R,N,1,109,158,Arizona Diamondbacks,Milwaukee Brewers
2019,2019-07-18,566517,2019-07-19 01:45:00+00:00,R,N,1,137,121,San Francisco Giants,New York Mets
2019,2019-07-19,565175,2019-07-19 18:20:00+00:00,R,N,1,112,135,Chicago Cubs,San Diego Padres
2019,2019-07-19,564978,2019-07-19 23:05:00+00:00,R,N,1,110,111,Baltimore Orioles,Boston Red Sox
2019,2019-07-19,566223,2019-07-19 23:05:00+00:00,R,N,1,134,143,Pittsburgh Pirates,Philadelphia Phillies
2019,2019-07-19,567510,2019-07-19 23:05:00+00:00,R,N,1,147,115,New York Yankees,Colorado Rockies
2019,2019-07-19,565366,2019-07-19 23:10:00+00:00,R,N,1,114,118,Cleveland Indians,Kansas City Royals
2019,2019-07-19,565266,2019-07-19 23:10:00+00:00,R,N,1,113,138,Cincinnati Reds,St. Louis Cardinals
2019,2019-07-19,565556,2019-07-19 23:10:00+00:00,R,N,1,116,141,Detroit Tigers,Toronto Blue Jays
2019,2019-07-19,566712,2019-07-19 23:10:00+00:00,R,N,1,139,145,Tampa Bay Rays,Chicago White Sox
2019,2019-07-19,567215,2019-07-19 23:20:00+00:00,R,N,1,144,120,Atlanta Braves,Washington Nationals
2019,2019-07-19,565653,2019-07-20 00:10:00+00:00,R,N,1,117,140,Houston Astros,Texas Rangers
2019,2019-07-19,567008,2019-07-20 00:10:00+00:00,R,N,1,142,133,Minnesota Twins,Oakland Athletics
2019,2019-07-19,564876,2019-07-20 01:40:00+00:00,R,N,1,109,158,Arizona Diamondbacks,Milwaukee Brewers
2019,2019-07-19,566420,2019-07-20 02:10:00+00:00,R,N,1,136,108,Seattle Mariners,Los Angeles Angels
2019,2019-07-19,565848,2019-07-20 02:10:00+00:00,R,N,1,119,146,Los Angeles Dodgers,Miami Marlins
2019,2019-07-19,566518,2019-07-20 02:15:00+00:00,R,N,1,137,121,San Francisco Giants,New York Mets
2019,2019-07-20,567511,2019-07-20 17:05:00+00:00,R,N,1,147,115,New York Yankees,Colorado Rockies
2019,2019-07-20,565176,2019-07-20 18:20:00+00:00,R,N,1,112,135,Chicago Cubs,San Diego Padres
2019,2019-07-20,566519,2019-07-20 20:05:00+00:00,R,N,1,137,121,San Francisco Giants,New York Mets
2019,2019-07-20,565557,2019-07-20 22:10:00+00:00,R,N,1,116,141,Detroit Tigers,Toronto Blue Jays
2019,2019-07-20,566713,2019-07-20 22:10:00+00:00,R,N,1,139,145,Tampa Bay Rays,Chicago White Sox
2019,2019-07-20,564979,2019-07-20 23:05:00+00:00,R,N,1,110,111,Baltimore Orioles,Boston Red Sox
2019,2019-07-20,566224,2019-07-20 23:05:00+00:00,R,N,1,134,143,Pittsburgh Pirates,Philadelphia Phillies
2019,2019-07-20,565367,2019-07-20 23:10:00+00:00,R,N,1,114,118,Cleveland Indians,Kansas City Royals
2019,2019-07-20,565267,2019-07-20 23:10:00+00:00,R,N,1,113,138,Cincinnati Reds,St. Louis Cardinals
2019,2019-07-20,565654,2019-07-20 23:10:00+00:00,R,N,1,117,140,Houston Astros,Texas Rangers
2019,2019-07-20,567009,2019-07-20 23:10:00+00:00,R,N,1,142,133,Minnesota Twins,Oakland Athletics
2019,2019-07-20,567216,2019-07-20 23:20:00+00:00,R,N,1,144,120,Atlanta Braves,Washington Nationals
2019,2019-07-20,564877,2019-07-21 00:10:00+00:00,R,N,1,109,158,Arizona Diamondbacks,Milwaukee Brewers
2019,2019-07-20,566421,2019-07-21 01:10:00+00:00,R,N,1,136,108,Seattle Mariners,Los Angeles Angels
2019,2019-07-20,565849,2019-07-21 01:10:00+00:00,R,N,1,119,146,Los Angeles Dodgers,Miami Marlins
2019,2019-07-21,564980,2019-07-21 17:05:00+00:00,R,N,1,110,111,Baltimore Orioles,Boston Red Sox
2019,2019-07-21,567512,2019-07-21 17:05:00+00:00,R,N,1,147,115,New York Yankees,Colorado Rockies
2019,2019-07-21,565368,2019-07-21 17:10:00+00:00,R,N,1,114,118,Cleveland Indians,Kansas City Royals
2019,2019-07-21,565268,2019-07-21 17:10:00+00:00,R,N,1,113,138,Cincinnati Reds,St. Louis Cardinals
2019,2019-07-21,565558,2019-07-21 17:10:00+00:00,R,N,1,116,141,Detroit Tigers,Toronto Blue Jays
2019,2019-07-21,566714,2019-07-21 17:10:00+00:00,R,N,1,139,145,Tampa Bay Rays,Chicago White Sox
2019,2019-07-21,566225,2019-07-21 17:35:00+00:00,R,N,1,134,143,Pittsburgh Pirates,Philadelphia Phillies
2019,2019-07-21,565655,2019-07-21 18:10:00+00:00,R,N,1,117,140,Houston Astros,Texas Rangers
2019,2019-07-21,567010,2019-07-21 18:10:00+00:00,R,N,1,142,133,Minnesota Twins,Oakland Athletics
2019,2019-07-21,565177,2019-07-21 18:20:00+00:00,R,N,1,112,135,Chicago Cubs,San Diego Padres
2019,2019-07-21,566520,2019-07-21 20:05:00+00:00,R,N,1,137,121,San Francisco Giants,New York Mets
2019,2019-07-21,566422,2019-07-21 20:10:00+00:00,R,N,1,136,108,Seattle Mariners,Los Angeles Angels
2019,2019-07-21,565850,2019-07-21 20:10:00+00:00,R,N,1,119,146,Los Angeles Dodgers,Miami Marlins
2019,2019-07-21,564878,2019-07-21 20:10:00+00:00,R,N,1,109,158,Arizona Diamondbacks,Milwaukee Brewers
2019,2019-07-21,567217,2019-07-21 23:05:00+00:00,R,N,1,144,120,Atlanta Braves,Washington Nationals
2019,2019-07-22,566226,2019-07-22 23:05:00+00:00,R,N,1,134,138,Pittsburgh Pirates,St. Louis Cardinals
2019,2019-07-22,566912,2019-07-22 23:07:00+00:00,R,N,1,141,114,Toronto Blue Jays,Cleveland Indians
2019,2019-07-22,566715,2019-07-22 23:10:00+00:00,R,N,1,139,111,Tampa Bay Rays,Boston Red Sox
2019,2019-07-22,565656,2019-07-23 00:10:00+00:00,R,N,1,117,133,Houston Astros,Oakland Athletics
2019,2019-07-22,567309,2019-07-23 00:10:00+00:00,R,N,1,145,146,Chicago White Sox,Miami Marlins
2019,2019-07-22,567011,2019-07-23 00:10:00+00:00,R,N,1,142,147,Minnesota Twins,New York Yankees
2019,2019-07-22,567603,2019-07-23 00:10:00+00:00,R,N,1,158,113,Milwaukee Brewers,Cincinnati Reds
2019,2019-07-22,564879,2019-07-23 01:40:00+00:00,R,N,1,109,110,Arizona Diamondbacks,Baltimore Orioles
2019,2019-07-22,566521,2019-07-23 01:45:00+00:00,R,N,1,137,112,San Francisco Giants,Chicago Cubs
2019,2019-07-22,566423,2019-07-23 02:10:00+00:00,R,N,1,136,140,Seattle Mariners,Texas Rangers
2019,2019-07-24,565942,2019-07-22 23:05:00+00:00,R,N,1,120,115,Washington Nationals,Colorado Rockies
2019,2019-07-23,565943,2019-07-23 23:05:00+00:00,R,N,1,120,115,Washington Nationals,Colorado Rockies
2019,2019-07-23,566227,2019-07-23 23:05:00+00:00,R,N,1,134,138,Pittsburgh Pirates,St. Louis Cardinals
2019,2019-07-23,566913,2019-07-23 23:07:00+00:00,R,N,1,141,114,Toronto Blue Jays,Cleveland Indians
2019,2019-07-23,566033,2019-07-23 23:10:00+00:00,R,N,1,121,135,New York Mets,San Diego Padres
2019,2019-07-23,566716,2019-07-23 23:10:00+00:00,R,N,1,139,111,Tampa Bay Rays,Boston Red Sox
2019,2019-07-23,565559,2019-07-23 23:10:00+00:00,R,N,1,116,143,Detroit Tigers,Philadelphia Phillies
2019,2019-07-23,567218,2019-07-23 23:20:00+00:00,R,N,1,144,118,Atlanta Braves,Kansas City Royals
2019,2019-07-23,565657,2019-07-24 00:10:00+00:00,R,N,1,117,133,Houston Astros,Oakland Athletics
2019,2019-07-23,567310,2019-07-24 00:10:00+00:00,R,N,1,145,146,Chicago White Sox,Miami Marlins
2019,2019-07-23,567012,2019-07-24 00:10:00+00:00,R,N,1,142,147,Minnesota Twins,New York Yankees
2019,2019-07-23,567604,2019-07-24 00:10:00+00:00,R,N,1,158,113,Milwaukee Brewers,Cincinnati Reds
2019,2019-07-23,564880,2019-07-24 01:40:00+00:00,R,N,1,109,110,Arizona Diamondbacks,Baltimore Orioles
2019,2019-07-23,566522,2019-07-24 01:45:00+00:00,R,N,1,137,112,San Francisco Giants,Chicago Cubs
2019,2019-07-23,565851,2019-07-24 02:10:00+00:00,R,N,1,119,108,Los Angeles Dodgers,Los Angeles Angels
2019,2019-07-23,566424,2019-07-24 02:10:00+00:00,R,N,1,136,140,Seattle Mariners,Texas Rangers
2019,2019-07-24,566717,2019-07-24 16:10:00+00:00,R,N,1,139,111,Tampa Bay Rays,Boston Red Sox
2019,2019-07-24,565942,2019-07-24 17:05:00+00:00,R,S,1,120,115,Washington Nationals,Colorado Rockies
2019,2019-07-24,565944,2019-07-24 23:05:00+00:00,R,S,2,120,115,Washington Nationals,Colorado Rockies
2019,2019-07-24,565560,2019-07-24 17:10:00+00:00,R,N,1,116,143,Detroit Tigers,Philadelphia Phillies
2019,2019-07-24,565658,2019-07-24 18:10:00+00:00,R,N,1,117,133,Houston Astros,Oakland Athletics
2019,2019-07-24,567605,2019-07-24 18:10:00+00:00,R,N,1,158,113,Milwaukee Brewers,Cincinnati Reds
2019,2019-07-24,564881,2019-07-24 19:40:00+00:00,R,N,1,109,110,Arizona Diamondbacks,Baltimore Orioles
2019,2019-07-24,566425,2019-07-24 19:40:00+00:00,R,N,1,136,140,Seattle Mariners,Texas Rangers
2019,2019-07-24,566523,2019-07-24 19:45:00+00:00,R,N,1,137,112,San Francisco Giants,Chicago Cubs
2019,2019-07-24,566228,2019-07-24 23:05:00+00:00,R,N,1,134,138,Pittsburgh Pirates,St. Louis Cardinals
2019,2019-07-24,566914,2019-07-24 23:07:00+00:00,R,N,1,141,114,Toronto Blue Jays,Cleveland Indians
2019,2019-07-24,566034,2019-07-24 23:10:00+00:00,R,N,1,121,135,New York Mets,San Diego Padres
2019,2019-07-24,567219,2019-07-24 23:20:00+00:00,R,N,1,144,118,Atlanta Braves,Kansas City Royals
2019,2019-07-24,567311,2019-07-25 00:10:00+00:00,R,N,1,145,146,Chicago White Sox,Miami Marlins
2019,2019-07-24,567013,2019-07-25 00:10:00+00:00,R,N,1,142,147,Minnesota Twins,New York Yankees
2019,2019-07-24,565852,2019-07-25 02:10:00+00:00,R,N,1,119,108,Los Angeles Dodgers,Los Angeles Angels
2019,2019-07-25,566035,2019-07-25 16:10:00+00:00,R,N,1,121,135,New York Mets,San Diego Padres
2019,2019-07-25,566229,2019-07-25 16:35:00+00:00,R,N,1,134,138,Pittsburgh Pirates,St. Louis Cardinals
2019,2019-07-25,565945,2019-07-25 20:05:00+00:00,R,N,1,120,115,Washington Nationals,Colorado Rockies
2019,2019-07-25,565076,2019-07-25 23:10:00+00:00,R,N,1,111,147,Boston Red Sox,New York Yankees
2019,2019-07-25,567312,2019-07-26 00:10:00+00:00,R,N,1,145,142,Chicago White Sox,Minnesota Twins
2019,2019-07-25,565753,2019-07-26 00:15:00+00:00,R,N,1,118,114,Kansas City Royals,Cleveland Indians
2019,2019-07-25,564784,2019-07-26 02:07:00+00:00,R,N,1,108,110,Los Angeles Angels,Baltimore Orioles
2019,2019-07-25,566135,2019-07-26 02:07:00+00:00,R,N,1,133,140,Oakland Athletics,Texas Rangers
2019,2019-07-25,566426,2019-07-26 02:10:00+00:00,R,N,1,136,116,Seattle Mariners,Detroit Tigers
2019,2019-07-26,565269,2019-07-26 22:40:00+00:00,R,N,1,113,115,Cincinnati Reds,Colorado Rockies
2019,2019-07-26,565946,2019-07-26 23:05:00+00:00,R,N,1,120,119,Washington Nationals,Los Angeles Dodgers
2019,2019-07-26,567110,2019-07-26 23:05:00+00:00,R,N,1,143,144,Philadelphia Phillies,Atlanta Braves
2019,2019-07-26,566915,2019-07-26 23:07:00+00:00,R,N,1,141,139,Toronto Blue Jays,Tampa Bay Rays
2019,2019-07-26,566036,2019-07-26 23:10:00+00:00,R,N,1,121,134,New York Mets,Pittsburgh Pirates
2019,2019-07-26,567409,2019-07-26 23:10:00+00:00,R,N,1,146,109,Miami Marlins,Arizona Diamondbacks
2019,2019-07-26,565077,2019-07-26 23:10:00+00:00,R,N,1,111,147,Boston Red Sox,New York Yankees
2019,2019-07-26,567313,2019-07-27 00:10:00+00:00,R,N,1,145,142,Chicago White Sox,Minnesota Twins
2019,2019-07-26,567606,2019-07-27 00:10:00+00:00,R,N,1,158,112,Milwaukee Brewers,Chicago Cubs
2019,2019-07-26,565754,2019-07-27 00:15:00+00:00,R,N,1,118,114,Kansas City Royals,Cleveland Indians
2019,2019-07-26,566616,2019-07-27 00:15:00+00:00,R,N,1,138,117,St. Louis Cardinals,Houston Astros
2019,2019-07-26,564785,2019-07-27 02:07:00+00:00,R,N,1,108,110,Los Angeles Angels,Baltimore Orioles
2019,2019-07-26,566136,2019-07-27 02:07:00+00:00,R,N,1,133,140,Oakland Athletics,Texas Rangers
2019,2019-07-26,566427,2019-07-27 02:10:00+00:00,R,N,1,136,116,Seattle Mariners,Detroit Tigers
2019,2019-07-26,566325,2019-07-27 02:10:00+00:00,R,N,1,135,137,San Diego Padres,San Francisco Giants
2019,2019-07-27,566916,2019-07-27 19:07:00+00:00,R,N,1,141,139,Toronto Blue Jays,Tampa Bay Rays
2019,2019-07-27,565947,2019-07-27 20:05:00+00:00,R,N,1,120,119,Washington Nationals,Los Angeles Dodgers
2019,2019-07-27,565078,2019-07-27 20:05:00+00:00,R,N,1,111,147,Boston Red Sox,New York Yankees
2019,2019-07-27,566428,2019-07-27 20:10:00+00:00,R,N,1,136,116,Seattle Mariners,Detroit Tigers
2019,2019-07-27,567410,2019-07-27 22:10:00+00:00,R,N,1,146,109,Miami Marlins,Arizona Diamondbacks
2019,2019-07-27,567111,2019-07-27 23:05:00+00:00,R,N,1,143,144,Philadelphia Phillies,Atlanta Braves
2019,2019-07-27,565270,2019-07-27 23:10:00+00:00,R,N,1,113,115,Cincinnati Reds,Colorado Rockies
2019,2019-07-27,566037,2019-07-27 23:10:00+00:00,R,N,1,121,134,New York Mets,Pittsburgh Pirates
2019,2019-07-27,567314,2019-07-27 23:10:00+00:00,R,N,1,145,142,Chicago White Sox,Minnesota Twins
2019,2019-07-27,567607,2019-07-27 23:10:00+00:00,R,N,1,158,112,Milwaukee Brewers,Chicago Cubs
2019,2019-07-27,565755,2019-07-27 23:15:00+00:00,R,N,1,118,114,Kansas City Royals,Cleveland Indians
2019,2019-07-27,566617,2019-07-27 23:15:00+00:00,R,N,1,138,117,St. Louis Cardinals,Houston Astros
2019,2019-07-27,566326,2019-07-28 00:40:00+00:00,R,N,1,135,137,San Diego Padres,San Francisco Giants
2019,2019-07-27,564786,2019-07-28 01:07:00+00:00,R,N,1,108,110,Los Angeles Angels,Baltimore Orioles
2019,2019-07-27,566137,2019-07-28 01:07:00+00:00,R,N,1,133,140,Oakland Athletics,Texas Rangers
2019,2019-07-28,567112,2019-07-28 17:05:00+00:00,R,N,1,143,144,Philadelphia Phillies,Atlanta Braves
2019,2019-07-28,566917,2019-07-28 17:07:00+00:00,R,N,1,141,139,Toronto Blue Jays,Tampa Bay Rays
2019,2019-07-28,565271,2019-07-28 17:10:00+00:00,R,N,1,113,115,Cincinnati Reds,Colorado Rockies
2019,2019-07-28,566038,2019-07-28 17:10:00+00:00,R,N,1,121,134,New York Mets,Pittsburgh Pirates
2019,2019-07-28,567411,2019-07-28 17:10:00+00:00,R,N,1,146,109,Miami Marlins,Arizona Diamondbacks
2019,2019-07-28,565948,2019-07-28 17:35:00+00:00,R,N,1,120,119,Washington Nationals,Los Angeles Dodgers
2019,2019-07-28,567315,2019-07-28 18:10:00+00:00,R,N,1,145,142,Chicago White Sox,Minnesota Twins
2019,2019-07-28,567608,2019-07-28 18:10:00+00:00,R,N,1,158,112,Milwaukee Brewers,Chicago Cubs
2019,2019-07-28,565756,2019-07-28 18:15:00+00:00,R,N,1,118,114,Kansas City Royals,Cleveland Indians
2019,2019-07-28,566618,2019-07-28 18:15:00+00:00,R,N,1,138,117,St. Louis Cardinals,Houston Astros
2019,2019-07-28,564787,2019-07-28 20:07:00+00:00,R,N,1,108,110,Los Angeles Angels,Baltimore Orioles
2019,2019-07-28,566138,2019-07-28 20:07:00+00:00,R,N,1,133,140,Oakland Athletics,Texas Rangers
2019,2019-07-28,566429,2019-07-28 20:10:00+00:00,R,N,1,136,116,Seattle Mariners,Detroit Tigers
2019,2019-07-28,566327,2019-07-28 20:10:00+00:00,R,N,1,135,137,San Diego Padres,San Francisco Giants
2019,2019-07-28,565079,2019-07-28 23:05:00+00:00,R,N,1,111,147,Boston Red Sox,New York Yankees
2019,2019-07-29,565949,2019-07-29 23:05:00+00:00,R,N,1,120,144,Washington Nationals,Atlanta Braves
2019,2019-07-29,565272,2019-07-29 23:10:00+00:00,R,N,1,113,134,Cincinnati Reds,Pittsburgh Pirates
2019,2019-07-29,567412,2019-07-29 23:10:00+00:00,R,N,1,146,109,Miami Marlins,Arizona Diamondbacks
2019,2019-07-29,565757,2019-07-30 00:15:00+00:00,R,N,1,118,141,Kansas City Royals,Toronto Blue Jays
2019,2019-07-29,565464,2019-07-30 00:40:00+00:00,R,N,1,115,119,Colorado Rockies,Los Angeles Dodgers
2019,2019-07-29,564788,2019-07-30 02:07:00+00:00,R,N,1,108,116,Los Angeles Angels,Detroit Tigers
2019,2019-07-29,566328,2019-07-30 02:10:00+00:00,R,N,1,135,110,San Diego Padres,Baltimore Orioles
2019,2019-07-30,566329,2019-07-30 19:40:00+00:00,R,N,1,135,110,San Diego Padres,Baltimore Orioles
2019,2019-07-30,567113,2019-07-30 23:05:00+00:00,R,N,1,143,137,Philadelphia Phillies,San Francisco Giants
2019,2019-07-30,565950,2019-07-30 23:05:00+00:00,R,N,1,120,144,Washington Nationals,Atlanta Braves
2019,2019-07-30,567513,2019-07-30 23:05:00+00:00,R,N,1,147,109,New York Yankees,Arizona Diamondbacks
2019,2019-07-30,565369,2019-07-30 23:10:00+00:00,R,N,1,114,117,Cleveland Indians,Houston Astros
2019,2019-07-30,565273,2019-07-30 23:10:00+00:00,R,N,1,113,134,Cincinnati Reds,Pittsburgh Pirates
2019,2019-07-30,565080,2019-07-30 23:10:00+00:00,R,N,1,111,139,Boston Red Sox,Tampa Bay Rays
2019,2019-07-30,567413,2019-07-30 23:10:00+00:00,R,N,1,146,142,Miami Marlins,Minnesota Twins
2019,2019-07-30,566816,2019-07-31 00:05:00+00:00,R,N,1,140,136,Texas Rangers,Seattle Mariners
2019,2019-07-30,567316,2019-07-31 00:10:00+00:00,R,N,1,145,121,Chicago White Sox,New York Mets
2019,2019-07-30,566619,2019-07-31 00:15:00+00:00,R,N,1,138,112,St. Louis Cardinals,Chicago Cubs
2019,2019-07-30,565758,2019-07-31 00:15:00+00:00,R,N,1,118,141,Kansas City Royals,Toronto Blue Jays
2019,2019-07-30,565465,2019-07-31 00:40:00+00:00,R,N,1,115,119,Colorado Rockies,Los Angeles Dodgers
2019,2019-07-30,564789,2019-07-31 02:07:00+00:00,R,N,1,108,116,Los Angeles Angels,Detroit Tigers
2019,2019-07-30,566139,2019-07-31 02:07:00+00:00,R,N,1,133,158,Oakland Athletics,Milwaukee Brewers
2019,2019-07-31,565951,2019-07-31 16:05:00+00:00,R,N,1,120,144,Washington Nationals,Atlanta Braves
2019,2019-07-31,565274,2019-07-31 16:35:00+00:00,R,N,1,113,134,Cincinnati Reds,Pittsburgh Pirates
2019,2019-07-31,567514,2019-07-31 17:05:00+00:00,R,N,1,147,109,New York Yankees,Arizona Diamondbacks
2019,2019-07-31,565759,2019-07-31 17:15:00+00:00,R,N,1,118,141,Kansas City Royals,Toronto Blue Jays
2019,2019-07-31,565466,2019-07-31 19:10:00+00:00,R,N,1,115,119,Colorado Rockies,Los Angeles Dodgers
2019,2019-07-31,564790,2019-07-31 20:07:00+00:00,R,N,1,108,116,Los Angeles Angels,Detroit Tigers
2019,2019-07-31,567114,2019-07-31 23:05:00+00:00,R,N,1,143,137,Philadelphia Phillies,San Francisco Giants
2019,2019-07-31,565370,2019-07-31 23:10:00+00:00,R,N,1,114,117,Cleveland Indians,Houston Astros
2019,2019-07-31,565081,2019-07-31 23:10:00+00:00,R,N,1,111,139,Boston Red Sox,Tampa Bay Rays
2019,2019-07-31,567414,2019-07-31 23:10:00+00:00,R,N,1,146,142,Miami Marlins,Minnesota Twins
2019,2019-07-31,566817,2019-08-01 00:05:00+00:00,R,N,1,140,136,Texas Rangers,Seattle Mariners
2019,2019-07-31,567317,2019-08-01 00:10:00+00:00,R,N,1,145,121,Chicago White Sox,New York Mets
2019,2019-07-31,566620,2019-08-01 00:15:00+00:00,R,N,1,138,112,St. Louis Cardinals,Chicago Cubs
2019,2019-07-31,566140,2019-08-01 02:07:00+00:00,R,N,1,133,158,Oakland Athletics,Milwaukee Brewers
2019,2019-08-01,567415,2019-08-01 16:10:00+00:00,R,N,1,146,142,Miami Marlins,Minnesota Twins
2019,2019-08-01,567115,2019-08-01 17:05:00+00:00,R,N,1,143,137,Philadelphia Phillies,San Francisco Giants
2019,2019-08-01,567318,2019-08-01 18:10:00+00:00,R,N,1,145,121,Chicago White Sox,New York Mets
2019,2019-08-01,566141,2019-08-01 19:37:00+00:00,R,N,1,133,158,Oakland Athletics,Milwaukee Brewers
2019,2019-08-01,564981,2019-08-01 23:05:00+00:00,R,N,1,110,141,Baltimore Orioles,Toronto Blue Jays
2019,2019-08-01,565371,2019-08-01 23:10:00+00:00,R,N,1,114,117,Cleveland Indians,Houston Astros
2019,2019-08-01,565082,2019-08-01 23:10:00+00:00,R,N,1,111,139,Boston Red Sox,Tampa Bay Rays
2019,2019-08-01,566621,2019-08-01 23:15:00+00:00,R,N,1,138,112,St. Louis Cardinals,Chicago Cubs
2019,2019-08-01,567220,2019-08-01 23:20:00+00:00,R,N,1,144,113,Atlanta Braves,Cincinnati Reds
2019,2019-08-01,565853,2019-08-02 02:10:00+00:00,R,N,1,119,135,Los Angeles Dodgers,San Diego Padres
2019,2019-08-02,565178,2019-08-02 18:20:00+00:00,R,N,1,112,158,Chicago Cubs,Milwaukee Brewers
2019,2019-08-02,566230,2019-08-02 23:05:00+00:00,R,N,1,134,121,Pittsburgh Pirates,New York Mets
2019,2019-08-02,564982,2019-08-02 23:05:00+00:00,R,N,1,110,141,Baltimore Orioles,Toronto Blue Jays
2019,2019-08-02,567116,2019-08-02 23:05:00+00:00,R,N,1,143,145,Philadelphia Phillies,Chicago White Sox
2019,2019-08-02,567515,2019-08-02 23:05:00+00:00,R,N,1,147,111,New York Yankees,Boston Red Sox
2019,2019-08-02,565372,2019-08-02 23:10:00+00:00,R,N,1,114,108,Cleveland Indians,Los Angeles Angels
2019,2019-08-02,567221,2019-08-02 23:20:00+00:00,R,N,1,144,113,Atlanta Braves,Cincinnati Reds
2019,2019-08-02,566818,2019-08-03 00:05:00+00:00,R,N,1,140,116,Texas Rangers,Detroit Tigers
2019,2019-08-02,565659,2019-08-03 00:10:00+00:00,R,N,1,117,136,Houston Astros,Seattle Mariners
2019,2019-08-02,567014,2019-08-03 00:10:00+00:00,R,N,1,142,118,Minnesota Twins,Kansas City Royals
2019,2019-08-02,565467,2019-08-03 00:40:00+00:00,R,N,1,115,137,Colorado Rockies,San Francisco Giants
2019,2019-08-02,564882,2019-08-03 01:40:00+00:00,R,N,1,109,120,Arizona Diamondbacks,Washington Nationals
2019,2019-08-02,565854,2019-08-03 02:10:00+00:00,R,N,1,119,135,Los Angeles Dodgers,San Diego Padres
2019,2019-08-03,567516,2019-08-03 17:05:00+00:00,R,S,1,147,111,New York Yankees,Boston Red Sox
2019,2019-08-03,567487,2019-08-03 23:05:00+00:00,R,S,2,147,111,New York Yankees,Boston Red Sox
2019,2019-08-03,565179,2019-08-03 18:20:00+00:00,R,N,1,112,158,Chicago Cubs,Milwaukee Brewers
2019,2019-08-03,566718,2019-08-03 22:10:00+00:00,R,N,1,139,146,Tampa Bay Rays,Miami Marlins
2019,2019-08-03,566231,2019-08-03 23:05:00+00:00,R,N,1,134,121,Pittsburgh Pirates,New York Mets
2019,2019-08-03,564983,2019-08-03 23:05:00+00:00,R,N,1,110,141,Baltimore Orioles,Toronto Blue Jays
2019,2019-08-03,567117,2019-08-03 23:05:00+00:00,R,N,1,143,145,Philadelphia Phillies,Chicago White Sox
2019,2019-08-03,565373,2019-08-03 23:10:00+00:00,R,N,1,114,108,Cleveland Indians,Los Angeles Angels
2019,2019-08-03,565660,2019-08-03 23:10:00+00:00,R,N,1,117,136,Houston Astros,Seattle Mariners
2019,2019-08-03,567015,2019-08-03 23:10:00+00:00,R,N,1,142,118,Minnesota Twins,Kansas City Royals
2019,2019-08-03,567222,2019-08-03 23:20:00+00:00,R,N,1,144,113,Atlanta Braves,Cincinnati Reds
2019,2019-08-03,566824,2019-08-04 00:05:00+00:00,R,N,1,140,116,Texas Rangers,Detroit Tigers
2019,2019-08-03,564883,2019-08-04 00:10:00+00:00,R,N,1,109,120,Arizona Diamondbacks,Washington Nationals
2019,2019-08-03,565468,2019-08-04 00:10:00+00:00,R,N,1,115,137,Colorado Rockies,San Francisco Giants
2019,2019-08-03,566142,2019-08-04 01:07:00+00:00,R,N,1,133,138,Oakland Athletics,St. Louis Cardinals
2019,2019-08-03,565855,2019-08-04 01:10:00+00:00,R,N,1,119,135,Los Angeles Dodgers,San Diego Padres
2019,2019-08-04,564984,2019-08-04 17:05:00+00:00,R,N,1,110,141,Baltimore Orioles,Toronto Blue Jays
2019,2019-08-04,567118,2019-08-04 17:05:00+00:00,R,N,1,143,145,Philadelphia Phillies,Chicago White Sox
2019,2019-08-04,565374,2019-08-04 17:10:00+00:00,R,N,1,114,108,Cleveland Indians,Los Angeles Angels
2019,2019-08-04,566719,2019-08-04 17:10:00+00:00,R,N,1,139,146,Tampa Bay Rays,Miami Marlins
2019,2019-08-04,567223,2019-08-04 17:20:00+00:00,R,N,1,144,113,Atlanta Braves,Cincinnati Reds
2019,2019-08-04,566232,2019-08-04 17:35:00+00:00,R,N,1,134,121,Pittsburgh Pirates,New York Mets
2019,2019-08-04,565661,2019-08-04 18:10:00+00:00,R,N,1,117,136,Houston Astros,Seattle Mariners
2019,2019-08-04,567016,2019-08-04 18:10:00+00:00,R,N,1,142,118,Minnesota Twins,Kansas City Royals
2019,2019-08-04,565180,2019-08-04 18:20:00+00:00,R,N,1,112,158,Chicago Cubs,Milwaukee Brewers
2019,2019-08-04,566825,2019-08-04 19:05:00+00:00,R,N,1,140,116,Texas Rangers,Detroit Tigers
2019,2019-08-04,565469,2019-08-04 19:10:00+00:00,R,N,1,115,137,Colorado Rockies,San Francisco Giants
2019,2019-08-04,566143,2019-08-04 20:07:00+00:00,R,N,1,133,138,Oakland Athletics,St. Louis Cardinals
2019,2019-08-04,564884,2019-08-04 20:10:00+00:00,R,N,1,109,120,Arizona Diamondbacks,Washington Nationals
2019,2019-08-04,565856,2019-08-04 20:10:00+00:00,R,N,1,119,135,Los Angeles Dodgers,San Diego Padres
2019,2019-08-04,567517,2019-08-04 23:05:00+00:00,R,N,1,147,111,New York Yankees,Boston Red Sox
2019,2019-08-05,566039,2019-08-05 20:10:00+00:00,R,Y,1,121,146,New York Mets,Miami Marlins
2019,2019-08-05,566007,2019-08-05 20:15:00+00:00,R,Y,2,121,146,New York Mets,Miami Marlins
2019,2019-08-05,564985,2019-08-05 23:05:00+00:00,R,N,1,110,147,Baltimore Orioles,New York Yankees
2019,2019-08-05,566233,2019-08-05 23:05:00+00:00,R,N,1,134,158,Pittsburgh Pirates,Milwaukee Brewers
2019,2019-08-05,565275,2019-08-05 23:10:00+00:00,R,N,1,113,108,Cincinnati Reds,Los Angeles Angels
2019,2019-08-05,565083,2019-08-05 23:10:00+00:00,R,N,1,111,118,Boston Red Sox,Kansas City Royals
2019,2019-08-05,565375,2019-08-05 23:10:00+00:00,R,N,1,114,140,Cleveland Indians,Texas Rangers
2019,2019-08-05,566720,2019-08-05 23:10:00+00:00,R,N,1,139,141,Tampa Bay Rays,Toronto Blue Jays
2019,2019-08-05,565561,2019-08-05 23:10:00+00:00,R,N,1,116,145,Detroit Tigers,Chicago White Sox
2019,2019-08-05,565181,2019-08-06 00:05:00+00:00,R,N,1,112,133,Chicago Cubs,Oakland Athletics
2019,2019-08-05,567017,2019-08-06 00:10:00+00:00,R,N,1,142,144,Minnesota Twins,Atlanta Braves
2019,2019-08-05,564885,2019-08-06 01:40:00+00:00,R,N,1,109,143,Arizona Diamondbacks,Philadelphia Phillies
2019,2019-08-05,566524,2019-08-06 01:45:00+00:00,R,N,1,137,120,San Francisco Giants,Washington Nationals
2019,2019-08-05,565857,2019-08-06 02:10:00+00:00,R,N,1,119,138,Los Angeles Dodgers,St. Louis Cardinals
2019,2019-08-06,565520,2019-08-06 17:10:00+00:00,R,S,1,116,145,Detroit Tigers,Chicago White Sox
2019,2019-08-06,565562,2019-08-06 23:10:00+00:00,R,S,2,116,145,Detroit Tigers,Chicago White Sox
2019,2019-08-06,564986,2019-08-06 23:05:00+00:00,R,N,1,110,147,Baltimore Orioles,New York Yankees
2019,2019-08-06,566234,2019-08-06 23:05:00+00:00,R,N,1,134,158,Pittsburgh Pirates,Milwaukee Brewers
2019,2019-08-06,565276,2019-08-06 23:10:00+00:00,R,N,1,113,108,Cincinnati Reds,Los Angeles Angels
2019,2019-08-06,565084,2019-08-06 23:10:00+00:00,R,N,1,111,118,Boston Red Sox,Kansas City Royals
2019,2019-08-06,566721,2019-08-06 23:10:00+00:00,R,N,1,139,141,Tampa Bay Rays,Toronto Blue Jays
2019,2019-08-06,566040,2019-08-06 23:10:00+00:00,R,N,1,121,146,New York Mets,Miami Marlins
2019,2019-08-06,565182,2019-08-07 00:05:00+00:00,R,N,1,112,133,Chicago Cubs,Oakland Athletics
2019,2019-08-06,565662,2019-08-07 00:10:00+00:00,R,N,1,117,115,Houston Astros,Colorado Rockies
2019,2019-08-06,567018,2019-08-07 00:10:00+00:00,R,N,1,142,144,Minnesota Twins,Atlanta Braves
2019,2019-08-06,564886,2019-08-07 01:40:00+00:00,R,N,1,109,143,Arizona Diamondbacks,Philadelphia Phillies
2019,2019-08-06,566525,2019-08-07 01:45:00+00:00,R,N,1,137,120,San Francisco Giants,Washington Nationals
2019,2019-08-06,566430,2019-08-07 02:10:00+00:00,R,N,1,136,135,Seattle Mariners,San Diego Padres
2019,2019-08-06,565858,2019-08-07 02:10:00+00:00,R,N,1,119,138,Los Angeles Dodgers,St. Louis Cardinals
2019,2019-08-07,565376,2019-08-06 23:10:00+00:00,R,N,1,114,140,Cleveland Indians,Texas Rangers
2019,2019-08-07,566041,2019-08-07 16:10:00+00:00,R,N,1,121,146,New York Mets,Miami Marlins
2019,2019-08-07,565377,2019-08-07 17:10:00+00:00,R,Y,1,114,140,Cleveland Indians,Texas Rangers
2019,2019-08-07,565376,2019-08-07 17:15:00+00:00,R,Y,2,114,140,Cleveland Indians,Texas Rangers
2019,2019-08-07,566722,2019-08-07 17:10:00+00:00,R,N,1,139,141,Tampa Bay Rays,Toronto Blue Jays
2019,2019-08-07,567019,2019-08-07 17:10:00+00:00,R,N,1,142,144,Minnesota Twins,Atlanta Braves
2019,2019-08-07,565563,2019-08-07 17:10:00+00:00,R,N,1,116,145,Detroit Tigers,Chicago White Sox
2019,2019-08-07,565663,2019-08-07 18:10:00+00:00,R,N,1,117,115,Houston Astros,Colorado Rockies
2019,2019-08-07,565183,2019-08-07 18:20:00+00:00,R,N,1,112,133,Chicago Cubs,Oakland Athletics
2019,2019-08-07,565859,2019-08-07 19:10:00+00:00,R,N,1,119,138,Los Angeles Dodgers,St. Louis Cardinals
2019,2019-08-07,566526,2019-08-07 19:45:00+00:00,R,N,1,137,120,San Francisco Giants,Washington Nationals
2019,2019-08-07,566431,2019-08-07 22:40:00+00:00,R,N,1,136,135,Seattle Mariners,San Diego Padres
2019,2019-08-07,564987,2019-08-07 23:05:00+00:00,R,N,1,110,147,Baltimore Orioles,New York Yankees
2019,2019-08-07,566235,2019-08-07 23:05:00+00:00,R,N,1,134,158,Pittsburgh Pirates,Milwaukee Brewers
2019,2019-08-07,565085,2019-08-07 23:10:00+00:00,R,N,1,111,118,Boston Red Sox,Kansas City Royals
2019,2019-08-07,564887,2019-08-08 01:40:00+00:00,R,N,1,109,143,Arizona Diamondbacks,Philadelphia Phillies
2019,2019-08-08,566918,2019-08-08 23:07:00+00:00,R,N,1,141,147,Toronto Blue Jays,New York Yankees
2019,2019-08-08,565086,2019-08-08 23:10:00+00:00,R,N,1,111,108,Boston Red Sox,Los Angeles Angels
2019,2019-08-08,565277,2019-08-08 23:10:00+00:00,R,N,1,113,112,Cincinnati Reds,Chicago Cubs
2019,2019-08-08,565564,2019-08-08 23:10:00+00:00,R,N,1,116,118,Detroit Tigers,Kansas City Royals
2019,2019-08-08,567416,2019-08-08 23:10:00+00:00,R,N,1,146,144,Miami Marlins,Atlanta Braves
2019,2019-08-08,567020,2019-08-09 00:10:00+00:00,R,N,1,142,114,Minnesota Twins,Cleveland Indians
2019,2019-08-08,566527,2019-08-09 01:45:00+00:00,R,N,1,137,143,San Francisco Giants,Philadelphia Phillies
2019,2019-08-08,566330,2019-08-09 02:10:00+00:00,R,N,1,135,115,San Diego Padres,Colorado Rockies
2019,2019-08-09,567319,2019-08-09 19:10:00+00:00,R,N,1,145,133,Chicago White Sox,Oakland Athletics
2019,2019-08-09,564988,2019-08-09 23:05:00+00:00,R,N,1,110,117,Baltimore Orioles,Houston Astros
2019,2019-08-09,566919,2019-08-09 23:07:00+00:00,R,N,1,141,147,Toronto Blue Jays,New York Yankees
2019,2019-08-09,565087,2019-08-09 23:10:00+00:00,R,N,1,111,108,Boston Red Sox,Los Angeles Angels
2019,2019-08-09,565278,2019-08-09 23:10:00+00:00,R,N,1,113,112,Cincinnati Reds,Chicago Cubs
2019,2019-08-09,565565,2019-08-09 23:10:00+00:00,R,N,1,116,118,Detroit Tigers,Kansas City Royals
2019,2019-08-09,566042,2019-08-09 23:10:00+00:00,R,N,1,121,120,New York Mets,Washington Nationals
2019,2019-08-09,567417,2019-08-09 23:10:00+00:00,R,N,1,146,144,Miami Marlins,Atlanta Braves
2019,2019-08-09,567021,2019-08-10 00:10:00+00:00,R,N,1,142,114,Minnesota Twins,Cleveland Indians
2019,2019-08-09,567609,2019-08-10 00:10:00+00:00,R,N,1,158,140,Milwaukee Brewers,Texas Rangers
2019,2019-08-09,566622,2019-08-10 00:15:00+00:00,R,N,1,138,134,St. Louis Cardinals,Pittsburgh Pirates
2019,2019-08-09,565860,2019-08-10 02:10:00+00:00,R,N,1,119,109,Los Angeles Dodgers,Arizona Diamondbacks
2019,2019-08-09,566331,2019-08-10 02:10:00+00:00,R,N,1,135,115,San Diego Padres,Colorado Rockies
2019,2019-08-09,566432,2019-08-10 02:10:00+00:00,R,N,1,136,139,Seattle Mariners,Tampa Bay Rays
2019,2019-08-09,566528,2019-08-10 02:15:00+00:00,R,N,1,137,143,San Francisco Giants,Philadelphia Phillies
2019,2019-08-10,566920,2019-08-10 19:07:00+00:00,R,N,1,141,147,Toronto Blue Jays,New York Yankees
2019,2019-08-10,565088,2019-08-10 20:05:00+00:00,R,N,1,111,108,Boston Red Sox,Los Angeles Angels
2019,2019-08-10,566529,2019-08-10 20:05:00+00:00,R,N,1,137,143,San Francisco Giants,Philadelphia Phillies
2019,2019-08-10,565566,2019-08-10 22:10:00+00:00,R,N,1,116,118,Detroit Tigers,Kansas City Royals
2019,2019-08-10,567418,2019-08-10 22:10:00+00:00,R,N,1,146,144,Miami Marlins,Atlanta Braves
2019,2019-08-10,564989,2019-08-10 23:05:00+00:00,R,N,1,110,117,Baltimore Orioles,Houston Astros
2019,2019-08-10,565279,2019-08-10 23:10:00+00:00,R,N,1,113,112,Cincinnati Reds,Chicago Cubs
2019,2019-08-10,566043,2019-08-10 23:10:00+00:00,R,N,1,121,120,New York Mets,Washington Nationals
2019,2019-08-10,567022,2019-08-10 23:10:00+00:00,R,N,1,142,114,Minnesota Twins,Cleveland Indians
2019,2019-08-10,567320,2019-08-10 23:10:00+00:00,R,N,1,145,133,Chicago White Sox,Oakland Athletics
2019,2019-08-10,567610,2019-08-10 23:10:00+00:00,R,N,1,158,140,Milwaukee Brewers,Texas Rangers
2019,2019-08-10,566623,2019-08-10 23:15:00+00:00,R,N,1,138,134,St. Louis Cardinals,Pittsburgh Pirates
2019,2019-08-10,566332,2019-08-11 00:40:00+00:00,R,N,1,135,115,San Diego Padres,Colorado Rockies
2019,2019-08-10,565861,2019-08-11 01:10:00+00:00,R,N,1,119,109,Los Angeles Dodgers,Arizona Diamondbacks
2019,2019-08-10,566433,2019-08-11 02:10:00+00:00,R,N,1,136,139,Seattle Mariners,Tampa Bay Rays
2019,2019-08-11,565089,2019-08-11 17:05:00+00:00,R,N,1,111,108,Boston Red Sox,Los Angeles Angels
2019,2019-08-11,564990,2019-08-11 17:05:00+00:00,R,N,1,110,117,Baltimore Orioles,Houston Astros
2019,2019-08-11,566921,2019-08-11 17:07:00+00:00,R,N,1,141,147,Toronto Blue Jays,New York Yankees
2019,2019-08-11,565280,2019-08-11 17:10:00+00:00,R,N,1,113,112,Cincinnati Reds,Chicago Cubs
2019,2019-08-11,565567,2019-08-11 17:10:00+00:00,R,N,1,116,118,Detroit Tigers,Kansas City Royals
2019,2019-08-11,566044,2019-08-11 17:10:00+00:00,R,N,1,121,120,New York Mets,Washington Nationals
2019,2019-08-11,567419,2019-08-11 17:10:00+00:00,R,N,1,146,144,Miami Marlins,Atlanta Braves
2019,2019-08-11,567023,2019-08-11 18:10:00+00:00,R,N,1,142,114,Minnesota Twins,Cleveland Indians
2019,2019-08-11,567321,2019-08-11 18:10:00+00:00,R,N,1,145,133,Chicago White Sox,Oakland Athletics
2019,2019-08-11,567611,2019-08-11 18:10:00+00:00,R,N,1,158,140,Milwaukee Brewers,Texas Rangers
2019,2019-08-11,566624,2019-08-11 18:15:00+00:00,R,N,1,138,134,St. Louis Cardinals,Pittsburgh Pirates
2019,2019-08-11,566333,2019-08-11 19:40:00+00:00,R,N,1,135,115,San Diego Padres,Colorado Rockies
2019,2019-08-11,565862,2019-08-11 20:10:00+00:00,R,N,1,119,109,Los Angeles Dodgers,Arizona Diamondbacks
2019,2019-08-11,566434,2019-08-11 20:10:00+00:00,R,N,1,136,139,Seattle Mariners,Tampa Bay Rays
2019,2019-08-11,566530,2019-08-11 23:05:00+00:00,R,N,1,137,143,San Francisco Giants,Philadelphia Phillies
2019,2019-08-12,567479,2019-08-12 17:05:00+00:00,R,S,1,147,110,New York Yankees,Baltimore Orioles
2019,2019-08-12,567518,2019-08-12 23:05:00+00:00,R,S,2,147,110,New York Yankees,Baltimore Orioles
2019,2019-08-12,565952,2019-08-12 23:05:00+00:00,R,N,1,120,113,Washington Nationals,Cincinnati Reds
2019,2019-08-12,566922,2019-08-12 23:07:00+00:00,R,N,1,141,140,Toronto Blue Jays,Texas Rangers
2019,2019-08-12,565378,2019-08-12 23:10:00+00:00,R,N,1,114,111,Cleveland Indians,Boston Red Sox
2019,2019-08-12,565470,2019-08-13 00:40:00+00:00,R,N,1,115,109,Colorado Rockies,Arizona Diamondbacks
2019,2019-08-12,564791,2019-08-13 02:07:00+00:00,R,N,1,108,134,Los Angeles Angels,Pittsburgh Pirates
2019,2019-08-12,566334,2019-08-13 02:10:00+00:00,R,N,1,135,139,San Diego Padres,Tampa Bay Rays
2019,2019-08-13,567322,2019-08-13 00:10:00+00:00,R,N,1,145,117,Chicago White Sox,Houston Astros
2019,2019-08-13,567323,2019-08-13 20:40:00+00:00,R,Y,1,145,117,Chicago White Sox,Houston Astros
2019,2019-08-13,567322,2019-08-13 20:45:00+00:00,R,Y,2,145,117,Chicago White Sox,Houston Astros
2019,2019-08-13,565953,2019-08-13 23:05:00+00:00,R,N,1,120,113,Washington Nationals,Cincinnati Reds
2019,2019-08-13,567119,2019-08-13 23:05:00+00:00,R,N,1,143,112,Philadelphia Phillies,Chicago Cubs
2019,2019-08-13,567519,2019-08-13 23:05:00+00:00,R,N,1,147,110,New York Yankees,Baltimore Orioles
2019,2019-08-13,566923,2019-08-13 23:07:00+00:00,R,N,1,141,140,Toronto Blue Jays,Texas Rangers
2019,2019-08-13,565379,2019-08-13 23:10:00+00:00,R,N,1,114,111,Cleveland Indians,Boston Red Sox
2019,2019-08-13,565568,2019-08-13 23:10:00+00:00,R,N,1,116,136,Detroit Tigers,Seattle Mariners
2019,2019-08-13,567420,2019-08-13 23:10:00+00:00,R,N,1,146,119,Miami Marlins,Los Angeles Dodgers
2019,2019-08-13,567224,2019-08-13 23:20:00+00:00,R,N,1,144,121,Atlanta Braves,New York Mets
2019,2019-08-13,567612,2019-08-14 00:10:00+00:00,R,N,1,158,142,Milwaukee Brewers,Minnesota Twins
2019,2019-08-13,565760,2019-08-14 00:15:00+00:00,R,N,1,118,138,Kansas City Royals,St. Louis Cardinals
2019,2019-08-13,565471,2019-08-14 00:40:00+00:00,R,N,1,115,109,Colorado Rockies,Arizona Diamondbacks
2019,2019-08-13,566531,2019-08-14 01:45:00+00:00,R,N,1,137,133,San Francisco Giants,Oakland Athletics
2019,2019-08-13,564792,2019-08-14 02:07:00+00:00,R,N,1,108,134,Los Angeles Angels,Pittsburgh Pirates
2019,2019-08-13,566335,2019-08-14 02:10:00+00:00,R,N,1,135,139,San Diego Padres,Tampa Bay Rays
2019,2019-08-14,566924,2019-08-14 16:37:00+00:00,R,N,1,141,140,Toronto Blue Jays,Texas Rangers
2019,2019-08-14,567520,2019-08-14 17:05:00+00:00,R,N,1,147,110,New York Yankees,Baltimore Orioles
2019,2019-08-14,565380,2019-08-14 17:10:00+00:00,R,N,1,114,111,Cleveland Indians,Boston Red Sox
2019,2019-08-14,567324,2019-08-14 18:10:00+00:00,R,N,1,145,117,Chicago White Sox,Houston Astros
2019,2019-08-14,567613,2019-08-14 18:10:00+00:00,R,N,1,158,142,Milwaukee Brewers,Minnesota Twins
2019,2019-08-14,565472,2019-08-14 19:10:00+00:00,R,N,1,115,109,Colorado Rockies,Arizona Diamondbacks
2019,2019-08-14,566336,2019-08-14 19:40:00+00:00,R,N,1,135,139,San Diego Padres,Tampa Bay Rays
2019,2019-08-14,566532,2019-08-14 19:45:00+00:00,R,N,1,137,133,San Francisco Giants,Oakland Athletics
2019,2019-08-14,565954,2019-08-14 20:05:00+00:00,R,N,1,120,113,Washington Nationals,Cincinnati Reds
2019,2019-08-14,567120,2019-08-14 23:05:00+00:00,R,N,1,143,112,Philadelphia Phillies,Chicago Cubs
2019,2019-08-14,565569,2019-08-14 23:10:00+00:00,R,N,1,116,136,Detroit Tigers,Seattle Mariners
2019,2019-08-14,567421,2019-08-14 23:10:00+00:00,R,N,1,146,119,Miami Marlins,Los Angeles Dodgers
2019,2019-08-14,567225,2019-08-14 23:20:00+00:00,R,N,1,144,121,Atlanta Braves,New York Mets
2019,2019-08-14,564793,2019-08-15 00:07:00+00:00,R,N,1,108,134,Los Angeles Angels,Pittsburgh Pirates
2019,2019-08-14,565761,2019-08-15 00:15:00+00:00,R,N,1,118,138,Kansas City Royals,St. Louis Cardinals
2019,2019-08-15,565570,2019-08-15 17:10:00+00:00,R,N,1,116,136,Detroit Tigers,Seattle Mariners
2019,2019-08-15,567422,2019-08-15 19:05:00+00:00,R,N,1,146,119,Miami Marlins,Los Angeles Dodgers
2019,2019-08-15,567121,2019-08-15 23:05:00+00:00,R,N,1,143,112,Philadelphia Phillies,Chicago Cubs
2019,2019-08-15,567521,2019-08-15 23:05:00+00:00,R,N,1,147,114,New York Yankees,Cleveland Indians
2019,2019-08-15,565281,2019-08-15 23:10:00+00:00,R,N,1,113,138,Cincinnati Reds,St. Louis Cardinals
2019,2019-08-15,567226,2019-08-15 23:20:00+00:00,R,N,1,144,121,Atlanta Braves,New York Mets
2019,2019-08-15,566826,2019-08-16 00:05:00+00:00,R,N,1,140,142,Texas Rangers,Minnesota Twins
2019,2019-08-15,564888,2019-08-16 01:40:00+00:00,R,N,1,109,137,Arizona Diamondbacks,San Francisco Giants
2019,2019-08-15,566144,2019-08-16 02:07:00+00:00,R,N,1,133,117,Oakland Athletics,Houston Astros
2019,2019-08-15,564794,2019-08-16 02:07:00+00:00,R,N,1,108,145,Los Angeles Angels,Chicago White Sox
2019,2019-08-16,566236,2019-08-16 23:05:00+00:00,R,N,1,134,112,Pittsburgh Pirates,Chicago Cubs
2019,2019-08-16,567122,2019-08-16 23:05:00+00:00,R,N,1,143,135,Philadelphia Phillies,San Diego Padres
2019,2019-08-16,567522,2019-08-16 23:05:00+00:00,R,N,1,147,114,New York Yankees,Cleveland Indians
2019,2019-08-16,565955,2019-08-16 23:05:00+00:00,R,N,1,120,158,Washington Nationals,Milwaukee Brewers
2019,2019-08-16,566925,2019-08-16 23:07:00+00:00,R,N,1,141,136,Toronto Blue Jays,Seattle Mariners
2019,2019-08-16,565090,2019-08-16 23:10:00+00:00,R,N,1,111,110,Boston Red Sox,Baltimore Orioles
2019,2019-08-16,565282,2019-08-16 23:10:00+00:00,R,N,1,113,138,Cincinnati Reds,St. Louis Cardinals
2019,2019-08-16,566723,2019-08-16 23:10:00+00:00,R,N,1,139,116,Tampa Bay Rays,Detroit Tigers
2019,2019-08-16,567227,2019-08-16 23:20:00+00:00,R,N,1,144,119,Atlanta Braves,Los Angeles Dodgers
2019,2019-08-16,566827,2019-08-17 00:05:00+00:00,R,N,1,140,142,Texas Rangers,Minnesota Twins
2019,2019-08-16,565762,2019-08-17 00:15:00+00:00,R,N,1,118,121,Kansas City Royals,New York Mets
2019,2019-08-16,565473,2019-08-17 00:40:00+00:00,R,N,1,115,146,Colorado Rockies,Miami Marlins
2019,2019-08-16,564889,2019-08-17 01:40:00+00:00,R,N,1,109,137,Arizona Diamondbacks,San Francisco Giants
2019,2019-08-16,566145,2019-08-17 02:07:00+00:00,R,N,1,133,117,Oakland Athletics,Houston Astros
2019,2019-08-16,564795,2019-08-17 02:07:00+00:00,R,N,1,108,145,Los Angeles Angels,Chicago White Sox
2019,2019-08-17,567523,2019-08-17 17:05:00+00:00,R,N,1,147,114,New York Yankees,Cleveland Indians
2019,2019-08-17,566237,2019-08-17 17:35:00+00:00,R,N,1,134,112,Pittsburgh Pirates,Chicago Cubs
2019,2019-08-17,566926,2019-08-17 19:07:00+00:00,R,N,1,141,136,Toronto Blue Jays,Seattle Mariners
2019,2019-08-17,566146,2019-08-17 20:05:00+00:00,R,N,1,133,117,Oakland Athletics,Houston Astros
2019,2019-08-17,566724,2019-08-17 22:10:00+00:00,R,N,1,139,116,Tampa Bay Rays,Detroit Tigers
2019,2019-08-17,565283,2019-08-17 22:40:00+00:00,R,N,1,113,138,Cincinnati Reds,St. Louis Cardinals
2019,2019-08-17,567123,2019-08-17 23:05:00+00:00,R,N,1,143,135,Philadelphia Phillies,San Diego Padres
2019,2019-08-17,565956,2019-08-17 23:05:00+00:00,R,N,1,120,158,Washington Nationals,Milwaukee Brewers
2019,2019-08-17,565091,2019-08-17 23:10:00+00:00,R,N,1,111,110,Boston Red Sox,Baltimore Orioles
2019,2019-08-17,565763,2019-08-17 23:15:00+00:00,R,N,1,118,121,Kansas City Royals,New York Mets
2019,2019-08-17,567228,2019-08-17 23:20:00+00:00,R,N,1,144,119,Atlanta Braves,Los Angeles Dodgers
2019,2019-08-17,566828,2019-08-18 00:05:00+00:00,R,N,1,140,142,Texas Rangers,Minnesota Twins
2019,2019-08-17,564890,2019-08-18 00:10:00+00:00,R,N,1,109,137,Arizona Diamondbacks,San Francisco Giants
2019,2019-08-17,565474,2019-08-18 00:10:00+00:00,R,N,1,115,146,Colorado Rockies,Miami Marlins
2019,2019-08-17,564796,2019-08-18 01:07:00+00:00,R,N,1,108,145,Los Angeles Angels,Chicago White Sox
2019,2019-08-18,565092,2019-08-18 17:05:00+00:00,R,N,1,111,110,Boston Red Sox,Baltimore Orioles
2019,2019-08-18,567124,2019-08-18 17:05:00+00:00,R,N,1,143,135,Philadelphia Phillies,San Diego Padres
2019,2019-08-18,567524,2019-08-18 17:05:00+00:00,R,N,1,147,114,New York Yankees,Cleveland Indians
2019,2019-08-18,566927,2019-08-18 17:07:00+00:00,R,N,1,141,136,Toronto Blue Jays,Seattle Mariners
2019,2019-08-18,565284,2019-08-18 17:10:00+00:00,R,N,1,113,138,Cincinnati Reds,St. Louis Cardinals
2019,2019-08-18,566725,2019-08-18 17:10:00+00:00,R,N,1,139,116,Tampa Bay Rays,Detroit Tigers
2019,2019-08-18,567229,2019-08-18 17:20:00+00:00,R,N,1,144,119,Atlanta Braves,Los Angeles Dodgers
2019,2019-08-18,565957,2019-08-18 17:35:00+00:00,R,N,1,120,158,Washington Nationals,Milwaukee Brewers
2019,2019-08-18,565764,2019-08-18 18:15:00+00:00,R,N,1,118,121,Kansas City Royals,New York Mets
2019,2019-08-18,566829,2019-08-18 19:05:00+00:00,R,N,1,140,142,Texas Rangers,Minnesota Twins
2019,2019-08-18,565475,2019-08-18 19:10:00+00:00,R,N,1,115,146,Colorado Rockies,Miami Marlins
2019,2019-08-18,566147,2019-08-18 20:07:00+00:00,R,N,1,133,117,Oakland Athletics,Houston Astros
2019,2019-08-18,564797,2019-08-18 20:07:00+00:00,R,N,1,108,145,Los Angeles Angels,Chicago White Sox
2019,2019-08-18,564891,2019-08-18 20:10:00+00:00,R,N,1,109,137,Arizona Diamondbacks,San Francisco Giants
2019,2019-08-18,566238,2019-08-18 23:10:00+00:00,R,N,1,134,112,Pittsburgh Pirates,Chicago Cubs
2019,2019-08-19,564991,2019-08-19 23:05:00+00:00,R,N,1,110,118,Baltimore Orioles,Kansas City Royals
2019,2019-08-19,566239,2019-08-19 23:05:00+00:00,R,N,1,134,120,Pittsburgh Pirates,Washington Nationals
2019,2019-08-19,565285,2019-08-19 23:10:00+00:00,R,N,1,113,135,Cincinnati Reds,San Diego Padres
2019,2019-08-19,566726,2019-08-19 23:10:00+00:00,R,N,1,139,136,Tampa Bay Rays,Seattle Mariners
2019,2019-08-19,566625,2019-08-19 23:45:00+00:00,R,N,1,138,158,St. Louis Cardinals,Milwaukee Brewers
2019,2019-08-19,566830,2019-08-20 00:05:00+00:00,R,N,1,140,108,Texas Rangers,Los Angeles Angels
2019,2019-08-19,565664,2019-08-20 00:10:00+00:00,R,N,1,117,116,Houston Astros,Detroit Tigers
2019,2019-08-19,567024,2019-08-20 00:10:00+00:00,R,N,1,142,145,Minnesota Twins,Chicago White Sox
2019,2019-08-19,564892,2019-08-20 01:40:00+00:00,R,N,1,109,115,Arizona Diamondbacks,Colorado Rockies
2019,2019-08-20,566806,2019-08-20 18:05:00+00:00,R,S,1,140,108,Texas Rangers,Los Angeles Angels
2019,2019-08-20,566831,2019-08-21 00:05:00+00:00,R,S,2,140,108,Texas Rangers,Los Angeles Angels
2019,2019-08-20,564992,2019-08-20 23:05:00+00:00,R,N,1,110,118,Baltimore Orioles,Kansas City Royals
2019,2019-08-20,566240,2019-08-20 23:05:00+00:00,R,N,1,134,120,Pittsburgh Pirates,Washington Nationals
2019,2019-08-20,566045,2019-08-20 23:10:00+00:00,R,N,1,121,114,New York Mets,Cleveland Indians
2019,2019-08-20,565286,2019-08-20 23:10:00+00:00,R,N,1,113,135,Cincinnati Reds,San Diego Padres
2019,2019-08-20,566727,2019-08-20 23:10:00+00:00,R,N,1,139,136,Tampa Bay Rays,Seattle Mariners
2019,2019-08-20,565093,2019-08-20 23:10:00+00:00,R,N,1,111,143,Boston Red Sox,Philadelphia Phillies
2019,2019-08-20,567230,2019-08-20 23:20:00+00:00,R,N,1,144,146,Atlanta Braves,Miami Marlins
2019,2019-08-20,566626,2019-08-20 23:45:00+00:00,R,N,1,138,158,St. Louis Cardinals,Milwaukee Brewers
2019,2019-08-20,565184,2019-08-21 00:05:00+00:00,R,N,1,112,137,Chicago Cubs,San Francisco Giants
2019,2019-08-20,565665,2019-08-21 00:10:00+00:00,R,N,1,117,116,Houston Astros,Detroit Tigers
2019,2019-08-20,567025,2019-08-21 00:10:00+00:00,R,N,1,142,145,Minnesota Twins,Chicago White Sox
2019,2019-08-20,564893,2019-08-21 01:40:00+00:00,R,N,1,109,115,Arizona Diamondbacks,Colorado Rockies
2019,2019-08-20,566148,2019-08-21 02:07:00+00:00,R,N,1,133,147,Oakland Athletics,New York Yankees
2019,2019-08-20,565863,2019-08-21 02:10:00+00:00,R,N,1,119,141,Los Angeles Dodgers,Toronto Blue Jays
2019,2019-08-21,565287,2019-08-21 16:35:00+00:00,R,N,1,113,135,Cincinnati Reds,San Diego Padres
2019,2019-08-21,566728,2019-08-21 17:10:00+00:00,R,N,1,139,136,Tampa Bay Rays,Seattle Mariners
2019,2019-08-21,567026,2019-08-21 17:10:00+00:00,R,N,1,142,145,Minnesota Twins,Chicago White Sox
2019,2019-08-21,564894,2019-08-21 19:40:00+00:00,R,N,1,109,115,Arizona Diamondbacks,Colorado Rockies
2019,2019-08-21,564993,2019-08-21 23:05:00+00:00,R,N,1,110,118,Baltimore Orioles,Kansas City Royals
2019,2019-08-21,566241,2019-08-21 23:05:00+00:00,R,N,1,134,120,Pittsburgh Pirates,Washington Nationals
2019,2019-08-21,566832,2019-08-21 23:05:00+00:00,R,N,1,140,108,Texas Rangers,Los Angeles Angels
2019,2019-08-21,566046,2019-08-21 23:10:00+00:00,R,N,1,121,114,New York Mets,Cleveland Indians
2019,2019-08-21,565094,2019-08-21 23:10:00+00:00,R,N,1,111,143,Boston Red Sox,Philadelphia Phillies
2019,2019-08-21,567231,2019-08-21 23:20:00+00:00,R,N,1,144,146,Atlanta Braves,Miami Marlins
2019,2019-08-21,566627,2019-08-21 23:45:00+00:00,R,N,1,138,158,St. Louis Cardinals,Milwaukee Brewers
2019,2019-08-21,565185,2019-08-22 00:05:00+00:00,R,N,1,112,137,Chicago Cubs,San Francisco Giants
2019,2019-08-21,565666,2019-08-22 00:10:00+00:00,R,N,1,117,116,Houston Astros,Detroit Tigers
2019,2019-08-21,566149,2019-08-22 02:07:00+00:00,R,N,1,133,147,Oakland Athletics,New York Yankees
2019,2019-08-21,565864,2019-08-22 02:10:00+00:00,R,N,1,119,141,Los Angeles Dodgers,Toronto Blue Jays
2019,2019-08-07,565085,2019-08-22 17:05:00+00:00,R,N,1,111,118,Boston Red Sox,Kansas City Royals
2019,2019-08-22,565186,2019-08-22 18:20:00+00:00,R,N,1,112,137,Chicago Cubs,San Francisco Giants
2019,2019-08-22,566242,2019-08-22 23:05:00+00:00,R,N,1,134,120,Pittsburgh Pirates,Washington Nationals
2019,2019-08-22,564994,2019-08-22 23:05:00+00:00,R,N,1,110,139,Baltimore Orioles,Tampa Bay Rays
2019,2019-08-22,566047,2019-08-22 23:10:00+00:00,R,N,1,121,114,New York Mets,Cleveland Indians
2019,2019-08-22,567232,2019-08-22 23:20:00+00:00,R,N,1,144,146,Atlanta Braves,Miami Marlins
2019,2019-08-22,566628,2019-08-22 23:45:00+00:00,R,N,1,138,115,St. Louis Cardinals,Colorado Rockies
2019,2019-08-22,565667,2019-08-23 00:10:00+00:00,R,N,1,117,116,Houston Astros,Detroit Tigers
2019,2019-08-22,567325,2019-08-23 00:10:00+00:00,R,N,1,145,140,Chicago White Sox,Texas Rangers
2019,2019-08-22,566150,2019-08-23 01:37:00+00:00,R,N,1,133,147,Oakland Athletics,New York Yankees
2019,2019-08-22,565865,2019-08-23 02:10:00+00:00,R,N,1,119,141,Los Angeles Dodgers,Toronto Blue Jays
2019,2019-08-23,565187,2019-08-23 18:20:00+00:00,R,N,1,112,120,Chicago Cubs,Washington Nationals
2019,2019-08-23,566243,2019-08-23 23:05:00+00:00,R,N,1,134,113,Pittsburgh Pirates,Cincinnati Reds
2019,2019-08-23,564995,2019-08-23 23:05:00+00:00,R,N,1,110,139,Baltimore Orioles,Tampa Bay Rays
2019,2019-08-23,565381,2019-08-23 23:10:00+00:00,R,N,1,114,118,Cleveland Indians,Kansas City Royals
2019,2019-08-23,566048,2019-08-23 23:10:00+00:00,R,N,1,121,144,New York Mets,Atlanta Braves
2019,2019-08-23,567423,2019-08-23 23:10:00+00:00,R,N,1,146,143,Miami Marlins,Philadelphia Phillies
2019,2019-08-23,565668,2019-08-24 00:10:00+00:00,R,N,1,117,108,Houston Astros,Los Angeles Angels
2019,2019-08-23,567027,2019-08-24 00:10:00+00:00,R,N,1,142,116,Minnesota Twins,Detroit Tigers
2019,2019-08-23,567326,2019-08-24 00:10:00+00:00,R,N,1,145,140,Chicago White Sox,Texas Rangers
2019,2019-08-23,567614,2019-08-24 00:10:00+00:00,R,N,1,158,109,Milwaukee Brewers,Arizona Diamondbacks
2019,2019-08-23,566629,2019-08-24 00:15:00+00:00,R,N,1,138,115,St. Louis Cardinals,Colorado Rockies
2019,2019-08-23,566337,2019-08-24 02:10:00+00:00,R,N,1,135,111,San Diego Padres,Boston Red Sox
2019,2019-08-23,566435,2019-08-24 02:10:00+00:00,R,N,1,136,141,Seattle Mariners,Toronto Blue Jays
2019,2019-08-23,565866,2019-08-24 02:10:00+00:00,R,N,1,119,147,Los Angeles Dodgers,New York Yankees
2019,2019-08-24,565188,2019-08-24 18:20:00+00:00,R,N,1,112,120,Chicago Cubs,Washington Nationals
2019,2019-08-24,565867,2019-08-24 20:05:00+00:00,R,N,1,119,147,Los Angeles Dodgers,New York Yankees
2019,2019-08-24,567424,2019-08-24 22:10:00+00:00,R,N,1,146,143,Miami Marlins,Philadelphia Phillies
2019,2019-08-24,566244,2019-08-24 23:05:00+00:00,R,N,1,134,113,Pittsburgh Pirates,Cincinnati Reds
2019,2019-08-24,564996,2019-08-24 23:05:00+00:00,R,N,1,110,139,Baltimore Orioles,Tampa Bay Rays
2019,2019-08-24,565669,2019-08-24 23:10:00+00:00,R,N,1,117,108,Houston Astros,Los Angeles Angels
2019,2019-08-24,565382,2019-08-24 23:10:00+00:00,R,N,1,114,118,Cleveland Indians,Kansas City Royals
2019,2019-08-24,567028,2019-08-24 23:10:00+00:00,R,N,1,142,116,Minnesota Twins,Detroit Tigers
2019,2019-08-24,566049,2019-08-24 23:10:00+00:00,R,N,1,121,144,New York Mets,Atlanta Braves
2019,2019-08-24,567327,2019-08-24 23:10:00+00:00,R,N,1,145,140,Chicago White Sox,Texas Rangers
2019,2019-08-24,567615,2019-08-24 23:10:00+00:00,R,N,1,158,109,Milwaukee Brewers,Arizona Diamondbacks
2019,2019-08-24,566630,2019-08-24 23:15:00+00:00,R,N,1,138,115,St. Louis Cardinals,Colorado Rockies
2019,2019-08-24,566338,2019-08-25 00:40:00+00:00,R,N,1,135,111,San Diego Padres,Boston Red Sox
2019,2019-08-24,566151,2019-08-25 01:07:00+00:00,R,N,1,133,137,Oakland Athletics,San Francisco Giants
2019,2019-08-24,566436,2019-08-25 01:10:00+00:00,R,N,1,136,141,Seattle Mariners,Toronto Blue Jays
2019,2019-08-25,564997,2019-08-25 17:05:00+00:00,R,N,1,110,139,Baltimore Orioles,Tampa Bay Rays
2019,2019-08-25,565383,2019-08-25 17:10:00+00:00,R,N,1,114,118,Cleveland Indians,Kansas City Royals
2019,2019-08-25,566050,2019-08-25 17:10:00+00:00,R,N,1,121,144,New York Mets,Atlanta Braves
2019,2019-08-25,567425,2019-08-25 17:10:00+00:00,R,N,1,146,143,Miami Marlins,Philadelphia Phillies
2019,2019-08-25,566245,2019-08-25 17:35:00+00:00,R,N,1,134,113,Pittsburgh Pirates,Cincinnati Reds
2019,2019-08-25,565670,2019-08-25 18:10:00+00:00,R,N,1,117,108,Houston Astros,Los Angeles Angels
2019,2019-08-25,567029,2019-08-25 18:10:00+00:00,R,N,1,142,116,Minnesota Twins,Detroit Tigers
2019,2019-08-25,567328,2019-08-25 18:10:00+00:00,R,N,1,145,140,Chicago White Sox,Texas Rangers
2019,2019-08-25,567616,2019-08-25 18:10:00+00:00,R,N,1,158,109,Milwaukee Brewers,Arizona Diamondbacks
2019,2019-08-25,566631,2019-08-25 18:15:00+00:00,R,N,1,138,115,St. Louis Cardinals,Colorado Rockies
2019,2019-08-25,565189,2019-08-25 18:20:00+00:00,R,N,1,112,120,Chicago Cubs,Washington Nationals
2019,2019-08-25,566152,2019-08-25 20:07:00+00:00,R,N,1,133,137,Oakland Athletics,San Francisco Giants
2019,2019-08-25,566339,2019-08-25 20:10:00+00:00,R,N,1,135,111,San Diego Padres,Boston Red Sox
2019,2019-08-25,566437,2019-08-25 20:10:00+00:00,R,N,1,136,141,Seattle Mariners,Toronto Blue Jays
2019,2019-08-25,565868,2019-08-25 23:05:00+00:00,R,N,1,119,147,Los Angeles Dodgers,New York Yankees
2019,2019-08-26,565418,2019-08-26 19:10:00+00:00,R,N,1,115,144,Colorado Rockies,Atlanta Braves
2019,2019-08-26,567125,2019-08-26 23:05:00+00:00,R,N,1,143,134,Philadelphia Phillies,Pittsburgh Pirates
2019,2019-08-26,567617,2019-08-26 23:05:00+00:00,R,N,1,158,138,Milwaukee Brewers,St. Louis Cardinals
2019,2019-08-26,567426,2019-08-26 23:10:00+00:00,R,N,1,146,113,Miami Marlins,Cincinnati Reds
2019,2019-08-26,565765,2019-08-27 00:15:00+00:00,R,N,1,118,133,Kansas City Royals,Oakland Athletics
2019,2019-08-26,566533,2019-08-27 01:45:00+00:00,R,N,1,137,109,San Francisco Giants,Arizona Diamondbacks
2019,2019-08-26,566340,2019-08-27 02:10:00+00:00,R,N,1,135,119,San Diego Padres,Los Angeles Dodgers
2019,2019-08-26,566438,2019-08-27 02:10:00+00:00,R,N,1,136,147,Seattle Mariners,New York Yankees
2019,2019-08-27,565958,2019-08-27 23:05:00+00:00,R,N,1,120,110,Washington Nationals,Baltimore Orioles
2019,2019-08-27,567126,2019-08-27 23:05:00+00:00,R,N,1,143,134,Philadelphia Phillies,Pittsburgh Pirates
2019,2019-08-27,566928,2019-08-27 23:07:00+00:00,R,N,1,141,144,Toronto Blue Jays,Atlanta Braves
2019,2019-08-27,565571,2019-08-27 23:10:00+00:00,R,N,1,116,114,Detroit Tigers,Cleveland Indians
2019,2019-08-27,566051,2019-08-27 23:10:00+00:00,R,N,1,121,112,New York Mets,Chicago Cubs
2019,2019-08-27,567427,2019-08-27 23:10:00+00:00,R,N,1,146,113,Miami Marlins,Cincinnati Reds
2019,2019-08-27,567618,2019-08-27 23:40:00+00:00,R,N,1,158,138,Milwaukee Brewers,St. Louis Cardinals
2019,2019-08-27,565671,2019-08-28 00:10:00+00:00,R,N,1,117,139,Houston Astros,Tampa Bay Rays
2019,2019-08-27,567329,2019-08-28 00:10:00+00:00,R,N,1,145,142,Chicago White Sox,Minnesota Twins
2019,2019-08-27,565766,2019-08-28 00:15:00+00:00,R,N,1,118,133,Kansas City Royals,Oakland Athletics
2019,2019-08-27,565476,2019-08-28 00:40:00+00:00,R,N,1,115,111,Colorado Rockies,Boston Red Sox
2019,2019-08-27,566534,2019-08-28 01:45:00+00:00,R,N,1,137,109,San Francisco Giants,Arizona Diamondbacks
2019,2019-08-27,564798,2019-08-28 02:07:00+00:00,R,N,1,108,140,Los Angeles Angels,Texas Rangers
2019,2019-08-27,566341,2019-08-28 02:10:00+00:00,R,N,1,135,119,San Diego Padres,Los Angeles Dodgers
2019,2019-08-27,566439,2019-08-28 02:10:00+00:00,R,N,1,136,147,Seattle Mariners,New York Yankees
2019,2019-08-28,567619,2019-08-28 18:10:00+00:00,R,N,1,158,138,Milwaukee Brewers,St. Louis Cardinals
2019,2019-08-28,566440,2019-08-28 20:10:00+00:00,R,N,1,136,147,Seattle Mariners,New York Yankees
2019,2019-08-28,567127,2019-08-28 22:05:00+00:00,R,N,1,143,134,Philadelphia Phillies,Pittsburgh Pirates
2019,2019-08-28,565959,2019-08-28 23:05:00+00:00,R,N,1,120,110,Washington Nationals,Baltimore Orioles
2019,2019-08-28,566929,2019-08-28 23:07:00+00:00,R,N,1,141,144,Toronto Blue Jays,Atlanta Braves
2019,2019-08-28,565572,2019-08-28 23:10:00+00:00,R,N,1,116,114,Detroit Tigers,Cleveland Indians
2019,2019-08-28,566052,2019-08-28 23:10:00+00:00,R,N,1,121,112,New York Mets,Chicago Cubs
2019,2019-08-28,567428,2019-08-28 23:10:00+00:00,R,N,1,146,113,Miami Marlins,Cincinnati Reds
2019,2019-08-28,565672,2019-08-29 00:10:00+00:00,R,N,1,117,139,Houston Astros,Tampa Bay Rays
2019,2019-08-28,567330,2019-08-29 00:10:00+00:00,R,N,1,145,142,Chicago White Sox,Minnesota Twins
2019,2019-08-28,565767,2019-08-29 00:15:00+00:00,R,N,1,118,133,Kansas City Royals,Oakland Athletics
2019,2019-08-28,565477,2019-08-29 00:40:00+00:00,R,N,1,115,111,Colorado Rockies,Boston Red Sox
2019,2019-08-28,566342,2019-08-29 01:10:00+00:00,R,N,1,135,119,San Diego Padres,Los Angeles Dodgers
2019,2019-08-28,564799,2019-08-29 02:07:00+00:00,R,N,1,108,140,Los Angeles Angels,Texas Rangers
2019,2019-08-29,565573,2019-08-29 17:10:00+00:00,R,N,1,116,114,Detroit Tigers,Cleveland Indians
2019,2019-08-29,565768,2019-08-29 17:15:00+00:00,R,N,1,118,133,Kansas City Royals,Oakland Athletics
2019,2019-08-29,565673,2019-08-29 18:10:00+00:00,R,N,1,117,139,Houston Astros,Tampa Bay Rays
2019,2019-08-29,567331,2019-08-29 18:10:00+00:00,R,N,1,145,142,Chicago White Sox,Minnesota Twins
2019,2019-08-29,566053,2019-08-29 23:10:00+00:00,R,N,1,121,112,New York Mets,Chicago Cubs
2019,2019-08-29,567429,2019-08-29 23:10:00+00:00,R,N,1,146,113,Miami Marlins,Cincinnati Reds
2019,2019-08-29,566833,2019-08-30 00:05:00+00:00,R,N,1,140,136,Texas Rangers,Seattle Mariners
2019,2019-08-29,565478,2019-08-30 00:40:00+00:00,R,N,1,115,134,Colorado Rockies,Pittsburgh Pirates
2019,2019-08-29,564895,2019-08-30 01:40:00+00:00,R,N,1,109,119,Arizona Diamondbacks,Los Angeles Dodgers
2019,2019-08-29,566535,2019-08-30 01:45:00+00:00,R,N,1,137,135,San Francisco Giants,San Diego Padres
2019,2019-08-30,565190,2019-08-30 18:20:00+00:00,R,N,1,112,158,Chicago Cubs,Milwaukee Brewers
2019,2019-08-30,567128,2019-08-30 23:05:00+00:00,R,N,1,143,121,Philadelphia Phillies,New York Mets
2019,2019-08-30,565960,2019-08-30 23:05:00+00:00,R,N,1,120,146,Washington Nationals,Miami Marlins
2019,2019-08-30,567525,2019-08-30 23:05:00+00:00,R,N,1,147,133,New York Yankees,Oakland Athletics
2019,2019-08-30,566930,2019-08-30 23:07:00+00:00,R,N,1,141,117,Toronto Blue Jays,Houston Astros
2019,2019-08-30,566729,2019-08-30 23:10:00+00:00,R,N,1,139,114,Tampa Bay Rays,Cleveland Indians
2019,2019-08-30,565574,2019-08-30 23:10:00+00:00,R,N,1,116,142,Detroit Tigers,Minnesota Twins
2019,2019-08-30,567233,2019-08-30 23:20:00+00:00,R,N,1,144,145,Atlanta Braves,Chicago White Sox
2019,2019-08-30,566834,2019-08-31 00:05:00+00:00,R,N,1,140,136,Texas Rangers,Seattle Mariners
2019,2019-08-30,565769,2019-08-31 00:15:00+00:00,R,N,1,118,110,Kansas City Royals,Baltimore Orioles
2019,2019-08-30,565479,2019-08-31 00:40:00+00:00,R,N,1,115,134,Colorado Rockies,Pittsburgh Pirates
2019,2019-08-30,564896,2019-08-31 01:40:00+00:00,R,N,1,109,119,Arizona Diamondbacks,Los Angeles Dodgers
2019,2019-08-30,564800,2019-08-31 02:07:00+00:00,R,N,1,108,111,Los Angeles Angels,Boston Red Sox
2019,2019-08-30,566536,2019-08-31 02:15:00+00:00,R,N,1,137,135,San Francisco Giants,San Diego Padres
2019,2019-09-01,566632,2019-08-31 00:15:00+00:00,R,N,1,138,113,St. Louis Cardinals,Cincinnati Reds
2019,2019-08-31,567526,2019-08-31 17:05:00+00:00,R,N,1,147,133,New York Yankees,Oakland Athletics
2019,2019-08-31,566599,2019-08-31 17:15:00+00:00,R,S,1,138,113,St. Louis Cardinals,Cincinnati Reds
2019,2019-08-31,566633,2019-08-31 23:15:00+00:00,R,S,2,138,113,St. Louis Cardinals,Cincinnati Reds
2019,2019-08-31,565191,2019-08-31 18:20:00+00:00,R,N,1,112,158,Chicago Cubs,Milwaukee Brewers
2019,2019-08-31,566931,2019-08-31 19:07:00+00:00,R,N,1,141,117,Toronto Blue Jays,Houston Astros
2019,2019-08-31,567129,2019-08-31 20:05:00+00:00,R,N,1,143,121,Philadelphia Phillies,New York Mets
2019,2019-08-31,566730,2019-08-31 22:10:00+00:00,R,N,1,139,114,Tampa Bay Rays,Cleveland Indians
2019,2019-08-31,565575,2019-08-31 22:10:00+00:00,R,N,1,116,142,Detroit Tigers,Minnesota Twins
2019,2019-08-31,565961,2019-08-31 23:05:00+00:00,R,N,1,120,146,Washington Nationals,Miami Marlins
2019,2019-08-31,565770,2019-08-31 23:15:00+00:00,R,N,1,118,110,Kansas City Royals,Baltimore Orioles
2019,2019-08-31,567234,2019-08-31 23:20:00+00:00,R,N,1,144,145,Atlanta Braves,Chicago White Sox
2019,2019-08-31,566835,2019-09-01 00:05:00+00:00,R,N,1,140,136,Texas Rangers,Seattle Mariners
2019,2019-08-31,564897,2019-09-01 00:10:00+00:00,R,N,1,109,119,Arizona Diamondbacks,Los Angeles Dodgers
2019,2019-08-31,565480,2019-09-01 00:10:00+00:00,R,N,1,115,134,Colorado Rockies,Pittsburgh Pirates
2019,2019-08-31,566537,2019-09-01 01:05:00+00:00,R,N,1,137,135,San Francisco Giants,San Diego Padres
2019,2019-08-31,564801,2019-09-01 01:07:00+00:00,R,N,1,108,111,Los Angeles Angels,Boston Red Sox
2019,2019-09-01,566634,2019-09-01 17:05:00+00:00,R,S,1,138,113,St. Louis Cardinals,Cincinnati Reds
2019,2019-09-01,566632,2019-09-01 23:05:00+00:00,R,S,2,138,113,St. Louis Cardinals,Cincinnati Reds
2019,2019-09-01,567527,2019-09-01 17:05:00+00:00,R,N,1,147,133,New York Yankees,Oakland Athletics
2019,2019-09-01,566932,2019-09-01 17:07:00+00:00,R,N,1,141,117,Toronto Blue Jays,Houston Astros
2019,2019-09-01,566731,2019-09-01 17:10:00+00:00,R,N,1,139,114,Tampa Bay Rays,Cleveland Indians
2019,2019-09-01,565576,2019-09-01 17:10:00+00:00,R,N,1,116,142,Detroit Tigers,Minnesota Twins
2019,2019-09-01,565962,2019-09-01 17:35:00+00:00,R,N,1,120,146,Washington Nationals,Miami Marlins
2019,2019-09-01,565771,2019-09-01 18:15:00+00:00,R,N,1,118,110,Kansas City Royals,Baltimore Orioles
2019,2019-09-01,565192,2019-09-01 18:20:00+00:00,R,N,1,112,158,Chicago Cubs,Milwaukee Brewers
2019,2019-09-01,566836,2019-09-01 19:05:00+00:00,R,N,1,140,136,Texas Rangers,Seattle Mariners
2019,2019-09-01,565481,2019-09-01 19:10:00+00:00,R,N,1,115,134,Colorado Rockies,Pittsburgh Pirates
2019,2019-09-01,566538,2019-09-01 20:05:00+00:00,R,N,1,137,135,San Francisco Giants,San Diego Padres
2019,2019-09-01,564802,2019-09-01 20:07:00+00:00,R,N,1,108,111,Los Angeles Angels,Boston Red Sox
2019,2019-09-01,564898,2019-09-01 20:10:00+00:00,R,N,1,109,119,Arizona Diamondbacks,Los Angeles Dodgers
2019,2019-09-01,567235,2019-09-01 21:10:00+00:00,R,N,1,144,145,Atlanta Braves,Chicago White Sox
2019,2019-09-01,567130,2019-09-01 23:05:00+00:00,R,N,1,143,121,Philadelphia Phillies,New York Mets
2019,2019-09-02,565963,2019-09-02 17:05:00+00:00,R,N,1,120,121,Washington Nationals,New York Mets
2019,2019-09-02,567528,2019-09-02 17:05:00+00:00,R,N,1,147,140,New York Yankees,Texas Rangers
2019,2019-09-02,566732,2019-09-02 17:10:00+00:00,R,N,1,139,110,Tampa Bay Rays,Baltimore Orioles
2019,2019-09-02,565577,2019-09-02 17:10:00+00:00,R,N,1,116,142,Detroit Tigers,Minnesota Twins
2019,2019-09-02,567236,2019-09-02 17:20:00+00:00,R,N,1,144,141,Atlanta Braves,Toronto Blue Jays
2019,2019-09-02,565288,2019-09-02 18:10:00+00:00,R,N,1,113,143,Cincinnati Reds,Philadelphia Phillies
2019,2019-09-02,566635,2019-09-02 18:15:00+00:00,R,N,1,138,137,St. Louis Cardinals,San Francisco Giants
2019,2019-09-02,565193,2019-09-02 18:20:00+00:00,R,N,1,112,136,Chicago Cubs,Seattle Mariners
2019,2019-09-02,564899,2019-09-02 20:10:00+00:00,R,N,1,109,135,Arizona Diamondbacks,San Diego Padres
2019,2019-09-02,567620,2019-09-02 20:10:00+00:00,R,N,1,158,117,Milwaukee Brewers,Houston Astros
2019,2019-09-02,565384,2019-09-02 23:10:00+00:00,R,N,1,114,145,Cleveland Indians,Chicago White Sox
2019,2019-09-02,565869,2019-09-03 00:10:00+00:00,R,N,1,119,115,Los Angeles Dodgers,Colorado Rockies
2019,2019-09-03,566733,2019-09-03 19:10:00+00:00,R,Y,1,139,110,Tampa Bay Rays,Baltimore Orioles
2019,2019-09-03,566734,2019-09-03 19:15:00+00:00,R,Y,2,139,110,Tampa Bay Rays,Baltimore Orioles
2019,2019-09-03,567529,2019-09-03 22:35:00+00:00,R,N,1,147,140,New York Yankees,Texas Rangers
2019,2019-09-03,565289,2019-09-03 22:40:00+00:00,R,N,1,113,143,Cincinnati Reds,Philadelphia Phillies
2019,2019-09-03,565964,2019-09-03 23:05:00+00:00,R,N,1,120,121,Washington Nationals,New York Mets
2019,2019-09-03,566246,2019-09-03 23:05:00+00:00,R,N,1,134,146,Pittsburgh Pirates,Miami Marlins
2019,2019-09-03,565095,2019-09-03 23:10:00+00:00,R,N,1,111,142,Boston Red Sox,Minnesota Twins
2019,2019-09-03,565385,2019-09-03 23:10:00+00:00,R,N,1,114,145,Cleveland Indians,Chicago White Sox
2019,2019-09-03,567237,2019-09-03 23:20:00+00:00,R,N,1,144,141,Atlanta Braves,Toronto Blue Jays
2019,2019-09-03,567621,2019-09-03 23:40:00+00:00,R,N,1,158,117,Milwaukee Brewers,Houston Astros
2019,2019-09-03,566636,2019-09-03 23:45:00+00:00,R,N,1,138,137,St. Louis Cardinals,San Francisco Giants
2019,2019-09-03,565194,2019-09-04 00:05:00+00:00,R,N,1,112,136,Chicago Cubs,Seattle Mariners
2019,2019-09-03,565772,2019-09-04 00:15:00+00:00,R,N,1,118,116,Kansas City Royals,Detroit Tigers
2019,2019-09-03,564900,2019-09-04 01:40:00+00:00,R,N,1,109,135,Arizona Diamondbacks,San Diego Padres
2019,2019-09-03,566153,2019-09-04 02:07:00+00:00,R,N,1,133,108,Oakland Athletics,Los Angeles Angels
2019,2019-09-03,565870,2019-09-04 02:10:00+00:00,R,N,1,119,115,Los Angeles Dodgers,Colorado Rockies
2019,2019-09-04,565965,2019-09-04 17:05:00+00:00,R,N,1,120,121,Washington Nationals,New York Mets
2019,2019-09-04,567530,2019-09-04 22:35:00+00:00,R,N,1,147,140,New York Yankees,Texas Rangers
2019,2019-09-04,565290,2019-09-04 22:40:00+00:00,R,N,1,113,143,Cincinnati Reds,Philadelphia Phillies
2019,2019-09-04,566247,2019-09-04 23:05:00+00:00,R,N,1,134,146,Pittsburgh Pirates,Miami Marlins
2019,2019-09-04,565096,2019-09-04 23:10:00+00:00,R,N,1,111,142,Boston Red Sox,Minnesota Twins
2019,2019-09-04,565386,2019-09-04 23:10:00+00:00,R,N,1,114,145,Cleveland Indians,Chicago White Sox
2019,2019-09-04,566637,2019-09-04 23:45:00+00:00,R,N,1,138,137,St. Louis Cardinals,San Francisco Giants
2019,2019-09-04,565773,2019-09-05 00:15:00+00:00,R,N,1,118,116,Kansas City Royals,Detroit Tigers
2019,2019-09-04,564901,2019-09-05 01:40:00+00:00,R,N,1,109,135,Arizona Diamondbacks,San Diego Padres
2019,2019-09-04,566154,2019-09-05 02:07:00+00:00,R,N,1,133,108,Oakland Athletics,Los Angeles Angels
2019,2019-09-04,565871,2019-09-05 02:10:00+00:00,R,N,1,119,115,Los Angeles Dodgers,Colorado Rockies
2019,2019-09-05,565291,2019-09-05 16:35:00+00:00,R,N,1,113,143,Cincinnati Reds,Philadelphia Phillies
2019,2019-09-05,565387,2019-09-05 17:10:00+00:00,R,N,1,114,145,Cleveland Indians,Chicago White Sox
2019,2019-09-05,565774,2019-09-05 17:15:00+00:00,R,N,1,118,116,Kansas City Royals,Detroit Tigers
2019,2019-09-05,566638,2019-09-05 17:15:00+00:00,R,N,1,138,137,St. Louis Cardinals,San Francisco Giants
2019,2019-09-05,566155,2019-09-05 19:37:00+00:00,R,N,1,133,108,Oakland Athletics,Los Angeles Angels
2019,2019-09-05,564998,2019-09-05 23:05:00+00:00,R,N,1,110,140,Baltimore Orioles,Texas Rangers
2019,2019-09-05,566248,2019-09-05 23:05:00+00:00,R,N,1,134,146,Pittsburgh Pirates,Miami Marlins
2019,2019-09-05,566735,2019-09-05 23:10:00+00:00,R,N,1,139,141,Tampa Bay Rays,Toronto Blue Jays
2019,2019-09-05,565097,2019-09-05 23:10:00+00:00,R,N,1,111,142,Boston Red Sox,Minnesota Twins
2019,2019-09-05,567622,2019-09-05 23:10:00+00:00,R,N,1,158,112,Milwaukee Brewers,Chicago Cubs
2019,2019-09-05,567238,2019-09-05 23:20:00+00:00,R,N,1,144,120,Atlanta Braves,Washington Nationals
2019,2019-09-05,565674,2019-09-06 00:10:00+00:00,R,N,1,117,136,Houston Astros,Seattle Mariners
2019,2019-09-06,566249,2019-09-06 23:05:00+00:00,R,N,1,134,138,Pittsburgh Pirates,St. Louis Cardinals
2019,2019-09-06,564999,2019-09-06 23:05:00+00:00,R,N,1,110,140,Baltimore Orioles,Texas Rangers
2019,2019-09-06,565292,2019-09-06 23:10:00+00:00,R,N,1,113,109,Cincinnati Reds,Arizona Diamondbacks
2019,2019-09-06,566736,2019-09-06 23:10:00+00:00,R,N,1,139,141,Tampa Bay Rays,Toronto Blue Jays
2019,2019-09-06,566054,2019-09-06 23:10:00+00:00,R,N,1,121,143,New York Mets,Philadelphia Phillies
2019,2019-09-06,567430,2019-09-06 23:10:00+00:00,R,N,1,146,118,Miami Marlins,Kansas City Royals
2019,2019-09-06,565098,2019-09-06 23:10:00+00:00,R,N,1,111,147,Boston Red Sox,New York Yankees
2019,2019-09-06,567239,2019-09-06 23:20:00+00:00,R,N,1,144,120,Atlanta Braves,Washington Nationals
2019,2019-09-06,565675,2019-09-07 00:10:00+00:00,R,N,1,117,136,Houston Astros,Seattle Mariners
2019,2019-09-06,567030,2019-09-07 00:10:00+00:00,R,N,1,142,114,Minnesota Twins,Cleveland Indians
2019,2019-09-06,567332,2019-09-07 00:10:00+00:00,R,N,1,145,108,Chicago White Sox,Los Angeles Angels
2019,2019-09-06,567623,2019-09-07 00:10:00+00:00,R,N,1,158,112,Milwaukee Brewers,Chicago Cubs
2019,2019-05-19,565534,2019-09-07 00:15:00+00:00,R,N,1,116,133,Detroit Tigers,Oakland Athletics
2019,2019-09-06,566156,2019-09-07 02:07:00+00:00,R,N,1,133,116,Oakland Athletics,Detroit Tigers
2019,2019-09-06,566343,2019-09-07 02:10:00+00:00,R,N,1,135,115,San Diego Padres,Colorado Rockies
2019,2019-09-06,565872,2019-09-07 02:10:00+00:00,R,N,1,119,137,Los Angeles Dodgers,San Francisco Giants
2019,2019-09-07,565099,2019-09-07 20:05:00+00:00,R,N,1,111,147,Boston Red Sox,New York Yankees
2019,2019-09-07,565293,2019-09-07 20:10:00+00:00,R,N,1,113,109,Cincinnati Reds,Arizona Diamondbacks
2019,2019-09-07,566737,2019-09-07 22:10:00+00:00,R,N,1,139,141,Tampa Bay Rays,Toronto Blue Jays
2019,2019-09-07,567431,2019-09-07 22:10:00+00:00,R,N,1,146,118,Miami Marlins,Kansas City Royals
2019,2019-09-07,566250,2019-09-07 23:05:00+00:00,R,N,1,134,138,Pittsburgh Pirates,St. Louis Cardinals
2019,2019-09-07,565000,2019-09-07 23:05:00+00:00,R,N,1,110,140,Baltimore Orioles,Texas Rangers
2019,2019-09-07,565676,2019-09-07 23:10:00+00:00,R,N,1,117,136,Houston Astros,Seattle Mariners
2019,2019-09-07,567031,2019-09-07 23:10:00+00:00,R,N,1,142,114,Minnesota Twins,Cleveland Indians
2019,2019-09-07,566055,2019-09-07 23:10:00+00:00,R,N,1,121,143,New York Mets,Philadelphia Phillies
2019,2019-09-07,567333,2019-09-07 23:10:00+00:00,R,N,1,145,108,Chicago White Sox,Los Angeles Angels
2019,2019-09-07,567624,2019-09-07 23:10:00+00:00,R,N,1,158,112,Milwaukee Brewers,Chicago Cubs
2019,2019-09-07,567240,2019-09-07 23:20:00+00:00,R,N,1,144,120,Atlanta Braves,Washington Nationals
2019,2019-09-07,566344,2019-09-08 00:40:00+00:00,R,N,1,135,115,San Diego Padres,Colorado Rockies
2019,2019-09-07,566157,2019-09-08 01:07:00+00:00,R,N,1,133,116,Oakland Athletics,Detroit Tigers
2019,2019-09-07,565873,2019-09-08 01:10:00+00:00,R,N,1,119,137,Los Angeles Dodgers,San Francisco Giants
2019,2019-09-08,565001,2019-09-08 17:05:00+00:00,R,N,1,110,140,Baltimore Orioles,Texas Rangers
2019,2019-09-08,565294,2019-09-08 17:10:00+00:00,R,N,1,113,109,Cincinnati Reds,Arizona Diamondbacks
2019,2019-09-08,566738,2019-09-08 17:10:00+00:00,R,N,1,139,141,Tampa Bay Rays,Toronto Blue Jays
2019,2019-09-08,566056,2019-09-08 17:10:00+00:00,R,N,1,121,143,New York Mets,Philadelphia Phillies
2019,2019-09-08,567432,2019-09-08 17:10:00+00:00,R,N,1,146,118,Miami Marlins,Kansas City Royals
2019,2019-09-08,567241,2019-09-08 17:20:00+00:00,R,N,1,144,120,Atlanta Braves,Washington Nationals
2019,2019-09-08,566251,2019-09-08 17:35:00+00:00,R,N,1,134,138,Pittsburgh Pirates,St. Louis Cardinals
2019,2019-09-08,565677,2019-09-08 18:10:00+00:00,R,N,1,117,136,Houston Astros,Seattle Mariners
2019,2019-09-08,567032,2019-09-08 18:10:00+00:00,R,N,1,142,114,Minnesota Twins,Cleveland Indians
2019,2019-09-08,567334,2019-09-08 18:10:00+00:00,R,N,1,145,108,Chicago White Sox,Los Angeles Angels
2019,2019-09-08,567625,2019-09-08 18:10:00+00:00,R,N,1,158,112,Milwaukee Brewers,Chicago Cubs
2019,2019-09-08,566158,2019-09-08 20:07:00+00:00,R,N,1,133,116,Oakland Athletics,Detroit Tigers
2019,2019-09-08,566345,2019-09-08 20:10:00+00:00,R,N,1,135,115,San Diego Padres,Colorado Rockies
2019,2019-09-08,565874,2019-09-08 20:10:00+00:00,R,N,1,119,137,Los Angeles Dodgers,San Francisco Giants
2019,2019-09-08,565100,2019-09-09 00:05:00+00:00,R,N,1,111,147,Boston Red Sox,New York Yankees
2019,2019-09-09,567131,2019-09-09 23:05:00+00:00,R,N,1,143,144,Philadelphia Phillies,Atlanta Braves
2019,2019-09-09,566057,2019-09-09 23:10:00+00:00,R,N,1,121,109,New York Mets,Arizona Diamondbacks
2019,2019-09-09,565101,2019-09-09 23:10:00+00:00,R,N,1,111,147,Boston Red Sox,New York Yankees
2019,2019-09-09,567433,2019-09-09 23:10:00+00:00,R,N,1,146,158,Miami Marlins,Milwaukee Brewers
2019,2019-09-09,565678,2019-09-10 00:10:00+00:00,R,N,1,117,133,Houston Astros,Oakland Athletics
2019,2019-09-09,566539,2019-09-10 01:45:00+00:00,R,N,1,137,134,San Francisco Giants,Pittsburgh Pirates
2019,2019-09-09,564803,2019-09-10 02:07:00+00:00,R,N,1,108,114,Los Angeles Angels,Cleveland Indians
2019,2019-09-09,566346,2019-09-10 02:10:00+00:00,R,N,1,135,112,San Diego Padres,Chicago Cubs
2019,2019-09-10,565578,2019-09-10 22:40:00+00:00,R,N,1,116,147,Detroit Tigers,New York Yankees
2019,2019-09-10,565002,2019-09-10 23:05:00+00:00,R,N,1,110,119,Baltimore Orioles,Los Angeles Dodgers
2019,2019-09-10,567132,2019-09-10 23:05:00+00:00,R,N,1,143,144,Philadelphia Phillies,Atlanta Braves
2019,2019-09-10,566933,2019-09-10 23:07:00+00:00,R,N,1,141,111,Toronto Blue Jays,Boston Red Sox
2019,2019-09-10,566058,2019-09-10 23:10:00+00:00,R,N,1,121,109,New York Mets,Arizona Diamondbacks
2019,2019-09-10,567434,2019-09-10 23:10:00+00:00,R,N,1,146,158,Miami Marlins,Milwaukee Brewers
2019,2019-09-10,567033,2019-09-10 23:40:00+00:00,R,N,1,142,120,Minnesota Twins,Washington Nationals
2019,2019-09-10,566837,2019-09-11 00:05:00+00:00,R,N,1,140,139,Texas Rangers,Tampa Bay Rays
2019,2019-09-10,565679,2019-09-11 00:10:00+00:00,R,N,1,117,133,Houston Astros,Oakland Athletics
2019,2019-09-10,567335,2019-09-11 00:10:00+00:00,R,N,1,145,118,Chicago White Sox,Kansas City Royals
2019,2019-09-10,565482,2019-09-11 00:40:00+00:00,R,N,1,115,138,Colorado Rockies,St. Louis Cardinals
2019,2019-09-10,566540,2019-09-11 01:45:00+00:00,R,N,1,137,134,San Francisco Giants,Pittsburgh Pirates
2019,2019-09-10,564804,2019-09-11 02:07:00+00:00,R,N,1,108,114,Los Angeles Angels,Cleveland Indians
2019,2019-09-10,566347,2019-09-11 02:10:00+00:00,R,N,1,135,112,San Diego Padres,Chicago Cubs
2019,2019-09-10,566441,2019-09-11 02:10:00+00:00,R,N,1,136,113,Seattle Mariners,Cincinnati Reds
2019,2019-09-11,565003,2019-09-11 23:05:00+00:00,R,N,1,110,119,Baltimore Orioles,Los Angeles Dodgers
2019,2019-09-11,567133,2019-09-11 23:05:00+00:00,R,N,1,143,144,Philadelphia Phillies,Atlanta Braves
2019,2019-09-11,566934,2019-09-11 23:07:00+00:00,R,N,1,141,111,Toronto Blue Jays,Boston Red Sox
2019,2019-09-11,566059,2019-09-11 23:10:00+00:00,R,N,1,121,109,New York Mets,Arizona Diamondbacks
2019,2019-09-11,567435,2019-09-11 23:10:00+00:00,R,N,1,146,158,Miami Marlins,Milwaukee Brewers
2019,2019-09-11,567034,2019-09-11 23:40:00+00:00,R,N,1,142,120,Minnesota Twins,Washington Nationals
2019,2019-09-11,566838,2019-09-12 00:05:00+00:00,R,N,1,140,139,Texas Rangers,Tampa Bay Rays
2019,2019-09-11,564805,2019-09-12 00:07:00+00:00,R,N,1,108,114,Los Angeles Angels,Cleveland Indians
2019,2019-09-11,565680,2019-09-12 00:10:00+00:00,R,N,1,117,133,Houston Astros,Oakland Athletics
2019,2019-09-11,567336,2019-09-12 00:10:00+00:00,R,N,1,145,118,Chicago White Sox,Kansas City Royals
2019,2019-09-11,565483,2019-09-12 00:40:00+00:00,R,N,1,115,138,Colorado Rockies,St. Louis Cardinals
2019,2019-09-11,566541,2019-09-12 01:45:00+00:00,R,N,1,137,134,San Francisco Giants,Pittsburgh Pirates
2019,2019-09-11,566348,2019-09-12 02:10:00+00:00,R,N,1,135,112,San Diego Padres,Chicago Cubs
2019,2019-09-11,566442,2019-09-12 02:10:00+00:00,R,N,1,136,113,Seattle Mariners,Cincinnati Reds
2019,2019-09-12,565579,2019-09-11 22:40:00+00:00,R,N,1,116,147,Detroit Tigers,New York Yankees
2019,2019-09-12,566060,2019-09-12 17:10:00+00:00,R,N,1,121,109,New York Mets,Arizona Diamondbacks
2019,2019-09-12,565580,2019-09-12 17:10:00+00:00,R,Y,1,116,147,Detroit Tigers,New York Yankees
2019,2019-09-12,565579,2019-09-12 17:15:00+00:00,R,Y,2,116,147,Detroit Tigers,New York Yankees
2019,2019-09-12,567436,2019-09-12 17:10:00+00:00,R,N,1,146,158,Miami Marlins,Milwaukee Brewers
2019,2019-09-12,567337,2019-09-12 18:10:00+00:00,R,N,1,145,118,Chicago White Sox,Kansas City Royals
2019,2019-09-12,565484,2019-09-12 19:10:00+00:00,R,N,1,115,138,Colorado Rockies,St. Louis Cardinals
2019,2019-09-12,566349,2019-09-12 19:40:00+00:00,R,N,1,135,112,San Diego Padres,Chicago Cubs
2019,2019-09-12,566542,2019-09-12 19:45:00+00:00,R,N,1,137,134,San Francisco Giants,Pittsburgh Pirates
2019,2019-09-12,566935,2019-09-12 23:07:00+00:00,R,N,1,141,111,Toronto Blue Jays,Boston Red Sox
2019,2019-09-12,565004,2019-09-12 23:15:00+00:00,R,N,1,110,119,Baltimore Orioles,Los Angeles Dodgers
2019,2019-09-12,567134,2019-09-12 23:15:00+00:00,R,N,1,143,144,Philadelphia Phillies,Atlanta Braves
2019,2019-09-12,567035,2019-09-12 23:40:00+00:00,R,N,1,142,120,Minnesota Twins,Washington Nationals
2019,2019-09-12,566839,2019-09-13 00:05:00+00:00,R,N,1,140,139,Texas Rangers,Tampa Bay Rays
2019,2019-09-12,565681,2019-09-13 00:10:00+00:00,R,N,1,117,133,Houston Astros,Oakland Athletics
2019,2019-09-12,566443,2019-09-13 02:10:00+00:00,R,N,1,136,113,Seattle Mariners,Cincinnati Reds
2019,2019-09-13,565195,2019-09-13 20:05:00+00:00,R,N,1,112,134,Chicago Cubs,Pittsburgh Pirates
2019,2019-09-13,565966,2019-09-13 23:05:00+00:00,R,N,1,120,144,Washington Nationals,Atlanta Braves
2019,2019-09-13,566936,2019-09-13 23:07:00+00:00,R,N,1,141,147,Toronto Blue Jays,New York Yankees
2019,2019-09-13,565581,2019-09-13 23:10:00+00:00,R,N,1,116,110,Detroit Tigers,Baltimore Orioles
2019,2019-09-13,566061,2019-09-13 23:10:00+00:00,R,N,1,121,119,New York Mets,Los Angeles Dodgers
2019,2019-09-13,566840,2019-09-14 00:05:00+00:00,R,N,1,140,133,Texas Rangers,Oakland Athletics
2019,2019-09-13,565775,2019-09-14 00:15:00+00:00,R,N,1,118,117,Kansas City Royals,Houston Astros
2019,2019-09-13,566639,2019-09-14 00:15:00+00:00,R,N,1,138,158,St. Louis Cardinals,Milwaukee Brewers
2019,2019-09-13,565485,2019-09-14 00:40:00+00:00,R,N,1,115,135,Colorado Rockies,San Diego Padres
2019,2019-09-13,564902,2019-09-14 01:40:00+00:00,R,N,1,109,113,Arizona Diamondbacks,Cincinnati Reds
2019,2019-09-13,564806,2019-09-14 02:07:00+00:00,R,N,1,108,139,Los Angeles Angels,Tampa Bay Rays
2019,2019-09-13,566444,2019-09-14 02:10:00+00:00,R,N,1,136,145,Seattle Mariners,Chicago White Sox
2019,2019-09-13,566543,2019-09-14 02:15:00+00:00,R,N,1,137,146,San Francisco Giants,Miami Marlins
2019,2019-09-14,565388,2019-09-13 23:10:00+00:00,R,N,1,114,142,Cleveland Indians,Minnesota Twins
2019,2019-09-14,565388,2019-09-14 17:10:00+00:00,R,S,1,114,142,Cleveland Indians,Minnesota Twins
2019,2019-09-14,565389,2019-09-14 23:10:00+00:00,R,S,2,114,142,Cleveland Indians,Minnesota Twins
2019,2019-09-14,565196,2019-09-14 18:20:00+00:00,R,N,1,112,134,Chicago Cubs,Pittsburgh Pirates
2019,2019-09-14,566937,2019-09-14 19:07:00+00:00,R,N,1,141,147,Toronto Blue Jays,New York Yankees
2019,2019-09-14,565967,2019-09-14 20:05:00+00:00,R,N,1,120,144,Washington Nationals,Atlanta Braves
2019,2019-09-14,565582,2019-09-14 22:10:00+00:00,R,N,1,116,110,Detroit Tigers,Baltimore Orioles
2019,2019-09-14,567135,2019-09-14 23:05:00+00:00,R,N,1,143,111,Philadelphia Phillies,Boston Red Sox
2019,2019-09-14,566062,2019-09-14 23:10:00+00:00,R,N,1,121,119,New York Mets,Los Angeles Dodgers
2019,2019-09-14,565776,2019-09-14 23:15:00+00:00,R,N,1,118,117,Kansas City Royals,Houston Astros
2019,2019-09-14,566640,2019-09-14 23:15:00+00:00,R,N,1,138,158,St. Louis Cardinals,Milwaukee Brewers
2019,2019-09-14,566841,2019-09-15 00:05:00+00:00,R,N,1,140,133,Texas Rangers,Oakland Athletics
2019,2019-09-14,564903,2019-09-15 00:10:00+00:00,R,N,1,109,113,Arizona Diamondbacks,Cincinnati Reds
2019,2019-09-14,565486,2019-09-15 00:10:00+00:00,R,N,1,115,135,Colorado Rockies,San Diego Padres
2019,2019-09-14,566544,2019-09-15 01:05:00+00:00,R,N,1,137,146,San Francisco Giants,Miami Marlins
2019,2019-09-14,564807,2019-09-15 01:07:00+00:00,R,N,1,108,139,Los Angeles Angels,Tampa Bay Rays
2019,2019-09-14,566445,2019-09-15 01:10:00+00:00,R,N,1,136,145,Seattle Mariners,Chicago White Sox
2019,2019-09-15,567136,2019-09-15 17:05:00+00:00,R,N,1,143,111,Philadelphia Phillies,Boston Red Sox
2019,2019-09-15,566938,2019-09-15 17:07:00+00:00,R,N,1,141,147,Toronto Blue Jays,New York Yankees
2019,2019-09-15,565583,2019-09-15 17:10:00+00:00,R,N,1,116,110,Detroit Tigers,Baltimore Orioles
2019,2019-09-15,565390,2019-09-15 17:10:00+00:00,R,N,1,114,142,Cleveland Indians,Minnesota Twins
2019,2019-09-15,565968,2019-09-15 17:38:00+00:00,R,N,1,120,144,Washington Nationals,Atlanta Braves
2019,2019-09-15,565777,2019-09-15 18:15:00+00:00,R,N,1,118,117,Kansas City Royals,Houston Astros
2019,2019-09-15,566641,2019-09-15 18:15:00+00:00,R,N,1,138,158,St. Louis Cardinals,Milwaukee Brewers
2019,2019-09-15,565197,2019-09-15 18:20:00+00:00,R,N,1,112,134,Chicago Cubs,Pittsburgh Pirates
2019,2019-09-15,566842,2019-09-15 19:05:00+00:00,R,N,1,140,133,Texas Rangers,Oakland Athletics
2019,2019-09-15,565487,2019-09-15 19:10:00+00:00,R,N,1,115,135,Colorado Rockies,San Diego Padres
2019,2019-09-15,566545,2019-09-15 20:05:00+00:00,R,N,1,137,146,San Francisco Giants,Miami Marlins
2019,2019-09-15,564808,2019-09-15 20:07:00+00:00,R,N,1,108,139,Los Angeles Angels,Tampa Bay Rays
2019,2019-09-15,564904,2019-09-15 20:10:00+00:00,R,N,1,109,113,Arizona Diamondbacks,Cincinnati Reds
2019,2019-09-15,566446,2019-09-15 20:10:00+00:00,R,N,1,136,145,Seattle Mariners,Chicago White Sox
2019,2019-09-15,566063,2019-09-15 23:05:00+00:00,R,N,1,121,119,New York Mets,Los Angeles Dodgers
2019,2019-09-16,565584,2019-09-16 20:10:00+00:00,R,N,1,116,110,Detroit Tigers,Baltimore Orioles
2019,2019-09-16,567036,2019-09-16 23:40:00+00:00,R,N,1,142,145,Minnesota Twins,Chicago White Sox
2019,2019-09-16,567626,2019-09-16 23:40:00+00:00,R,N,1,158,135,Milwaukee Brewers,San Diego Padres
2019,2019-09-16,566642,2019-09-16 23:45:00+00:00,R,N,1,138,120,St. Louis Cardinals,Washington Nationals
2019,2019-09-16,565198,2019-09-17 00:05:00+00:00,R,N,1,112,113,Chicago Cubs,Cincinnati Reds
2019,2019-09-16,565488,2019-09-17 00:40:00+00:00,R,N,1,115,121,Colorado Rockies,New York Mets
2019,2019-09-16,564905,2019-09-17 01:40:00+00:00,R,N,1,109,146,Arizona Diamondbacks,Miami Marlins
2019,2019-09-16,566159,2019-09-17 02:07:00+00:00,R,N,1,133,118,Oakland Athletics,Kansas City Royals
2019,2019-09-17,567531,2019-09-17 22:35:00+00:00,R,N,1,147,108,New York Yankees,Los Angeles Angels
2019,2019-09-17,566252,2019-09-17 23:05:00+00:00,R,N,1,134,136,Pittsburgh Pirates,Seattle Mariners
2019,2019-09-17,565005,2019-09-17 23:05:00+00:00,R,N,1,110,141,Baltimore Orioles,Toronto Blue Jays
2019,2019-09-17,565391,2019-09-17 23:10:00+00:00,R,N,1,114,116,Cleveland Indians,Detroit Tigers
2019,2019-09-17,565102,2019-09-17 23:10:00+00:00,R,N,1,111,137,Boston Red Sox,San Francisco Giants
2019,2019-09-17,567242,2019-09-17 23:20:00+00:00,R,N,1,144,143,Atlanta Braves,Philadelphia Phillies
2019,2019-09-17,567037,2019-09-17 23:40:00+00:00,R,N,1,142,145,Minnesota Twins,Chicago White Sox
2019,2019-09-17,567627,2019-09-17 23:40:00+00:00,R,N,1,158,135,Milwaukee Brewers,San Diego Padres
2019,2019-09-17,566643,2019-09-17 23:45:00+00:00,R,N,1,138,120,St. Louis Cardinals,Washington Nationals
2019,2019-09-17,565199,2019-09-18 00:05:00+00:00,R,N,1,112,113,Chicago Cubs,Cincinnati Reds
2019,2019-09-17,565682,2019-09-18 00:10:00+00:00,R,N,1,117,140,Houston Astros,Texas Rangers
2019,2019-09-17,565489,2019-09-18 00:40:00+00:00,R,N,1,115,121,Colorado Rockies,New York Mets
2019,2019-09-17,564906,2019-09-18 01:40:00+00:00,R,N,1,109,146,Arizona Diamondbacks,Miami Marlins
2019,2019-09-17,566160,2019-09-18 02:07:00+00:00,R,N,1,133,118,Oakland Athletics,Kansas City Royals
2019,2019-09-17,565875,2019-09-18 02:10:00+00:00,R,N,1,119,139,Los Angeles Dodgers,Tampa Bay Rays
2019,2019-09-18,566644,2019-09-18 17:15:00+00:00,R,N,1,138,120,St. Louis Cardinals,Washington Nationals
2019,2019-09-18,565490,2019-09-18 19:10:00+00:00,R,N,1,115,121,Colorado Rockies,New York Mets
2019,2019-09-18,566161,2019-09-18 19:37:00+00:00,R,N,1,133,118,Oakland Athletics,Kansas City Royals
2019,2019-09-18,564907,2019-09-18 19:40:00+00:00,R,N,1,109,146,Arizona Diamondbacks,Miami Marlins
2019,2019-09-18,567532,2019-09-18 22:35:00+00:00,R,N,1,147,108,New York Yankees,Los Angeles Angels
2019,2019-09-18,566253,2019-09-18 23:05:00+00:00,R,N,1,134,136,Pittsburgh Pirates,Seattle Mariners
2019,2019-09-18,565006,2019-09-18 23:05:00+00:00,R,N,1,110,141,Baltimore Orioles,Toronto Blue Jays
2019,2019-09-18,565392,2019-09-18 23:10:00+00:00,R,N,1,114,116,Cleveland Indians,Detroit Tigers
2019,2019-09-18,565103,2019-09-18 23:10:00+00:00,R,N,1,111,137,Boston Red Sox,San Francisco Giants
2019,2019-09-18,567243,2019-09-18 23:20:00+00:00,R,N,1,144,143,Atlanta Braves,Philadelphia Phillies
2019,2019-09-18,567038,2019-09-18 23:40:00+00:00,R,N,1,142,145,Minnesota Twins,Chicago White Sox
2019,2019-09-18,567628,2019-09-18 23:40:00+00:00,R,N,1,158,135,Milwaukee Brewers,San Diego Padres
2019,2019-09-18,565200,2019-09-19 00:05:00+00:00,R,N,1,112,113,Chicago Cubs,Cincinnati Reds
2019,2019-09-18,565876,2019-09-19 00:10:00+00:00,R,N,1,119,139,Los Angeles Dodgers,Tampa Bay Rays
2019,2019-09-18,565683,2019-09-19 00:10:00+00:00,R,N,1,117,140,Houston Astros,Texas Rangers
2019,2019-09-19,567244,2019-09-19 16:10:00+00:00,R,N,1,144,143,Atlanta Braves,Philadelphia Phillies
2019,2019-09-19,566254,2019-09-19 16:35:00+00:00,R,N,1,134,136,Pittsburgh Pirates,Seattle Mariners
2019,2019-09-19,565104,2019-09-19 17:05:00+00:00,R,N,1,111,137,Boston Red Sox,San Francisco Giants
2019,2019-09-19,567629,2019-09-19 20:10:00+00:00,R,N,1,158,135,Milwaukee Brewers,San Diego Padres
2019,2019-09-19,567533,2019-09-19 22:35:00+00:00,R,N,1,147,108,New York Yankees,Los Angeles Angels
2019,2019-09-19,565007,2019-09-19 23:05:00+00:00,R,N,1,110,141,Baltimore Orioles,Toronto Blue Jays
2019,2019-09-19,565393,2019-09-19 23:15:00+00:00,R,N,1,114,116,Cleveland Indians,Detroit Tigers
2019,2019-09-19,565201,2019-09-19 23:15:00+00:00,R,N,1,112,138,Chicago Cubs,St. Louis Cardinals
2019,2019-09-19,567039,2019-09-19 23:40:00+00:00,R,N,1,142,118,Minnesota Twins,Kansas City Royals
2019,2019-09-20,565202,2019-09-20 18:20:00+00:00,R,N,1,112,138,Chicago Cubs,St. Louis Cardinals
2019,2019-09-20,565008,2019-09-20 23:05:00+00:00,R,N,1,110,136,Baltimore Orioles,Seattle Mariners
2019,2019-09-20,567534,2019-09-20 23:05:00+00:00,R,N,1,147,141,New York Yankees,Toronto Blue Jays
2019,2019-09-20,565295,2019-09-20 23:10:00+00:00,R,N,1,113,121,Cincinnati Reds,New York Mets
2019,2019-09-20,566739,2019-09-20 23:10:00+00:00,R,N,1,139,111,Tampa Bay Rays,Boston Red Sox
2019,2019-09-20,565394,2019-09-20 23:10:00+00:00,R,N,1,114,143,Cleveland Indians,Philadelphia Phillies
2019,2019-09-20,565585,2019-09-20 23:10:00+00:00,R,N,1,116,145,Detroit Tigers,Chicago White Sox
2019,2019-09-20,567437,2019-09-20 23:10:00+00:00,R,N,1,146,120,Miami Marlins,Washington Nationals
2019,2019-09-20,567245,2019-09-20 23:20:00+00:00,R,N,1,144,137,Atlanta Braves,San Francisco Giants
2019,2019-09-20,565684,2019-09-21 00:10:00+00:00,R,N,1,117,108,Houston Astros,Los Angeles Angels
2019,2019-09-20,567040,2019-09-21 00:10:00+00:00,R,N,1,142,118,Minnesota Twins,Kansas City Royals
2019,2019-09-20,567630,2019-09-21 00:10:00+00:00,R,N,1,158,134,Milwaukee Brewers,Pittsburgh Pirates
2019,2019-09-20,566162,2019-09-21 02:07:00+00:00,R,N,1,133,140,Oakland Athletics,Texas Rangers
2019,2019-09-20,565877,2019-09-21 02:10:00+00:00,R,N,1,119,115,Los Angeles Dodgers,Colorado Rockies
2019,2019-09-20,566350,2019-09-21 02:10:00+00:00,R,N,1,135,109,San Diego Padres,Arizona Diamondbacks
2019,2019-09-21,567535,2019-09-21 17:05:00+00:00,R,N,1,147,141,New York Yankees,Toronto Blue Jays
2019,2019-09-21,565203,2019-09-21 18:20:00+00:00,R,N,1,112,138,Chicago Cubs,St. Louis Cardinals
2019,2019-09-21,565296,2019-09-21 20:10:00+00:00,R,N,1,113,121,Cincinnati Reds,New York Mets
2019,2019-09-21,566740,2019-09-21 22:10:00+00:00,R,N,1,139,111,Tampa Bay Rays,Boston Red Sox
2019,2019-09-21,565586,2019-09-21 22:10:00+00:00,R,N,1,116,145,Detroit Tigers,Chicago White Sox
2019,2019-09-21,567438,2019-09-21 22:10:00+00:00,R,N,1,146,120,Miami Marlins,Washington Nationals
2019,2019-09-21,565009,2019-09-21 23:05:00+00:00,R,N,1,110,136,Baltimore Orioles,Seattle Mariners
2019,2019-09-21,565685,2019-09-21 23:10:00+00:00,R,N,1,117,108,Houston Astros,Los Angeles Angels
2019,2019-09-21,567041,2019-09-21 23:10:00+00:00,R,N,1,142,118,Minnesota Twins,Kansas City Royals
2019,2019-09-21,565395,2019-09-21 23:10:00+00:00,R,N,1,114,143,Cleveland Indians,Philadelphia Phillies
2019,2019-09-21,567631,2019-09-21 23:10:00+00:00,R,N,1,158,134,Milwaukee Brewers,Pittsburgh Pirates
2019,2019-09-21,567246,2019-09-21 23:20:00+00:00,R,N,1,144,137,Atlanta Braves,San Francisco Giants
2019,2019-09-21,566351,2019-09-22 00:40:00+00:00,R,N,1,135,109,San Diego Padres,Arizona Diamondbacks
2019,2019-09-21,566163,2019-09-22 01:07:00+00:00,R,N,1,133,140,Oakland Athletics,Texas Rangers
2019,2019-09-21,565878,2019-09-22 01:10:00+00:00,R,N,1,119,115,Los Angeles Dodgers,Colorado Rockies
2019,2019-09-22,565010,2019-09-22 17:05:00+00:00,R,N,1,110,136,Baltimore Orioles,Seattle Mariners
2019,2019-09-22,567536,2019-09-22 17:05:00+00:00,R,N,1,147,141,New York Yankees,Toronto Blue Jays
2019,2019-09-22,565297,2019-09-22 17:10:00+00:00,R,N,1,113,121,Cincinnati Reds,New York Mets
2019,2019-09-22,566741,2019-09-22 17:10:00+00:00,R,N,1,139,111,Tampa Bay Rays,Boston Red Sox
2019,2019-09-22,565587,2019-09-22 17:10:00+00:00,R,N,1,116,145,Detroit Tigers,Chicago White Sox
2019,2019-09-22,567439,2019-09-22 17:10:00+00:00,R,N,1,146,120,Miami Marlins,Washington Nationals
2019,2019-09-22,567247,2019-09-22 17:20:00+00:00,R,N,1,144,137,Atlanta Braves,San Francisco Giants
2019,2019-09-22,565686,2019-09-22 18:10:00+00:00,R,N,1,117,108,Houston Astros,Los Angeles Angels
2019,2019-09-22,567042,2019-09-22 18:10:00+00:00,R,N,1,142,118,Minnesota Twins,Kansas City Royals
2019,2019-09-22,567632,2019-09-22 18:10:00+00:00,R,N,1,158,134,Milwaukee Brewers,Pittsburgh Pirates
2019,2019-09-22,565204,2019-09-22 18:20:00+00:00,R,N,1,112,138,Chicago Cubs,St. Louis Cardinals
2019,2019-09-22,566164,2019-09-22 20:07:00+00:00,R,N,1,133,140,Oakland Athletics,Texas Rangers
2019,2019-09-22,565879,2019-09-22 20:10:00+00:00,R,N,1,119,115,Los Angeles Dodgers,Colorado Rockies
2019,2019-09-22,566352,2019-09-22 20:10:00+00:00,R,N,1,135,109,San Diego Padres,Arizona Diamondbacks
2019,2019-09-22,565396,2019-09-22 22:37:00+00:00,R,N,1,114,143,Cleveland Indians,Philadelphia Phillies
2019,2019-09-23,565969,2019-09-23 23:05:00+00:00,R,N,1,120,143,Washington Nationals,Philadelphia Phillies
2019,2019-09-23,566939,2019-09-23 23:07:00+00:00,R,N,1,141,110,Toronto Blue Jays,Baltimore Orioles
2019,2019-09-23,566742,2019-09-23 23:10:00+00:00,R,N,1,139,111,Tampa Bay Rays,Boston Red Sox
2019,2019-09-23,566064,2019-09-23 23:10:00+00:00,R,N,1,121,146,New York Mets,Miami Marlins
2019,2019-09-23,564908,2019-09-24 01:40:00+00:00,R,N,1,109,138,Arizona Diamondbacks,St. Louis Cardinals
2019,2019-09-24,565930,2019-09-24 17:05:00+00:00,R,S,1,120,143,Washington Nationals,Philadelphia Phillies
2019,2019-09-24,565970,2019-09-24 23:05:00+00:00,R,S,2,120,143,Washington Nationals,Philadelphia Phillies
2019,2019-09-24,565588,2019-09-24 22:40:00+00:00,R,N,1,116,142,Detroit Tigers,Minnesota Twins
2019,2019-09-24,565298,2019-09-24 22:40:00+00:00,R,N,1,113,158,Cincinnati Reds,Milwaukee Brewers
2019,2019-09-24,566255,2019-09-24 23:05:00+00:00,R,N,1,134,112,Pittsburgh Pirates,Chicago Cubs
2019,2019-09-24,566940,2019-09-24 23:07:00+00:00,R,N,1,141,110,Toronto Blue Jays,Baltimore Orioles
2019,2019-09-24,566065,2019-09-24 23:10:00+00:00,R,N,1,121,146,New York Mets,Miami Marlins
2019,2019-09-24,566743,2019-09-24 23:10:00+00:00,R,N,1,139,147,Tampa Bay Rays,New York Yankees
2019,2019-09-24,566843,2019-09-25 00:05:00+00:00,R,N,1,140,111,Texas Rangers,Boston Red Sox
2019,2019-09-24,567338,2019-09-25 00:10:00+00:00,R,N,1,145,114,Chicago White Sox,Cleveland Indians
2019,2019-09-24,565778,2019-09-25 00:15:00+00:00,R,N,1,118,144,Kansas City Royals,Atlanta Braves
2019,2019-09-24,564909,2019-09-25 01:40:00+00:00,R,N,1,109,138,Arizona Diamondbacks,St. Louis Cardinals
2019,2019-09-24,566546,2019-09-25 01:45:00+00:00,R,N,1,137,115,San Francisco Giants,Colorado Rockies
2019,2019-09-24,564809,2019-09-25 02:07:00+00:00,R,N,1,108,133,Los Angeles Angels,Oakland Athletics
2019,2019-09-24,566353,2019-09-25 02:10:00+00:00,R,N,1,135,119,San Diego Padres,Los Angeles Dodgers
2019,2019-09-24,566447,2019-09-25 02:10:00+00:00,R,N,1,136,117,Seattle Mariners,Houston Astros
2019,2019-09-25,564910,2019-09-25 19:40:00+00:00,R,N,1,109,138,Arizona Diamondbacks,St. Louis Cardinals
2019,2019-09-25,565589,2019-09-25 22:40:00+00:00,R,N,1,116,142,Detroit Tigers,Minnesota Twins
2019,2019-09-25,565299,2019-09-25 22:40:00+00:00,R,N,1,113,158,Cincinnati Reds,Milwaukee Brewers
2019,2019-09-25,566256,2019-09-25 23:05:00+00:00,R,N,1,134,112,Pittsburgh Pirates,Chicago Cubs
2019,2019-09-25,565971,2019-09-25 23:05:00+00:00,R,N,1,120,143,Washington Nationals,Philadelphia Phillies
2019,2019-09-25,566941,2019-09-25 23:07:00+00:00,R,N,1,141,110,Toronto Blue Jays,Baltimore Orioles
2019,2019-09-25,566066,2019-09-25 23:10:00+00:00,R,N,1,121,146,New York Mets,Miami Marlins
2019,2019-09-25,566744,2019-09-25 23:10:00+00:00,R,N,1,139,147,Tampa Bay Rays,New York Yankees
2019,2019-09-25,566844,2019-09-26 00:05:00+00:00,R,N,1,140,111,Texas Rangers,Boston Red Sox
2019,2019-09-25,567339,2019-09-26 00:10:00+00:00,R,N,1,145,114,Chicago White Sox,Cleveland Indians
2019,2019-09-25,565779,2019-09-26 00:15:00+00:00,R,N,1,118,144,Kansas City Royals,Atlanta Braves
2019,2019-09-25,566547,2019-09-26 01:45:00+00:00,R,N,1,137,115,San Francisco Giants,Colorado Rockies
2019,2019-09-25,564810,2019-09-26 02:07:00+00:00,R,N,1,108,133,Los Angeles Angels,Oakland Athletics
2019,2019-09-25,566354,2019-09-26 02:10:00+00:00,R,N,1,135,119,San Diego Padres,Los Angeles Dodgers
2019,2019-09-25,566448,2019-09-26 02:10:00+00:00,R,N,1,136,117,Seattle Mariners,Houston Astros
2019,2019-09-26,565300,2019-09-26 16:35:00+00:00,R,N,1,113,158,Cincinnati Reds,Milwaukee Brewers
2019,2019-09-26,565590,2019-09-26 17:10:00+00:00,R,N,1,116,142,Detroit Tigers,Minnesota Twins
2019,2019-09-26,566845,2019-09-26 18:05:00+00:00,R,N,1,140,111,Texas Rangers,Boston Red Sox
2019,2019-09-26,566355,2019-09-26 19:40:00+00:00,R,N,1,135,119,San Diego Padres,Los Angeles Dodgers
2019,2019-09-26,566548,2019-09-26 19:45:00+00:00,R,N,1,137,115,San Francisco Giants,Colorado Rockies
2019,2019-09-26,565972,2019-09-26 20:05:00+00:00,R,N,1,120,143,Washington Nationals,Philadelphia Phillies
2019,2019-09-26,566257,2019-09-26 23:05:00+00:00,R,N,1,134,112,Pittsburgh Pirates,Chicago Cubs
2019,2019-09-26,566067,2019-09-26 23:10:00+00:00,R,N,1,121,146,New York Mets,Miami Marlins
2019,2019-09-26,567340,2019-09-27 00:10:00+00:00,R,N,1,145,114,Chicago White Sox,Cleveland Indians
2019,2019-09-26,564811,2019-09-27 02:07:00+00:00,R,N,1,108,117,Los Angeles Angels,Houston Astros
2019,2019-09-26,566449,2019-09-27 02:10:00+00:00,R,N,1,136,133,Seattle Mariners,Oakland Athletics
2019,2019-09-27,565973,2019-09-27 23:05:00+00:00,R,N,1,120,114,Washington Nationals,Cleveland Indians
2019,2019-09-27,566258,2019-09-27 23:05:00+00:00,R,N,1,134,113,Pittsburgh Pirates,Cincinnati Reds
2019,2019-09-27,567137,2019-09-27 23:05:00+00:00,R,N,1,143,146,Philadelphia Phillies,Miami Marlins
2019,2019-09-27,566942,2019-09-27 23:07:00+00:00,R,N,1,141,139,Toronto Blue Jays,Tampa Bay Rays
2019,2019-09-27,565105,2019-09-27 23:10:00+00:00,R,N,1,111,110,Boston Red Sox,Baltimore Orioles
2019,2019-09-27,566068,2019-09-27 23:10:00+00:00,R,N,1,121,144,New York Mets,Atlanta Braves
2019,2019-09-27,566846,2019-09-28 00:05:00+00:00,R,N,1,140,147,Texas Rangers,New York Yankees
2019,2019-09-27,565491,2019-09-28 00:10:00+00:00,R,N,1,115,158,Colorado Rockies,Milwaukee Brewers
2019,2019-09-27,566645,2019-09-28 00:15:00+00:00,R,N,1,138,112,St. Louis Cardinals,Chicago Cubs
2019,2019-09-27,565780,2019-09-28 00:15:00+00:00,R,N,1,118,142,Kansas City Royals,Minnesota Twins
2019,2019-09-27,564911,2019-09-28 01:40:00+00:00,R,N,1,109,135,Arizona Diamondbacks,San Diego Padres
2019,2019-09-27,564812,2019-09-28 02:07:00+00:00,R,N,1,108,117,Los Angeles Angels,Houston Astros
2019,2019-09-27,566450,2019-09-28 02:10:00+00:00,R,N,1,136,133,Seattle Mariners,Oakland Athletics
2019,2019-09-27,566549,2019-09-28 02:15:00+00:00,R,N,1,137,119,San Francisco Giants,Los Angeles Dodgers
2019,2019-09-28,567341,2019-09-27 20:10:00+00:00,R,Y,1,145,116,Chicago White Sox,Detroit Tigers
2019,2019-09-27,567304,2019-09-27 08:33:00+00:00,R,Y,2,145,116,Chicago White Sox,Detroit Tigers
2019,2019-09-28,565106,2019-09-28 17:05:00+00:00,R,N,1,111,110,Boston Red Sox,Baltimore Orioles
2019,2019-09-28,565781,2019-09-28 18:15:00+00:00,R,N,1,118,142,Kansas City Royals,Minnesota Twins
2019,2019-09-28,566943,2019-09-28 19:07:00+00:00,R,N,1,141,139,Toronto Blue Jays,Tampa Bay Rays
2019,2019-09-28,567342,2019-09-28 19:40:00+00:00,R,Y,1,145,116,Chicago White Sox,Detroit Tigers
2019,2019-09-28,567341,2019-09-28 19:45:00+00:00,R,Y,2,145,116,Chicago White Sox,Detroit Tigers
2019,2019-09-28,565974,2019-09-28 20:05:00+00:00,R,N,1,120,114,Washington Nationals,Cleveland Indians
2019,2019-09-28,566550,2019-09-28 20:05:00+00:00,R,N,1,137,119,San Francisco Giants,Los Angeles Dodgers
2019,2019-09-28,567138,2019-09-28 22:05:00+00:00,R,N,1,143,146,Philadelphia Phillies,Miami Marlins
2019,2019-09-28,566259,2019-09-28 23:05:00+00:00,R,N,1,134,113,Pittsburgh Pirates,Cincinnati Reds
2019,2019-09-28,566646,2019-09-28 23:15:00+00:00,R,N,1,138,112,St. Louis Cardinals,Chicago Cubs
2019,2019-09-28,566069,2019-09-28 23:15:00+00:00,R,N,1,121,144,New York Mets,Atlanta Braves
2019,2019-09-28,566847,2019-09-29 00:05:00+00:00,R,N,1,140,147,Texas Rangers,New York Yankees
2019,2019-09-28,564912,2019-09-29 00:10:00+00:00,R,N,1,109,135,Arizona Diamondbacks,San Diego Padres
2019,2019-09-28,565492,2019-09-29 00:10:00+00:00,R,N,1,115,158,Colorado Rockies,Milwaukee Brewers
2019,2019-09-28,564813,2019-09-29 01:07:00+00:00,R,N,1,108,117,Los Angeles Angels,Houston Astros
2019,2019-09-28,566451,2019-09-29 01:10:00+00:00,R,N,1,136,133,Seattle Mariners,Oakland Athletics
2019,2019-09-29,565107,2019-09-29 19:05:00+00:00,R,N,1,111,110,Boston Red Sox,Baltimore Orioles
2019,2019-09-29,565975,2019-09-29 19:05:00+00:00,R,N,1,120,114,Washington Nationals,Cleveland Indians
2019,2019-09-29,566260,2019-09-29 19:05:00+00:00,R,N,1,134,113,Pittsburgh Pirates,Cincinnati Reds
2019,2019-09-29,566551,2019-09-29 19:05:00+00:00,R,N,1,137,119,San Francisco Giants,Los Angeles Dodgers
2019,2019-09-29,567139,2019-09-29 19:05:00+00:00,R,N,1,143,146,Philadelphia Phillies,Miami Marlins
2019,2019-09-29,566848,2019-09-29 19:05:00+00:00,R,N,1,140,147,Texas Rangers,New York Yankees
2019,2019-09-29,564814,2019-09-29 19:07:00+00:00,R,N,1,108,117,Los Angeles Angels,Houston Astros
2019,2019-09-29,566944,2019-09-29 19:07:00+00:00,R,N,1,141,139,Toronto Blue Jays,Tampa Bay Rays
2019,2019-09-29,564913,2019-09-29 19:10:00+00:00,R,N,1,109,135,Arizona Diamondbacks,San Diego Padres
2019,2019-09-29,566452,2019-09-29 19:10:00+00:00,R,N,1,136,133,Seattle Mariners,Oakland Athletics
2019,2019-09-29,566070,2019-09-29 19:10:00+00:00,R,N,1,121,144,New York Mets,Atlanta Braves
2019,2019-09-29,567343,2019-09-29 19:10:00+00:00,R,N,1,145,116,Chicago White Sox,Detroit Tigers
2019,2019-09-29,565493,2019-09-29 19:10:00+00:00,R,N,1,115,158,Colorado Rockies,Milwaukee Brewers
2019,2019-09-29,566647,2019-09-29 19:15:00+00:00,R,N,1,138,112,St. Louis Cardinals,Chicago Cubs
2019,2019-09-29,565782,2019-09-29 19:15:00+00:00,R,N,1,118,142,Kansas City Royals,Minnesota Twins
