season,game_date_et,game_pk,start_utc,game_type,doubleheader,game_number,home_team_id,away_team_id,home_team,away_team
2021,2021-04-01,634642,2021-04-01 17:05:00+00:00,R,N,1,147,141,New York Yankees,Toronto Blue Jays
2021,2021-04-01,634645,2021-04-01 17:10:00+00:00,R,N,1,116,114,Detroit Tigers,Cleveland Indians
2021,2021-04-01,634638,2021-04-01 18:10:00+00:00,R,N,1,158,142,Milwaukee Brewers,Minnesota Twins
2021,2021-04-01,634634,2021-04-01 18:20:00+00:00,R,N,1,112,134,Chicago Cubs,Pittsburgh Pirates
2021,2021-04-01,634622,2021-04-01 19:05:00+00:00,R,N,1,143,144,Philadelphia Phillies,Atlanta Braves
2021,2021-04-01,634615,2021-04-01 20:10:00+00:00,R,N,1,115,119,Colorado Rockies,Los Angeles Dodgers
2021,2021-04-01,634618,2021-04-01 20:10:00+00:00,R,N,1,135,109,San Diego Padres,Arizona Diamondbacks
2021,2021-04-01,634636,2021-04-01 20:10:00+00:00,R,N,1,113,138,Cincinnati Reds,St. Louis Cardinals
2021,2021-04-01,634630,2021-04-01 20:10:00+00:00,R,N,1,118,140,Kansas City Royals,Texas Rangers
2021,2021-04-01,634652,2021-04-01 20:10:00+00:00,R,N,1,146,139,Miami Marlins,Tampa Bay Rays
2021,2021-04-01,634655,2021-04-02 02:05:00+00:00,R,N,1,108,145,Los Angeles Angels,Chicago White Sox
2021,2021-04-01,634640,2021-04-02 02:07:00+00:00,R,N,1,133,117,Oakland Athletics,Houston Astros
2021,2021-04-01,634625,2021-04-02 02:10:00+00:00,R,N,1,136,137,Seattle Mariners,San Francisco Giants
2021,2021-04-02,634627,2021-04-01 18:10:00+00:00,R,N,1,111,110,Boston Red Sox,Baltimore Orioles
2021,2021-06-19,634647,2021-04-01 23:09:00+00:00,R,N,1,120,121,Washington Nationals,New York Mets
2021,2021-04-02,634627,2021-04-02 18:10:00+00:00,R,N,1,111,110,Boston Red Sox,Baltimore Orioles
2021,2021-04-02,634602,2021-04-02 23:10:00+00:00,R,N,1,146,139,Miami Marlins,Tampa Bay Rays
2021,2021-04-02,634653,2021-04-03 00:40:00+00:00,R,N,1,115,119,Colorado Rockies,Los Angeles Dodgers
2021,2021-04-02,634631,2021-04-03 01:38:00+00:00,R,N,1,108,145,Los Angeles Angels,Chicago White Sox
2021,2021-04-02,634605,2021-04-03 01:40:00+00:00,R,N,1,133,117,Oakland Athletics,Houston Astros
2021,2021-04-02,634576,2021-04-03 02:10:00+00:00,R,N,1,135,109,San Diego Padres,Arizona Diamondbacks
2021,2021-04-02,634578,2021-04-03 02:10:00+00:00,R,N,1,136,137,Seattle Mariners,San Francisco Giants
2021,2021-04-03,634644,2021-04-03 17:05:00+00:00,R,N,1,147,141,New York Yankees,Toronto Blue Jays
2021,2021-04-03,634577,2021-04-03 17:10:00+00:00,R,N,1,111,110,Boston Red Sox,Baltimore Orioles
2021,2021-04-03,634573,2021-04-03 17:10:00+00:00,R,N,1,116,114,Detroit Tigers,Cleveland Indians
2021,2021-04-03,634604,2021-04-03 18:10:00+00:00,R,N,1,118,140,Kansas City Royals,Texas Rangers
2021,2021-04-03,634643,2021-04-03 18:20:00+00:00,R,N,1,112,134,Chicago Cubs,Pittsburgh Pirates
2021,2021-04-03,634580,2021-04-03 20:05:00+00:00,R,N,1,143,144,Philadelphia Phillies,Atlanta Braves
2021,2021-04-03,634629,2021-04-03 20:07:00+00:00,R,N,1,133,117,Oakland Athletics,Houston Astros
2021,2021-04-03,634654,2021-04-03 20:10:00+00:00,R,N,1,113,138,Cincinnati Reds,St. Louis Cardinals
2021,2021-04-03,634596,2021-04-03 22:10:00+00:00,R,N,1,146,139,Miami Marlins,Tampa Bay Rays
2021,2021-04-03,634575,2021-04-03 23:10:00+00:00,R,N,1,158,142,Milwaukee Brewers,Minnesota Twins
2021,2021-04-03,634633,2021-04-04 00:10:00+00:00,R,N,1,115,119,Colorado Rockies,Los Angeles Dodgers
2021,2021-04-03,634623,2021-04-04 00:40:00+00:00,R,N,1,135,109,San Diego Padres,Arizona Diamondbacks
2021,2021-04-03,634646,2021-04-04 01:07:00+00:00,R,N,1,108,145,Los Angeles Angels,Chicago White Sox
2021,2021-04-03,634639,2021-04-04 01:10:00+00:00,R,N,1,136,137,Seattle Mariners,San Francisco Giants
2021,2021-06-28,634620,2021-04-03 20:05:00+00:00,R,N,1,120,121,Washington Nationals,New York Mets
2021,2021-04-04,634617,2021-04-04 17:05:00+00:00,R,N,1,143,144,Philadelphia Phillies,Atlanta Braves
2021,2021-04-04,634607,2021-04-04 17:05:00+00:00,R,N,1,147,141,New York Yankees,Toronto Blue Jays
2021,2021-04-04,634610,2021-04-04 17:10:00+00:00,R,N,1,111,110,Boston Red Sox,Baltimore Orioles
2021,2021-04-04,634611,2021-04-04 17:10:00+00:00,R,N,1,116,114,Detroit Tigers,Cleveland Indians
2021,2021-04-04,634560,2021-04-04 17:10:00+00:00,R,N,1,113,138,Cincinnati Reds,St. Louis Cardinals
2021,2021-04-04,634593,2021-04-04 18:10:00+00:00,R,N,1,118,140,Kansas City Royals,Texas Rangers
2021,2021-04-04,634597,2021-04-04 18:10:00+00:00,R,N,1,158,142,Milwaukee Brewers,Minnesota Twins
2021,2021-04-04,634613,2021-04-04 18:20:00+00:00,R,N,1,112,134,Chicago Cubs,Pittsburgh Pirates
2021,2021-04-04,634557,2021-04-04 19:10:00+00:00,R,N,1,115,119,Colorado Rockies,Los Angeles Dodgers
2021,2021-04-04,634651,2021-04-04 20:07:00+00:00,R,N,1,133,117,Oakland Athletics,Houston Astros
2021,2021-04-04,634572,2021-04-04 20:10:00+00:00,R,N,1,135,109,San Diego Padres,Arizona Diamondbacks
2021,2021-04-04,634637,2021-04-05 00:37:00+00:00,R,N,1,108,145,Los Angeles Angels,Chicago White Sox
2021,2021-09-04,634556,2021-04-04 17:05:00+00:00,R,N,1,120,121,Washington Nationals,New York Mets
2021,2021-04-05,634588,2021-04-05 17:10:00+00:00,R,N,1,116,142,Detroit Tigers,Minnesota Twins
2021,2021-04-05,634612,2021-04-05 20:05:00+00:00,R,N,1,140,141,Texas Rangers,Toronto Blue Jays
2021,2021-04-05,634616,2021-04-05 20:10:00+00:00,R,N,1,114,118,Cleveland Indians,Kansas City Royals
2021,2021-04-05,634587,2021-04-05 22:35:00+00:00,R,N,1,147,110,New York Yankees,Baltimore Orioles
2021,2021-04-05,634558,2021-04-05 22:40:00+00:00,R,N,1,113,134,Cincinnati Reds,Pittsburgh Pirates
2021,2021-04-05,634562,2021-04-05 22:40:00+00:00,R,N,1,146,138,Miami Marlins,St. Louis Cardinals
2021,2021-04-05,634606,2021-04-05 23:05:00+00:00,R,N,1,143,121,Philadelphia Phillies,New York Mets
2021,2021-04-05,634601,2021-04-05 23:10:00+00:00,R,N,1,111,139,Boston Red Sox,Tampa Bay Rays
2021,2021-04-05,634566,2021-04-05 23:40:00+00:00,R,N,1,112,158,Chicago Cubs,Milwaukee Brewers
2021,2021-04-05,634552,2021-04-06 01:38:00+00:00,R,N,1,108,117,Los Angeles Angels,Houston Astros
2021,2021-04-05,634600,2021-04-06 01:40:00+00:00,R,N,1,133,119,Oakland Athletics,Los Angeles Dodgers
2021,2021-04-05,634591,2021-04-06 02:10:00+00:00,R,N,1,135,137,San Diego Padres,San Francisco Giants
2021,2021-04-05,634551,2021-04-06 02:10:00+00:00,R,N,1,136,145,Seattle Mariners,Chicago White Sox
2021,2021-04-07,634595,2021-04-05 20:05:00+00:00,R,N,1,120,144,Washington Nationals,Atlanta Braves
2021,2021-04-06,634603,2021-04-06 17:10:00+00:00,R,N,1,116,142,Detroit Tigers,Minnesota Twins
2021,2021-04-06,634624,2021-04-06 20:05:00+00:00,R,N,1,120,144,Washington Nationals,Atlanta Braves
2021,2021-04-06,634586,2021-04-06 20:07:00+00:00,R,N,1,108,117,Los Angeles Angels,Houston Astros
2021,2021-04-06,634599,2021-04-06 22:35:00+00:00,R,N,1,147,110,New York Yankees,Baltimore Orioles
2021,2021-04-06,634530,2021-04-06 22:40:00+00:00,R,N,1,113,134,Cincinnati Reds,Pittsburgh Pirates
2021,2021-04-06,634594,2021-04-06 22:40:00+00:00,R,N,1,146,138,Miami Marlins,St. Louis Cardinals
2021,2021-04-06,634608,2021-04-06 23:05:00+00:00,R,N,1,143,121,Philadelphia Phillies,New York Mets
2021,2021-04-06,634590,2021-04-06 23:10:00+00:00,R,N,1,111,139,Boston Red Sox,Tampa Bay Rays
2021,2021-04-06,634559,2021-04-06 23:40:00+00:00,R,N,1,112,158,Chicago Cubs,Milwaukee Brewers
2021,2021-04-06,634635,2021-04-07 00:05:00+00:00,R,N,1,140,141,Texas Rangers,Toronto Blue Jays
2021,2021-04-06,634619,2021-04-07 00:40:00+00:00,R,N,1,115,109,Colorado Rockies,Arizona Diamondbacks
2021,2021-04-06,634628,2021-04-07 01:40:00+00:00,R,N,1,133,119,Oakland Athletics,Los Angeles Dodgers
2021,2021-04-06,634529,2021-04-07 02:10:00+00:00,R,N,1,135,137,San Diego Padres,San Francisco Giants
2021,2021-04-06,634609,2021-04-07 02:10:00+00:00,R,N,1,136,145,Seattle Mariners,Chicago White Sox
2021,2021-04-07,634527,2021-04-07 16:05:00+00:00,R,Y,1,120,144,Washington Nationals,Atlanta Braves
2021,2021-04-07,634595,2021-04-07 16:10:00+00:00,R,Y,2,120,144,Washington Nationals,Atlanta Braves
2021,2021-04-07,634570,2021-04-07 16:35:00+00:00,R,N,1,113,134,Cincinnati Reds,Pittsburgh Pirates
2021,2021-04-07,634589,2021-04-07 17:10:00+00:00,R,N,1,114,118,Cleveland Indians,Kansas City Royals
2021,2021-04-07,634641,2021-04-07 17:10:00+00:00,R,N,1,111,139,Boston Red Sox,Tampa Bay Rays
2021,2021-04-07,634598,2021-04-07 17:10:00+00:00,R,N,1,116,142,Detroit Tigers,Minnesota Twins
2021,2021-04-07,634583,2021-04-07 18:05:00+00:00,R,N,1,140,141,Texas Rangers,Toronto Blue Jays
2021,2021-04-07,634549,2021-04-07 18:20:00+00:00,R,N,1,112,158,Chicago Cubs,Milwaukee Brewers
2021,2021-04-07,634567,2021-04-07 19:37:00+00:00,R,N,1,133,119,Oakland Athletics,Los Angeles Dodgers
2021,2021-04-07,634626,2021-04-07 20:05:00+00:00,R,N,1,143,121,Philadelphia Phillies,New York Mets
2021,2021-04-07,634563,2021-04-07 20:10:00+00:00,R,N,1,135,137,San Diego Padres,San Francisco Giants
2021,2021-04-07,634592,2021-04-07 20:10:00+00:00,R,N,1,136,145,Seattle Mariners,Chicago White Sox
2021,2021-04-07,634585,2021-04-07 20:10:00+00:00,R,N,1,146,138,Miami Marlins,St. Louis Cardinals
2021,2021-04-07,634539,2021-04-07 22:35:00+00:00,R,N,1,147,110,New York Yankees,Baltimore Orioles
2021,2021-04-07,634542,2021-04-08 00:40:00+00:00,R,N,1,115,109,Colorado Rockies,Arizona Diamondbacks
2021,2021-04-08,634584,2021-04-08 17:10:00+00:00,R,N,1,121,146,New York Mets,Miami Marlins
2021,2021-04-08,634555,2021-04-08 17:35:00+00:00,R,N,1,134,112,Pittsburgh Pirates,Chicago Cubs
2021,2021-04-08,634544,2021-04-08 19:05:00+00:00,R,N,1,110,111,Baltimore Orioles,Boston Red Sox
2021,2021-04-08,634564,2021-04-08 19:10:00+00:00,R,N,1,115,109,Colorado Rockies,Arizona Diamondbacks
2021,2021-04-08,634550,2021-04-08 20:10:00+00:00,R,N,1,142,136,Minnesota Twins,Seattle Mariners
2021,2021-04-08,634565,2021-04-08 20:10:00+00:00,R,N,1,145,118,Chicago White Sox,Kansas City Royals
2021,2021-04-08,634568,2021-04-08 20:15:00+00:00,R,N,1,138,158,St. Louis Cardinals,Milwaukee Brewers
2021,2021-04-08,634545,2021-04-08 23:07:00+00:00,R,N,1,141,108,Toronto Blue Jays,Los Angeles Angels
2021,2021-04-08,634546,2021-04-09 00:10:00+00:00,R,N,1,117,133,Houston Astros,Oakland Athletics
2021,2021-04-09,634499,2021-04-09 19:10:00+00:00,R,N,1,139,147,Tampa Bay Rays,New York Yankees
2021,2021-04-09,634533,2021-04-09 20:10:00+00:00,R,N,1,119,120,Los Angeles Dodgers,Washington Nationals
2021,2021-04-09,634494,2021-04-09 20:35:00+00:00,R,N,1,137,115,San Francisco Giants,Colorado Rockies
2021,2021-04-09,634512,2021-04-09 23:07:00+00:00,R,N,1,141,108,Toronto Blue Jays,Los Angeles Angels
2021,2021-04-09,634505,2021-04-09 23:10:00+00:00,R,N,1,114,116,Cleveland Indians,Detroit Tigers
2021,2021-04-09,634534,2021-04-09 23:20:00+00:00,R,N,1,144,143,Atlanta Braves,Philadelphia Phillies
2021,2021-04-09,634478,2021-04-10 00:05:00+00:00,R,N,1,140,135,Texas Rangers,San Diego Padres
2021,2021-04-09,634537,2021-04-10 00:10:00+00:00,R,N,1,117,133,Houston Astros,Oakland Athletics
2021,2021-04-09,634540,2021-04-10 01:40:00+00:00,R,N,1,109,113,Arizona Diamondbacks,Cincinnati Reds
2021,2021-04-10,632201,2021-04-10 17:10:00+00:00,R,N,1,121,146,New York Mets,Miami Marlins
2021,2021-04-10,632217,2021-04-10 17:10:00+00:00,R,N,1,139,147,Tampa Bay Rays,New York Yankees
2021,2021-04-10,632205,2021-04-10 18:10:00+00:00,R,N,1,142,136,Minnesota Twins,Seattle Mariners
2021,2021-04-10,632222,2021-04-10 18:15:00+00:00,R,N,1,138,158,St. Louis Cardinals,Milwaukee Brewers
2021,2021-04-10,632202,2021-04-10 20:05:00+00:00,R,N,1,117,133,Houston Astros,Oakland Athletics
2021,2021-04-10,632169,2021-04-10 20:05:00+00:00,R,N,1,137,115,San Francisco Giants,Colorado Rockies
2021,2021-04-10,632218,2021-04-10 22:10:00+00:00,R,N,1,114,116,Cleveland Indians,Detroit Tigers
2021,2021-04-10,632195,2021-04-10 22:35:00+00:00,R,N,1,134,112,Pittsburgh Pirates,Chicago Cubs
2021,2021-04-10,634491,2021-04-10 23:05:00+00:00,R,N,1,110,111,Baltimore Orioles,Boston Red Sox
2021,2021-04-10,632193,2021-04-10 23:05:00+00:00,R,N,1,140,135,Texas Rangers,San Diego Padres
2021,2021-04-10,632227,2021-04-10 23:07:00+00:00,R,N,1,141,108,Toronto Blue Jays,Los Angeles Angels
2021,2021-04-10,634524,2021-04-10 23:20:00+00:00,R,N,1,144,143,Atlanta Braves,Philadelphia Phillies
2021,2021-04-10,634484,2021-04-11 00:10:00+00:00,R,N,1,109,113,Arizona Diamondbacks,Cincinnati Reds
2021,2021-04-10,632191,2021-04-11 01:10:00+00:00,R,N,1,119,120,Los Angeles Dodgers,Washington Nationals
2021,2021-05-14,634656,2021-04-10 18:10:00+00:00,R,N,1,145,118,Chicago White Sox,Kansas City Royals
2021,2021-04-11,632200,2021-04-11 17:05:00+00:00,R,N,1,110,111,Baltimore Orioles,Boston Red Sox
2021,2021-04-11,632225,2021-04-11 17:05:00+00:00,R,N,1,134,112,Pittsburgh Pirates,Chicago Cubs
2021,2021-04-11,632228,2021-04-11 17:10:00+00:00,R,N,1,114,116,Cleveland Indians,Detroit Tigers
2021,2021-04-11,632192,2021-04-11 17:10:00+00:00,R,N,1,121,146,New York Mets,Miami Marlins
2021,2021-04-11,632232,2021-04-11 17:10:00+00:00,R,N,1,139,147,Tampa Bay Rays,New York Yankees
2021,2021-04-11,632215,2021-04-11 18:10:00+00:00,R,N,1,142,136,Minnesota Twins,Seattle Mariners
2021,2021-04-11,632170,2021-04-11 18:10:00+00:00,R,N,1,145,118,Chicago White Sox,Kansas City Royals
2021,2021-04-11,632196,2021-04-11 18:15:00+00:00,R,N,1,138,158,St. Louis Cardinals,Milwaukee Brewers
2021,2021-04-11,632233,2021-04-11 18:35:00+00:00,R,N,1,140,135,Texas Rangers,San Diego Padres
2021,2021-04-11,632188,2021-04-11 20:05:00+00:00,R,N,1,137,115,San Francisco Giants,Colorado Rockies
2021,2021-04-11,632209,2021-04-11 20:10:00+00:00,R,N,1,109,113,Arizona Diamondbacks,Cincinnati Reds
2021,2021-04-11,632214,2021-04-11 20:10:00+00:00,R,N,1,119,120,Los Angeles Dodgers,Washington Nationals
2021,2021-04-11,632207,2021-04-11 23:08:00+00:00,R,N,1,144,143,Atlanta Braves,Philadelphia Phillies
2021,2021-08-10,632208,2021-04-11 17:07:00+00:00,R,N,1,141,108,Toronto Blue Jays,Los Angeles Angels
2021,2021-04-12,632198,2021-04-12 22:35:00+00:00,R,N,1,134,135,Pittsburgh Pirates,San Diego Padres
2021,2021-04-12,632203,2021-04-12 23:07:00+00:00,R,N,1,141,147,Toronto Blue Jays,New York Yankees
2021,2021-04-12,632204,2021-04-12 23:10:00+00:00,R,N,1,139,140,Tampa Bay Rays,Texas Rangers
2021,2021-04-12,632219,2021-04-12 23:20:00+00:00,R,N,1,144,146,Atlanta Braves,Miami Marlins
2021,2021-04-12,632221,2021-04-12 23:40:00+00:00,R,N,1,158,112,Milwaukee Brewers,Chicago Cubs
2021,2021-04-12,632230,2021-04-12 23:45:00+00:00,R,N,1,138,120,St. Louis Cardinals,Washington Nationals
2021,2021-04-12,632220,2021-04-13 00:10:00+00:00,R,N,1,117,116,Houston Astros,Detroit Tigers
2021,2021-04-12,632197,2021-04-13 00:10:00+00:00,R,N,1,118,108,Kansas City Royals,Los Angeles Angels
2021,2021-04-12,632216,2021-04-13 00:10:00+00:00,R,N,1,145,114,Chicago White Sox,Cleveland Indians
2021,2021-04-12,632231,2021-04-13 01:40:00+00:00,R,N,1,109,133,Arizona Diamondbacks,Oakland Athletics
2021,2021-04-12,634648,2021-04-13 01:45:00+00:00,R,N,1,137,113,San Francisco Giants,Cincinnati Reds
2021,2021-04-14,632223,2021-04-12 18:10:00+00:00,R,N,1,142,111,Minnesota Twins,Boston Red Sox
2021,2021-04-13,632224,2021-04-12 23:05:00+00:00,R,N,1,110,136,Baltimore Orioles,Seattle Mariners
2021,2021-04-13,632226,2021-04-12 23:10:00+00:00,R,N,1,121,143,New York Mets,Philadelphia Phillies
2021,2021-04-13,632190,2021-04-13 18:10:00+00:00,R,N,1,142,111,Minnesota Twins,Boston Red Sox
2021,2021-04-13,632206,2021-04-13 19:40:00+00:00,R,N,1,109,133,Arizona Diamondbacks,Oakland Athletics
2021,2021-04-13,632213,2021-04-13 20:05:00+00:00,R,Y,1,110,136,Baltimore Orioles,Seattle Mariners
2021,2021-04-13,632224,2021-04-13 20:10:00+00:00,R,Y,2,110,136,Baltimore Orioles,Seattle Mariners
2021,2021-04-13,632189,2021-04-13 20:10:00+00:00,R,Y,1,121,143,New York Mets,Philadelphia Phillies
2021,2021-04-13,632226,2021-04-13 20:15:00+00:00,R,Y,2,121,143,New York Mets,Philadelphia Phillies
2021,2021-04-13,634535,2021-04-13 22:35:00+00:00,R,N,1,134,135,Pittsburgh Pirates,San Diego Padres
2021,2021-04-13,634569,2021-04-13 23:07:00+00:00,R,N,1,141,147,Toronto Blue Jays,New York Yankees
2021,2021-04-13,634489,2021-04-13 23:10:00+00:00,R,N,1,139,140,Tampa Bay Rays,Texas Rangers
2021,2021-04-13,632211,2021-04-13 23:20:00+00:00,R,N,1,144,146,Atlanta Braves,Miami Marlins
2021,2021-04-13,632194,2021-04-13 23:40:00+00:00,R,N,1,158,112,Milwaukee Brewers,Chicago Cubs
2021,2021-04-13,634502,2021-04-13 23:45:00+00:00,R,N,1,138,120,St. Louis Cardinals,Washington Nationals
2021,2021-04-13,632229,2021-04-14 00:10:00+00:00,R,N,1,117,116,Houston Astros,Detroit Tigers
2021,2021-04-13,632210,2021-04-14 00:10:00+00:00,R,N,1,118,108,Kansas City Royals,Los Angeles Angels
2021,2021-04-13,632199,2021-04-14 00:10:00+00:00,R,N,1,145,114,Chicago White Sox,Cleveland Indians
2021,2021-04-13,634510,2021-04-14 01:45:00+00:00,R,N,1,137,113,San Francisco Giants,Cincinnati Reds
2021,2021-04-13,632212,2021-04-14 02:10:00+00:00,R,N,1,119,115,Los Angeles Dodgers,Colorado Rockies
2021,2021-04-14,634513,2021-04-14 17:07:00+00:00,R,N,1,141,147,Toronto Blue Jays,New York Yankees
2021,2021-04-14,634541,2021-04-14 17:15:00+00:00,R,N,1,138,120,St. Louis Cardinals,Washington Nationals
2021,2021-04-14,634553,2021-04-14 17:40:00+00:00,R,N,1,158,112,Milwaukee Brewers,Chicago Cubs
2021,2021-04-14,634495,2021-04-14 18:10:00+00:00,R,N,1,118,108,Kansas City Royals,Los Angeles Angels
2021,2021-04-14,634574,2021-04-14 18:10:00+00:00,R,Y,1,142,111,Minnesota Twins,Boston Red Sox
2021,2021-04-14,632223,2021-04-14 18:15:00+00:00,R,Y,2,142,111,Minnesota Twins,Boston Red Sox
2021,2021-04-14,634582,2021-04-14 19:45:00+00:00,R,N,1,137,113,San Francisco Giants,Cincinnati Reds
2021,2021-04-14,634523,2021-04-14 22:35:00+00:00,R,N,1,134,135,Pittsburgh Pirates,San Diego Padres
2021,2021-04-14,634521,2021-04-14 23:10:00+00:00,R,N,1,117,116,Houston Astros,Detroit Tigers
2021,2021-04-14,634496,2021-04-14 23:10:00+00:00,R,N,1,139,140,Tampa Bay Rays,Texas Rangers
2021,2021-04-14,634528,2021-04-14 23:10:00+00:00,R,N,1,121,143,New York Mets,Philadelphia Phillies
2021,2021-04-14,634581,2021-04-14 23:20:00+00:00,R,N,1,144,146,Atlanta Braves,Miami Marlins
2021,2021-04-14,634516,2021-04-15 00:10:00+00:00,R,N,1,145,114,Chicago White Sox,Cleveland Indians
2021,2021-04-14,634614,2021-04-15 02:10:00+00:00,R,N,1,119,115,Los Angeles Dodgers,Colorado Rockies
2021,2021-04-15,634472,2021-04-14 23:05:00+00:00,R,N,1,110,136,Baltimore Orioles,Seattle Mariners
2021,2021-04-15,634579,2021-04-15 16:20:00+00:00,R,N,1,144,146,Atlanta Braves,Miami Marlins
2021,2021-04-15,634621,2021-04-15 16:35:00+00:00,R,N,1,134,135,Pittsburgh Pirates,San Diego Padres
2021,2021-04-15,634571,2021-04-15 16:35:00+00:00,R,Y,1,110,136,Baltimore Orioles,Seattle Mariners
2021,2021-04-15,634472,2021-04-15 16:40:00+00:00,R,Y,2,110,136,Baltimore Orioles,Seattle Mariners
2021,2021-04-15,634554,2021-04-15 17:10:00+00:00,R,N,1,142,111,Minnesota Twins,Boston Red Sox
2021,2021-04-15,634501,2021-04-15 18:10:00+00:00,R,N,1,145,114,Chicago White Sox,Cleveland Indians
2021,2021-04-15,634481,2021-04-15 23:05:00+00:00,R,N,1,120,109,Washington Nationals,Arizona Diamondbacks
2021,2021-04-15,634522,2021-04-15 23:10:00+00:00,R,N,1,139,140,Tampa Bay Rays,Texas Rangers
2021,2021-04-15,634475,2021-04-16 00:10:00+00:00,R,N,1,118,141,Kansas City Royals,Toronto Blue Jays
2021,2021-04-15,634632,2021-04-16 01:40:00+00:00,R,N,1,133,116,Oakland Athletics,Detroit Tigers
2021,2021-04-15,634547,2021-04-16 02:10:00+00:00,R,N,1,119,115,Los Angeles Dodgers,Colorado Rockies
2021,2021-06-25,634515,2021-04-15 16:10:00+00:00,R,N,1,121,143,New York Mets,Philadelphia Phillies
2021,2021-04-16,634548,2021-04-16 18:20:00+00:00,R,N,1,112,144,Chicago Cubs,Atlanta Braves
2021,2021-04-16,634469,2021-04-16 23:05:00+00:00,R,N,1,120,109,Washington Nationals,Arizona Diamondbacks
2021,2021-04-16,634474,2021-04-16 23:05:00+00:00,R,N,1,143,138,Philadelphia Phillies,St. Louis Cardinals
2021,2021-04-16,634464,2021-04-16 23:05:00+00:00,R,N,1,147,139,New York Yankees,Tampa Bay Rays
2021,2021-04-16,634482,2021-04-16 23:10:00+00:00,R,N,1,113,114,Cincinnati Reds,Cleveland Indians
2021,2021-04-16,634519,2021-04-16 23:10:00+00:00,R,N,1,146,137,Miami Marlins,San Francisco Giants
2021,2021-04-16,634463,2021-04-17 00:05:00+00:00,R,N,1,140,110,Texas Rangers,Baltimore Orioles
2021,2021-04-16,634483,2021-04-17 00:10:00+00:00,R,N,1,158,134,Milwaukee Brewers,Pittsburgh Pirates
2021,2021-04-16,634526,2021-04-17 01:38:00+00:00,R,N,1,108,142,Los Angeles Angels,Minnesota Twins
2021,2021-04-16,634525,2021-04-17 01:40:00+00:00,R,N,1,133,116,Oakland Athletics,Detroit Tigers
2021,2021-04-16,634531,2021-04-17 02:10:00+00:00,R,N,1,135,119,San Diego Padres,Los Angeles Dodgers
2021,2021-04-16,634517,2021-04-17 02:10:00+00:00,R,N,1,136,117,Seattle Mariners,Houston Astros
2021,2021-04-18,634518,2021-04-16 23:10:00+00:00,R,N,1,111,145,Boston Red Sox,Chicago White Sox
2021,2021-04-17,634520,2021-04-17 00:10:00+00:00,R,N,1,118,141,Kansas City Royals,Toronto Blue Jays
2021,2021-04-17,634561,2021-04-17 00:40:00+00:00,R,N,1,115,121,Colorado Rockies,New York Mets
2021,2021-04-17,634507,2021-04-17 17:05:00+00:00,R,N,1,120,109,Washington Nationals,Arizona Diamondbacks
2021,2021-04-17,634500,2021-04-17 17:05:00+00:00,R,N,1,147,139,New York Yankees,Tampa Bay Rays
2021,2021-04-17,634477,2021-04-17 18:10:00+00:00,R,S,1,118,141,Kansas City Royals,Toronto Blue Jays
2021,2021-04-17,634520,2021-04-17 22:10:00+00:00,R,S,2,118,141,Kansas City Royals,Toronto Blue Jays
2021,2021-04-17,634462,2021-04-17 18:20:00+00:00,R,N,1,112,144,Chicago Cubs,Atlanta Braves
2021,2021-04-17,634470,2021-04-17 20:05:00+00:00,R,N,1,143,138,Philadelphia Phillies,St. Louis Cardinals
2021,2021-04-17,634471,2021-04-17 20:05:00+00:00,R,N,1,111,145,Boston Red Sox,Chicago White Sox
2021,2021-04-17,634479,2021-04-17 20:07:00+00:00,R,N,1,133,116,Oakland Athletics,Detroit Tigers
2021,2021-04-17,634460,2021-04-17 20:10:00+00:00,R,N,1,113,114,Cincinnati Reds,Cleveland Indians
2021,2021-04-17,634485,2021-04-17 21:10:00+00:00,R,Y,1,115,121,Colorado Rockies,New York Mets
2021,2021-04-17,634561,2021-04-17 21:15:00+00:00,R,Y,2,115,121,Colorado Rockies,New York Mets
2021,2021-04-17,634450,2021-04-17 22:10:00+00:00,R,N,1,146,137,Miami Marlins,San Francisco Giants
2021,2021-04-17,634543,2021-04-17 23:05:00+00:00,R,N,1,140,110,Texas Rangers,Baltimore Orioles
2021,2021-04-17,634473,2021-04-17 23:10:00+00:00,R,N,1,158,134,Milwaukee Brewers,Pittsburgh Pirates
2021,2021-04-17,634449,2021-04-18 00:40:00+00:00,R,N,1,135,119,San Diego Padres,Los Angeles Dodgers
2021,2021-04-17,634447,2021-04-18 01:10:00+00:00,R,N,1,136,117,Seattle Mariners,Houston Astros
2021,2021-05-20,634465,2021-04-18 01:07:00+00:00,R,N,1,108,142,Los Angeles Angels,Minnesota Twins
2021,2021-04-18,634493,2021-04-18 17:05:00+00:00,R,N,1,120,109,Washington Nationals,Arizona Diamondbacks
2021,2021-04-18,634498,2021-04-18 17:05:00+00:00,R,N,1,143,138,Philadelphia Phillies,St. Louis Cardinals
2021,2021-04-18,634458,2021-04-18 17:05:00+00:00,R,N,1,147,139,New York Yankees,Tampa Bay Rays
2021,2021-04-18,634487,2021-04-18 17:10:00+00:00,R,N,1,113,114,Cincinnati Reds,Cleveland Indians
2021,2021-04-18,634532,2021-04-18 17:10:00+00:00,R,S,1,111,145,Boston Red Sox,Chicago White Sox
2021,2021-04-18,634518,2021-04-18 21:10:00+00:00,R,S,2,111,145,Boston Red Sox,Chicago White Sox
2021,2021-04-18,634425,2021-04-18 17:10:00+00:00,R,N,1,146,137,Miami Marlins,San Francisco Giants
2021,2021-04-18,634442,2021-04-18 18:10:00+00:00,R,N,1,118,141,Kansas City Royals,Toronto Blue Jays
2021,2021-04-18,634455,2021-04-18 18:10:00+00:00,R,N,1,158,134,Milwaukee Brewers,Pittsburgh Pirates
2021,2021-04-18,634511,2021-04-18 18:35:00+00:00,R,N,1,140,110,Texas Rangers,Baltimore Orioles
2021,2021-04-18,634468,2021-04-18 19:10:00+00:00,R,N,1,115,121,Colorado Rockies,New York Mets
2021,2021-04-18,634480,2021-04-18 20:07:00+00:00,R,N,1,133,116,Oakland Athletics,Detroit Tigers
2021,2021-04-18,634488,2021-04-18 20:10:00+00:00,R,N,1,135,119,San Diego Padres,Los Angeles Dodgers
2021,2021-04-18,634538,2021-04-18 20:10:00+00:00,R,N,1,136,117,Seattle Mariners,Houston Astros
2021,2021-04-18,634506,2021-04-18 23:08:00+00:00,R,N,1,112,144,Chicago Cubs,Atlanta Braves
2021,2021-05-20,634441,2021-04-18 20:07:00+00:00,R,N,1,108,142,Los Angeles Angels,Minnesota Twins
2021,2021-04-19,634445,2021-04-19 15:10:00+00:00,R,N,1,111,145,Boston Red Sox,Chicago White Sox
2021,2021-04-19,634431,2021-04-19 23:05:00+00:00,R,N,1,120,138,Washington Nationals,St. Louis Cardinals
2021,2021-04-19,634457,2021-04-19 23:05:00+00:00,R,N,1,143,137,Philadelphia Phillies,San Francisco Giants
2021,2021-04-19,634396,2021-04-20 00:10:00+00:00,R,N,1,118,139,Kansas City Royals,Tampa Bay Rays
2021,2021-04-19,634536,2021-04-20 01:38:00+00:00,R,N,1,108,140,Los Angeles Angels,Texas Rangers
2021,2021-04-19,634421,2021-04-20 02:10:00+00:00,R,N,1,136,119,Seattle Mariners,Los Angeles Dodgers
2021,2021-04-19,634399,2021-04-20 02:10:00+00:00,R,N,1,135,158,San Diego Padres,Milwaukee Brewers
2021,2021-04-20,634466,2021-04-20 01:40:00+00:00,R,N,1,133,142,Oakland Athletics,Minnesota Twins
2021,2021-04-20,634417,2021-04-20 20:10:00+00:00,R,N,1,136,119,Seattle Mariners,Los Angeles Dodgers
2021,2021-04-20,634397,2021-04-20 22:10:00+00:00,R,N,1,114,145,Cleveland Indians,Chicago White Sox
2021,2021-04-20,634490,2021-04-20 22:30:00+00:00,R,Y,1,133,142,Oakland Athletics,Minnesota Twins
2021,2021-04-20,634466,2021-04-20 22:35:00+00:00,R,Y,2,133,142,Oakland Athletics,Minnesota Twins
2021,2021-04-20,634422,2021-04-20 22:35:00+00:00,R,N,1,147,144,New York Yankees,Atlanta Braves
2021,2021-04-20,634408,2021-04-20 22:40:00+00:00,R,N,1,113,109,Cincinnati Reds,Arizona Diamondbacks
2021,2021-04-20,634427,2021-04-20 22:40:00+00:00,R,N,1,146,110,Miami Marlins,Baltimore Orioles
2021,2021-04-20,634509,2021-04-20 23:05:00+00:00,R,N,1,120,138,Washington Nationals,St. Louis Cardinals
2021,2021-04-20,634439,2021-04-20 23:05:00+00:00,R,N,1,143,137,Philadelphia Phillies,San Francisco Giants
2021,2021-04-20,634409,2021-04-20 23:10:00+00:00,R,N,1,111,141,Boston Red Sox,Toronto Blue Jays
2021,2021-04-20,634411,2021-04-20 23:40:00+00:00,R,N,1,112,121,Chicago Cubs,New York Mets
2021,2021-04-20,634407,2021-04-21 00:10:00+00:00,R,N,1,118,139,Kansas City Royals,Tampa Bay Rays
2021,2021-04-20,634406,2021-04-21 00:40:00+00:00,R,N,1,115,117,Colorado Rockies,Houston Astros
2021,2021-04-20,634398,2021-04-21 01:38:00+00:00,R,N,1,108,140,Los Angeles Angels,Texas Rangers
2021,2021-04-20,634392,2021-04-21 02:10:00+00:00,R,N,1,135,158,San Diego Padres,Milwaukee Brewers
2021,2021-04-21,634390,2021-04-20 22:40:00+00:00,R,N,1,116,134,Detroit Tigers,Pittsburgh Pirates
2021,2021-04-21,634428,2021-04-21 17:05:00+00:00,R,N,1,143,137,Philadelphia Phillies,San Francisco Giants
2021,2021-04-21,634497,2021-04-21 17:10:00+00:00,R,N,1,146,110,Miami Marlins,Baltimore Orioles
2021,2021-04-21,634390,2021-04-21 18:10:00+00:00,R,S,1,116,134,Detroit Tigers,Pittsburgh Pirates
2021,2021-04-21,634423,2021-04-21 22:40:00+00:00,R,S,2,116,134,Detroit Tigers,Pittsburgh Pirates
2021,2021-04-21,634424,2021-04-21 19:10:00+00:00,R,N,1,115,117,Colorado Rockies,Houston Astros
2021,2021-04-21,634440,2021-04-21 19:37:00+00:00,R,N,1,133,142,Oakland Athletics,Minnesota Twins
2021,2021-04-21,634405,2021-04-21 20:05:00+00:00,R,N,1,120,138,Washington Nationals,St. Louis Cardinals
2021,2021-04-21,634430,2021-04-21 20:07:00+00:00,R,N,1,108,140,Los Angeles Angels,Texas Rangers
2021,2021-04-21,634476,2021-04-21 20:10:00+00:00,R,N,1,135,158,San Diego Padres,Milwaukee Brewers
2021,2021-04-20,634408,2021-04-21 21:10:00+00:00,R,N,1,113,109,Cincinnati Reds,Arizona Diamondbacks
2021,2021-04-21,634504,2021-04-21 22:35:00+00:00,R,N,1,147,144,New York Yankees,Atlanta Braves
2021,2021-04-21,634444,2021-04-21 22:50:00+00:00,R,N,1,113,109,Cincinnati Reds,Arizona Diamondbacks
2021,2021-04-21,634459,2021-04-21 23:10:00+00:00,R,N,1,111,141,Boston Red Sox,Toronto Blue Jays
2021,2021-04-21,634453,2021-04-21 23:40:00+00:00,R,N,1,112,121,Chicago Cubs,New York Mets
2021,2021-04-21,634446,2021-04-22 00:10:00+00:00,R,N,1,118,139,Kansas City Royals,Tampa Bay Rays
2021,2021-05-31,634452,2021-04-21 22:10:00+00:00,R,N,1,114,145,Cleveland Indians,Chicago White Sox
2021,2021-04-22,634514,2021-04-22 16:35:00+00:00,R,N,1,113,109,Cincinnati Reds,Arizona Diamondbacks
2021,2021-04-22,634492,2021-04-22 17:10:00+00:00,R,N,1,116,134,Detroit Tigers,Pittsburgh Pirates
2021,2021-04-22,634436,2021-04-22 22:10:00+00:00,R,N,1,114,147,Cleveland Indians,New York Yankees
2021,2021-04-22,634508,2021-04-22 23:10:00+00:00,R,N,1,111,136,Boston Red Sox,Seattle Mariners
2021,2021-04-22,634419,2021-04-22 23:40:00+00:00,R,N,1,112,121,Chicago Cubs,New York Mets
2021,2021-04-22,634438,2021-04-23 00:10:00+00:00,R,N,1,117,108,Houston Astros,Los Angeles Angels
2021,2021-04-22,634432,2021-04-23 01:45:00+00:00,R,N,1,137,146,San Francisco Giants,Miami Marlins
2021,2021-04-22,634420,2021-04-23 02:10:00+00:00,R,N,1,119,135,Los Angeles Dodgers,San Diego Padres
2021,2021-04-23,634426,2021-04-23 18:20:00+00:00,R,N,1,112,158,Chicago Cubs,Milwaukee Brewers
2021,2021-04-23,634389,2021-04-23 23:05:00+00:00,R,N,1,110,133,Baltimore Orioles,Oakland Athletics
2021,2021-04-23,634412,2021-04-23 23:10:00+00:00,R,N,1,116,118,Detroit Tigers,Kansas City Royals
2021,2021-04-23,634429,2021-04-23 23:10:00+00:00,R,N,1,121,120,New York Mets,Washington Nationals
2021,2021-04-23,634386,2021-04-23 23:10:00+00:00,R,N,1,111,136,Boston Red Sox,Seattle Mariners
2021,2021-04-23,634413,2021-04-23 23:10:00+00:00,R,N,1,139,141,Tampa Bay Rays,Toronto Blue Jays
2021,2021-04-23,634437,2021-04-23 23:10:00+00:00,R,N,1,114,147,Cleveland Indians,New York Yankees
2021,2021-04-23,634415,2021-04-23 23:20:00+00:00,R,N,1,144,109,Atlanta Braves,Arizona Diamondbacks
2021,2021-04-23,634383,2021-04-24 00:10:00+00:00,R,N,1,117,108,Houston Astros,Los Angeles Angels
2021,2021-04-23,634434,2021-04-24 00:10:00+00:00,R,N,1,142,134,Minnesota Twins,Pittsburgh Pirates
2021,2021-04-23,634435,2021-04-24 00:10:00+00:00,R,N,1,145,140,Chicago White Sox,Texas Rangers
2021,2021-04-23,634378,2021-04-24 00:15:00+00:00,R,N,1,138,113,St. Louis Cardinals,Cincinnati Reds
2021,2021-04-23,634401,2021-04-24 00:40:00+00:00,R,N,1,115,143,Colorado Rockies,Philadelphia Phillies
2021,2021-04-23,634369,2021-04-24 01:45:00+00:00,R,N,1,137,146,San Francisco Giants,Miami Marlins
2021,2021-04-23,634370,2021-04-24 02:10:00+00:00,R,N,1,119,135,Los Angeles Dodgers,San Diego Padres
2021,2021-04-24,634375,2021-04-24 17:10:00+00:00,R,N,1,116,118,Detroit Tigers,Kansas City Royals
2021,2021-04-24,634373,2021-04-24 17:10:00+00:00,R,N,1,111,136,Boston Red Sox,Seattle Mariners
2021,2021-04-24,634467,2021-04-24 18:10:00+00:00,R,N,1,142,134,Minnesota Twins,Pittsburgh Pirates
2021,2021-04-24,634395,2021-04-24 18:15:00+00:00,R,N,1,138,113,St. Louis Cardinals,Cincinnati Reds
2021,2021-04-24,634416,2021-04-24 18:20:00+00:00,R,N,1,112,158,Chicago Cubs,Milwaukee Brewers
2021,2021-04-24,634443,2021-04-24 20:05:00+00:00,R,N,1,121,120,New York Mets,Washington Nationals
2021,2021-04-24,634366,2021-04-24 20:10:00+00:00,R,N,1,117,108,Houston Astros,Los Angeles Angels
2021,2021-04-24,634358,2021-04-24 22:10:00+00:00,R,N,1,139,141,Tampa Bay Rays,Toronto Blue Jays
2021,2021-04-24,634486,2021-04-24 22:10:00+00:00,R,N,1,114,147,Cleveland Indians,New York Yankees
2021,2021-04-24,634367,2021-04-24 23:05:00+00:00,R,N,1,110,133,Baltimore Orioles,Oakland Athletics
2021,2021-04-24,634384,2021-04-24 23:10:00+00:00,R,N,1,145,140,Chicago White Sox,Texas Rangers
2021,2021-04-24,634418,2021-04-25 00:10:00+00:00,R,N,1,115,143,Colorado Rockies,Philadelphia Phillies
2021,2021-04-24,634503,2021-04-25 01:05:00+00:00,R,N,1,137,146,San Francisco Giants,Miami Marlins
2021,2021-04-24,634361,2021-04-25 01:10:00+00:00,R,N,1,119,135,Los Angeles Dodgers,San Diego Padres
2021,2021-04-25,634380,2021-04-24 23:20:00+00:00,R,N,1,144,109,Atlanta Braves,Arizona Diamondbacks
2021,2021-04-25,634454,2021-04-25 17:05:00+00:00,R,N,1,110,133,Baltimore Orioles,Oakland Athletics
2021,2021-04-25,634448,2021-04-25 17:10:00+00:00,R,N,1,116,118,Detroit Tigers,Kansas City Royals
2021,2021-04-25,634344,2021-04-25 17:10:00+00:00,R,N,1,121,120,New York Mets,Washington Nationals
2021,2021-04-25,634355,2021-04-25 17:10:00+00:00,R,N,1,111,136,Boston Red Sox,Seattle Mariners
2021,2021-04-25,634376,2021-04-25 17:10:00+00:00,R,N,1,139,141,Tampa Bay Rays,Toronto Blue Jays
2021,2021-04-25,634372,2021-04-25 17:10:00+00:00,R,N,1,114,147,Cleveland Indians,New York Yankees
2021,2021-04-25,634404,2021-04-25 17:20:00+00:00,R,Y,1,144,109,Atlanta Braves,Arizona Diamondbacks
2021,2021-04-25,634380,2021-04-25 17:25:00+00:00,R,Y,2,144,109,Atlanta Braves,Arizona Diamondbacks
2021,2021-04-25,634403,2021-04-25 18:10:00+00:00,R,N,1,117,108,Houston Astros,Los Angeles Angels
2021,2021-04-25,634349,2021-04-25 18:10:00+00:00,R,N,1,142,134,Minnesota Twins,Pittsburgh Pirates
2021,2021-04-25,634393,2021-04-25 18:10:00+00:00,R,N,1,145,140,Chicago White Sox,Texas Rangers
2021,2021-04-25,634456,2021-04-25 18:15:00+00:00,R,N,1,138,113,St. Louis Cardinals,Cincinnati Reds
2021,2021-04-25,634400,2021-04-25 18:20:00+00:00,R,N,1,112,158,Chicago Cubs,Milwaukee Brewers
2021,2021-04-25,634388,2021-04-25 19:10:00+00:00,R,N,1,115,143,Colorado Rockies,Philadelphia Phillies
2021,2021-04-25,634342,2021-04-25 20:05:00+00:00,R,N,1,137,146,San Francisco Giants,Miami Marlins
2021,2021-04-25,634356,2021-04-25 23:08:00+00:00,R,N,1,119,135,Los Angeles Dodgers,San Diego Padres
2021,2021-04-26,634451,2021-04-26 17:10:00+00:00,R,N,1,116,118,Detroit Tigers,Kansas City Royals
2021,2021-04-26,634394,2021-04-26 22:10:00+00:00,R,N,1,114,142,Cleveland Indians,Minnesota Twins
2021,2021-04-26,634433,2021-04-26 23:05:00+00:00,R,N,1,110,147,Baltimore Orioles,New York Yankees
2021,2021-04-26,634343,2021-04-26 23:10:00+00:00,R,N,1,139,133,Tampa Bay Rays,Oakland Athletics
2021,2021-04-26,634402,2021-04-26 23:10:00+00:00,R,N,1,144,112,Atlanta Braves,Chicago Cubs
2021,2021-04-26,634461,2021-04-26 23:40:00+00:00,R,N,1,158,146,Milwaukee Brewers,Miami Marlins
2021,2021-04-26,634345,2021-04-26 23:45:00+00:00,R,N,1,138,143,St. Louis Cardinals,Philadelphia Phillies
2021,2021-04-26,634377,2021-04-27 00:05:00+00:00,R,N,1,140,108,Texas Rangers,Los Angeles Angels
2021,2021-04-26,634382,2021-04-27 00:10:00+00:00,R,N,1,117,136,Houston Astros,Seattle Mariners
2021,2021-04-26,634374,2021-04-27 01:45:00+00:00,R,N,1,137,115,San Francisco Giants,Colorado Rockies
2021,2021-04-26,634363,2021-04-27 02:10:00+00:00,R,N,1,119,113,Los Angeles Dodgers,Cincinnati Reds
2021,2021-04-27,634339,2021-04-27 22:10:00+00:00,R,N,1,114,142,Cleveland Indians,Minnesota Twins
2021,2021-04-27,634331,2021-04-27 22:35:00+00:00,R,N,1,134,118,Pittsburgh Pirates,Kansas City Royals
2021,2021-04-27,634387,2021-04-27 23:05:00+00:00,R,N,1,110,147,Baltimore Orioles,New York Yankees
2021,2021-04-27,634335,2021-04-27 23:07:00+00:00,R,N,1,141,120,Toronto Blue Jays,Washington Nationals
2021,2021-04-27,634410,2021-04-27 23:10:00+00:00,R,N,1,121,111,New York Mets,Boston Red Sox
2021,2021-04-27,634368,2021-04-27 23:10:00+00:00,R,N,1,139,133,Tampa Bay Rays,Oakland Athletics
2021,2021-04-27,634351,2021-04-27 23:20:00+00:00,R,N,1,144,112,Atlanta Braves,Chicago Cubs
2021,2021-04-27,634320,2021-04-27 23:40:00+00:00,R,N,1,158,146,Milwaukee Brewers,Miami Marlins
2021,2021-04-27,634318,2021-04-27 23:45:00+00:00,R,N,1,138,143,St. Louis Cardinals,Philadelphia Phillies
2021,2021-04-27,634359,2021-04-28 00:05:00+00:00,R,N,1,140,108,Texas Rangers,Los Angeles Angels
2021,2021-04-27,634333,2021-04-28 00:10:00+00:00,R,N,1,117,136,Houston Astros,Seattle Mariners
2021,2021-04-27,634332,2021-04-28 00:10:00+00:00,R,N,1,145,116,Chicago White Sox,Detroit Tigers
2021,2021-04-27,634364,2021-04-28 01:40:00+00:00,R,N,1,109,135,Arizona Diamondbacks,San Diego Padres
2021,2021-04-27,634354,2021-04-28 01:45:00+00:00,R,N,1,137,115,San Francisco Giants,Colorado Rockies
2021,2021-04-27,634379,2021-04-28 02:10:00+00:00,R,N,1,119,113,Los Angeles Dodgers,Cincinnati Reds
2021,2021-04-28,634371,2021-04-28 17:10:00+00:00,R,N,1,114,142,Cleveland Indians,Minnesota Twins
2021,2021-04-28,634317,2021-04-28 17:40:00+00:00,R,N,1,158,146,Milwaukee Brewers,Miami Marlins
2021,2021-04-28,634365,2021-04-28 20:10:00+00:00,R,N,1,119,113,Los Angeles Dodgers,Cincinnati Reds
2021,2021-04-28,634315,2021-04-28 22:35:00+00:00,R,N,1,134,118,Pittsburgh Pirates,Kansas City Royals
2021,2021-04-28,634310,2021-04-28 22:40:00+00:00,R,N,1,121,111,New York Mets,Boston Red Sox
2021,2021-04-28,634362,2021-04-28 23:05:00+00:00,R,N,1,110,147,Baltimore Orioles,New York Yankees
2021,2021-04-28,634348,2021-04-28 23:07:00+00:00,R,N,1,141,120,Toronto Blue Jays,Washington Nationals
2021,2021-04-28,634308,2021-04-28 23:10:00+00:00,R,N,1,139,133,Tampa Bay Rays,Oakland Athletics
2021,2021-04-28,634414,2021-04-28 23:20:00+00:00,R,N,1,144,112,Atlanta Braves,Chicago Cubs
2021,2021-04-28,634314,2021-04-28 23:45:00+00:00,R,N,1,138,143,St. Louis Cardinals,Philadelphia Phillies
2021,2021-04-28,634350,2021-04-29 00:05:00+00:00,R,N,1,140,108,Texas Rangers,Los Angeles Angels
2021,2021-04-28,634360,2021-04-29 00:10:00+00:00,R,N,1,117,136,Houston Astros,Seattle Mariners
2021,2021-04-28,634322,2021-04-29 01:40:00+00:00,R,N,1,109,135,Arizona Diamondbacks,San Diego Padres
2021,2021-04-28,634309,2021-04-29 01:45:00+00:00,R,N,1,137,115,San Francisco Giants,Colorado Rockies
2021,2021-04-29,634357,2021-04-29 00:10:00+00:00,R,N,1,145,116,Chicago White Sox,Detroit Tigers
2021,2021-04-29,634300,2021-04-29 17:05:00+00:00,R,N,1,110,147,Baltimore Orioles,New York Yankees
2021,2021-04-29,634296,2021-04-29 17:10:00+00:00,R,N,1,139,133,Tampa Bay Rays,Oakland Athletics
2021,2021-04-29,634352,2021-04-29 17:15:00+00:00,R,N,1,138,143,St. Louis Cardinals,Philadelphia Phillies
2021,2021-04-29,634353,2021-04-29 18:10:00+00:00,R,N,1,117,136,Houston Astros,Seattle Mariners
2021,2021-04-29,634330,2021-04-29 21:10:00+00:00,R,Y,1,145,116,Chicago White Sox,Detroit Tigers
2021,2021-04-29,634357,2021-04-29 21:15:00+00:00,R,Y,2,145,116,Chicago White Sox,Detroit Tigers
2021,2021-04-29,634347,2021-04-29 23:20:00+00:00,R,N,1,144,112,Atlanta Braves,Chicago Cubs
2021,2021-04-29,634346,2021-04-29 23:40:00+00:00,R,N,1,158,119,Milwaukee Brewers,Los Angeles Dodgers
2021,2021-04-29,634289,2021-04-30 00:05:00+00:00,R,N,1,140,111,Texas Rangers,Boston Red Sox
2021,2021-04-29,634385,2021-04-30 01:40:00+00:00,R,N,1,109,115,Arizona Diamondbacks,Colorado Rockies
2021,2021-04-30,634325,2021-04-30 22:35:00+00:00,R,N,1,134,138,Pittsburgh Pirates,St. Louis Cardinals
2021,2021-04-30,634336,2021-04-30 23:05:00+00:00,R,N,1,143,121,Philadelphia Phillies,New York Mets
2021,2021-04-30,634274,2021-04-30 23:05:00+00:00,R,N,1,120,146,Washington Nationals,Miami Marlins
2021,2021-04-30,634327,2021-04-30 23:05:00+00:00,R,N,1,147,116,New York Yankees,Detroit Tigers
2021,2021-04-30,634305,2021-04-30 23:10:00+00:00,R,N,1,113,112,Cincinnati Reds,Chicago Cubs
2021,2021-04-30,634275,2021-04-30 23:10:00+00:00,R,N,1,139,117,Tampa Bay Rays,Houston Astros
2021,2021-04-30,634280,2021-04-30 23:37:00+00:00,R,N,1,141,144,Toronto Blue Jays,Atlanta Braves
2021,2021-04-30,634337,2021-05-01 00:05:00+00:00,R,N,1,140,111,Texas Rangers,Boston Red Sox
2021,2021-04-30,634391,2021-05-01 00:10:00+00:00,R,N,1,142,118,Minnesota Twins,Kansas City Royals
2021,2021-04-30,634288,2021-05-01 00:10:00+00:00,R,N,1,145,114,Chicago White Sox,Cleveland Indians
2021,2021-04-30,634290,2021-05-01 00:10:00+00:00,R,N,1,158,119,Milwaukee Brewers,Los Angeles Dodgers
2021,2021-04-30,634328,2021-05-01 01:40:00+00:00,R,N,1,109,115,Arizona Diamondbacks,Colorado Rockies
2021,2021-04-30,634381,2021-05-01 01:40:00+00:00,R,N,1,133,110,Oakland Athletics,Baltimore Orioles
2021,2021-04-30,634287,2021-05-01 02:10:00+00:00,R,N,1,136,108,Seattle Mariners,Los Angeles Angels
2021,2021-04-30,634303,2021-05-01 02:10:00+00:00,R,N,1,135,137,San Diego Padres,San Francisco Giants
2021,2021-05-01,634304,2021-05-01 17:05:00+00:00,R,N,1,120,146,Washington Nationals,Miami Marlins
2021,2021-05-01,634295,2021-05-01 17:05:00+00:00,R,N,1,147,116,New York Yankees,Detroit Tigers
2021,2021-05-01,634329,2021-05-01 18:10:00+00:00,R,N,1,142,118,Minnesota Twins,Kansas City Royals
2021,2021-05-01,634326,2021-05-01 20:05:00+00:00,R,N,1,145,114,Chicago White Sox,Cleveland Indians
2021,2021-05-01,634319,2021-05-01 20:07:00+00:00,R,N,1,133,110,Oakland Athletics,Baltimore Orioles
2021,2021-05-01,634273,2021-05-01 20:10:00+00:00,R,N,1,113,112,Cincinnati Reds,Chicago Cubs
2021,2021-05-01,634307,2021-05-01 20:10:00+00:00,R,N,1,139,117,Tampa Bay Rays,Houston Astros
2021,2021-05-01,634276,2021-05-01 22:05:00+00:00,R,N,1,143,121,Philadelphia Phillies,New York Mets
2021,2021-05-01,634284,2021-05-01 22:35:00+00:00,R,N,1,134,138,Pittsburgh Pirates,St. Louis Cardinals
2021,2021-05-01,634271,2021-05-01 23:05:00+00:00,R,N,1,140,111,Texas Rangers,Boston Red Sox
2021,2021-05-01,634338,2021-05-01 23:10:00+00:00,R,N,1,158,119,Milwaukee Brewers,Los Angeles Dodgers
2021,2021-05-01,634312,2021-05-01 23:37:00+00:00,R,N,1,141,144,Toronto Blue Jays,Atlanta Braves
2021,2021-05-01,634286,2021-05-02 00:10:00+00:00,R,N,1,109,115,Arizona Diamondbacks,Colorado Rockies
2021,2021-05-01,634316,2021-05-02 00:40:00+00:00,R,N,1,135,137,San Diego Padres,San Francisco Giants
2021,2021-05-01,634272,2021-05-02 01:10:00+00:00,R,N,1,136,108,Seattle Mariners,Los Angeles Angels
2021,2021-05-02,634260,2021-05-02 17:05:00+00:00,R,N,1,134,138,Pittsburgh Pirates,St. Louis Cardinals
2021,2021-05-02,634259,2021-05-02 17:05:00+00:00,R,N,1,120,146,Washington Nationals,Miami Marlins
2021,2021-05-02,634311,2021-05-02 17:05:00+00:00,R,N,1,147,116,New York Yankees,Detroit Tigers
2021,2021-05-02,634256,2021-05-02 17:07:00+00:00,R,N,1,141,144,Toronto Blue Jays,Atlanta Braves
2021,2021-05-02,634298,2021-05-02 17:10:00+00:00,R,N,1,113,112,Cincinnati Reds,Chicago Cubs
2021,2021-05-02,634323,2021-05-02 17:10:00+00:00,R,N,1,139,117,Tampa Bay Rays,Houston Astros
2021,2021-05-02,634341,2021-05-02 18:10:00+00:00,R,N,1,142,118,Minnesota Twins,Kansas City Royals
2021,2021-05-02,634302,2021-05-02 18:10:00+00:00,R,N,1,145,114,Chicago White Sox,Cleveland Indians
2021,2021-05-02,634282,2021-05-02 18:10:00+00:00,R,N,1,158,119,Milwaukee Brewers,Los Angeles Dodgers
2021,2021-05-02,634268,2021-05-02 18:35:00+00:00,R,N,1,140,111,Texas Rangers,Boston Red Sox
2021,2021-05-02,634306,2021-05-02 20:07:00+00:00,R,N,1,133,110,Oakland Athletics,Baltimore Orioles
2021,2021-05-02,634299,2021-05-02 20:10:00+00:00,R,N,1,109,115,Arizona Diamondbacks,Colorado Rockies
2021,2021-05-02,634340,2021-05-02 20:10:00+00:00,R,N,1,136,108,Seattle Mariners,Los Angeles Angels
2021,2021-05-02,634301,2021-05-02 20:10:00+00:00,R,N,1,135,137,San Diego Padres,San Francisco Giants
2021,2021-05-02,634257,2021-05-02 23:08:00+00:00,R,N,1,143,121,Philadelphia Phillies,New York Mets
2021,2021-05-03,634244,2021-05-03 23:05:00+00:00,R,N,1,143,158,Philadelphia Phillies,Milwaukee Brewers
2021,2021-05-03,634285,2021-05-03 23:40:00+00:00,R,N,1,142,140,Minnesota Twins,Texas Rangers
2021,2021-05-03,634292,2021-05-03 23:45:00+00:00,R,N,1,138,121,St. Louis Cardinals,New York Mets
2021,2021-05-03,634258,2021-05-04 00:10:00+00:00,R,N,1,118,114,Kansas City Royals,Cleveland Indians
2021,2021-05-03,634334,2021-05-04 01:38:00+00:00,R,N,1,108,139,Los Angeles Angels,Tampa Bay Rays
2021,2021-05-03,634293,2021-05-04 01:40:00+00:00,R,N,1,133,141,Oakland Athletics,Toronto Blue Jays
2021,2021-05-03,634243,2021-05-04 02:10:00+00:00,R,N,1,135,134,San Diego Padres,Pittsburgh Pirates
2021,2021-05-03,634242,2021-05-04 02:10:00+00:00,R,N,1,136,110,Seattle Mariners,Baltimore Orioles
2021,2021-05-04,634264,2021-05-03 23:40:00+00:00,R,N,1,112,119,Chicago Cubs,Los Angeles Dodgers
2021,2021-05-04,634254,2021-05-04 00:40:00+00:00,R,N,1,115,137,Colorado Rockies,San Francisco Giants
2021,2021-05-04,634264,2021-05-04 18:20:00+00:00,R,S,1,112,119,Chicago Cubs,Los Angeles Dodgers
2021,2021-05-04,634321,2021-05-04 23:40:00+00:00,R,S,2,112,119,Chicago Cubs,Los Angeles Dodgers
2021,2021-05-04,634246,2021-05-04 21:40:00+00:00,R,Y,1,115,137,Colorado Rockies,San Francisco Giants
2021,2021-05-04,634254,2021-05-04 21:45:00+00:00,R,Y,2,115,137,Colorado Rockies,San Francisco Giants
2021,2021-05-04,634251,2021-05-04 22:40:00+00:00,R,N,1,113,145,Cincinnati Reds,Chicago White Sox
2021,2021-05-04,634245,2021-05-04 22:40:00+00:00,R,N,1,146,109,Miami Marlins,Arizona Diamondbacks
2021,2021-05-04,634297,2021-05-04 23:05:00+00:00,R,N,1,120,144,Washington Nationals,Atlanta Braves
2021,2021-05-04,634269,2021-05-04 23:05:00+00:00,R,N,1,147,117,New York Yankees,Houston Astros
2021,2021-05-04,634324,2021-05-04 23:05:00+00:00,R,N,1,143,158,Philadelphia Phillies,Milwaukee Brewers
2021,2021-05-04,634241,2021-05-04 23:10:00+00:00,R,N,1,111,116,Boston Red Sox,Detroit Tigers
2021,2021-05-04,634229,2021-05-04 23:40:00+00:00,R,N,1,142,140,Minnesota Twins,Texas Rangers
2021,2021-05-04,634277,2021-05-05 00:10:00+00:00,R,N,1,118,114,Kansas City Royals,Cleveland Indians
2021,2021-05-04,634267,2021-05-05 01:38:00+00:00,R,N,1,108,139,Los Angeles Angels,Tampa Bay Rays
2021,2021-05-04,634278,2021-05-05 01:40:00+00:00,R,N,1,133,141,Oakland Athletics,Toronto Blue Jays
2021,2021-05-04,634313,2021-05-05 02:10:00+00:00,R,N,1,135,134,San Diego Padres,Pittsburgh Pirates
2021,2021-05-04,634265,2021-05-05 02:10:00+00:00,R,N,1,136,110,Seattle Mariners,Baltimore Orioles
2021,2021-05-05,634239,2021-05-04 23:45:00+00:00,R,N,1,138,121,St. Louis Cardinals,New York Mets
2021,2021-05-05,634270,2021-05-05 16:35:00+00:00,R,N,1,113,145,Cincinnati Reds,Chicago White Sox
2021,2021-05-05,634225,2021-05-05 19:10:00+00:00,R,N,1,115,137,Colorado Rockies,San Francisco Giants
2021,2021-05-05,634220,2021-05-05 19:40:00+00:00,R,N,1,136,110,Seattle Mariners,Baltimore Orioles
2021,2021-05-05,634250,2021-05-05 21:15:00+00:00,R,Y,1,138,121,St. Louis Cardinals,New York Mets
2021,2021-05-05,634239,2021-05-05 21:20:00+00:00,R,Y,2,138,121,St. Louis Cardinals,New York Mets
2021,2021-05-05,634249,2021-05-05 22:40:00+00:00,R,N,1,146,109,Miami Marlins,Arizona Diamondbacks
2021,2021-05-05,634266,2021-05-05 23:05:00+00:00,R,N,1,120,144,Washington Nationals,Atlanta Braves
2021,2021-05-05,634217,2021-05-05 23:05:00+00:00,R,N,1,147,117,New York Yankees,Houston Astros
2021,2021-05-05,634294,2021-05-05 23:05:00+00:00,R,N,1,143,158,Philadelphia Phillies,Milwaukee Brewers
2021,2021-05-05,634228,2021-05-05 23:10:00+00:00,R,N,1,111,116,Boston Red Sox,Detroit Tigers
2021,2021-05-05,634230,2021-05-05 23:40:00+00:00,R,N,1,112,119,Chicago Cubs,Los Angeles Dodgers
2021,2021-05-05,634279,2021-05-05 23:40:00+00:00,R,N,1,142,140,Minnesota Twins,Texas Rangers
2021,2021-05-05,634226,2021-05-06 00:10:00+00:00,R,N,1,118,114,Kansas City Royals,Cleveland Indians
2021,2021-05-05,634227,2021-05-06 00:10:00+00:00,R,N,1,135,134,San Diego Padres,Pittsburgh Pirates
2021,2021-05-05,634281,2021-05-06 01:38:00+00:00,R,N,1,108,139,Los Angeles Angels,Tampa Bay Rays
2021,2021-05-05,634248,2021-05-06 01:40:00+00:00,R,N,1,133,141,Oakland Athletics,Toronto Blue Jays
2021,2021-05-06,634224,2021-05-06 17:05:00+00:00,R,N,1,147,117,New York Yankees,Houston Astros
2021,2021-05-06,634283,2021-05-06 17:05:00+00:00,R,N,1,143,158,Philadelphia Phillies,Milwaukee Brewers
2021,2021-05-06,634255,2021-05-06 17:10:00+00:00,R,N,1,111,116,Boston Red Sox,Detroit Tigers
2021,2021-05-06,634261,2021-05-06 17:10:00+00:00,R,N,1,142,140,Minnesota Twins,Texas Rangers
2021,2021-05-06,634223,2021-05-06 17:15:00+00:00,R,N,1,138,121,St. Louis Cardinals,New York Mets
2021,2021-05-06,634233,2021-05-06 18:10:00+00:00,R,N,1,118,114,Kansas City Royals,Cleveland Indians
2021,2021-05-06,634231,2021-05-06 19:37:00+00:00,R,N,1,133,141,Oakland Athletics,Toronto Blue Jays
2021,2021-05-06,634232,2021-05-06 20:05:00+00:00,R,N,1,120,144,Washington Nationals,Atlanta Braves
2021,2021-05-06,634291,2021-05-06 22:40:00+00:00,R,N,1,146,109,Miami Marlins,Arizona Diamondbacks
2021,2021-05-06,634247,2021-05-07 01:38:00+00:00,R,N,1,108,139,Los Angeles Angels,Tampa Bay Rays
2021,2021-05-07,634216,2021-05-07 18:20:00+00:00,R,N,1,112,134,Chicago Cubs,Pittsburgh Pirates
2021,2021-05-07,634209,2021-05-07 23:05:00+00:00,R,N,1,110,111,Baltimore Orioles,Boston Red Sox
2021,2021-05-07,634234,2021-05-07 23:05:00+00:00,R,N,1,147,120,New York Yankees,Washington Nationals
2021,2021-05-07,634203,2021-05-07 23:10:00+00:00,R,N,1,114,113,Cleveland Indians,Cincinnati Reds
2021,2021-05-07,634252,2021-05-07 23:10:00+00:00,R,N,1,121,109,New York Mets,Arizona Diamondbacks
2021,2021-05-07,634204,2021-05-07 23:10:00+00:00,R,N,1,116,142,Detroit Tigers,Minnesota Twins
2021,2021-05-07,634195,2021-05-07 23:10:00+00:00,R,N,1,146,158,Miami Marlins,Milwaukee Brewers
2021,2021-05-07,634219,2021-05-07 23:20:00+00:00,R,N,1,144,143,Atlanta Braves,Philadelphia Phillies
2021,2021-05-07,634253,2021-05-08 00:05:00+00:00,R,N,1,140,136,Texas Rangers,Seattle Mariners
2021,2021-05-07,634201,2021-05-08 00:05:00+00:00,R,N,1,117,141,Houston Astros,Toronto Blue Jays
2021,2021-05-07,634235,2021-05-08 00:10:00+00:00,R,N,1,118,145,Kansas City Royals,Chicago White Sox
2021,2021-05-07,634200,2021-05-08 00:15:00+00:00,R,N,1,138,115,St. Louis Cardinals,Colorado Rockies
2021,2021-05-07,634213,2021-05-08 01:38:00+00:00,R,N,1,108,119,Los Angeles Angels,Los Angeles Dodgers
2021,2021-05-07,634263,2021-05-08 01:40:00+00:00,R,N,1,133,139,Oakland Athletics,Tampa Bay Rays
2021,2021-05-07,634240,2021-05-08 01:45:00+00:00,R,N,1,137,135,San Francisco Giants,San Diego Padres
2021,2021-05-08,634221,2021-05-08 17:05:00+00:00,R,N,1,147,120,New York Yankees,Washington Nationals
2021,2021-05-08,634165,2021-05-08 18:15:00+00:00,R,N,1,138,115,St. Louis Cardinals,Colorado Rockies
2021,2021-05-08,634212,2021-05-08 18:20:00+00:00,R,N,1,112,134,Chicago Cubs,Pittsburgh Pirates
2021,2021-05-08,634178,2021-05-08 20:05:00+00:00,R,N,1,137,135,San Francisco Giants,San Diego Padres
2021,2021-05-08,634236,2021-05-08 20:07:00+00:00,R,N,1,133,139,Oakland Athletics,Tampa Bay Rays
2021,2021-05-08,634214,2021-05-08 20:10:00+00:00,R,N,1,116,142,Detroit Tigers,Minnesota Twins
2021,2021-05-08,634187,2021-05-08 22:10:00+00:00,R,N,1,114,113,Cleveland Indians,Cincinnati Reds
2021,2021-05-08,634215,2021-05-08 22:10:00+00:00,R,N,1,146,158,Miami Marlins,Milwaukee Brewers
2021,2021-05-08,634196,2021-05-08 23:05:00+00:00,R,N,1,110,111,Baltimore Orioles,Boston Red Sox
2021,2021-05-08,634171,2021-05-08 23:05:00+00:00,R,N,1,140,136,Texas Rangers,Seattle Mariners
2021,2021-05-08,634190,2021-05-08 23:10:00+00:00,R,N,1,121,109,New York Mets,Arizona Diamondbacks
2021,2021-05-08,634193,2021-05-08 23:10:00+00:00,R,N,1,117,141,Houston Astros,Toronto Blue Jays
2021,2021-05-08,634197,2021-05-08 23:10:00+00:00,R,N,1,118,145,Kansas City Royals,Chicago White Sox
2021,2021-05-08,634199,2021-05-08 23:20:00+00:00,R,N,1,144,143,Atlanta Braves,Philadelphia Phillies
2021,2021-05-08,634262,2021-05-09 01:07:00+00:00,R,N,1,108,119,Los Angeles Angels,Los Angeles Dodgers
2021,2021-05-09,634177,2021-05-09 17:05:00+00:00,R,N,1,110,111,Baltimore Orioles,Boston Red Sox
2021,2021-05-09,634218,2021-05-09 17:05:00+00:00,R,N,1,147,120,New York Yankees,Washington Nationals
2021,2021-05-09,634184,2021-05-09 17:10:00+00:00,R,N,1,121,109,New York Mets,Arizona Diamondbacks
2021,2021-05-09,634207,2021-05-09 17:10:00+00:00,R,N,1,146,158,Miami Marlins,Milwaukee Brewers
2021,2021-05-09,634192,2021-05-09 18:10:00+00:00,R,N,1,117,141,Houston Astros,Toronto Blue Jays
2021,2021-05-09,634167,2021-05-09 18:10:00+00:00,R,N,1,118,145,Kansas City Royals,Chicago White Sox
2021,2021-05-09,634194,2021-05-09 18:15:00+00:00,R,N,1,138,115,St. Louis Cardinals,Colorado Rockies
2021,2021-05-09,634237,2021-05-09 18:20:00+00:00,R,N,1,112,134,Chicago Cubs,Pittsburgh Pirates
2021,2021-05-09,634182,2021-05-09 18:35:00+00:00,R,N,1,140,136,Texas Rangers,Seattle Mariners
2021,2021-05-09,634185,2021-05-09 20:05:00+00:00,R,N,1,137,135,San Francisco Giants,San Diego Padres
2021,2021-05-09,634205,2021-05-09 20:07:00+00:00,R,N,1,108,119,Los Angeles Angels,Los Angeles Dodgers
2021,2021-05-09,634211,2021-05-09 20:07:00+00:00,R,N,1,133,139,Oakland Athletics,Tampa Bay Rays
2021,2021-05-09,634175,2021-05-09 23:08:00+00:00,R,N,1,144,143,Atlanta Braves,Philadelphia Phillies
2021,2021-08-09,634173,2021-05-09 17:10:00+00:00,R,N,1,114,113,Cleveland Indians,Cincinnati Reds
2021,2021-07-17,634222,2021-05-09 17:10:00+00:00,R,N,1,116,142,Detroit Tigers,Minnesota Twins
2021,2021-05-10,634152,2021-05-10 22:35:00+00:00,R,N,1,134,113,Pittsburgh Pirates,Cincinnati Reds
2021,2021-05-10,634176,2021-05-10 23:05:00+00:00,R,N,1,110,111,Baltimore Orioles,Boston Red Sox
2021,2021-05-10,634181,2021-05-11 00:10:00+00:00,R,N,1,117,108,Houston Astros,Los Angeles Angels
2021,2021-05-10,634157,2021-05-11 01:40:00+00:00,R,N,1,109,146,Arizona Diamondbacks,Miami Marlins
2021,2021-05-10,634153,2021-05-11 01:45:00+00:00,R,N,1,137,140,San Francisco Giants,Texas Rangers
2021,2021-05-12,634155,2021-05-11 00:40:00+00:00,R,N,1,115,135,Colorado Rockies,San Diego Padres
2021,2021-05-11,634164,2021-05-11 19:45:00+00:00,R,N,1,137,140,San Francisco Giants,Texas Rangers
2021,2021-05-11,634189,2021-05-11 22:10:00+00:00,R,N,1,114,112,Cleveland Indians,Chicago Cubs
2021,2021-05-11,634174,2021-05-11 22:35:00+00:00,R,N,1,134,113,Pittsburgh Pirates,Cincinnati Reds
2021,2021-05-11,634144,2021-05-11 23:05:00+00:00,R,N,1,120,143,Washington Nationals,Philadelphia Phillies
2021,2021-05-11,634179,2021-05-11 23:10:00+00:00,R,N,1,116,118,Detroit Tigers,Kansas City Royals
2021,2021-05-11,634170,2021-05-11 23:10:00+00:00,R,N,1,121,110,New York Mets,Baltimore Orioles
2021,2021-05-11,634202,2021-05-11 23:10:00+00:00,R,N,1,111,133,Boston Red Sox,Oakland Athletics
2021,2021-05-11,634169,2021-05-11 23:10:00+00:00,R,N,1,139,147,Tampa Bay Rays,New York Yankees
2021,2021-05-11,634163,2021-05-11 23:20:00+00:00,R,N,1,144,141,Atlanta Braves,Toronto Blue Jays
2021,2021-05-11,634159,2021-05-11 23:40:00+00:00,R,N,1,158,138,Milwaukee Brewers,St. Louis Cardinals
2021,2021-05-11,634156,2021-05-12 00:10:00+00:00,R,N,1,117,108,Houston Astros,Los Angeles Angels
2021,2021-05-11,634147,2021-05-12 00:10:00+00:00,R,N,1,145,142,Chicago White Sox,Minnesota Twins
2021,2021-05-11,634149,2021-05-12 00:40:00+00:00,R,N,1,115,135,Colorado Rockies,San Diego Padres
2021,2021-05-11,634180,2021-05-12 01:40:00+00:00,R,N,1,109,146,Arizona Diamondbacks,Miami Marlins
2021,2021-05-11,634142,2021-05-12 02:10:00+00:00,R,N,1,119,136,Los Angeles Dodgers,Seattle Mariners
2021,2021-05-12,634128,2021-05-12 16:10:00+00:00,R,N,1,121,110,New York Mets,Baltimore Orioles
2021,2021-05-12,634137,2021-05-12 16:35:00+00:00,R,N,1,134,113,Pittsburgh Pirates,Cincinnati Reds
2021,2021-05-12,634129,2021-05-12 17:10:00+00:00,R,N,1,114,112,Cleveland Indians,Chicago Cubs
2021,2021-05-12,634208,2021-05-12 19:10:00+00:00,R,Y,1,115,135,Colorado Rockies,San Diego Padres
2021,2021-05-12,634155,2021-05-12 19:15:00+00:00,R,Y,2,115,135,Colorado Rockies,San Diego Padres
2021,2021-05-12,634151,2021-05-12 23:05:00+00:00,R,N,1,120,143,Washington Nationals,Philadelphia Phillies
2021,2021-05-12,634186,2021-05-12 23:10:00+00:00,R,N,1,116,118,Detroit Tigers,Kansas City Royals
2021,2021-05-12,634154,2021-05-12 23:10:00+00:00,R,N,1,111,133,Boston Red Sox,Oakland Athletics
2021,2021-05-12,634210,2021-05-12 23:10:00+00:00,R,N,1,139,147,Tampa Bay Rays,New York Yankees
2021,2021-05-12,634238,2021-05-12 23:20:00+00:00,R,N,1,144,141,Atlanta Braves,Toronto Blue Jays
2021,2021-05-12,634198,2021-05-12 23:40:00+00:00,R,N,1,158,138,Milwaukee Brewers,St. Louis Cardinals
2021,2021-05-12,634172,2021-05-13 00:10:00+00:00,R,N,1,117,108,Houston Astros,Los Angeles Angels
2021,2021-05-12,634160,2021-05-13 00:10:00+00:00,R,N,1,145,142,Chicago White Sox,Minnesota Twins
2021,2021-05-12,634183,2021-05-13 01:40:00+00:00,R,N,1,109,146,Arizona Diamondbacks,Miami Marlins
2021,2021-05-12,634140,2021-05-13 02:10:00+00:00,R,N,1,119,136,Los Angeles Dodgers,Seattle Mariners
2021,2021-05-13,634114,2021-05-13 16:20:00+00:00,R,N,1,144,141,Atlanta Braves,Toronto Blue Jays
2021,2021-05-13,634103,2021-05-13 17:05:00+00:00,R,N,1,120,143,Washington Nationals,Philadelphia Phillies
2021,2021-05-13,634117,2021-05-13 17:10:00+00:00,R,N,1,116,118,Detroit Tigers,Kansas City Royals
2021,2021-05-13,634158,2021-05-13 17:40:00+00:00,R,N,1,158,138,Milwaukee Brewers,St. Louis Cardinals
2021,2021-05-13,634125,2021-05-13 18:10:00+00:00,R,N,1,145,142,Chicago White Sox,Minnesota Twins
2021,2021-05-13,634113,2021-05-13 22:35:00+00:00,R,N,1,134,137,Pittsburgh Pirates,San Francisco Giants
2021,2021-05-13,634150,2021-05-13 23:10:00+00:00,R,N,1,111,133,Boston Red Sox,Oakland Athletics
2021,2021-05-13,634126,2021-05-13 23:10:00+00:00,R,N,1,139,147,Tampa Bay Rays,New York Yankees
2021,2021-05-13,634141,2021-05-14 00:10:00+00:00,R,N,1,117,140,Houston Astros,Texas Rangers
2021,2021-05-13,634191,2021-05-14 00:40:00+00:00,R,N,1,115,113,Colorado Rockies,Cincinnati Reds
2021,2021-05-13,634136,2021-05-14 01:40:00+00:00,R,N,1,109,146,Arizona Diamondbacks,Miami Marlins
2021,2021-05-13,634135,2021-05-14 02:10:00+00:00,R,N,1,136,114,Seattle Mariners,Cleveland Indians
2021,2021-05-14,634656,2021-05-14 19:10:00+00:00,R,S,1,145,118,Chicago White Sox,Kansas City Royals
2021,2021-05-14,634166,2021-05-15 00:10:00+00:00,R,S,2,145,118,Chicago White Sox,Kansas City Royals
2021,2021-05-14,634108,2021-05-14 22:35:00+00:00,R,N,1,134,137,Pittsburgh Pirates,San Francisco Giants
2021,2021-05-14,634146,2021-05-14 23:05:00+00:00,R,N,1,110,147,Baltimore Orioles,New York Yankees
2021,2021-05-14,634138,2021-05-14 23:10:00+00:00,R,N,1,111,108,Boston Red Sox,Los Angeles Angels
2021,2021-05-14,634206,2021-05-14 23:10:00+00:00,R,N,1,116,112,Detroit Tigers,Chicago Cubs
2021,2021-05-14,634093,2021-05-14 23:10:00+00:00,R,N,1,139,121,Tampa Bay Rays,New York Mets
2021,2021-05-14,634119,2021-05-14 23:37:00+00:00,R,N,1,141,143,Toronto Blue Jays,Philadelphia Phillies
2021,2021-05-14,634123,2021-05-15 00:10:00+00:00,R,N,1,117,140,Houston Astros,Texas Rangers
2021,2021-05-14,634131,2021-05-15 00:10:00+00:00,R,N,1,142,133,Minnesota Twins,Oakland Athletics
2021,2021-05-14,634118,2021-05-15 00:10:00+00:00,R,N,1,158,144,Milwaukee Brewers,Atlanta Braves
2021,2021-05-14,634121,2021-05-15 00:40:00+00:00,R,N,1,115,113,Colorado Rockies,Cincinnati Reds
2021,2021-05-14,634162,2021-05-15 01:40:00+00:00,R,N,1,109,120,Arizona Diamondbacks,Washington Nationals
2021,2021-05-14,634110,2021-05-15 02:10:00+00:00,R,N,1,136,114,Seattle Mariners,Cleveland Indians
2021,2021-05-14,634132,2021-05-15 02:10:00+00:00,R,N,1,135,138,San Diego Padres,St. Louis Cardinals
2021,2021-05-14,634145,2021-05-15 02:10:00+00:00,R,N,1,119,146,Los Angeles Dodgers,Miami Marlins
2021,2021-05-15,634105,2021-05-15 17:10:00+00:00,R,N,1,139,121,Tampa Bay Rays,New York Mets
2021,2021-05-15,634080,2021-05-15 20:05:00+00:00,R,N,1,142,133,Minnesota Twins,Oakland Athletics
2021,2021-05-15,634095,2021-05-15 20:10:00+00:00,R,N,1,111,108,Boston Red Sox,Los Angeles Angels
2021,2021-05-15,634111,2021-05-15 20:10:00+00:00,R,N,1,116,112,Detroit Tigers,Chicago Cubs
2021,2021-05-15,634085,2021-05-15 22:35:00+00:00,R,N,1,134,137,Pittsburgh Pirates,San Francisco Giants
2021,2021-05-15,634104,2021-05-15 23:05:00+00:00,R,N,1,110,147,Baltimore Orioles,New York Yankees
2021,2021-05-15,634161,2021-05-15 23:10:00+00:00,R,N,1,117,140,Houston Astros,Texas Rangers
2021,2021-05-15,634127,2021-05-15 23:10:00+00:00,R,N,1,145,118,Chicago White Sox,Kansas City Royals
2021,2021-05-15,634106,2021-05-15 23:10:00+00:00,R,N,1,158,144,Milwaukee Brewers,Atlanta Braves
2021,2021-05-15,634139,2021-05-15 23:37:00+00:00,R,N,1,141,143,Toronto Blue Jays,Philadelphia Phillies
2021,2021-05-15,634148,2021-05-16 00:10:00+00:00,R,N,1,115,113,Colorado Rockies,Cincinnati Reds
2021,2021-05-15,634097,2021-05-16 00:10:00+00:00,R,N,1,109,120,Arizona Diamondbacks,Washington Nationals
2021,2021-05-15,634143,2021-05-16 00:40:00+00:00,R,N,1,135,138,San Diego Padres,St. Louis Cardinals
2021,2021-05-15,634084,2021-05-16 01:10:00+00:00,R,N,1,136,114,Seattle Mariners,Cleveland Indians
2021,2021-05-15,634096,2021-05-16 01:10:00+00:00,R,N,1,119,146,Los Angeles Dodgers,Miami Marlins
2021,2021-05-16,634094,2021-05-16 17:05:00+00:00,R,N,1,134,137,Pittsburgh Pirates,San Francisco Giants
2021,2021-05-16,634086,2021-05-16 17:05:00+00:00,R,N,1,110,147,Baltimore Orioles,New York Yankees
2021,2021-05-16,634069,2021-05-16 17:07:00+00:00,R,N,1,141,143,Toronto Blue Jays,Philadelphia Phillies
2021,2021-05-16,634100,2021-05-16 17:10:00+00:00,R,N,1,111,108,Boston Red Sox,Los Angeles Angels
2021,2021-05-16,634083,2021-05-16 17:10:00+00:00,R,N,1,116,112,Detroit Tigers,Chicago Cubs
2021,2021-05-16,634071,2021-05-16 17:10:00+00:00,R,N,1,139,121,Tampa Bay Rays,New York Mets
2021,2021-05-16,634068,2021-05-16 18:10:00+00:00,R,N,1,117,140,Houston Astros,Texas Rangers
2021,2021-05-16,634188,2021-05-16 18:10:00+00:00,R,N,1,142,133,Minnesota Twins,Oakland Athletics
2021,2021-05-16,634124,2021-05-16 18:10:00+00:00,R,N,1,145,118,Chicago White Sox,Kansas City Royals
2021,2021-05-16,634134,2021-05-16 18:10:00+00:00,R,N,1,158,144,Milwaukee Brewers,Atlanta Braves
2021,2021-05-16,634098,2021-05-16 19:10:00+00:00,R,N,1,115,113,Colorado Rockies,Cincinnati Reds
2021,2021-05-16,634130,2021-05-16 20:10:00+00:00,R,N,1,109,120,Arizona Diamondbacks,Washington Nationals
2021,2021-05-16,634087,2021-05-16 20:10:00+00:00,R,N,1,136,114,Seattle Mariners,Cleveland Indians
2021,2021-05-16,634122,2021-05-16 20:10:00+00:00,R,N,1,119,146,Los Angeles Dodgers,Miami Marlins
2021,2021-05-16,634090,2021-05-16 23:08:00+00:00,R,N,1,135,138,San Diego Padres,St. Louis Cardinals
2021,2021-05-17,634070,2021-05-17 22:40:00+00:00,R,N,1,113,137,Cincinnati Reds,San Francisco Giants
2021,2021-05-17,634063,2021-05-17 23:10:00+00:00,R,N,1,144,121,Atlanta Braves,New York Mets
2021,2021-05-17,634076,2021-05-17 23:40:00+00:00,R,N,1,112,120,Chicago Cubs,Washington Nationals
2021,2021-05-17,634077,2021-05-17 23:40:00+00:00,R,N,1,142,145,Minnesota Twins,Chicago White Sox
2021,2021-05-17,634099,2021-05-18 00:05:00+00:00,R,N,1,140,147,Texas Rangers,New York Yankees
2021,2021-05-17,634101,2021-05-18 01:38:00+00:00,R,N,1,108,114,Los Angeles Angels,Cleveland Indians
2021,2021-05-17,634091,2021-05-18 02:10:00+00:00,R,N,1,119,109,Los Angeles Dodgers,Arizona Diamondbacks
2021,2021-05-17,634057,2021-05-18 02:10:00+00:00,R,N,1,135,115,San Diego Padres,Colorado Rockies
2021,2021-05-17,634082,2021-05-18 02:10:00+00:00,R,N,1,136,116,Seattle Mariners,Detroit Tigers
2021,2021-05-18,634058,2021-05-18 22:40:00+00:00,R,N,1,113,137,Cincinnati Reds,San Francisco Giants
2021,2021-05-18,634075,2021-05-18 23:05:00+00:00,R,N,1,110,139,Baltimore Orioles,Tampa Bay Rays
2021,2021-05-18,634051,2021-05-18 23:05:00+00:00,R,N,1,143,146,Philadelphia Phillies,Miami Marlins
2021,2021-05-18,634107,2021-05-18 23:20:00+00:00,R,N,1,144,121,Atlanta Braves,New York Mets
2021,2021-05-18,634133,2021-05-18 23:37:00+00:00,R,N,1,141,111,Toronto Blue Jays,Boston Red Sox
2021,2021-05-18,634052,2021-05-18 23:40:00+00:00,R,N,1,112,120,Chicago Cubs,Washington Nationals
2021,2021-05-18,634073,2021-05-18 23:40:00+00:00,R,N,1,142,145,Minnesota Twins,Chicago White Sox
2021,2021-05-18,634109,2021-05-18 23:45:00+00:00,R,N,1,138,134,St. Louis Cardinals,Pittsburgh Pirates
2021,2021-05-18,634067,2021-05-19 00:05:00+00:00,R,N,1,140,147,Texas Rangers,New York Yankees
2021,2021-05-18,634043,2021-05-19 00:10:00+00:00,R,N,1,118,158,Kansas City Royals,Milwaukee Brewers
2021,2021-05-18,634102,2021-05-19 01:38:00+00:00,R,N,1,108,114,Los Angeles Angels,Cleveland Indians
2021,2021-05-18,634050,2021-05-19 01:40:00+00:00,R,N,1,133,117,Oakland Athletics,Houston Astros
2021,2021-05-18,634092,2021-05-19 02:10:00+00:00,R,N,1,119,109,Los Angeles Dodgers,Arizona Diamondbacks
2021,2021-05-18,634065,2021-05-19 02:10:00+00:00,R,N,1,135,115,San Diego Padres,Colorado Rockies
2021,2021-05-18,634115,2021-05-19 02:10:00+00:00,R,N,1,136,116,Seattle Mariners,Detroit Tigers
2021,2021-05-19,634030,2021-05-19 17:10:00+00:00,R,N,1,142,145,Minnesota Twins,Chicago White Sox
2021,2021-05-19,634031,2021-05-19 20:10:00+00:00,R,N,1,135,115,San Diego Padres,Colorado Rockies
2021,2021-05-19,634061,2021-05-19 22:40:00+00:00,R,N,1,113,137,Cincinnati Reds,San Francisco Giants
2021,2021-05-19,634055,2021-05-19 23:05:00+00:00,R,N,1,110,139,Baltimore Orioles,Tampa Bay Rays
2021,2021-05-19,634044,2021-05-19 23:05:00+00:00,R,N,1,143,146,Philadelphia Phillies,Miami Marlins
2021,2021-05-19,634066,2021-05-19 23:20:00+00:00,R,N,1,144,121,Atlanta Braves,New York Mets
2021,2021-05-19,634116,2021-05-19 23:37:00+00:00,R,N,1,141,111,Toronto Blue Jays,Boston Red Sox
2021,2021-05-19,634053,2021-05-19 23:40:00+00:00,R,N,1,112,120,Chicago Cubs,Washington Nationals
2021,2021-05-19,634026,2021-05-19 23:45:00+00:00,R,N,1,138,134,St. Louis Cardinals,Pittsburgh Pirates
2021,2021-05-19,634168,2021-05-20 00:05:00+00:00,R,N,1,140,147,Texas Rangers,New York Yankees
2021,2021-05-19,634029,2021-05-20 00:07:00+00:00,R,N,1,108,114,Los Angeles Angels,Cleveland Indians
2021,2021-05-19,634037,2021-05-20 00:10:00+00:00,R,N,1,118,158,Kansas City Royals,Milwaukee Brewers
2021,2021-05-19,634034,2021-05-20 01:40:00+00:00,R,N,1,133,117,Oakland Athletics,Houston Astros
2021,2021-05-19,634033,2021-05-20 02:10:00+00:00,R,N,1,119,109,Los Angeles Dodgers,Arizona Diamondbacks
2021,2021-05-19,634046,2021-05-20 02:10:00+00:00,R,N,1,136,116,Seattle Mariners,Detroit Tigers
2021,2021-05-20,634020,2021-05-20 16:35:00+00:00,R,N,1,113,137,Cincinnati Reds,San Francisco Giants
2021,2021-05-20,634120,2021-05-20 16:35:00+00:00,R,N,1,110,139,Baltimore Orioles,Tampa Bay Rays
2021,2021-05-20,634047,2021-05-20 18:05:00+00:00,R,N,1,140,147,Texas Rangers,New York Yankees
2021,2021-05-20,634112,2021-05-20 18:20:00+00:00,R,N,1,112,120,Chicago Cubs,Washington Nationals
2021,2021-05-20,634045,2021-05-20 19:37:00+00:00,R,N,1,133,117,Oakland Athletics,Houston Astros
2021,2021-05-20,634465,2021-05-20 20:07:00+00:00,R,S,1,108,142,Los Angeles Angels,Minnesota Twins
2021,2021-05-20,634441,2021-05-20 23:07:00+00:00,R,S,2,108,142,Los Angeles Angels,Minnesota Twins
2021,2021-05-20,634039,2021-05-20 23:05:00+00:00,R,N,1,143,146,Philadelphia Phillies,Miami Marlins
2021,2021-05-20,634041,2021-05-20 23:20:00+00:00,R,N,1,144,134,Atlanta Braves,Pittsburgh Pirates
2021,2021-05-20,634018,2021-05-20 23:37:00+00:00,R,N,1,141,111,Toronto Blue Jays,Boston Red Sox
2021,2021-05-20,634059,2021-05-21 02:10:00+00:00,R,N,1,119,109,Los Angeles Dodgers,Arizona Diamondbacks
2021,2021-05-21,634012,2021-05-21 23:05:00+00:00,R,N,1,120,110,Washington Nationals,Baltimore Orioles
2021,2021-05-21,634054,2021-05-21 23:05:00+00:00,R,N,1,143,111,Philadelphia Phillies,Boston Red Sox
2021,2021-05-21,634014,2021-05-21 23:05:00+00:00,R,N,1,147,145,New York Yankees,Chicago White Sox
2021,2021-05-21,634015,2021-05-21 23:10:00+00:00,R,N,1,114,142,Cleveland Indians,Minnesota Twins
2021,2021-05-21,634089,2021-05-21 23:10:00+00:00,R,N,1,146,121,Miami Marlins,New York Mets
2021,2021-05-21,634027,2021-05-21 23:10:00+00:00,R,N,1,113,158,Cincinnati Reds,Milwaukee Brewers
2021,2021-05-21,634036,2021-05-21 23:20:00+00:00,R,N,1,144,134,Atlanta Braves,Pittsburgh Pirates
2021,2021-05-21,634078,2021-05-21 23:37:00+00:00,R,N,1,141,139,Toronto Blue Jays,Tampa Bay Rays
2021,2021-05-21,634008,2021-05-22 00:05:00+00:00,R,N,1,140,117,Texas Rangers,Houston Astros
2021,2021-05-21,634088,2021-05-22 00:10:00+00:00,R,N,1,118,116,Kansas City Royals,Detroit Tigers
2021,2021-05-21,634022,2021-05-22 00:15:00+00:00,R,N,1,138,112,St. Louis Cardinals,Chicago Cubs
2021,2021-05-21,634016,2021-05-22 00:40:00+00:00,R,N,1,115,109,Colorado Rockies,Arizona Diamondbacks
2021,2021-05-21,634028,2021-05-22 01:38:00+00:00,R,N,1,108,133,Los Angeles Angels,Oakland Athletics
2021,2021-05-21,634013,2021-05-22 01:45:00+00:00,R,N,1,137,119,San Francisco Giants,Los Angeles Dodgers
2021,2021-05-21,634019,2021-05-22 02:10:00+00:00,R,N,1,135,136,San Diego Padres,Seattle Mariners
2021,2021-05-22,634035,2021-05-22 17:05:00+00:00,R,N,1,147,145,New York Yankees,Chicago White Sox
2021,2021-05-22,634010,2021-05-22 19:10:00+00:00,R,N,1,115,109,Colorado Rockies,Arizona Diamondbacks
2021,2021-05-22,634062,2021-05-22 20:05:00+00:00,R,N,1,120,110,Washington Nationals,Baltimore Orioles
2021,2021-05-22,634079,2021-05-22 20:05:00+00:00,R,N,1,140,117,Texas Rangers,Houston Astros
2021,2021-05-22,634001,2021-05-22 20:10:00+00:00,R,N,1,118,116,Kansas City Royals,Detroit Tigers
2021,2021-05-22,634038,2021-05-22 20:10:00+00:00,R,N,1,114,142,Cleveland Indians,Minnesota Twins
2021,2021-05-22,634049,2021-05-22 20:10:00+00:00,R,N,1,144,134,Atlanta Braves,Pittsburgh Pirates
2021,2021-05-22,633999,2021-05-22 20:10:00+00:00,R,N,1,146,121,Miami Marlins,New York Mets
2021,2021-05-22,634017,2021-05-22 20:10:00+00:00,R,N,1,113,158,Cincinnati Reds,Milwaukee Brewers
2021,2021-05-22,634011,2021-05-22 23:15:00+00:00,R,N,1,137,119,San Francisco Giants,Los Angeles Dodgers
2021,2021-05-22,634032,2021-05-22 23:15:00+00:00,R,N,1,138,112,St. Louis Cardinals,Chicago Cubs
2021,2021-05-22,633984,2021-05-22 23:15:00+00:00,R,N,1,143,111,Philadelphia Phillies,Boston Red Sox
2021,2021-05-22,634081,2021-05-22 23:37:00+00:00,R,N,1,141,139,Toronto Blue Jays,Tampa Bay Rays
2021,2021-05-22,633991,2021-05-23 00:40:00+00:00,R,N,1,135,136,San Diego Padres,Seattle Mariners
2021,2021-05-22,634000,2021-05-23 02:07:00+00:00,R,N,1,108,133,Los Angeles Angels,Oakland Athletics
2021,2021-05-23,633977,2021-05-23 17:05:00+00:00,R,N,1,120,110,Washington Nationals,Baltimore Orioles
2021,2021-05-23,634004,2021-05-23 17:05:00+00:00,R,N,1,143,111,Philadelphia Phillies,Boston Red Sox
2021,2021-05-23,634009,2021-05-23 17:05:00+00:00,R,N,1,147,145,New York Yankees,Chicago White Sox
2021,2021-05-23,633975,2021-05-23 17:07:00+00:00,R,N,1,141,139,Toronto Blue Jays,Tampa Bay Rays
2021,2021-05-23,634007,2021-05-23 17:10:00+00:00,R,N,1,114,142,Cleveland Indians,Minnesota Twins
2021,2021-05-23,633998,2021-05-23 17:10:00+00:00,R,N,1,146,121,Miami Marlins,New York Mets
2021,2021-05-23,633989,2021-05-23 17:10:00+00:00,R,N,1,113,158,Cincinnati Reds,Milwaukee Brewers
2021,2021-05-23,634060,2021-05-23 17:20:00+00:00,R,N,1,144,134,Atlanta Braves,Pittsburgh Pirates
2021,2021-05-23,634002,2021-05-23 18:10:00+00:00,R,N,1,118,116,Kansas City Royals,Detroit Tigers
2021,2021-05-23,634025,2021-05-23 18:35:00+00:00,R,N,1,140,117,Texas Rangers,Houston Astros
2021,2021-05-23,633995,2021-05-23 19:10:00+00:00,R,N,1,115,109,Colorado Rockies,Arizona Diamondbacks
2021,2021-05-23,633980,2021-05-23 20:05:00+00:00,R,N,1,137,119,San Francisco Giants,Los Angeles Dodgers
2021,2021-05-23,633985,2021-05-23 20:07:00+00:00,R,N,1,108,133,Los Angeles Angels,Oakland Athletics
2021,2021-05-23,633996,2021-05-23 20:10:00+00:00,R,N,1,135,136,San Diego Padres,Seattle Mariners
2021,2021-05-23,633973,2021-05-23 23:08:00+00:00,R,N,1,138,112,St. Louis Cardinals,Chicago Cubs
2021,2021-05-24,633963,2021-05-24 17:07:00+00:00,R,N,1,141,139,Toronto Blue Jays,Tampa Bay Rays
2021,2021-05-24,633976,2021-05-24 22:40:00+00:00,R,N,1,146,143,Miami Marlins,Philadelphia Phillies
2021,2021-05-24,633981,2021-05-24 23:10:00+00:00,R,N,1,116,114,Detroit Tigers,Cleveland Indians
2021,2021-05-24,634056,2021-05-24 23:10:00+00:00,R,N,1,121,115,New York Mets,Colorado Rockies
2021,2021-05-24,633982,2021-05-24 23:40:00+00:00,R,N,1,142,110,Minnesota Twins,Baltimore Orioles
2021,2021-05-24,633992,2021-05-24 23:40:00+00:00,R,N,1,158,135,Milwaukee Brewers,San Diego Padres
2021,2021-05-24,633994,2021-05-25 00:10:00+00:00,R,N,1,145,138,Chicago White Sox,St. Louis Cardinals
2021,2021-05-24,633955,2021-05-25 01:40:00+00:00,R,N,1,133,136,Oakland Athletics,Seattle Mariners
2021,2021-05-25,633941,2021-05-25 22:35:00+00:00,R,N,1,134,112,Pittsburgh Pirates,Chicago Cubs
2021,2021-05-25,633969,2021-05-25 22:40:00+00:00,R,N,1,146,143,Miami Marlins,Philadelphia Phillies
2021,2021-05-25,633965,2021-05-25 23:05:00+00:00,R,N,1,120,113,Washington Nationals,Cincinnati Reds
2021,2021-05-25,633956,2021-05-25 23:05:00+00:00,R,N,1,147,141,New York Yankees,Toronto Blue Jays
2021,2021-05-25,633970,2021-05-25 23:10:00+00:00,R,N,1,116,114,Detroit Tigers,Cleveland Indians
2021,2021-05-25,634023,2021-05-25 23:10:00+00:00,R,N,1,121,115,New York Mets,Colorado Rockies
2021,2021-05-25,633990,2021-05-25 23:10:00+00:00,R,N,1,139,118,Tampa Bay Rays,Kansas City Royals
2021,2021-05-25,633958,2021-05-25 23:10:00+00:00,R,N,1,111,144,Boston Red Sox,Atlanta Braves
2021,2021-05-25,634048,2021-05-25 23:40:00+00:00,R,N,1,142,110,Minnesota Twins,Baltimore Orioles
2021,2021-05-25,633962,2021-05-25 23:40:00+00:00,R,N,1,158,135,Milwaukee Brewers,San Diego Padres
2021,2021-05-25,633953,2021-05-26 00:10:00+00:00,R,N,1,117,119,Houston Astros,Los Angeles Dodgers
2021,2021-05-25,633951,2021-05-26 00:10:00+00:00,R,N,1,145,138,Chicago White Sox,St. Louis Cardinals
2021,2021-05-25,633972,2021-05-26 01:38:00+00:00,R,N,1,108,140,Los Angeles Angels,Texas Rangers
2021,2021-05-25,633945,2021-05-26 01:40:00+00:00,R,N,1,133,136,Oakland Athletics,Seattle Mariners
2021,2021-05-25,633979,2021-05-26 01:40:00+00:00,R,N,1,109,137,Arizona Diamondbacks,San Francisco Giants
2021,2021-05-26,633928,2021-05-26 17:10:00+00:00,R,N,1,142,110,Minnesota Twins,Baltimore Orioles
2021,2021-05-26,633971,2021-05-26 18:10:00+00:00,R,N,1,145,138,Chicago White Sox,St. Louis Cardinals
2021,2021-05-26,634074,2021-05-26 19:37:00+00:00,R,N,1,133,136,Oakland Athletics,Seattle Mariners
2021,2021-05-26,633940,2021-05-26 20:07:00+00:00,R,N,1,108,140,Los Angeles Angels,Texas Rangers
2021,2021-05-26,633967,2021-05-26 22:35:00+00:00,R,N,1,134,112,Pittsburgh Pirates,Chicago Cubs
2021,2021-05-26,633901,2021-05-26 22:40:00+00:00,R,N,1,146,143,Miami Marlins,Philadelphia Phillies
2021,2021-05-26,633890,2021-05-26 23:05:00+00:00,R,N,1,120,113,Washington Nationals,Cincinnati Reds
2021,2021-05-26,633986,2021-05-26 23:10:00+00:00,R,N,1,116,114,Detroit Tigers,Cleveland Indians
2021,2021-05-26,634064,2021-05-26 23:10:00+00:00,R,N,1,139,118,Tampa Bay Rays,Kansas City Royals
2021,2021-05-26,633993,2021-05-26 23:10:00+00:00,R,N,1,111,144,Boston Red Sox,Atlanta Braves
2021,2021-05-26,634021,2021-05-26 23:40:00+00:00,R,N,1,117,119,Houston Astros,Los Angeles Dodgers
2021,2021-05-26,633927,2021-05-26 23:40:00+00:00,R,N,1,158,135,Milwaukee Brewers,San Diego Padres
2021,2021-05-26,633939,2021-05-27 01:40:00+00:00,R,N,1,109,137,Arizona Diamondbacks,San Francisco Giants
2021,2021-05-27,633910,2021-05-26 23:05:00+00:00,R,N,1,147,141,New York Yankees,Toronto Blue Jays
2021,2021-05-27,633912,2021-05-26 23:10:00+00:00,R,N,1,121,115,New York Mets,Colorado Rockies
2021,2021-05-27,633922,2021-05-27 16:10:00+00:00,R,Y,1,121,115,New York Mets,Colorado Rockies
2021,2021-05-27,633912,2021-05-27 16:15:00+00:00,R,Y,2,121,115,New York Mets,Colorado Rockies
2021,2021-05-27,633957,2021-05-27 16:10:00+00:00,R,N,1,146,143,Miami Marlins,Philadelphia Phillies
2021,2021-05-27,633888,2021-05-27 16:35:00+00:00,R,N,1,134,112,Pittsburgh Pirates,Chicago Cubs
2021,2021-05-27,633943,2021-05-27 17:10:00+00:00,R,N,1,116,114,Detroit Tigers,Cleveland Indians
2021,2021-05-27,633937,2021-05-27 17:10:00+00:00,R,N,1,158,135,Milwaukee Brewers,San Diego Padres
2021,2021-05-26,633890,2021-05-27 18:05:00+00:00,R,N,1,120,113,Washington Nationals,Cincinnati Reds
2021,2021-05-27,633915,2021-05-27 19:10:00+00:00,R,N,1,139,118,Tampa Bay Rays,Kansas City Royals
2021,2021-05-27,633974,2021-05-27 20:05:00+00:00,R,Y,1,147,141,New York Yankees,Toronto Blue Jays
2021,2021-05-27,633910,2021-05-27 20:10:00+00:00,R,Y,2,147,141,New York Yankees,Toronto Blue Jays
2021,2021-05-27,634003,2021-05-27 23:00:00+00:00,R,N,1,120,113,Washington Nationals,Cincinnati Reds
2021,2021-05-27,633924,2021-05-28 00:10:00+00:00,R,N,1,145,110,Chicago White Sox,Baltimore Orioles
2021,2021-05-27,633964,2021-05-28 01:40:00+00:00,R,N,1,133,108,Oakland Athletics,Los Angeles Angels
2021,2021-05-27,633914,2021-05-28 01:40:00+00:00,R,N,1,109,138,Arizona Diamondbacks,St. Louis Cardinals
2021,2021-05-27,633930,2021-05-28 02:10:00+00:00,R,N,1,119,137,Los Angeles Dodgers,San Francisco Giants
2021,2021-05-27,633934,2021-05-28 02:10:00+00:00,R,N,1,136,140,Seattle Mariners,Texas Rangers
2021,2021-05-28,634024,2021-05-28 18:20:00+00:00,R,N,1,112,113,Chicago Cubs,Cincinnati Reds
2021,2021-05-28,633966,2021-05-28 23:10:00+00:00,R,N,1,114,141,Cleveland Indians,Toronto Blue Jays
2021,2021-05-28,634040,2021-05-28 23:10:00+00:00,R,N,1,111,146,Boston Red Sox,Miami Marlins
2021,2021-05-28,633961,2021-05-28 23:10:00+00:00,R,N,1,116,147,Detroit Tigers,New York Yankees
2021,2021-05-28,633918,2021-05-29 00:10:00+00:00,R,N,1,117,135,Houston Astros,San Diego Padres
2021,2021-05-28,633932,2021-05-29 00:10:00+00:00,R,N,1,142,118,Minnesota Twins,Kansas City Royals
2021,2021-05-28,634006,2021-05-29 01:40:00+00:00,R,N,1,133,108,Oakland Athletics,Los Angeles Angels
2021,2021-05-28,633987,2021-05-29 01:40:00+00:00,R,N,1,109,138,Arizona Diamondbacks,St. Louis Cardinals
2021,2021-05-28,633921,2021-05-29 02:10:00+00:00,R,N,1,119,137,Los Angeles Dodgers,San Francisco Giants
2021,2021-05-28,633997,2021-05-29 02:10:00+00:00,R,N,1,136,140,Seattle Mariners,Texas Rangers
2021,2021-05-29,634005,2021-05-28 22:35:00+00:00,R,N,1,134,115,Pittsburgh Pirates,Colorado Rockies
2021,2021-05-29,633916,2021-05-28 23:05:00+00:00,R,N,1,120,158,Washington Nationals,Milwaukee Brewers
2021,2021-06-21,633899,2021-05-28 23:10:00+00:00,R,N,1,121,144,New York Mets,Atlanta Braves
2021,2021-05-29,633887,2021-05-29 00:10:00+00:00,R,N,1,145,110,Chicago White Sox,Baltimore Orioles
2021,2021-05-29,634005,2021-05-29 16:05:00+00:00,R,S,1,134,115,Pittsburgh Pirates,Colorado Rockies
2021,2021-05-29,633936,2021-05-29 20:05:00+00:00,R,S,2,134,115,Pittsburgh Pirates,Colorado Rockies
2021,2021-05-29,633894,2021-05-29 17:10:00+00:00,R,N,1,139,143,Tampa Bay Rays,Philadelphia Phillies
2021,2021-05-29,633916,2021-05-29 18:05:00+00:00,R,S,1,120,158,Washington Nationals,Milwaukee Brewers
2021,2021-05-29,633950,2021-05-29 23:15:00+00:00,R,S,2,120,158,Washington Nationals,Milwaukee Brewers
2021,2021-05-29,633944,2021-05-29 18:10:00+00:00,R,N,1,142,118,Minnesota Twins,Kansas City Royals
2021,2021-05-29,633960,2021-05-29 18:10:00+00:00,R,Y,1,145,110,Chicago White Sox,Baltimore Orioles
2021,2021-05-29,633887,2021-05-29 18:15:00+00:00,R,Y,2,145,110,Chicago White Sox,Baltimore Orioles
2021,2021-05-29,633875,2021-05-29 18:20:00+00:00,R,N,1,112,113,Chicago Cubs,Cincinnati Reds
2021,2021-05-29,633929,2021-05-29 20:07:00+00:00,R,N,1,133,108,Oakland Athletics,Los Angeles Angels
2021,2021-05-29,633874,2021-05-29 20:10:00+00:00,R,N,1,117,135,Houston Astros,San Diego Padres
2021,2021-05-29,633903,2021-05-29 20:10:00+00:00,R,N,1,111,146,Boston Red Sox,Miami Marlins
2021,2021-05-29,633949,2021-05-29 20:10:00+00:00,R,N,1,116,147,Detroit Tigers,New York Yankees
2021,2021-05-29,633938,2021-05-29 23:15:00+00:00,R,N,1,119,137,Los Angeles Dodgers,San Francisco Giants
2021,2021-05-29,633959,2021-05-29 23:15:00+00:00,R,N,1,121,144,New York Mets,Atlanta Braves
2021,2021-05-29,633913,2021-05-30 02:10:00+00:00,R,N,1,109,138,Arizona Diamondbacks,St. Louis Cardinals
2021,2021-05-29,633947,2021-05-30 02:10:00+00:00,R,N,1,136,140,Seattle Mariners,Texas Rangers
2021,2021-05-30,634042,2021-05-29 20:10:00+00:00,R,N,1,114,141,Cleveland Indians,Toronto Blue Jays
2021,2021-05-30,633978,2021-05-30 17:05:00+00:00,R,N,1,134,115,Pittsburgh Pirates,Colorado Rockies
2021,2021-05-30,633933,2021-05-30 17:05:00+00:00,R,N,1,120,158,Washington Nationals,Milwaukee Brewers
2021,2021-05-30,633935,2021-05-30 17:10:00+00:00,R,Y,1,114,141,Cleveland Indians,Toronto Blue Jays
2021,2021-05-30,634042,2021-05-30 17:15:00+00:00,R,Y,2,114,141,Cleveland Indians,Toronto Blue Jays
2021,2021-05-30,633892,2021-05-30 17:10:00+00:00,R,N,1,139,143,Tampa Bay Rays,Philadelphia Phillies
2021,2021-05-30,633854,2021-05-30 17:10:00+00:00,R,N,1,116,147,Detroit Tigers,New York Yankees
2021,2021-05-30,633942,2021-05-30 18:10:00+00:00,R,N,1,117,135,Houston Astros,San Diego Padres
2021,2021-05-30,633881,2021-05-30 18:10:00+00:00,R,N,1,142,118,Minnesota Twins,Kansas City Royals
2021,2021-05-30,633872,2021-05-30 18:10:00+00:00,R,N,1,145,110,Chicago White Sox,Baltimore Orioles
2021,2021-05-30,633931,2021-05-30 18:20:00+00:00,R,N,1,112,113,Chicago Cubs,Cincinnati Reds
2021,2021-05-30,633889,2021-05-30 20:07:00+00:00,R,N,1,133,108,Oakland Athletics,Los Angeles Angels
2021,2021-05-30,633923,2021-05-30 20:10:00+00:00,R,N,1,119,137,Los Angeles Dodgers,San Francisco Giants
2021,2021-05-30,633946,2021-05-30 20:10:00+00:00,R,N,1,109,138,Arizona Diamondbacks,St. Louis Cardinals
2021,2021-05-30,633968,2021-05-30 20:10:00+00:00,R,N,1,136,140,Seattle Mariners,Texas Rangers
2021,2021-06-07,634072,2021-05-30 17:10:00+00:00,R,N,1,111,146,Boston Red Sox,Miami Marlins
2021,2021-07-26,633925,2021-05-30 23:08:00+00:00,R,N,1,121,144,New York Mets,Atlanta Braves
2021,2021-05-31,633919,2021-05-31 17:05:00+00:00,R,N,1,110,142,Baltimore Orioles,Minnesota Twins
2021,2021-05-31,633898,2021-05-31 17:05:00+00:00,R,N,1,147,139,New York Yankees,Tampa Bay Rays
2021,2021-05-31,633983,2021-05-31 18:10:00+00:00,R,N,1,113,143,Cincinnati Reds,Philadelphia Phillies
2021,2021-05-31,633948,2021-05-31 18:10:00+00:00,R,N,1,158,116,Milwaukee Brewers,Detroit Tigers
2021,2021-05-31,633870,2021-05-31 18:20:00+00:00,R,N,1,112,135,Chicago Cubs,San Diego Padres
2021,2021-05-31,633884,2021-05-31 19:10:00+00:00,R,Y,1,114,145,Cleveland Indians,Chicago White Sox
2021,2021-05-31,634452,2021-05-31 19:15:00+00:00,R,Y,2,114,145,Cleveland Indians,Chicago White Sox
2021,2021-05-31,633897,2021-05-31 20:05:00+00:00,R,N,1,137,108,San Francisco Giants,Los Angeles Angels
2021,2021-05-31,633896,2021-05-31 20:10:00+00:00,R,N,1,117,111,Houston Astros,Boston Red Sox
2021,2021-05-31,633849,2021-05-31 20:10:00+00:00,R,N,1,136,133,Seattle Mariners,Oakland Athletics
2021,2021-05-31,633917,2021-05-31 21:10:00+00:00,R,N,1,144,120,Atlanta Braves,Washington Nationals
2021,2021-05-31,633900,2021-06-01 00:10:00+00:00,R,N,1,118,134,Kansas City Royals,Pittsburgh Pirates
2021,2021-05-31,633851,2021-06-01 01:10:00+00:00,R,N,1,119,138,Los Angeles Dodgers,St. Louis Cardinals
2021,2021-05-31,633926,2021-06-01 01:40:00+00:00,R,N,1,109,121,Arizona Diamondbacks,New York Mets
2021,2021-06-01,633877,2021-06-01 22:10:00+00:00,R,N,1,114,145,Cleveland Indians,Chicago White Sox
2021,2021-06-01,633856,2021-06-01 23:05:00+00:00,R,N,1,110,142,Baltimore Orioles,Minnesota Twins
2021,2021-06-01,633861,2021-06-01 23:05:00+00:00,R,N,1,147,139,New York Yankees,Tampa Bay Rays
2021,2021-06-01,633857,2021-06-01 23:07:00+00:00,R,N,1,141,146,Toronto Blue Jays,Miami Marlins
2021,2021-06-01,633868,2021-06-01 23:10:00+00:00,R,N,1,113,143,Cincinnati Reds,Philadelphia Phillies
2021,2021-06-01,633863,2021-06-01 23:20:00+00:00,R,N,1,144,120,Atlanta Braves,Washington Nationals
2021,2021-06-01,633878,2021-06-01 23:40:00+00:00,R,N,1,158,116,Milwaukee Brewers,Detroit Tigers
2021,2021-06-01,633880,2021-06-02 00:05:00+00:00,R,N,1,112,135,Chicago Cubs,San Diego Padres
2021,2021-06-01,633873,2021-06-02 00:10:00+00:00,R,N,1,117,111,Houston Astros,Boston Red Sox
2021,2021-06-01,633891,2021-06-02 00:10:00+00:00,R,N,1,118,134,Kansas City Royals,Pittsburgh Pirates
2021,2021-06-01,633895,2021-06-02 00:40:00+00:00,R,N,1,115,140,Colorado Rockies,Texas Rangers
2021,2021-06-01,633885,2021-06-02 01:40:00+00:00,R,N,1,109,121,Arizona Diamondbacks,New York Mets
2021,2021-06-01,633864,2021-06-02 01:45:00+00:00,R,N,1,137,108,San Francisco Giants,Los Angeles Angels
2021,2021-06-01,633871,2021-06-02 02:10:00+00:00,R,N,1,136,133,Seattle Mariners,Oakland Athletics
2021,2021-06-01,633879,2021-06-02 02:10:00+00:00,R,N,1,119,138,Los Angeles Dodgers,St. Louis Cardinals
2021,2021-06-02,633855,2021-06-02 18:20:00+00:00,R,N,1,112,135,Chicago Cubs,San Diego Padres
2021,2021-06-02,633834,2021-06-02 19:40:00+00:00,R,N,1,109,121,Arizona Diamondbacks,New York Mets
2021,2021-06-02,633853,2021-06-02 23:05:00+00:00,R,N,1,110,142,Baltimore Orioles,Minnesota Twins
2021,2021-06-02,633882,2021-06-02 23:05:00+00:00,R,N,1,147,139,New York Yankees,Tampa Bay Rays
2021,2021-06-02,633844,2021-06-02 23:07:00+00:00,R,N,1,141,146,Toronto Blue Jays,Miami Marlins
2021,2021-06-02,633883,2021-06-02 23:20:00+00:00,R,N,1,144,120,Atlanta Braves,Washington Nationals
2021,2021-06-02,633842,2021-06-03 00:10:00+00:00,R,N,1,117,111,Houston Astros,Boston Red Sox
2021,2021-06-02,633848,2021-06-03 00:40:00+00:00,R,N,1,115,140,Colorado Rockies,Texas Rangers
2021,2021-06-02,633988,2021-06-03 01:10:00+00:00,R,N,1,119,138,Los Angeles Dodgers,St. Louis Cardinals
2021,2021-06-02,633954,2021-06-03 02:10:00+00:00,R,N,1,136,133,Seattle Mariners,Oakland Athletics
2021,2021-06-28,633867,2021-06-02 16:35:00+00:00,R,N,1,113,143,Cincinnati Reds,Philadelphia Phillies
2021,2021-09-23,633866,2021-06-02 17:10:00+00:00,R,N,1,114,145,Cleveland Indians,Chicago White Sox
2021,2021-06-03,633836,2021-06-03 16:20:00+00:00,R,N,1,144,120,Atlanta Braves,Washington Nationals
2021,2021-06-03,633819,2021-06-03 17:05:00+00:00,R,N,1,147,139,New York Yankees,Tampa Bay Rays
2021,2021-06-03,633831,2021-06-03 18:10:00+00:00,R,N,1,117,111,Houston Astros,Boston Red Sox
2021,2021-06-03,633860,2021-06-03 19:10:00+00:00,R,N,1,115,140,Colorado Rockies,Texas Rangers
2021,2021-06-03,633835,2021-06-03 23:05:00+00:00,R,N,1,134,146,Pittsburgh Pirates,Miami Marlins
2021,2021-06-03,633876,2021-06-03 23:40:00+00:00,R,N,1,158,109,Milwaukee Brewers,Arizona Diamondbacks
2021,2021-06-03,633833,2021-06-04 00:10:00+00:00,R,N,1,118,142,Kansas City Royals,Minnesota Twins
2021,2021-06-03,633859,2021-06-04 00:10:00+00:00,R,N,1,145,116,Chicago White Sox,Detroit Tigers
2021,2021-06-03,633809,2021-06-04 00:15:00+00:00,R,N,1,138,113,St. Louis Cardinals,Cincinnati Reds
2021,2021-06-03,633832,2021-06-04 01:38:00+00:00,R,N,1,108,136,Los Angeles Angels,Seattle Mariners
2021,2021-06-03,633823,2021-06-04 01:45:00+00:00,R,N,1,137,112,San Francisco Giants,Chicago Cubs
2021,2021-06-03,633841,2021-06-04 02:10:00+00:00,R,N,1,135,121,San Diego Padres,New York Mets
2021,2021-06-04,633818,2021-06-04 23:05:00+00:00,R,N,1,110,114,Baltimore Orioles,Cleveland Indians
2021,2021-06-04,633862,2021-06-04 23:05:00+00:00,R,N,1,143,120,Philadelphia Phillies,Washington Nationals
2021,2021-06-04,633858,2021-06-04 23:05:00+00:00,R,N,1,134,146,Pittsburgh Pirates,Miami Marlins
2021,2021-06-04,633824,2021-06-04 23:05:00+00:00,R,N,1,147,111,New York Yankees,Boston Red Sox
2021,2021-06-04,633815,2021-06-04 23:07:00+00:00,R,N,1,141,117,Toronto Blue Jays,Houston Astros
2021,2021-06-04,633820,2021-06-04 23:20:00+00:00,R,N,1,144,119,Atlanta Braves,Los Angeles Dodgers
2021,2021-06-04,633830,2021-06-05 00:05:00+00:00,R,N,1,140,139,Texas Rangers,Tampa Bay Rays
2021,2021-06-04,633838,2021-06-05 00:10:00+00:00,R,N,1,118,142,Kansas City Royals,Minnesota Twins
2021,2021-06-04,633840,2021-06-05 00:10:00+00:00,R,N,1,145,116,Chicago White Sox,Detroit Tigers
2021,2021-06-04,633846,2021-06-05 00:10:00+00:00,R,N,1,158,109,Milwaukee Brewers,Arizona Diamondbacks
2021,2021-06-04,633825,2021-06-05 00:15:00+00:00,R,N,1,138,113,St. Louis Cardinals,Cincinnati Reds
2021,2021-06-04,633865,2021-06-05 00:40:00+00:00,R,N,1,115,133,Colorado Rockies,Oakland Athletics
2021,2021-06-04,633837,2021-06-05 01:38:00+00:00,R,N,1,108,136,Los Angeles Angels,Seattle Mariners
2021,2021-06-04,633817,2021-06-05 01:45:00+00:00,R,N,1,137,112,San Francisco Giants,Chicago Cubs
2021,2021-06-04,633816,2021-06-05 02:10:00+00:00,R,N,1,135,121,San Diego Padres,New York Mets
2021,2021-06-05,633920,2021-06-05 18:10:00+00:00,R,N,1,145,116,Chicago White Sox,Detroit Tigers
2021,2021-06-05,633797,2021-06-05 18:15:00+00:00,R,N,1,138,113,St. Louis Cardinals,Cincinnati Reds
2021,2021-06-05,633800,2021-06-05 19:07:00+00:00,R,N,1,141,117,Toronto Blue Jays,Houston Astros
2021,2021-06-05,633807,2021-06-05 20:05:00+00:00,R,N,1,110,114,Baltimore Orioles,Cleveland Indians
2021,2021-06-05,633839,2021-06-05 20:05:00+00:00,R,N,1,140,139,Texas Rangers,Tampa Bay Rays
2021,2021-06-05,633795,2021-06-05 20:05:00+00:00,R,N,1,143,120,Philadelphia Phillies,Washington Nationals
2021,2021-06-05,633787,2021-06-05 20:05:00+00:00,R,N,1,134,146,Pittsburgh Pirates,Miami Marlins
2021,2021-06-05,633799,2021-06-05 20:10:00+00:00,R,N,1,118,142,Kansas City Royals,Minnesota Twins
2021,2021-06-05,633827,2021-06-05 20:10:00+00:00,R,N,1,158,109,Milwaukee Brewers,Arizona Diamondbacks
2021,2021-06-05,633886,2021-06-05 23:15:00+00:00,R,N,1,137,112,San Francisco Giants,Chicago Cubs
2021,2021-06-05,633828,2021-06-05 23:15:00+00:00,R,N,1,144,119,Atlanta Braves,Los Angeles Dodgers
2021,2021-06-05,633852,2021-06-05 23:15:00+00:00,R,N,1,147,111,New York Yankees,Boston Red Sox
2021,2021-06-05,633850,2021-06-06 01:10:00+00:00,R,N,1,115,133,Colorado Rockies,Oakland Athletics
2021,2021-06-05,633845,2021-06-06 02:07:00+00:00,R,N,1,108,136,Los Angeles Angels,Seattle Mariners
2021,2021-06-05,633821,2021-06-06 02:10:00+00:00,R,N,1,135,121,San Diego Padres,New York Mets
2021,2021-06-06,633814,2021-06-06 17:05:00+00:00,R,N,1,110,114,Baltimore Orioles,Cleveland Indians
2021,2021-06-06,633786,2021-06-06 17:05:00+00:00,R,N,1,143,120,Philadelphia Phillies,Washington Nationals
2021,2021-06-06,633794,2021-06-06 17:05:00+00:00,R,N,1,134,146,Pittsburgh Pirates,Miami Marlins
2021,2021-06-06,633780,2021-06-06 17:07:00+00:00,R,N,1,141,117,Toronto Blue Jays,Houston Astros
2021,2021-06-06,633810,2021-06-06 17:20:00+00:00,R,N,1,144,119,Atlanta Braves,Los Angeles Dodgers
2021,2021-06-06,633893,2021-06-06 18:10:00+00:00,R,N,1,118,142,Kansas City Royals,Minnesota Twins
2021,2021-06-06,633774,2021-06-06 18:10:00+00:00,R,N,1,145,116,Chicago White Sox,Detroit Tigers
2021,2021-06-06,633798,2021-06-06 18:10:00+00:00,R,N,1,158,109,Milwaukee Brewers,Arizona Diamondbacks
2021,2021-06-06,633808,2021-06-06 18:15:00+00:00,R,N,1,138,113,St. Louis Cardinals,Cincinnati Reds
2021,2021-06-06,633802,2021-06-06 18:35:00+00:00,R,N,1,140,139,Texas Rangers,Tampa Bay Rays
2021,2021-06-06,633847,2021-06-06 19:10:00+00:00,R,N,1,115,133,Colorado Rockies,Oakland Athletics
2021,2021-06-06,633869,2021-06-06 20:05:00+00:00,R,N,1,137,112,San Francisco Giants,Chicago Cubs
2021,2021-06-06,633843,2021-06-06 20:07:00+00:00,R,N,1,108,136,Los Angeles Angels,Seattle Mariners
2021,2021-06-06,633806,2021-06-06 20:10:00+00:00,R,N,1,135,121,San Diego Padres,New York Mets
2021,2021-06-06,633812,2021-06-06 23:08:00+00:00,R,N,1,147,111,New York Yankees,Boston Red Sox
2021,2021-06-07,634072,2021-06-07 21:10:00+00:00,R,N,1,111,146,Boston Red Sox,Miami Marlins
2021,2021-06-07,633796,2021-06-08 01:38:00+00:00,R,N,1,108,118,Los Angeles Angels,Kansas City Royals
2021,2021-06-07,633779,2021-06-08 02:10:00+00:00,R,N,1,135,112,San Diego Padres,Chicago Cubs
2021,2021-06-08,633773,2021-06-08 23:05:00+00:00,R,N,1,110,121,Baltimore Orioles,New York Mets
2021,2021-06-08,633772,2021-06-08 23:05:00+00:00,R,N,1,134,119,Pittsburgh Pirates,Los Angeles Dodgers
2021,2021-06-08,633785,2021-06-08 23:05:00+00:00,R,N,1,143,144,Philadelphia Phillies,Atlanta Braves
2021,2021-06-08,633793,2021-06-08 23:10:00+00:00,R,N,1,111,117,Boston Red Sox,Houston Astros
2021,2021-06-08,633822,2021-06-08 23:10:00+00:00,R,N,1,116,136,Detroit Tigers,Seattle Mariners
2021,2021-06-08,633766,2021-06-08 23:10:00+00:00,R,N,1,139,120,Tampa Bay Rays,Washington Nationals
2021,2021-06-08,633813,2021-06-08 23:10:00+00:00,R,N,1,146,115,Miami Marlins,Colorado Rockies
2021,2021-06-08,633801,2021-06-08 23:10:00+00:00,R,N,1,113,158,Cincinnati Reds,Milwaukee Brewers
2021,2021-06-08,633752,2021-06-09 00:05:00+00:00,R,N,1,140,137,Texas Rangers,San Francisco Giants
2021,2021-06-08,633788,2021-06-09 00:10:00+00:00,R,N,1,145,141,Chicago White Sox,Toronto Blue Jays
2021,2021-06-08,633804,2021-06-09 00:10:00+00:00,R,N,1,142,147,Minnesota Twins,New York Yankees
2021,2021-06-08,633778,2021-06-09 00:15:00+00:00,R,N,1,138,114,St. Louis Cardinals,Cleveland Indians
2021,2021-06-08,633826,2021-06-09 01:38:00+00:00,R,N,1,108,118,Los Angeles Angels,Kansas City Royals
2021,2021-06-08,633765,2021-06-09 01:40:00+00:00,R,N,1,133,109,Oakland Athletics,Arizona Diamondbacks
2021,2021-06-08,633777,2021-06-09 02:10:00+00:00,R,N,1,135,112,San Diego Padres,Chicago Cubs
2021,2021-06-09,633756,2021-06-09 18:05:00+00:00,R,N,1,140,137,Texas Rangers,San Francisco Giants
2021,2021-06-09,633784,2021-06-09 19:37:00+00:00,R,N,1,133,109,Oakland Athletics,Arizona Diamondbacks
2021,2021-06-09,633739,2021-06-09 20:10:00+00:00,R,N,1,135,112,San Diego Padres,Chicago Cubs
2021,2021-06-09,633811,2021-06-09 23:05:00+00:00,R,N,1,110,121,Baltimore Orioles,New York Mets
2021,2021-06-09,633753,2021-06-09 23:05:00+00:00,R,N,1,134,119,Pittsburgh Pirates,Los Angeles Dodgers
2021,2021-06-09,633764,2021-06-09 23:05:00+00:00,R,N,1,143,144,Philadelphia Phillies,Atlanta Braves
2021,2021-06-09,633803,2021-06-09 23:10:00+00:00,R,N,1,111,117,Boston Red Sox,Houston Astros
2021,2021-06-09,633759,2021-06-09 23:10:00+00:00,R,N,1,116,136,Detroit Tigers,Seattle Mariners
2021,2021-06-09,633767,2021-06-09 23:10:00+00:00,R,N,1,139,120,Tampa Bay Rays,Washington Nationals
2021,2021-06-09,633738,2021-06-09 23:10:00+00:00,R,N,1,146,115,Miami Marlins,Colorado Rockies
2021,2021-06-09,633791,2021-06-09 23:10:00+00:00,R,N,1,113,158,Cincinnati Reds,Milwaukee Brewers
2021,2021-06-09,633783,2021-06-10 00:10:00+00:00,R,N,1,145,141,Chicago White Sox,Toronto Blue Jays
2021,2021-06-09,633792,2021-06-10 00:10:00+00:00,R,N,1,142,147,Minnesota Twins,New York Yankees
2021,2021-06-09,633775,2021-06-10 00:15:00+00:00,R,N,1,138,114,St. Louis Cardinals,Cleveland Indians
2021,2021-06-09,633776,2021-06-10 01:38:00+00:00,R,N,1,108,118,Los Angeles Angels,Kansas City Royals
2021,2021-06-10,633744,2021-06-10 16:35:00+00:00,R,N,1,134,119,Pittsburgh Pirates,Los Angeles Dodgers
2021,2021-06-10,633757,2021-06-10 16:35:00+00:00,R,N,1,113,158,Cincinnati Reds,Milwaukee Brewers
2021,2021-06-10,633762,2021-06-10 17:05:00+00:00,R,N,1,143,144,Philadelphia Phillies,Atlanta Braves
2021,2021-06-10,633754,2021-06-10 17:10:00+00:00,R,N,1,116,136,Detroit Tigers,Seattle Mariners
2021,2021-06-10,633758,2021-06-10 23:10:00+00:00,R,N,1,111,117,Boston Red Sox,Houston Astros
2021,2021-06-10,633748,2021-06-10 23:10:00+00:00,R,N,1,146,115,Miami Marlins,Colorado Rockies
2021,2021-06-10,633733,2021-06-11 00:10:00+00:00,R,N,1,145,141,Chicago White Sox,Toronto Blue Jays
2021,2021-06-10,633790,2021-06-11 00:10:00+00:00,R,N,1,142,147,Minnesota Twins,New York Yankees
2021,2021-06-10,633770,2021-06-11 01:40:00+00:00,R,N,1,133,118,Oakland Athletics,Kansas City Royals
2021,2021-06-12,633745,2021-06-10 23:05:00+00:00,R,N,1,120,137,Washington Nationals,San Francisco Giants
2021,2021-06-11,633742,2021-06-11 18:20:00+00:00,R,N,1,112,138,Chicago Cubs,St. Louis Cardinals
2021,2021-06-11,633746,2021-06-11 23:05:00+00:00,R,N,1,120,137,Washington Nationals,San Francisco Giants
2021,2021-06-11,633741,2021-06-11 23:10:00+00:00,R,N,1,113,115,Cincinnati Reds,Colorado Rockies
2021,2021-06-11,633771,2021-06-11 23:10:00+00:00,R,N,1,121,135,New York Mets,San Diego Padres
2021,2021-06-11,633743,2021-06-11 23:10:00+00:00,R,N,1,114,136,Cleveland Indians,Seattle Mariners
2021,2021-06-11,633781,2021-06-11 23:10:00+00:00,R,N,1,139,110,Tampa Bay Rays,Baltimore Orioles
2021,2021-06-11,633735,2021-06-11 23:10:00+00:00,R,N,1,111,141,Boston Red Sox,Toronto Blue Jays
2021,2021-06-11,633789,2021-06-11 23:10:00+00:00,R,N,1,116,145,Detroit Tigers,Chicago White Sox
2021,2021-06-11,633782,2021-06-11 23:10:00+00:00,R,N,1,146,144,Miami Marlins,Atlanta Braves
2021,2021-06-11,633720,2021-06-12 00:10:00+00:00,R,N,1,142,117,Minnesota Twins,Houston Astros
2021,2021-06-11,633768,2021-06-12 00:10:00+00:00,R,N,1,158,134,Milwaukee Brewers,Pittsburgh Pirates
2021,2021-06-11,633731,2021-06-12 01:40:00+00:00,R,N,1,109,108,Arizona Diamondbacks,Los Angeles Angels
2021,2021-06-11,633717,2021-06-12 01:40:00+00:00,R,N,1,133,118,Oakland Athletics,Kansas City Royals
2021,2021-06-11,633761,2021-06-12 02:10:00+00:00,R,N,1,119,140,Los Angeles Dodgers,Texas Rangers
2021,2021-06-12,633745,2021-06-12 18:05:00+00:00,R,S,1,120,137,Washington Nationals,San Francisco Giants
2021,2021-06-12,633698,2021-06-12 23:15:00+00:00,R,S,2,120,137,Washington Nationals,San Francisco Giants
2021,2021-06-12,633763,2021-06-12 20:05:00+00:00,R,N,1,143,147,Philadelphia Phillies,New York Yankees
2021,2021-06-12,633718,2021-06-12 20:07:00+00:00,R,N,1,133,118,Oakland Athletics,Kansas City Royals
2021,2021-06-12,633712,2021-06-12 20:10:00+00:00,R,N,1,109,108,Arizona Diamondbacks,Los Angeles Angels
2021,2021-06-12,633730,2021-06-12 20:10:00+00:00,R,N,1,113,115,Cincinnati Reds,Colorado Rockies
2021,2021-06-12,633732,2021-06-12 20:10:00+00:00,R,N,1,121,135,New York Mets,San Diego Padres
2021,2021-06-12,633725,2021-06-12 20:10:00+00:00,R,N,1,114,136,Cleveland Indians,Seattle Mariners
2021,2021-06-12,633699,2021-06-12 20:10:00+00:00,R,N,1,139,110,Tampa Bay Rays,Baltimore Orioles
2021,2021-06-12,633751,2021-06-12 20:10:00+00:00,R,N,1,111,141,Boston Red Sox,Toronto Blue Jays
2021,2021-06-12,633721,2021-06-12 20:10:00+00:00,R,N,1,116,145,Detroit Tigers,Chicago White Sox
2021,2021-06-12,633704,2021-06-12 20:10:00+00:00,R,N,1,146,144,Miami Marlins,Atlanta Braves
2021,2021-06-12,633726,2021-06-12 20:10:00+00:00,R,N,1,158,134,Milwaukee Brewers,Pittsburgh Pirates
2021,2021-06-12,633740,2021-06-12 23:15:00+00:00,R,N,1,112,138,Chicago Cubs,St. Louis Cardinals
2021,2021-06-12,633736,2021-06-12 23:15:00+00:00,R,N,1,142,117,Minnesota Twins,Houston Astros
2021,2021-06-12,633723,2021-06-13 02:10:00+00:00,R,N,1,119,140,Los Angeles Dodgers,Texas Rangers
2021,2021-06-13,633710,2021-06-13 17:05:00+00:00,R,N,1,120,137,Washington Nationals,San Francisco Giants
2021,2021-06-13,633715,2021-06-13 17:05:00+00:00,R,N,1,143,147,Philadelphia Phillies,New York Yankees
2021,2021-06-13,633711,2021-06-13 17:10:00+00:00,R,N,1,113,115,Cincinnati Reds,Colorado Rockies
2021,2021-06-13,633722,2021-06-13 17:10:00+00:00,R,N,1,121,135,New York Mets,San Diego Padres
2021,2021-06-13,633690,2021-06-13 17:10:00+00:00,R,N,1,114,136,Cleveland Indians,Seattle Mariners
2021,2021-06-13,633737,2021-06-13 17:10:00+00:00,R,N,1,139,110,Tampa Bay Rays,Baltimore Orioles
2021,2021-06-13,633728,2021-06-13 17:10:00+00:00,R,N,1,111,141,Boston Red Sox,Toronto Blue Jays
2021,2021-06-13,633688,2021-06-13 17:10:00+00:00,R,N,1,116,145,Detroit Tigers,Chicago White Sox
2021,2021-06-13,633805,2021-06-13 17:10:00+00:00,R,N,1,146,144,Miami Marlins,Atlanta Braves
2021,2021-06-13,633749,2021-06-13 18:10:00+00:00,R,N,1,142,117,Minnesota Twins,Houston Astros
2021,2021-06-13,633713,2021-06-13 18:10:00+00:00,R,N,1,158,134,Milwaukee Brewers,Pittsburgh Pirates
2021,2021-06-13,633707,2021-06-13 20:07:00+00:00,R,N,1,133,118,Oakland Athletics,Kansas City Royals
2021,2021-06-13,633696,2021-06-13 20:10:00+00:00,R,N,1,109,108,Arizona Diamondbacks,Los Angeles Angels
2021,2021-06-13,633719,2021-06-13 20:10:00+00:00,R,N,1,119,140,Los Angeles Dodgers,Texas Rangers
2021,2021-06-13,633689,2021-06-13 23:08:00+00:00,R,N,1,112,138,Chicago Cubs,St. Louis Cardinals
2021,2021-06-14,633693,2021-06-14 23:05:00+00:00,R,N,1,120,134,Washington Nationals,Pittsburgh Pirates
2021,2021-06-14,633705,2021-06-14 23:10:00+00:00,R,N,1,114,110,Cleveland Indians,Baltimore Orioles
2021,2021-06-14,633678,2021-06-14 23:10:00+00:00,R,N,1,121,112,New York Mets,Chicago Cubs
2021,2021-06-14,633700,2021-06-14 23:10:00+00:00,R,N,1,111,141,Boston Red Sox,Toronto Blue Jays
2021,2021-06-14,633655,2021-06-15 00:10:00+00:00,R,N,1,118,116,Kansas City Royals,Detroit Tigers
2021,2021-06-14,633673,2021-06-15 00:10:00+00:00,R,N,1,145,139,Chicago White Sox,Tampa Bay Rays
2021,2021-06-14,633680,2021-06-15 00:10:00+00:00,R,N,1,158,113,Milwaukee Brewers,Cincinnati Reds
2021,2021-06-14,633727,2021-06-15 00:15:00+00:00,R,N,1,138,146,St. Louis Cardinals,Miami Marlins
2021,2021-06-14,633703,2021-06-15 00:40:00+00:00,R,N,1,115,135,Colorado Rockies,San Diego Padres
2021,2021-06-14,633729,2021-06-15 01:40:00+00:00,R,N,1,133,108,Oakland Athletics,Los Angeles Angels
2021,2021-06-14,633734,2021-06-15 01:45:00+00:00,R,N,1,137,109,San Francisco Giants,Arizona Diamondbacks
2021,2021-06-14,633716,2021-06-15 02:10:00+00:00,R,N,1,136,142,Seattle Mariners,Minnesota Twins
2021,2021-06-14,633652,2021-06-15 02:10:00+00:00,R,N,1,119,143,Los Angeles Dodgers,Philadelphia Phillies
2021,2021-06-15,633684,2021-06-15 23:05:00+00:00,R,N,1,120,134,Washington Nationals,Pittsburgh Pirates
2021,2021-06-15,633653,2021-06-15 23:07:00+00:00,R,N,1,141,147,Toronto Blue Jays,New York Yankees
2021,2021-06-15,633769,2021-06-15 23:10:00+00:00,R,N,1,114,110,Cleveland Indians,Baltimore Orioles
2021,2021-06-15,633681,2021-06-15 23:10:00+00:00,R,N,1,121,112,New York Mets,Chicago Cubs
2021,2021-06-15,633724,2021-06-15 23:20:00+00:00,R,N,1,144,111,Atlanta Braves,Boston Red Sox
2021,2021-06-15,633755,2021-06-16 00:10:00+00:00,R,N,1,118,116,Kansas City Royals,Detroit Tigers
2021,2021-06-15,633829,2021-06-16 00:10:00+00:00,R,N,1,117,140,Houston Astros,Texas Rangers
2021,2021-06-15,633676,2021-06-16 00:10:00+00:00,R,N,1,145,139,Chicago White Sox,Tampa Bay Rays
2021,2021-06-15,633714,2021-06-16 00:10:00+00:00,R,N,1,158,113,Milwaukee Brewers,Cincinnati Reds
2021,2021-06-15,633694,2021-06-16 00:15:00+00:00,R,N,1,138,146,St. Louis Cardinals,Miami Marlins
2021,2021-06-15,633701,2021-06-16 00:40:00+00:00,R,N,1,115,135,Colorado Rockies,San Diego Padres
2021,2021-06-15,633656,2021-06-16 01:40:00+00:00,R,N,1,133,108,Oakland Athletics,Los Angeles Angels
2021,2021-06-15,633679,2021-06-16 01:45:00+00:00,R,N,1,137,109,San Francisco Giants,Arizona Diamondbacks
2021,2021-06-15,633626,2021-06-16 02:10:00+00:00,R,N,1,136,142,Seattle Mariners,Minnesota Twins
2021,2021-06-15,633675,2021-06-16 02:10:00+00:00,R,N,1,119,143,Los Angeles Dodgers,Philadelphia Phillies
2021,2021-06-16,633709,2021-06-16 17:15:00+00:00,R,N,1,138,146,St. Louis Cardinals,Miami Marlins
2021,2021-06-16,633612,2021-06-16 18:10:00+00:00,R,N,1,118,116,Kansas City Royals,Detroit Tigers
2021,2021-06-16,633634,2021-06-16 18:10:00+00:00,R,N,1,145,139,Chicago White Sox,Tampa Bay Rays
2021,2021-06-16,633665,2021-06-16 18:10:00+00:00,R,N,1,158,113,Milwaukee Brewers,Cincinnati Reds
2021,2021-06-16,633706,2021-06-16 19:10:00+00:00,R,N,1,115,135,Colorado Rockies,San Diego Padres
2021,2021-06-16,633632,2021-06-16 19:37:00+00:00,R,N,1,133,108,Oakland Athletics,Los Angeles Angels
2021,2021-06-16,633628,2021-06-16 20:05:00+00:00,R,N,1,120,134,Washington Nationals,Pittsburgh Pirates
2021,2021-06-16,633695,2021-06-16 23:07:00+00:00,R,N,1,141,147,Toronto Blue Jays,New York Yankees
2021,2021-06-16,633659,2021-06-16 23:10:00+00:00,R,N,1,114,110,Cleveland Indians,Baltimore Orioles
2021,2021-06-16,633630,2021-06-16 23:10:00+00:00,R,N,1,121,112,New York Mets,Chicago Cubs
2021,2021-06-16,633708,2021-06-16 23:20:00+00:00,R,N,1,144,111,Atlanta Braves,Boston Red Sox
2021,2021-06-16,633619,2021-06-17 00:10:00+00:00,R,N,1,117,140,Houston Astros,Texas Rangers
2021,2021-06-16,633645,2021-06-17 01:45:00+00:00,R,N,1,137,109,San Francisco Giants,Arizona Diamondbacks
2021,2021-06-16,633658,2021-06-17 02:10:00+00:00,R,N,1,136,142,Seattle Mariners,Minnesota Twins
2021,2021-06-16,633677,2021-06-17 02:10:00+00:00,R,N,1,119,143,Los Angeles Dodgers,Philadelphia Phillies
2021,2021-06-17,633641,2021-06-17 17:10:00+00:00,R,N,1,114,110,Cleveland Indians,Baltimore Orioles
2021,2021-06-17,633622,2021-06-17 19:45:00+00:00,R,N,1,137,109,San Francisco Giants,Arizona Diamondbacks
2021,2021-06-17,633633,2021-06-17 23:07:00+00:00,R,N,1,141,147,Toronto Blue Jays,New York Yankees
2021,2021-06-17,633692,2021-06-17 23:10:00+00:00,R,N,1,121,112,New York Mets,Chicago Cubs
2021,2021-06-17,633691,2021-06-17 23:20:00+00:00,R,N,1,144,138,Atlanta Braves,St. Louis Cardinals
2021,2021-06-17,633687,2021-06-18 00:10:00+00:00,R,N,1,117,145,Houston Astros,Chicago White Sox
2021,2021-06-17,633617,2021-06-18 00:40:00+00:00,R,N,1,135,113,San Diego Padres,Cincinnati Reds
2021,2021-06-17,633623,2021-06-18 00:40:00+00:00,R,N,1,115,158,Colorado Rockies,Milwaukee Brewers
2021,2021-06-17,633624,2021-06-18 01:38:00+00:00,R,N,1,108,116,Los Angeles Angels,Detroit Tigers
2021,2021-06-17,633697,2021-06-18 02:10:00+00:00,R,N,1,136,139,Seattle Mariners,Tampa Bay Rays
2021,2021-06-18,633618,2021-06-18 23:05:00+00:00,R,N,1,120,121,Washington Nationals,New York Mets
2021,2021-06-18,633584,2021-06-18 23:05:00+00:00,R,N,1,134,114,Pittsburgh Pirates,Cleveland Indians
2021,2021-06-18,633593,2021-06-18 23:05:00+00:00,R,N,1,110,141,Baltimore Orioles,Toronto Blue Jays
2021,2021-06-18,633609,2021-06-18 23:05:00+00:00,R,N,1,147,133,New York Yankees,Oakland Athletics
2021,2021-06-18,633607,2021-06-18 23:20:00+00:00,R,N,1,144,138,Atlanta Braves,St. Louis Cardinals
2021,2021-06-18,633579,2021-06-19 00:05:00+00:00,R,N,1,140,142,Texas Rangers,Minnesota Twins
2021,2021-06-18,633638,2021-06-19 00:05:00+00:00,R,N,1,112,146,Chicago Cubs,Miami Marlins
2021,2021-06-18,633683,2021-06-19 00:10:00+00:00,R,N,1,118,111,Kansas City Royals,Boston Red Sox
2021,2021-06-18,633702,2021-06-19 00:10:00+00:00,R,N,1,117,145,Houston Astros,Chicago White Sox
2021,2021-06-18,633616,2021-06-19 00:40:00+00:00,R,N,1,115,158,Colorado Rockies,Milwaukee Brewers
2021,2021-06-18,633654,2021-06-19 01:38:00+00:00,R,N,1,108,116,Los Angeles Angels,Detroit Tigers
2021,2021-06-18,633604,2021-06-19 01:40:00+00:00,R,N,1,109,119,Arizona Diamondbacks,Los Angeles Dodgers
2021,2021-06-18,633600,2021-06-19 01:45:00+00:00,R,N,1,137,143,San Francisco Giants,Philadelphia Phillies
2021,2021-06-18,633596,2021-06-19 02:10:00+00:00,R,N,1,135,113,San Diego Padres,Cincinnati Reds
2021,2021-06-18,633615,2021-06-19 02:10:00+00:00,R,N,1,136,139,Seattle Mariners,Tampa Bay Rays
2021,2021-06-19,634647,2021-06-19 17:05:00+00:00,R,S,1,120,121,Washington Nationals,New York Mets
2021,2021-06-19,633583,2021-06-19 22:05:00+00:00,R,S,2,120,121,Washington Nationals,New York Mets
2021,2021-06-19,633606,2021-06-19 17:05:00+00:00,R,N,1,147,133,New York Yankees,Oakland Athletics
2021,2021-06-19,633613,2021-06-19 18:20:00+00:00,R,N,1,112,146,Chicago Cubs,Miami Marlins
2021,2021-06-19,633590,2021-06-19 20:05:00+00:00,R,N,1,134,114,Pittsburgh Pirates,Cleveland Indians
2021,2021-06-19,633573,2021-06-19 20:05:00+00:00,R,N,1,110,141,Baltimore Orioles,Toronto Blue Jays
2021,2021-06-19,633594,2021-06-19 20:05:00+00:00,R,N,1,140,142,Texas Rangers,Minnesota Twins
2021,2021-06-19,633592,2021-06-19 20:05:00+00:00,R,N,1,137,143,San Francisco Giants,Philadelphia Phillies
2021,2021-06-19,633585,2021-06-19 20:10:00+00:00,R,N,1,118,111,Kansas City Royals,Boston Red Sox
2021,2021-06-19,633597,2021-06-19 23:15:00+00:00,R,N,1,135,113,San Diego Padres,Cincinnati Reds
2021,2021-06-19,633576,2021-06-19 23:15:00+00:00,R,N,1,117,145,Houston Astros,Chicago White Sox
2021,2021-06-19,633577,2021-06-20 01:10:00+00:00,R,N,1,115,158,Colorado Rockies,Milwaukee Brewers
2021,2021-06-19,633650,2021-06-20 02:07:00+00:00,R,N,1,108,116,Los Angeles Angels,Detroit Tigers
2021,2021-06-19,633598,2021-06-20 02:10:00+00:00,R,N,1,109,119,Arizona Diamondbacks,Los Angeles Dodgers
2021,2021-06-19,633661,2021-06-20 02:10:00+00:00,R,N,1,136,139,Seattle Mariners,Tampa Bay Rays
2021,2021-06-20,633610,2021-06-19 23:15:00+00:00,R,N,1,144,138,Atlanta Braves,St. Louis Cardinals
2021,2021-06-20,633557,2021-06-20 17:05:00+00:00,R,N,1,120,121,Washington Nationals,New York Mets
2021,2021-06-20,633550,2021-06-20 17:05:00+00:00,R,N,1,134,114,Pittsburgh Pirates,Cleveland Indians
2021,2021-06-20,633636,2021-06-20 17:05:00+00:00,R,N,1,110,141,Baltimore Orioles,Toronto Blue Jays
2021,2021-06-20,633575,2021-06-20 17:05:00+00:00,R,N,1,147,133,New York Yankees,Oakland Athletics
2021,2021-06-20,633558,2021-06-20 18:10:00+00:00,R,N,1,118,111,Kansas City Royals,Boston Red Sox
2021,2021-06-20,633610,2021-06-20 18:10:00+00:00,R,S,1,144,138,Atlanta Braves,St. Louis Cardinals
2021,2021-06-20,633565,2021-06-20 23:08:00+00:00,R,S,2,144,138,Atlanta Braves,St. Louis Cardinals
2021,2021-06-20,633602,2021-06-20 18:10:00+00:00,R,N,1,117,145,Houston Astros,Chicago White Sox
2021,2021-06-20,633629,2021-06-20 18:20:00+00:00,R,N,1,112,146,Chicago Cubs,Miami Marlins
2021,2021-06-20,633574,2021-06-20 18:35:00+00:00,R,N,1,140,142,Texas Rangers,Minnesota Twins
2021,2021-06-20,633567,2021-06-20 19:10:00+00:00,R,N,1,115,158,Colorado Rockies,Milwaukee Brewers
2021,2021-06-20,633611,2021-06-20 20:05:00+00:00,R,N,1,137,143,San Francisco Giants,Philadelphia Phillies
2021,2021-06-20,633563,2021-06-20 20:07:00+00:00,R,N,1,108,116,Los Angeles Angels,Detroit Tigers
2021,2021-06-20,633582,2021-06-20 20:10:00+00:00,R,N,1,109,119,Arizona Diamondbacks,Los Angeles Dodgers
2021,2021-06-20,633566,2021-06-20 20:10:00+00:00,R,N,1,135,113,San Diego Padres,Cincinnati Reds
2021,2021-06-20,633554,2021-06-20 20:10:00+00:00,R,N,1,136,139,Seattle Mariners,Tampa Bay Rays
2021,2021-06-21,633760,2021-06-21 21:10:00+00:00,R,Y,1,121,144,New York Mets,Atlanta Braves
2021,2021-06-21,633899,2021-06-21 21:15:00+00:00,R,Y,2,121,144,New York Mets,Atlanta Braves
2021,2021-06-21,633747,2021-06-21 23:05:00+00:00,R,N,1,110,117,Baltimore Orioles,Houston Astros
2021,2021-06-21,633542,2021-06-22 00:05:00+00:00,R,N,1,112,114,Chicago Cubs,Cleveland Indians
2021,2021-06-21,633605,2021-06-22 00:05:00+00:00,R,N,1,140,133,Texas Rangers,Oakland Athletics
2021,2021-06-21,633588,2021-06-22 00:10:00+00:00,R,N,1,142,113,Minnesota Twins,Cincinnati Reds
2021,2021-06-21,633533,2021-06-22 01:40:00+00:00,R,N,1,109,158,Arizona Diamondbacks,Milwaukee Brewers
2021,2021-06-21,633651,2021-06-22 02:10:00+00:00,R,N,1,135,119,San Diego Padres,Los Angeles Dodgers
2021,2021-06-22,633580,2021-06-22 17:10:00+00:00,R,N,1,142,113,Minnesota Twins,Cincinnati Reds
2021,2021-06-22,633547,2021-06-22 23:05:00+00:00,R,N,1,110,117,Baltimore Orioles,Houston Astros
2021,2021-06-22,633549,2021-06-22 23:05:00+00:00,R,N,1,143,120,Philadelphia Phillies,Washington Nationals
2021,2021-06-22,633572,2021-06-22 23:05:00+00:00,R,N,1,134,145,Pittsburgh Pirates,Chicago White Sox
2021,2021-06-22,633621,2021-06-22 23:05:00+00:00,R,N,1,147,118,New York Yankees,Kansas City Royals
2021,2021-06-22,633526,2021-06-22 23:10:00+00:00,R,N,1,116,138,Detroit Tigers,St. Louis Cardinals
2021,2021-06-22,633519,2021-06-22 23:10:00+00:00,R,N,1,139,111,Tampa Bay Rays,Boston Red Sox
2021,2021-06-22,633750,2021-06-22 23:10:00+00:00,R,N,1,121,144,New York Mets,Atlanta Braves
2021,2021-06-22,633571,2021-06-22 23:10:00+00:00,R,N,1,146,141,Miami Marlins,Toronto Blue Jays
2021,2021-06-22,633537,2021-06-23 00:05:00+00:00,R,N,1,112,114,Chicago Cubs,Cleveland Indians
2021,2021-06-22,633532,2021-06-23 00:05:00+00:00,R,N,1,140,133,Texas Rangers,Oakland Athletics
2021,2021-06-22,633670,2021-06-23 01:38:00+00:00,R,N,1,108,137,Los Angeles Angels,San Francisco Giants
2021,2021-06-22,633603,2021-06-23 01:40:00+00:00,R,N,1,109,158,Arizona Diamondbacks,Milwaukee Brewers
2021,2021-06-22,633540,2021-06-23 02:10:00+00:00,R,N,1,135,119,San Diego Padres,Los Angeles Dodgers
2021,2021-06-22,633528,2021-06-23 02:10:00+00:00,R,N,1,136,115,Seattle Mariners,Colorado Rockies
2021,2021-06-23,633569,2021-06-23 16:35:00+00:00,R,N,1,134,145,Pittsburgh Pirates,Chicago White Sox
2021,2021-06-23,633546,2021-06-23 17:05:00+00:00,R,N,1,143,120,Philadelphia Phillies,Washington Nationals
2021,2021-06-23,633541,2021-06-23 17:10:00+00:00,R,N,1,116,138,Detroit Tigers,St. Louis Cardinals
2021,2021-06-23,633578,2021-06-23 19:40:00+00:00,R,N,1,109,158,Arizona Diamondbacks,Milwaukee Brewers
2021,2021-06-23,633570,2021-06-23 20:07:00+00:00,R,N,1,108,137,Los Angeles Angels,San Francisco Giants
2021,2021-06-23,633614,2021-06-23 20:10:00+00:00,R,N,1,136,115,Seattle Mariners,Colorado Rockies
2021,2021-06-23,633568,2021-06-23 23:05:00+00:00,R,N,1,110,117,Baltimore Orioles,Houston Astros
2021,2021-06-23,633551,2021-06-23 23:05:00+00:00,R,N,1,147,118,New York Yankees,Kansas City Royals
2021,2021-06-23,633524,2021-06-23 23:10:00+00:00,R,N,1,139,111,Tampa Bay Rays,Boston Red Sox
2021,2021-06-23,633561,2021-06-23 23:10:00+00:00,R,N,1,121,144,New York Mets,Atlanta Braves
2021,2021-06-23,633513,2021-06-23 23:10:00+00:00,R,N,1,146,141,Miami Marlins,Toronto Blue Jays
2021,2021-06-23,633553,2021-06-24 00:05:00+00:00,R,N,1,140,133,Texas Rangers,Oakland Athletics
2021,2021-06-23,633627,2021-06-24 02:10:00+00:00,R,N,1,135,119,San Diego Padres,Los Angeles Dodgers
2021,2021-06-24,633559,2021-06-24 17:05:00+00:00,R,N,1,147,118,New York Yankees,Kansas City Royals
2021,2021-06-24,633503,2021-06-24 18:05:00+00:00,R,N,1,140,133,Texas Rangers,Oakland Athletics
2021,2021-06-24,633560,2021-06-24 23:07:00+00:00,R,N,1,141,110,Toronto Blue Jays,Baltimore Orioles
2021,2021-06-24,633564,2021-06-24 23:10:00+00:00,R,N,1,116,117,Detroit Tigers,Houston Astros
2021,2021-06-24,633517,2021-06-24 23:10:00+00:00,R,N,1,139,111,Tampa Bay Rays,Boston Red Sox
2021,2021-06-24,633514,2021-06-24 23:10:00+00:00,R,N,1,113,144,Cincinnati Reds,Atlanta Braves
2021,2021-06-24,633548,2021-06-24 23:10:00+00:00,R,N,1,146,120,Miami Marlins,Washington Nationals
2021,2021-06-24,633538,2021-06-25 00:10:00+00:00,R,N,1,142,114,Minnesota Twins,Cleveland Indians
2021,2021-06-24,633502,2021-06-25 00:15:00+00:00,R,N,1,138,134,St. Louis Cardinals,Pittsburgh Pirates
2021,2021-06-24,633505,2021-06-25 02:10:00+00:00,R,N,1,119,112,Los Angeles Dodgers,Chicago Cubs
2021,2021-06-25,633545,2021-06-25 20:10:00+00:00,R,Y,1,121,143,New York Mets,Philadelphia Phillies
2021,2021-06-25,634515,2021-06-25 20:15:00+00:00,R,Y,2,121,143,New York Mets,Philadelphia Phillies
2021,2021-06-25,633599,2021-06-25 20:10:00+00:00,R,N,1,158,115,Milwaukee Brewers,Colorado Rockies
2021,2021-06-25,633536,2021-06-25 23:07:00+00:00,R,N,1,141,110,Toronto Blue Jays,Baltimore Orioles
2021,2021-06-25,633535,2021-06-25 23:10:00+00:00,R,N,1,139,108,Tampa Bay Rays,Los Angeles Angels
2021,2021-06-25,633521,2021-06-25 23:10:00+00:00,R,N,1,113,144,Cincinnati Reds,Atlanta Braves
2021,2021-06-25,633591,2021-06-25 23:10:00+00:00,R,N,1,146,120,Miami Marlins,Washington Nationals
2021,2021-06-25,633543,2021-06-25 23:10:00+00:00,R,N,1,111,147,Boston Red Sox,New York Yankees
2021,2021-06-25,633556,2021-06-26 00:05:00+00:00,R,N,1,140,118,Texas Rangers,Kansas City Royals
2021,2021-06-25,633555,2021-06-26 00:10:00+00:00,R,N,1,142,114,Minnesota Twins,Cleveland Indians
2021,2021-06-25,633620,2021-06-26 00:10:00+00:00,R,N,1,145,136,Chicago White Sox,Seattle Mariners
2021,2021-06-25,633498,2021-06-26 00:15:00+00:00,R,N,1,138,134,St. Louis Cardinals,Pittsburgh Pirates
2021,2021-06-25,633523,2021-06-26 01:45:00+00:00,R,N,1,137,133,San Francisco Giants,Oakland Athletics
2021,2021-06-25,633608,2021-06-26 02:10:00+00:00,R,N,1,119,112,Los Angeles Dodgers,Chicago Cubs
2021,2021-06-25,633492,2021-06-26 02:10:00+00:00,R,N,1,135,109,San Diego Padres,Arizona Diamondbacks
2021,2021-06-26,633530,2021-06-25 23:10:00+00:00,R,N,1,116,117,Detroit Tigers,Houston Astros
2021,2021-06-26,633530,2021-06-26 17:10:00+00:00,R,S,1,116,117,Detroit Tigers,Houston Astros
2021,2021-06-26,633509,2021-06-26 22:10:00+00:00,R,S,2,116,117,Detroit Tigers,Houston Astros
2021,2021-06-26,633501,2021-06-26 18:10:00+00:00,R,N,1,145,136,Chicago White Sox,Seattle Mariners
2021,2021-06-26,633589,2021-06-26 18:15:00+00:00,R,N,1,138,134,St. Louis Cardinals,Pittsburgh Pirates
2021,2021-06-26,633520,2021-06-26 19:07:00+00:00,R,N,1,141,110,Toronto Blue Jays,Baltimore Orioles
2021,2021-06-26,633534,2021-06-26 20:05:00+00:00,R,N,1,140,118,Texas Rangers,Kansas City Royals
2021,2021-06-26,633525,2021-06-26 20:10:00+00:00,R,N,1,139,108,Tampa Bay Rays,Los Angeles Angels
2021,2021-06-26,633539,2021-06-26 20:10:00+00:00,R,N,1,121,143,New York Mets,Philadelphia Phillies
2021,2021-06-26,633510,2021-06-26 20:10:00+00:00,R,N,1,113,144,Cincinnati Reds,Atlanta Braves
2021,2021-06-26,633552,2021-06-26 20:10:00+00:00,R,N,1,146,120,Miami Marlins,Washington Nationals
2021,2021-06-26,633518,2021-06-26 20:10:00+00:00,R,N,1,158,115,Milwaukee Brewers,Colorado Rockies
2021,2021-06-26,633562,2021-06-26 23:15:00+00:00,R,N,1,119,112,Los Angeles Dodgers,Chicago Cubs
2021,2021-06-26,633531,2021-06-26 23:15:00+00:00,R,N,1,111,147,Boston Red Sox,New York Yankees
2021,2021-06-26,633500,2021-06-27 02:05:00+00:00,R,N,1,137,133,San Francisco Giants,Oakland Athletics
2021,2021-06-26,633512,2021-06-27 02:10:00+00:00,R,N,1,135,109,San Diego Padres,Arizona Diamondbacks
2021,2021-09-14,633581,2021-06-26 18:10:00+00:00,R,N,1,142,114,Minnesota Twins,Cleveland Indians
2021,2021-06-27,633515,2021-06-27 17:07:00+00:00,R,N,1,141,110,Toronto Blue Jays,Baltimore Orioles
2021,2021-06-27,633494,2021-06-27 17:10:00+00:00,R,N,1,116,117,Detroit Tigers,Houston Astros
2021,2021-06-27,633459,2021-06-27 17:10:00+00:00,R,N,1,139,108,Tampa Bay Rays,Los Angeles Angels
2021,2021-06-27,633504,2021-06-27 17:10:00+00:00,R,N,1,121,143,New York Mets,Philadelphia Phillies
2021,2021-06-27,633493,2021-06-27 17:10:00+00:00,R,N,1,113,144,Cincinnati Reds,Atlanta Braves
2021,2021-06-27,633489,2021-06-27 17:10:00+00:00,R,N,1,146,120,Miami Marlins,Washington Nationals
2021,2021-06-27,633477,2021-06-27 17:10:00+00:00,R,N,1,111,147,Boston Red Sox,New York Yankees
2021,2021-06-27,633473,2021-06-27 18:10:00+00:00,R,N,1,142,114,Minnesota Twins,Cleveland Indians
2021,2021-06-26,633501,2021-06-27 18:10:00+00:00,R,N,1,145,136,Chicago White Sox,Seattle Mariners
2021,2021-06-27,633486,2021-06-27 18:10:00+00:00,R,N,1,158,115,Milwaukee Brewers,Colorado Rockies
2021,2021-06-27,633482,2021-06-27 18:15:00+00:00,R,N,1,138,134,St. Louis Cardinals,Pittsburgh Pirates
2021,2021-06-27,633516,2021-06-27 18:35:00+00:00,R,N,1,140,118,Texas Rangers,Kansas City Royals
2021,2021-06-27,633527,2021-06-27 20:05:00+00:00,R,N,1,137,133,San Francisco Giants,Oakland Athletics
2021,2021-06-27,633544,2021-06-27 20:10:00+00:00,R,N,1,135,109,San Diego Padres,Arizona Diamondbacks
2021,2021-06-27,633499,2021-06-27 21:15:00+00:00,R,N,1,145,136,Chicago White Sox,Seattle Mariners
2021,2021-06-27,633472,2021-06-27 23:08:00+00:00,R,N,1,119,112,Los Angeles Dodgers,Chicago Cubs
2021,2021-06-28,633465,2021-06-28 21:10:00+00:00,R,N,1,115,134,Colorado Rockies,Pittsburgh Pirates
2021,2021-06-28,633867,2021-06-28 22:40:00+00:00,R,N,1,113,143,Cincinnati Reds,Philadelphia Phillies
2021,2021-06-28,634620,2021-06-28 23:05:00+00:00,R,N,1,120,121,Washington Nationals,New York Mets
2021,2021-06-28,633601,2021-06-28 23:05:00+00:00,R,N,1,147,108,New York Yankees,Los Angeles Angels
2021,2021-06-28,633466,2021-06-28 23:10:00+00:00,R,N,1,114,116,Cleveland Indians,Detroit Tigers
2021,2021-06-28,633475,2021-06-28 23:10:00+00:00,R,N,1,111,118,Boston Red Sox,Kansas City Royals
2021,2021-06-28,633483,2021-06-29 00:10:00+00:00,R,N,1,117,110,Houston Astros,Baltimore Orioles
2021,2021-06-28,633450,2021-06-29 00:10:00+00:00,R,N,1,158,112,Milwaukee Brewers,Chicago Cubs
2021,2021-06-28,633490,2021-06-29 00:15:00+00:00,R,N,1,138,109,St. Louis Cardinals,Arizona Diamondbacks
2021,2021-06-28,633458,2021-06-29 02:10:00+00:00,R,N,1,119,137,Los Angeles Dodgers,San Francisco Giants
2021,2021-07-19,633476,2021-06-29 00:10:00+00:00,R,N,1,145,142,Chicago White Sox,Minnesota Twins
2021,2021-06-29,633443,2021-06-29 23:05:00+00:00,R,N,1,120,139,Washington Nationals,Tampa Bay Rays
2021,2021-06-29,633495,2021-06-29 23:05:00+00:00,R,N,1,143,146,Philadelphia Phillies,Miami Marlins
2021,2021-06-29,633444,2021-06-29 23:05:00+00:00,R,N,1,147,108,New York Yankees,Los Angeles Angels
2021,2021-06-29,633497,2021-06-29 23:07:00+00:00,R,N,1,141,136,Toronto Blue Jays,Seattle Mariners
2021,2021-06-29,633496,2021-06-29 23:10:00+00:00,R,N,1,111,118,Boston Red Sox,Kansas City Royals
2021,2021-06-29,633454,2021-06-29 23:10:00+00:00,R,N,1,113,135,Cincinnati Reds,San Diego Padres
2021,2021-06-29,633587,2021-06-29 23:20:00+00:00,R,N,1,144,121,Atlanta Braves,New York Mets
2021,2021-06-29,633449,2021-06-30 00:10:00+00:00,R,N,1,117,110,Houston Astros,Baltimore Orioles
2021,2021-06-29,633478,2021-06-30 00:10:00+00:00,R,N,1,145,142,Chicago White Sox,Minnesota Twins
2021,2021-06-29,633446,2021-06-30 00:10:00+00:00,R,N,1,158,112,Milwaukee Brewers,Chicago Cubs
2021,2021-06-29,633508,2021-06-30 00:15:00+00:00,R,N,1,138,109,St. Louis Cardinals,Arizona Diamondbacks
2021,2021-06-29,633455,2021-06-30 00:40:00+00:00,R,N,1,115,134,Colorado Rockies,Pittsburgh Pirates
2021,2021-06-29,633488,2021-06-30 01:40:00+00:00,R,N,1,133,140,Oakland Athletics,Texas Rangers
2021,2021-06-29,633471,2021-06-30 02:10:00+00:00,R,N,1,119,137,Los Angeles Dodgers,San Francisco Giants
2021,2021-06-30,633506,2021-06-29 23:10:00+00:00,R,N,1,114,116,Cleveland Indians,Detroit Tigers
2021,2021-06-30,633426,2021-06-30 17:15:00+00:00,R,N,1,138,109,St. Louis Cardinals,Arizona Diamondbacks
2021,2021-06-30,633474,2021-06-30 18:10:00+00:00,R,N,1,158,112,Milwaukee Brewers,Chicago Cubs
2021,2021-06-30,633491,2021-06-30 19:10:00+00:00,R,N,1,115,134,Colorado Rockies,Pittsburgh Pirates
2021,2021-06-30,633427,2021-06-30 20:05:00+00:00,R,N,1,120,139,Washington Nationals,Tampa Bay Rays
2021,2021-06-30,633432,2021-06-30 20:10:00+00:00,R,Y,1,114,116,Cleveland Indians,Detroit Tigers
2021,2021-06-30,633506,2021-06-30 20:15:00+00:00,R,Y,2,114,116,Cleveland Indians,Detroit Tigers
2021,2021-06-30,633419,2021-06-30 23:05:00+00:00,R,N,1,143,146,Philadelphia Phillies,Miami Marlins
2021,2021-06-30,633484,2021-06-30 23:05:00+00:00,R,N,1,147,108,New York Yankees,Los Angeles Angels
2021,2021-06-30,633445,2021-06-30 23:07:00+00:00,R,N,1,141,136,Toronto Blue Jays,Seattle Mariners
2021,2021-06-30,633467,2021-06-30 23:10:00+00:00,R,N,1,111,118,Boston Red Sox,Kansas City Royals
2021,2021-06-30,633435,2021-06-30 23:10:00+00:00,R,N,1,113,135,Cincinnati Reds,San Diego Padres
2021,2021-06-30,633437,2021-06-30 23:20:00+00:00,R,N,1,144,121,Atlanta Braves,New York Mets
2021,2021-06-30,633485,2021-07-01 00:10:00+00:00,R,N,1,117,110,Houston Astros,Baltimore Orioles
2021,2021-06-30,633479,2021-07-01 00:10:00+00:00,R,N,1,145,142,Chicago White Sox,Minnesota Twins
2021,2021-06-30,633461,2021-07-01 01:40:00+00:00,R,N,1,133,140,Oakland Athletics,Texas Rangers
2021,2021-07-01,633456,2021-07-01 17:07:00+00:00,R,N,1,141,136,Toronto Blue Jays,Seattle Mariners
2021,2021-07-01,633457,2021-07-01 17:10:00+00:00,R,N,1,111,118,Boston Red Sox,Kansas City Royals
2021,2021-07-01,633529,2021-07-01 18:10:00+00:00,R,N,1,145,142,Chicago White Sox,Minnesota Twins
2021,2021-07-01,633405,2021-07-01 19:37:00+00:00,R,N,1,133,140,Oakland Athletics,Texas Rangers
2021,2021-07-01,633481,2021-07-01 23:05:00+00:00,R,N,1,120,119,Washington Nationals,Los Angeles Dodgers
2021,2021-07-01,633463,2021-07-01 23:05:00+00:00,R,N,1,134,158,Pittsburgh Pirates,Milwaukee Brewers
2021,2021-07-01,633469,2021-07-01 23:10:00+00:00,R,N,1,114,117,Cleveland Indians,Houston Astros
2021,2021-07-01,633480,2021-07-01 23:10:00+00:00,R,N,1,113,135,Cincinnati Reds,San Diego Padres
2021,2021-07-01,633418,2021-07-01 23:20:00+00:00,R,N,1,144,121,Atlanta Braves,New York Mets
2021,2021-07-01,633460,2021-07-02 00:40:00+00:00,R,N,1,115,138,Colorado Rockies,St. Louis Cardinals
2021,2021-07-01,633438,2021-07-02 01:40:00+00:00,R,N,1,109,137,Arizona Diamondbacks,San Francisco Giants
2021,2021-08-16,633421,2021-07-01 17:05:00+00:00,R,N,1,147,108,New York Yankees,Los Angeles Angels
2021,2021-07-16,633447,2021-07-01 22:05:00+00:00,R,N,1,143,146,Philadelphia Phillies,Miami Marlins
2021,2021-07-02,633448,2021-07-02 22:05:00+00:00,R,N,1,143,135,Philadelphia Phillies,San Diego Padres
2021,2021-07-02,633404,2021-07-02 23:05:00+00:00,R,N,1,120,119,Washington Nationals,Los Angeles Dodgers
2021,2021-07-02,633507,2021-07-02 23:05:00+00:00,R,N,1,134,158,Pittsburgh Pirates,Milwaukee Brewers
2021,2021-07-02,633464,2021-07-02 23:07:00+00:00,R,N,1,141,139,Toronto Blue Jays,Tampa Bay Rays
2021,2021-07-02,633462,2021-07-02 23:10:00+00:00,R,N,1,113,112,Cincinnati Reds,Chicago Cubs
2021,2021-07-02,633451,2021-07-02 23:10:00+00:00,R,N,1,114,117,Cleveland Indians,Houston Astros
2021,2021-07-02,633420,2021-07-02 23:10:00+00:00,R,N,1,116,145,Detroit Tigers,Chicago White Sox
2021,2021-07-02,633468,2021-07-02 23:20:00+00:00,R,N,1,144,146,Atlanta Braves,Miami Marlins
2021,2021-07-02,633415,2021-07-03 00:10:00+00:00,R,N,1,115,138,Colorado Rockies,St. Louis Cardinals
2021,2021-07-02,633433,2021-07-03 00:10:00+00:00,R,N,1,118,142,Kansas City Royals,Minnesota Twins
2021,2021-07-02,633402,2021-07-03 01:38:00+00:00,R,N,1,108,110,Los Angeles Angels,Baltimore Orioles
2021,2021-07-02,633452,2021-07-03 01:40:00+00:00,R,N,1,133,111,Oakland Athletics,Boston Red Sox
2021,2021-07-02,633470,2021-07-03 01:40:00+00:00,R,N,1,109,137,Arizona Diamondbacks,San Francisco Giants
2021,2021-07-02,633511,2021-07-03 02:10:00+00:00,R,N,1,136,140,Seattle Mariners,Texas Rangers
2021,2021-07-04,633522,2021-07-02 23:05:00+00:00,R,N,1,147,121,New York Yankees,New York Mets
2021,2021-07-03,633440,2021-07-03 17:05:00+00:00,R,N,1,147,121,New York Yankees,New York Mets
2021,2021-07-03,633403,2021-07-03 19:07:00+00:00,R,N,1,141,139,Toronto Blue Jays,Tampa Bay Rays
2021,2021-07-03,633390,2021-07-03 20:05:00+00:00,R,N,1,143,135,Philadelphia Phillies,San Diego Padres
2021,2021-07-03,633387,2021-07-03 20:05:00+00:00,R,N,1,134,158,Pittsburgh Pirates,Milwaukee Brewers
2021,2021-07-03,633441,2021-07-03 20:10:00+00:00,R,N,1,113,112,Cincinnati Reds,Chicago Cubs
2021,2021-07-03,633439,2021-07-03 20:10:00+00:00,R,N,1,118,142,Kansas City Royals,Minnesota Twins
2021,2021-07-03,633442,2021-07-03 20:10:00+00:00,R,N,1,116,145,Detroit Tigers,Chicago White Sox
2021,2021-07-03,633416,2021-07-03 20:10:00+00:00,R,N,1,144,146,Atlanta Braves,Miami Marlins
2021,2021-07-03,633429,2021-07-03 23:15:00+00:00,R,N,1,114,117,Cleveland Indians,Houston Astros
2021,2021-07-03,633430,2021-07-03 23:15:00+00:00,R,N,1,120,119,Washington Nationals,Los Angeles Dodgers
2021,2021-07-03,633401,2021-07-03 23:15:00+00:00,R,N,1,133,111,Oakland Athletics,Boston Red Sox
2021,2021-07-03,633424,2021-07-04 01:10:00+00:00,R,N,1,115,138,Colorado Rockies,St. Louis Cardinals
2021,2021-07-03,633453,2021-07-04 02:07:00+00:00,R,N,1,108,110,Los Angeles Angels,Baltimore Orioles
2021,2021-07-03,633388,2021-07-04 02:10:00+00:00,R,N,1,109,137,Arizona Diamondbacks,San Francisco Giants
2021,2021-07-03,633379,2021-07-04 02:10:00+00:00,R,N,1,136,140,Seattle Mariners,Texas Rangers
2021,2021-07-04,633398,2021-07-04 15:05:00+00:00,R,N,1,120,119,Washington Nationals,Los Angeles Dodgers
2021,2021-07-04,633374,2021-07-04 17:05:00+00:00,R,N,1,143,135,Philadelphia Phillies,San Diego Padres
2021,2021-07-04,633422,2021-07-04 17:05:00+00:00,R,N,1,134,158,Pittsburgh Pirates,Milwaukee Brewers
2021,2021-07-04,633408,2021-07-04 17:07:00+00:00,R,N,1,141,139,Toronto Blue Jays,Tampa Bay Rays
2021,2021-07-04,633428,2021-07-04 17:10:00+00:00,R,N,1,113,112,Cincinnati Reds,Chicago Cubs
2021,2021-07-04,633414,2021-07-04 17:10:00+00:00,R,N,1,114,117,Cleveland Indians,Houston Astros
2021,2021-07-04,633410,2021-07-04 17:10:00+00:00,R,N,1,116,145,Detroit Tigers,Chicago White Sox
2021,2021-07-04,633423,2021-07-04 17:20:00+00:00,R,N,1,144,146,Atlanta Braves,Miami Marlins
2021,2021-07-04,633522,2021-07-04 18:05:00+00:00,R,S,1,147,121,New York Yankees,New York Mets
2021,2021-07-04,633417,2021-07-04 23:08:00+00:00,R,S,2,147,121,New York Yankees,New York Mets
2021,2021-07-04,633431,2021-07-04 18:10:00+00:00,R,N,1,118,142,Kansas City Royals,Minnesota Twins
2021,2021-07-04,633434,2021-07-04 19:10:00+00:00,R,N,1,115,138,Colorado Rockies,St. Louis Cardinals
2021,2021-07-04,633391,2021-07-04 20:07:00+00:00,R,N,1,108,110,Los Angeles Angels,Baltimore Orioles
2021,2021-07-04,633399,2021-07-04 20:07:00+00:00,R,N,1,133,111,Oakland Athletics,Boston Red Sox
2021,2021-07-04,633425,2021-07-04 20:10:00+00:00,R,N,1,136,140,Seattle Mariners,Texas Rangers
2021,2021-07-04,633436,2021-07-05 01:10:00+00:00,R,N,1,109,137,Arizona Diamondbacks,San Francisco Giants
2021,2021-07-05,633380,2021-07-05 22:05:00+00:00,R,N,1,137,138,San Francisco Giants,St. Louis Cardinals
2021,2021-07-05,633361,2021-07-05 22:40:00+00:00,R,N,1,146,119,Miami Marlins,Los Angeles Dodgers
2021,2021-07-05,633411,2021-07-05 23:05:00+00:00,R,N,1,134,144,Pittsburgh Pirates,Atlanta Braves
2021,2021-07-05,633353,2021-07-05 23:10:00+00:00,R,N,1,139,114,Tampa Bay Rays,Cleveland Indians
2021,2021-07-05,633487,2021-07-05 23:10:00+00:00,R,N,1,142,145,Minnesota Twins,Chicago White Sox
2021,2021-07-05,633412,2021-07-05 23:10:00+00:00,R,N,1,121,158,New York Mets,Milwaukee Brewers
2021,2021-07-05,633400,2021-07-06 00:05:00+00:00,R,N,1,140,116,Texas Rangers,Detroit Tigers
2021,2021-07-05,633386,2021-07-06 00:05:00+00:00,R,N,1,112,143,Chicago Cubs,Philadelphia Phillies
2021,2021-07-05,633363,2021-07-06 00:10:00+00:00,R,N,1,118,113,Kansas City Royals,Cincinnati Reds
2021,2021-07-05,633389,2021-07-06 01:38:00+00:00,R,N,1,108,111,Los Angeles Angels,Boston Red Sox
2021,2021-07-05,633378,2021-07-06 02:10:00+00:00,R,N,1,135,120,San Diego Padres,Washington Nationals
2021,2021-07-06,633413,2021-07-06 23:05:00+00:00,R,N,1,110,141,Baltimore Orioles,Toronto Blue Jays
2021,2021-07-06,633384,2021-07-06 23:05:00+00:00,R,N,1,134,144,Pittsburgh Pirates,Atlanta Braves
2021,2021-07-06,633376,2021-07-06 23:10:00+00:00,R,N,1,146,119,Miami Marlins,Los Angeles Dodgers
2021,2021-07-06,633364,2021-07-07 00:05:00+00:00,R,N,1,140,116,Texas Rangers,Detroit Tigers
2021,2021-07-06,633393,2021-07-07 00:05:00+00:00,R,N,1,112,143,Chicago Cubs,Philadelphia Phillies
2021,2021-07-06,633369,2021-07-07 00:10:00+00:00,R,N,1,118,113,Kansas City Royals,Cincinnati Reds
2021,2021-07-06,633406,2021-07-07 00:10:00+00:00,R,N,1,117,133,Houston Astros,Oakland Athletics
2021,2021-07-06,633352,2021-07-07 00:10:00+00:00,R,N,1,142,145,Minnesota Twins,Chicago White Sox
2021,2021-07-06,633370,2021-07-07 01:38:00+00:00,R,N,1,108,111,Los Angeles Angels,Boston Red Sox
2021,2021-07-06,633381,2021-07-07 01:40:00+00:00,R,N,1,109,115,Arizona Diamondbacks,Colorado Rockies
2021,2021-07-06,633358,2021-07-07 01:45:00+00:00,R,N,1,137,138,San Francisco Giants,St. Louis Cardinals
2021,2021-07-06,633396,2021-07-07 02:10:00+00:00,R,N,1,135,120,San Diego Padres,Washington Nationals
2021,2021-07-06,633382,2021-07-07 02:10:00+00:00,R,N,1,136,147,Seattle Mariners,New York Yankees
2021,2021-07-07,633360,2021-07-06 23:10:00+00:00,R,N,1,139,114,Tampa Bay Rays,Cleveland Indians
2021,2021-07-07,633395,2021-07-06 23:10:00+00:00,R,N,1,121,158,New York Mets,Milwaukee Brewers
2021,2021-07-07,633339,2021-07-07 16:10:00+00:00,R,Y,1,139,114,Tampa Bay Rays,Cleveland Indians
2021,2021-07-07,633360,2021-07-07 16:15:00+00:00,R,Y,2,139,114,Tampa Bay Rays,Cleveland Indians
2021,2021-07-07,633330,2021-07-07 16:35:00+00:00,R,N,1,134,144,Pittsburgh Pirates,Atlanta Braves
2021,2021-07-07,633335,2021-07-07 17:10:00+00:00,R,N,1,142,145,Minnesota Twins,Chicago White Sox
2021,2021-07-07,633349,2021-07-07 18:05:00+00:00,R,N,1,140,116,Texas Rangers,Detroit Tigers
2021,2021-07-07,633383,2021-07-07 18:10:00+00:00,R,N,1,118,113,Kansas City Royals,Cincinnati Reds
2021,2021-07-07,633395,2021-07-07 18:10:00+00:00,R,S,1,121,158,New York Mets,Milwaukee Brewers
2021,2021-07-07,633342,2021-07-07 23:10:00+00:00,R,S,2,121,158,New York Mets,Milwaukee Brewers
2021,2021-07-07,633385,2021-07-07 20:07:00+00:00,R,N,1,108,111,Los Angeles Angels,Boston Red Sox
2021,2021-07-07,633332,2021-07-07 23:05:00+00:00,R,N,1,110,141,Baltimore Orioles,Toronto Blue Jays
2021,2021-07-07,633333,2021-07-07 23:10:00+00:00,R,N,1,146,119,Miami Marlins,Los Angeles Dodgers
2021,2021-07-07,633375,2021-07-08 00:05:00+00:00,R,N,1,112,143,Chicago Cubs,Philadelphia Phillies
2021,2021-07-07,633368,2021-07-08 00:10:00+00:00,R,N,1,117,133,Houston Astros,Oakland Athletics
2021,2021-07-07,633355,2021-07-08 01:40:00+00:00,R,N,1,109,115,Arizona Diamondbacks,Colorado Rockies
2021,2021-07-07,633347,2021-07-08 01:45:00+00:00,R,N,1,137,138,San Francisco Giants,St. Louis Cardinals
2021,2021-07-07,633362,2021-07-08 02:10:00+00:00,R,N,1,135,120,San Diego Padres,Washington Nationals
2021,2021-07-07,633371,2021-07-08 02:10:00+00:00,R,N,1,136,147,Seattle Mariners,New York Yankees
2021,2021-07-08,633334,2021-07-08 16:10:00+00:00,R,N,1,146,119,Miami Marlins,Los Angeles Dodgers
2021,2021-07-08,633354,2021-07-08 18:10:00+00:00,R,N,1,117,133,Houston Astros,Oakland Athletics
2021,2021-07-08,633392,2021-07-08 19:40:00+00:00,R,N,1,109,115,Arizona Diamondbacks,Colorado Rockies
2021,2021-07-08,633315,2021-07-08 20:10:00+00:00,R,N,1,136,147,Seattle Mariners,New York Yankees
2021,2021-07-08,633409,2021-07-08 23:10:00+00:00,R,N,1,114,118,Cleveland Indians,Kansas City Royals
2021,2021-07-08,633397,2021-07-09 00:05:00+00:00,R,N,1,112,143,Chicago Cubs,Philadelphia Phillies
2021,2021-07-08,633359,2021-07-09 00:10:00+00:00,R,N,1,142,116,Minnesota Twins,Detroit Tigers
2021,2021-07-08,633351,2021-07-09 00:10:00+00:00,R,N,1,158,113,Milwaukee Brewers,Cincinnati Reds
2021,2021-07-08,633343,2021-07-09 01:10:00+00:00,R,N,1,135,120,San Diego Padres,Washington Nationals
2021,2021-09-11,633331,2021-07-08 23:05:00+00:00,R,N,1,110,141,Baltimore Orioles,Toronto Blue Jays
2021,2021-07-10,633326,2021-07-08 23:10:00+00:00,R,N,1,121,134,New York Mets,Pittsburgh Pirates
2021,2021-07-09,633365,2021-07-09 18:20:00+00:00,R,N,1,112,138,Chicago Cubs,St. Louis Cardinals
2021,2021-07-09,633377,2021-07-09 23:05:00+00:00,R,N,1,110,145,Baltimore Orioles,Chicago White Sox
2021,2021-07-09,633373,2021-07-09 23:10:00+00:00,R,N,1,114,118,Cleveland Indians,Kansas City Royals
2021,2021-07-09,633308,2021-07-09 23:10:00+00:00,R,N,1,121,134,New York Mets,Pittsburgh Pirates
2021,2021-07-09,633338,2021-07-09 23:10:00+00:00,R,N,1,139,141,Tampa Bay Rays,Toronto Blue Jays
2021,2021-07-09,633357,2021-07-09 23:10:00+00:00,R,N,1,111,143,Boston Red Sox,Philadelphia Phillies
2021,2021-07-09,633336,2021-07-09 23:10:00+00:00,R,N,1,146,144,Miami Marlins,Atlanta Braves
2021,2021-07-09,633345,2021-07-10 00:05:00+00:00,R,N,1,140,133,Texas Rangers,Oakland Athletics
2021,2021-07-09,633366,2021-07-10 00:10:00+00:00,R,N,1,142,116,Minnesota Twins,Detroit Tigers
2021,2021-07-09,633348,2021-07-10 00:10:00+00:00,R,N,1,117,147,Houston Astros,New York Yankees
2021,2021-07-09,633407,2021-07-10 00:10:00+00:00,R,N,1,158,113,Milwaukee Brewers,Cincinnati Reds
2021,2021-07-09,633322,2021-07-10 01:45:00+00:00,R,N,1,137,120,San Francisco Giants,Washington Nationals
2021,2021-07-09,633320,2021-07-10 02:10:00+00:00,R,N,1,119,109,Los Angeles Dodgers,Arizona Diamondbacks
2021,2021-07-09,633367,2021-07-10 02:10:00+00:00,R,N,1,135,115,San Diego Padres,Colorado Rockies
2021,2021-07-09,633341,2021-07-10 02:10:00+00:00,R,N,1,136,108,Seattle Mariners,Los Angeles Angels
2021,2021-07-10,633293,2021-07-10 17:10:00+00:00,R,N,1,139,141,Tampa Bay Rays,Toronto Blue Jays
2021,2021-07-10,633289,2021-07-10 18:10:00+00:00,R,N,1,142,116,Minnesota Twins,Detroit Tigers
2021,2021-07-10,633294,2021-07-10 20:05:00+00:00,R,N,1,137,120,San Francisco Giants,Washington Nationals
2021,2021-07-10,633316,2021-07-10 20:05:00+00:00,R,N,1,140,133,Texas Rangers,Oakland Athletics
2021,2021-07-10,633350,2021-07-10 20:05:00+00:00,R,N,1,110,145,Baltimore Orioles,Chicago White Sox
2021,2021-07-10,633295,2021-07-10 20:10:00+00:00,R,Y,1,121,134,New York Mets,Pittsburgh Pirates
2021,2021-07-10,633326,2021-07-10 20:15:00+00:00,R,Y,2,121,134,New York Mets,Pittsburgh Pirates
2021,2021-07-10,633344,2021-07-10 20:10:00+00:00,R,N,1,111,143,Boston Red Sox,Philadelphia Phillies
2021,2021-07-10,633312,2021-07-10 20:10:00+00:00,R,N,1,146,144,Miami Marlins,Atlanta Braves
2021,2021-07-10,633317,2021-07-10 22:10:00+00:00,R,N,1,114,118,Cleveland Indians,Kansas City Royals
2021,2021-07-10,633356,2021-07-10 23:15:00+00:00,R,N,1,112,138,Chicago Cubs,St. Louis Cardinals
2021,2021-07-10,633304,2021-07-10 23:15:00+00:00,R,N,1,117,147,Houston Astros,New York Yankees
2021,2021-07-10,633313,2021-07-10 23:15:00+00:00,R,N,1,158,113,Milwaukee Brewers,Cincinnati Reds
2021,2021-07-10,633311,2021-07-11 02:10:00+00:00,R,N,1,119,109,Los Angeles Dodgers,Arizona Diamondbacks
2021,2021-07-10,633301,2021-07-11 02:10:00+00:00,R,N,1,135,115,San Diego Padres,Colorado Rockies
2021,2021-07-10,633288,2021-07-11 02:10:00+00:00,R,N,1,136,108,Seattle Mariners,Los Angeles Angels
2021,2021-07-11,633282,2021-07-11 17:05:00+00:00,R,N,1,110,145,Baltimore Orioles,Chicago White Sox
2021,2021-07-11,633325,2021-07-11 17:10:00+00:00,R,N,1,121,134,New York Mets,Pittsburgh Pirates
2021,2021-07-11,633270,2021-07-11 17:10:00+00:00,R,N,1,139,141,Tampa Bay Rays,Toronto Blue Jays
2021,2021-07-11,633327,2021-07-11 17:10:00+00:00,R,N,1,111,143,Boston Red Sox,Philadelphia Phillies
2021,2021-07-11,633324,2021-07-11 17:10:00+00:00,R,N,1,146,144,Miami Marlins,Atlanta Braves
2021,2021-07-11,633307,2021-07-11 18:10:00+00:00,R,N,1,142,116,Minnesota Twins,Detroit Tigers
2021,2021-07-11,633340,2021-07-11 18:10:00+00:00,R,N,1,117,147,Houston Astros,New York Yankees
2021,2021-07-11,633274,2021-07-11 18:10:00+00:00,R,N,1,158,113,Milwaukee Brewers,Cincinnati Reds
2021,2021-07-11,633297,2021-07-11 18:35:00+00:00,R,N,1,140,133,Texas Rangers,Oakland Athletics
2021,2021-07-11,633279,2021-07-11 20:05:00+00:00,R,N,1,137,120,San Francisco Giants,Washington Nationals
2021,2021-07-11,633302,2021-07-11 20:10:00+00:00,R,N,1,119,109,Los Angeles Dodgers,Arizona Diamondbacks
2021,2021-07-11,633314,2021-07-11 20:10:00+00:00,R,N,1,135,115,San Diego Padres,Colorado Rockies
2021,2021-07-11,633318,2021-07-11 20:10:00+00:00,R,N,1,136,108,Seattle Mariners,Los Angeles Angels
2021,2021-09-20,633394,2021-07-11 17:10:00+00:00,R,N,1,114,118,Cleveland Indians,Kansas City Royals
2021,2021-09-24,633337,2021-07-11 18:20:00+00:00,R,N,1,112,138,Chicago Cubs,St. Louis Cardinals
2021,2021-08-17,633291,2021-07-15 23:08:00+00:00,R,N,1,147,111,New York Yankees,Boston Red Sox
2021,2021-07-16,633283,2021-07-16 20:05:00+00:00,R,Y,1,143,146,Philadelphia Phillies,Miami Marlins
2021,2021-07-16,633447,2021-07-16 20:10:00+00:00,R,Y,2,143,146,Philadelphia Phillies,Miami Marlins
2021,2021-07-16,633346,2021-07-16 23:05:00+00:00,R,N,1,134,121,Pittsburgh Pirates,New York Mets
2021,2021-07-16,633305,2021-07-16 23:05:00+00:00,R,N,1,120,135,Washington Nationals,San Diego Padres
2021,2021-07-16,633310,2021-07-16 23:05:00+00:00,R,N,1,147,111,New York Yankees,Boston Red Sox
2021,2021-07-16,633266,2021-07-16 23:07:00+00:00,R,N,1,141,140,Toronto Blue Jays,Texas Rangers
2021,2021-07-16,633263,2021-07-16 23:10:00+00:00,R,N,1,113,158,Cincinnati Reds,Milwaukee Brewers
2021,2021-07-16,633265,2021-07-16 23:20:00+00:00,R,N,1,144,139,Atlanta Braves,Tampa Bay Rays
2021,2021-07-16,633328,2021-07-17 00:10:00+00:00,R,N,1,118,110,Kansas City Royals,Baltimore Orioles
2021,2021-07-16,633309,2021-07-17 00:10:00+00:00,R,N,1,145,117,Chicago White Sox,Houston Astros
2021,2021-07-16,633285,2021-07-17 00:15:00+00:00,R,N,1,138,137,St. Louis Cardinals,San Francisco Giants
2021,2021-07-16,633321,2021-07-17 00:40:00+00:00,R,N,1,115,119,Colorado Rockies,Los Angeles Dodgers
2021,2021-07-16,633323,2021-07-17 01:38:00+00:00,R,N,1,108,136,Los Angeles Angels,Seattle Mariners
2021,2021-07-16,633296,2021-07-17 01:40:00+00:00,R,N,1,109,112,Arizona Diamondbacks,Chicago Cubs
2021,2021-07-16,633264,2021-07-17 01:40:00+00:00,R,N,1,133,114,Oakland Athletics,Cleveland Indians
2021,2021-07-17,634222,2021-07-16 18:10:00+00:00,R,S,1,116,142,Detroit Tigers,Minnesota Twins
2021,2021-08-30,633372,2021-07-16 23:10:00+00:00,R,S,2,116,142,Detroit Tigers,Minnesota Twins
2021,2021-07-17,634222,2021-07-17 17:10:00+00:00,R,S,1,116,142,Detroit Tigers,Minnesota Twins
2021,2021-07-17,633275,2021-07-17 22:10:00+00:00,R,S,2,116,142,Detroit Tigers,Minnesota Twins
2021,2021-07-17,633306,2021-07-17 20:07:00+00:00,R,N,1,133,114,Oakland Athletics,Cleveland Indians
2021,2021-07-17,633319,2021-07-17 20:10:00+00:00,R,N,1,109,112,Arizona Diamondbacks,Chicago Cubs
2021,2021-07-17,633299,2021-07-17 22:05:00+00:00,R,N,1,143,146,Philadelphia Phillies,Miami Marlins
2021,2021-07-17,633290,2021-07-17 23:05:00+00:00,R,N,1,134,121,Pittsburgh Pirates,New York Mets
2021,2021-07-17,633267,2021-07-17 23:05:00+00:00,R,N,1,120,135,Washington Nationals,San Diego Padres
2021,2021-07-17,633248,2021-07-17 23:10:00+00:00,R,N,1,118,110,Kansas City Royals,Baltimore Orioles
2021,2021-07-17,633253,2021-07-17 23:10:00+00:00,R,N,1,113,158,Cincinnati Reds,Milwaukee Brewers
2021,2021-07-17,633281,2021-07-17 23:15:00+00:00,R,N,1,138,137,St. Louis Cardinals,San Francisco Giants
2021,2021-07-17,633262,2021-07-17 23:15:00+00:00,R,N,1,145,117,Chicago White Sox,Houston Astros
2021,2021-07-17,633298,2021-07-17 23:15:00+00:00,R,N,1,147,111,New York Yankees,Boston Red Sox
2021,2021-07-17,633303,2021-07-17 23:20:00+00:00,R,N,1,144,139,Atlanta Braves,Tampa Bay Rays
2021,2021-07-17,633261,2021-07-18 00:10:00+00:00,R,N,1,115,119,Colorado Rockies,Los Angeles Dodgers
2021,2021-07-17,633286,2021-07-18 01:07:00+00:00,R,N,1,108,136,Los Angeles Angels,Seattle Mariners
2021,2021-07-18,633292,2021-07-17 19:07:00+00:00,R,N,1,141,140,Toronto Blue Jays,Texas Rangers
2021,2021-07-18,633235,2021-07-18 17:05:00+00:00,R,N,1,134,121,Pittsburgh Pirates,New York Mets
2021,2021-07-17,633267,2021-07-18 17:05:00+00:00,R,N,1,120,135,Washington Nationals,San Diego Padres
2021,2021-07-17,633299,2021-07-18 17:05:00+00:00,R,N,1,143,146,Philadelphia Phillies,Miami Marlins
2021,2021-07-18,633256,2021-07-18 17:07:00+00:00,R,Y,1,141,140,Toronto Blue Jays,Texas Rangers
2021,2021-07-18,633292,2021-07-18 17:12:00+00:00,R,Y,2,141,140,Toronto Blue Jays,Texas Rangers
2021,2021-07-18,633280,2021-07-18 17:10:00+00:00,R,N,1,116,142,Detroit Tigers,Minnesota Twins
2021,2021-07-18,633252,2021-07-18 17:10:00+00:00,R,N,1,113,158,Cincinnati Reds,Milwaukee Brewers
2021,2021-07-18,633237,2021-07-18 17:20:00+00:00,R,N,1,144,139,Atlanta Braves,Tampa Bay Rays
2021,2021-07-18,633239,2021-07-18 18:01:00+00:00,R,N,1,143,146,Philadelphia Phillies,Miami Marlins
2021,2021-07-18,633287,2021-07-18 18:10:00+00:00,R,N,1,118,110,Kansas City Royals,Baltimore Orioles
2021,2021-07-18,633247,2021-07-18 18:10:00+00:00,R,N,1,145,117,Chicago White Sox,Houston Astros
2021,2021-07-18,633228,2021-07-18 18:15:00+00:00,R,N,1,138,137,St. Louis Cardinals,San Francisco Giants
2021,2021-07-18,633300,2021-07-18 19:05:00+00:00,R,N,1,120,135,Washington Nationals,San Diego Padres
2021,2021-07-18,633255,2021-07-18 19:10:00+00:00,R,N,1,115,119,Colorado Rockies,Los Angeles Dodgers
2021,2021-07-18,633238,2021-07-18 20:07:00+00:00,R,N,1,133,114,Oakland Athletics,Cleveland Indians
2021,2021-07-18,633284,2021-07-18 20:07:00+00:00,R,N,1,108,136,Los Angeles Angels,Seattle Mariners
2021,2021-07-18,633251,2021-07-18 20:10:00+00:00,R,N,1,109,112,Arizona Diamondbacks,Chicago Cubs
2021,2021-07-18,633273,2021-07-18 23:08:00+00:00,R,N,1,147,111,New York Yankees,Boston Red Sox
2021,2021-07-19,633278,2021-07-19 21:10:00+00:00,R,Y,1,145,142,Chicago White Sox,Minnesota Twins
2021,2021-07-19,633476,2021-07-19 21:15:00+00:00,R,Y,2,145,142,Chicago White Sox,Minnesota Twins
2021,2021-07-19,633233,2021-07-19 23:05:00+00:00,R,N,1,120,146,Washington Nationals,Miami Marlins
2021,2021-07-19,633218,2021-07-19 23:07:00+00:00,R,N,1,141,111,Toronto Blue Jays,Boston Red Sox
2021,2021-07-19,633271,2021-07-19 23:10:00+00:00,R,N,1,113,121,Cincinnati Reds,New York Mets
2021,2021-07-19,633236,2021-07-19 23:10:00+00:00,R,N,1,139,110,Tampa Bay Rays,Baltimore Orioles
2021,2021-07-19,633329,2021-07-19 23:10:00+00:00,R,N,1,116,140,Detroit Tigers,Texas Rangers
2021,2021-07-19,633277,2021-07-20 00:10:00+00:00,R,N,1,117,114,Houston Astros,Cleveland Indians
2021,2021-07-19,633226,2021-07-20 00:15:00+00:00,R,N,1,138,112,St. Louis Cardinals,Chicago Cubs
2021,2021-07-19,633249,2021-07-20 01:40:00+00:00,R,N,1,133,108,Oakland Athletics,Los Angeles Angels
2021,2021-07-19,633243,2021-07-20 01:40:00+00:00,R,N,1,109,134,Arizona Diamondbacks,Pittsburgh Pirates
2021,2021-07-19,633259,2021-07-20 02:10:00+00:00,R,N,1,119,137,Los Angeles Dodgers,San Francisco Giants
2021,2021-07-21,633224,2021-07-19 23:20:00+00:00,R,N,1,144,135,Atlanta Braves,San Diego Padres
2021,2021-07-20,633207,2021-07-20 19:37:00+00:00,R,N,1,133,108,Oakland Athletics,Los Angeles Angels
2021,2021-07-20,633223,2021-07-20 20:10:00+00:00,R,N,1,158,118,Milwaukee Brewers,Kansas City Royals
2021,2021-07-20,633242,2021-07-20 23:05:00+00:00,R,N,1,120,146,Washington Nationals,Miami Marlins
2021,2021-07-20,633216,2021-07-20 23:05:00+00:00,R,N,1,147,143,New York Yankees,Philadelphia Phillies
2021,2021-07-20,633234,2021-07-20 23:10:00+00:00,R,N,1,113,121,Cincinnati Reds,New York Mets
2021,2021-07-20,633257,2021-07-20 23:10:00+00:00,R,N,1,139,110,Tampa Bay Rays,Baltimore Orioles
2021,2021-07-20,633212,2021-07-20 23:10:00+00:00,R,N,1,116,140,Detroit Tigers,Texas Rangers
2021,2021-07-20,633240,2021-07-20 23:20:00+00:00,R,N,1,144,135,Atlanta Braves,San Diego Padres
2021,2021-07-20,633200,2021-07-21 00:10:00+00:00,R,N,1,117,114,Houston Astros,Cleveland Indians
2021,2021-07-20,633268,2021-07-21 00:10:00+00:00,R,N,1,145,142,Chicago White Sox,Minnesota Twins
2021,2021-07-20,633230,2021-07-21 00:15:00+00:00,R,N,1,138,112,St. Louis Cardinals,Chicago Cubs
2021,2021-07-20,633245,2021-07-21 00:40:00+00:00,R,N,1,115,136,Colorado Rockies,Seattle Mariners
2021,2021-07-20,633254,2021-07-21 01:40:00+00:00,R,N,1,109,134,Arizona Diamondbacks,Pittsburgh Pirates
2021,2021-07-20,633199,2021-07-21 02:10:00+00:00,R,N,1,119,137,Los Angeles Dodgers,San Francisco Giants
2021,2021-08-07,633246,2021-07-20 23:07:00+00:00,R,N,1,141,111,Toronto Blue Jays,Boston Red Sox
2021,2021-07-21,633225,2021-07-21 16:10:00+00:00,R,N,1,139,110,Tampa Bay Rays,Baltimore Orioles
2021,2021-07-21,633250,2021-07-21 16:20:00+00:00,R,S,1,144,135,Atlanta Braves,San Diego Padres
2021,2021-07-21,633224,2021-07-21 21:20:00+00:00,R,S,2,144,135,Atlanta Braves,San Diego Padres
2021,2021-07-21,633196,2021-07-21 16:35:00+00:00,R,N,1,113,121,Cincinnati Reds,New York Mets
2021,2021-07-21,633227,2021-07-21 18:10:00+00:00,R,N,1,158,118,Milwaukee Brewers,Kansas City Royals
2021,2021-07-21,633190,2021-07-21 19:10:00+00:00,R,N,1,115,136,Colorado Rockies,Seattle Mariners
2021,2021-07-21,633260,2021-07-21 19:40:00+00:00,R,N,1,109,134,Arizona Diamondbacks,Pittsburgh Pirates
2021,2021-07-21,633191,2021-07-21 23:05:00+00:00,R,N,1,120,146,Washington Nationals,Miami Marlins
2021,2021-07-21,633213,2021-07-21 23:05:00+00:00,R,N,1,147,143,New York Yankees,Philadelphia Phillies
2021,2021-07-21,633187,2021-07-21 23:07:00+00:00,R,N,1,141,111,Toronto Blue Jays,Boston Red Sox
2021,2021-07-21,633203,2021-07-21 23:10:00+00:00,R,N,1,116,140,Detroit Tigers,Texas Rangers
2021,2021-07-21,633222,2021-07-22 00:10:00+00:00,R,N,1,117,114,Houston Astros,Cleveland Indians
2021,2021-07-21,633205,2021-07-22 00:10:00+00:00,R,N,1,145,142,Chicago White Sox,Minnesota Twins
2021,2021-07-21,633241,2021-07-22 00:15:00+00:00,R,N,1,138,112,St. Louis Cardinals,Chicago Cubs
2021,2021-07-21,633217,2021-07-22 02:10:00+00:00,R,N,1,119,137,Los Angeles Dodgers,San Francisco Giants
2021,2021-07-22,633258,2021-07-22 17:10:00+00:00,R,N,1,116,140,Detroit Tigers,Texas Rangers
2021,2021-07-22,633276,2021-07-22 23:05:00+00:00,R,N,1,143,144,Philadelphia Phillies,Atlanta Braves
2021,2021-07-22,633180,2021-07-22 23:10:00+00:00,R,N,1,114,139,Cleveland Indians,Tampa Bay Rays
2021,2021-07-22,633269,2021-07-22 23:10:00+00:00,R,N,1,146,135,Miami Marlins,San Diego Padres
2021,2021-07-22,633193,2021-07-22 23:10:00+00:00,R,N,1,111,147,Boston Red Sox,New York Yankees
2021,2021-07-22,633178,2021-07-22 23:15:00+00:00,R,N,1,138,112,St. Louis Cardinals,Chicago Cubs
2021,2021-07-22,633220,2021-07-23 00:10:00+00:00,R,N,1,142,108,Minnesota Twins,Los Angeles Angels
2021,2021-07-22,633231,2021-07-23 02:10:00+00:00,R,N,1,136,133,Seattle Mariners,Oakland Athletics
2021,2021-07-22,633244,2021-07-23 02:10:00+00:00,R,N,1,119,137,Los Angeles Dodgers,San Francisco Giants
2021,2021-07-23,633170,2021-07-23 18:20:00+00:00,R,N,1,112,109,Chicago Cubs,Arizona Diamondbacks
2021,2021-07-23,633176,2021-07-23 23:05:00+00:00,R,N,1,110,120,Baltimore Orioles,Washington Nationals
2021,2021-07-23,633214,2021-07-23 23:05:00+00:00,R,N,1,143,144,Philadelphia Phillies,Atlanta Braves
2021,2021-07-23,633184,2021-07-23 23:10:00+00:00,R,N,1,113,138,Cincinnati Reds,St. Louis Cardinals
2021,2021-07-23,633211,2021-07-23 23:10:00+00:00,R,N,1,114,139,Cleveland Indians,Tampa Bay Rays
2021,2021-07-23,633221,2021-07-23 23:10:00+00:00,R,N,1,121,141,New York Mets,Toronto Blue Jays
2021,2021-07-23,633164,2021-07-23 23:10:00+00:00,R,N,1,146,135,Miami Marlins,San Diego Padres
2021,2021-07-23,633181,2021-07-23 23:10:00+00:00,R,N,1,111,147,Boston Red Sox,New York Yankees
2021,2021-07-23,633232,2021-07-24 00:10:00+00:00,R,N,1,118,116,Kansas City Royals,Detroit Tigers
2021,2021-07-23,633208,2021-07-24 00:10:00+00:00,R,N,1,117,140,Houston Astros,Texas Rangers
2021,2021-07-23,633159,2021-07-24 00:10:00+00:00,R,N,1,142,108,Minnesota Twins,Los Angeles Angels
2021,2021-07-23,633163,2021-07-24 00:10:00+00:00,R,N,1,158,145,Milwaukee Brewers,Chicago White Sox
2021,2021-07-23,633215,2021-07-24 01:45:00+00:00,R,N,1,137,134,San Francisco Giants,Pittsburgh Pirates
2021,2021-07-23,633173,2021-07-24 02:10:00+00:00,R,N,1,119,115,Los Angeles Dodgers,Colorado Rockies
2021,2021-07-23,633229,2021-07-24 02:10:00+00:00,R,N,1,136,133,Seattle Mariners,Oakland Athletics
2021,2021-07-24,633186,2021-07-24 18:20:00+00:00,R,N,1,112,109,Chicago Cubs,Arizona Diamondbacks
2021,2021-07-24,633154,2021-07-24 20:05:00+00:00,R,N,1,111,147,Boston Red Sox,New York Yankees
2021,2021-07-24,633202,2021-07-24 22:05:00+00:00,R,N,1,143,144,Philadelphia Phillies,Atlanta Braves
2021,2021-07-24,633210,2021-07-24 22:10:00+00:00,R,N,1,146,135,Miami Marlins,San Diego Padres
2021,2021-07-24,633195,2021-07-24 22:35:00+00:00,R,N,1,110,120,Baltimore Orioles,Washington Nationals
2021,2021-07-24,633201,2021-07-24 23:10:00+00:00,R,N,1,118,116,Kansas City Royals,Detroit Tigers
2021,2021-07-24,633175,2021-07-24 23:10:00+00:00,R,N,1,113,138,Cincinnati Reds,St. Louis Cardinals
2021,2021-07-24,633185,2021-07-24 23:10:00+00:00,R,N,1,114,139,Cleveland Indians,Tampa Bay Rays
2021,2021-07-24,633197,2021-07-24 23:10:00+00:00,R,N,1,117,140,Houston Astros,Texas Rangers
2021,2021-07-24,633272,2021-07-24 23:10:00+00:00,R,N,1,121,141,New York Mets,Toronto Blue Jays
2021,2021-07-24,633209,2021-07-24 23:10:00+00:00,R,N,1,142,108,Minnesota Twins,Los Angeles Angels
2021,2021-07-24,633167,2021-07-24 23:10:00+00:00,R,N,1,158,145,Milwaukee Brewers,Chicago White Sox
2021,2021-07-24,633144,2021-07-25 01:05:00+00:00,R,N,1,137,134,San Francisco Giants,Pittsburgh Pirates
2021,2021-07-24,633188,2021-07-25 01:10:00+00:00,R,N,1,119,115,Los Angeles Dodgers,Colorado Rockies
2021,2021-07-24,633140,2021-07-25 02:10:00+00:00,R,N,1,136,133,Seattle Mariners,Oakland Athletics
2021,2021-07-25,633156,2021-07-25 17:05:00+00:00,R,N,1,110,120,Baltimore Orioles,Washington Nationals
2021,2021-07-25,633192,2021-07-25 17:05:00+00:00,R,N,1,143,144,Philadelphia Phillies,Atlanta Braves
2021,2021-07-25,633177,2021-07-25 17:10:00+00:00,R,N,1,113,138,Cincinnati Reds,St. Louis Cardinals
2021,2021-07-25,633194,2021-07-25 17:10:00+00:00,R,N,1,114,139,Cleveland Indians,Tampa Bay Rays
2021,2021-07-25,633174,2021-07-25 17:10:00+00:00,R,N,1,121,141,New York Mets,Toronto Blue Jays
2021,2021-07-25,633135,2021-07-25 17:10:00+00:00,R,N,1,146,135,Miami Marlins,San Diego Padres
2021,2021-07-25,633198,2021-07-25 17:10:00+00:00,R,N,1,111,147,Boston Red Sox,New York Yankees
2021,2021-07-25,633183,2021-07-25 18:10:00+00:00,R,N,1,118,116,Kansas City Royals,Detroit Tigers
2021,2021-07-25,633136,2021-07-25 18:10:00+00:00,R,N,1,117,140,Houston Astros,Texas Rangers
2021,2021-07-25,633179,2021-07-25 18:10:00+00:00,R,N,1,142,108,Minnesota Twins,Los Angeles Angels
2021,2021-07-25,633204,2021-07-25 18:20:00+00:00,R,N,1,112,109,Chicago Cubs,Arizona Diamondbacks
2021,2021-07-25,633171,2021-07-25 20:05:00+00:00,R,N,1,137,134,San Francisco Giants,Pittsburgh Pirates
2021,2021-07-25,633172,2021-07-25 20:10:00+00:00,R,N,1,119,115,Los Angeles Dodgers,Colorado Rockies
2021,2021-07-25,633169,2021-07-25 20:10:00+00:00,R,N,1,136,133,Seattle Mariners,Oakland Athletics
2021,2021-07-25,633151,2021-07-25 23:08:00+00:00,R,N,1,158,145,Milwaukee Brewers,Chicago White Sox
2021,2021-07-26,633145,2021-07-26 21:10:00+00:00,R,Y,1,121,144,New York Mets,Atlanta Braves
2021,2021-07-26,633925,2021-07-26 21:15:00+00:00,R,Y,2,121,144,New York Mets,Atlanta Braves
2021,2021-07-26,633168,2021-07-26 23:05:00+00:00,R,N,1,143,120,Philadelphia Phillies,Washington Nationals
2021,2021-07-26,633219,2021-07-26 23:10:00+00:00,R,N,1,111,141,Boston Red Sox,Toronto Blue Jays
2021,2021-07-26,633182,2021-07-27 00:05:00+00:00,R,N,1,112,113,Chicago Cubs,Cincinnati Reds
2021,2021-07-26,633133,2021-07-27 00:10:00+00:00,R,N,1,142,116,Minnesota Twins,Detroit Tigers
2021,2021-07-26,633121,2021-07-27 00:10:00+00:00,R,N,1,118,145,Kansas City Royals,Chicago White Sox
2021,2021-07-26,633157,2021-07-27 01:38:00+00:00,R,N,1,108,115,Los Angeles Angels,Colorado Rockies
2021,2021-07-26,633206,2021-07-27 02:10:00+00:00,R,N,1,136,117,Seattle Mariners,Houston Astros
2021,2021-07-27,633152,2021-07-27 23:05:00+00:00,R,N,1,143,120,Philadelphia Phillies,Washington Nationals
2021,2021-07-27,633153,2021-07-27 23:05:00+00:00,R,N,1,110,146,Baltimore Orioles,Miami Marlins
2021,2021-07-27,633161,2021-07-27 23:05:00+00:00,R,N,1,134,158,Pittsburgh Pirates,Milwaukee Brewers
2021,2021-07-27,633189,2021-07-27 23:10:00+00:00,R,N,1,114,138,Cleveland Indians,St. Louis Cardinals
2021,2021-07-27,633147,2021-07-27 23:10:00+00:00,R,N,1,121,144,New York Mets,Atlanta Braves
2021,2021-07-27,633143,2021-07-27 23:10:00+00:00,R,N,1,139,147,Tampa Bay Rays,New York Yankees
2021,2021-07-27,633160,2021-07-28 00:05:00+00:00,R,N,1,112,113,Chicago Cubs,Cincinnati Reds
2021,2021-07-27,633150,2021-07-28 00:05:00+00:00,R,N,1,140,109,Texas Rangers,Arizona Diamondbacks
2021,2021-07-27,633137,2021-07-28 00:10:00+00:00,R,N,1,142,116,Minnesota Twins,Detroit Tigers
2021,2021-07-27,633166,2021-07-28 00:10:00+00:00,R,N,1,118,145,Kansas City Royals,Chicago White Sox
2021,2021-07-27,633139,2021-07-28 01:38:00+00:00,R,N,1,108,115,Los Angeles Angels,Colorado Rockies
2021,2021-07-27,633149,2021-07-28 01:45:00+00:00,R,N,1,137,119,San Francisco Giants,Los Angeles Dodgers
2021,2021-07-27,633155,2021-07-28 02:10:00+00:00,R,N,1,135,133,San Diego Padres,Oakland Athletics
2021,2021-07-27,633158,2021-07-28 02:10:00+00:00,R,N,1,136,117,Seattle Mariners,Houston Astros
2021,2021-07-28,633162,2021-07-27 23:10:00+00:00,R,N,1,111,141,Boston Red Sox,Toronto Blue Jays
2021,2021-07-28,633123,2021-07-28 17:10:00+00:00,R,N,1,114,138,Cleveland Indians,St. Louis Cardinals
2021,2021-07-28,633138,2021-07-28 17:10:00+00:00,R,N,1,142,116,Minnesota Twins,Detroit Tigers
2021,2021-07-28,633162,2021-07-28 18:10:00+00:00,R,S,1,111,141,Boston Red Sox,Toronto Blue Jays
2021,2021-07-28,633110,2021-07-28 23:10:00+00:00,R,S,2,111,141,Boston Red Sox,Toronto Blue Jays
2021,2021-07-28,633146,2021-07-28 19:40:00+00:00,R,N,1,136,117,Seattle Mariners,Houston Astros
2021,2021-07-28,633096,2021-07-28 20:10:00+00:00,R,N,1,135,133,San Diego Padres,Oakland Athletics
2021,2021-07-28,633098,2021-07-28 23:05:00+00:00,R,N,1,110,146,Baltimore Orioles,Miami Marlins
2021,2021-07-28,633113,2021-07-28 23:05:00+00:00,R,N,1,134,158,Pittsburgh Pirates,Milwaukee Brewers
2021,2021-07-28,633148,2021-07-28 23:10:00+00:00,R,N,1,121,144,New York Mets,Atlanta Braves
2021,2021-07-28,633122,2021-07-28 23:10:00+00:00,R,N,1,139,147,Tampa Bay Rays,New York Yankees
2021,2021-07-28,633103,2021-07-29 00:05:00+00:00,R,N,1,112,113,Chicago Cubs,Cincinnati Reds
2021,2021-07-28,633097,2021-07-29 00:05:00+00:00,R,N,1,140,109,Texas Rangers,Arizona Diamondbacks
2021,2021-07-28,633114,2021-07-29 00:10:00+00:00,R,N,1,118,145,Kansas City Royals,Chicago White Sox
2021,2021-07-28,633130,2021-07-29 01:38:00+00:00,R,N,1,108,115,Los Angeles Angels,Colorado Rockies
2021,2021-07-28,633125,2021-07-29 01:45:00+00:00,R,N,1,137,119,San Francisco Giants,Los Angeles Dodgers
2021,2021-07-29,633134,2021-07-28 23:05:00+00:00,R,N,1,143,120,Philadelphia Phillies,Washington Nationals
2021,2021-07-29,633081,2021-07-29 16:05:00+00:00,R,Y,1,143,120,Philadelphia Phillies,Washington Nationals
2021,2021-07-29,633134,2021-07-29 16:10:00+00:00,R,Y,2,143,120,Philadelphia Phillies,Washington Nationals
2021,2021-07-29,633083,2021-07-29 16:10:00+00:00,R,N,1,121,144,New York Mets,Atlanta Braves
2021,2021-07-29,633104,2021-07-29 17:10:00+00:00,R,N,1,139,147,Tampa Bay Rays,New York Yankees
2021,2021-07-29,633141,2021-07-29 18:10:00+00:00,R,N,1,118,145,Kansas City Royals,Chicago White Sox
2021,2021-07-29,633124,2021-07-29 18:20:00+00:00,R,N,1,112,113,Chicago Cubs,Cincinnati Reds
2021,2021-07-29,633109,2021-07-29 19:45:00+00:00,R,N,1,137,119,San Francisco Giants,Los Angeles Dodgers
2021,2021-07-29,633093,2021-07-29 23:05:00+00:00,R,N,1,134,158,Pittsburgh Pirates,Milwaukee Brewers
2021,2021-07-29,633115,2021-07-29 23:10:00+00:00,R,N,1,116,110,Detroit Tigers,Baltimore Orioles
2021,2021-07-29,633126,2021-07-29 23:10:00+00:00,R,N,1,111,141,Boston Red Sox,Toronto Blue Jays
2021,2021-07-29,633111,2021-07-30 01:38:00+00:00,R,N,1,108,133,Los Angeles Angels,Oakland Athletics
2021,2021-07-29,633065,2021-07-30 02:10:00+00:00,R,N,1,135,115,San Diego Padres,Colorado Rockies
2021,2021-07-30,633094,2021-07-30 23:05:00+00:00,R,N,1,120,112,Washington Nationals,Chicago Cubs
2021,2021-07-30,633108,2021-07-30 23:05:00+00:00,R,N,1,134,143,Pittsburgh Pirates,Philadelphia Phillies
2021,2021-07-30,633091,2021-07-30 23:07:00+00:00,R,N,1,141,118,Toronto Blue Jays,Kansas City Royals
2021,2021-07-30,633107,2021-07-30 23:10:00+00:00,R,N,1,116,110,Detroit Tigers,Baltimore Orioles
2021,2021-07-30,633100,2021-07-30 23:10:00+00:00,R,N,1,121,113,New York Mets,Cincinnati Reds
2021,2021-07-30,633165,2021-07-30 23:10:00+00:00,R,N,1,139,111,Tampa Bay Rays,Boston Red Sox
2021,2021-07-30,633073,2021-07-30 23:10:00+00:00,R,N,1,146,147,Miami Marlins,New York Yankees
2021,2021-07-30,633131,2021-07-30 23:20:00+00:00,R,N,1,144,158,Atlanta Braves,Milwaukee Brewers
2021,2021-07-30,633116,2021-07-31 00:05:00+00:00,R,N,1,140,136,Texas Rangers,Seattle Mariners
2021,2021-07-30,633128,2021-07-31 00:10:00+00:00,R,N,1,145,114,Chicago White Sox,Cleveland Indians
2021,2021-07-30,633119,2021-07-31 00:15:00+00:00,R,N,1,138,142,St. Louis Cardinals,Minnesota Twins
2021,2021-07-30,633118,2021-07-31 01:38:00+00:00,R,N,1,108,133,Los Angeles Angels,Oakland Athletics
2021,2021-07-30,633102,2021-07-31 01:40:00+00:00,R,N,1,109,119,Arizona Diamondbacks,Los Angeles Dodgers
2021,2021-07-30,633120,2021-07-31 01:45:00+00:00,R,N,1,137,117,San Francisco Giants,Houston Astros
2021,2021-07-30,633112,2021-07-31 02:10:00+00:00,R,N,1,135,115,San Diego Padres,Colorado Rockies
2021,2021-07-31,633085,2021-07-31 19:07:00+00:00,R,N,1,141,118,Toronto Blue Jays,Kansas City Royals
2021,2021-07-31,633080,2021-07-31 20:05:00+00:00,R,N,1,108,133,Los Angeles Angels,Oakland Athletics
2021,2021-07-31,633088,2021-07-31 20:05:00+00:00,R,N,1,137,117,San Francisco Giants,Houston Astros
2021,2021-07-31,633105,2021-07-31 22:10:00+00:00,R,N,1,116,110,Detroit Tigers,Baltimore Orioles
2021,2021-07-31,633090,2021-07-31 22:10:00+00:00,R,N,1,139,111,Tampa Bay Rays,Boston Red Sox
2021,2021-07-31,633092,2021-07-31 22:10:00+00:00,R,N,1,146,147,Miami Marlins,New York Yankees
2021,2021-07-31,633132,2021-07-31 23:05:00+00:00,R,N,1,120,112,Washington Nationals,Chicago Cubs
2021,2021-07-31,633106,2021-07-31 23:05:00+00:00,R,N,1,140,136,Texas Rangers,Seattle Mariners
2021,2021-07-31,633076,2021-07-31 23:05:00+00:00,R,N,1,134,143,Pittsburgh Pirates,Philadelphia Phillies
2021,2021-07-31,633063,2021-07-31 23:10:00+00:00,R,N,1,121,113,New York Mets,Cincinnati Reds
2021,2021-07-31,633058,2021-07-31 23:10:00+00:00,R,N,1,145,114,Chicago White Sox,Cleveland Indians
2021,2021-07-31,633127,2021-07-31 23:15:00+00:00,R,N,1,138,142,St. Louis Cardinals,Minnesota Twins
2021,2021-07-31,633117,2021-07-31 23:20:00+00:00,R,N,1,144,158,Atlanta Braves,Milwaukee Brewers
2021,2021-07-31,633099,2021-08-01 00:10:00+00:00,R,N,1,109,119,Arizona Diamondbacks,Los Angeles Dodgers
2021,2021-07-31,633142,2021-08-01 00:40:00+00:00,R,N,1,135,115,San Diego Padres,Colorado Rockies
2021,2021-08-01,633044,2021-08-01 17:05:00+00:00,R,N,1,120,112,Washington Nationals,Chicago Cubs
2021,2021-08-01,633082,2021-08-01 17:05:00+00:00,R,N,1,134,143,Pittsburgh Pirates,Philadelphia Phillies
2021,2021-08-01,633067,2021-08-01 17:07:00+00:00,R,N,1,141,118,Toronto Blue Jays,Kansas City Royals
2021,2021-08-01,633050,2021-08-01 17:10:00+00:00,R,N,1,116,110,Detroit Tigers,Baltimore Orioles
2021,2021-08-01,633129,2021-08-01 17:10:00+00:00,R,N,1,121,113,New York Mets,Cincinnati Reds
2021,2021-08-01,633069,2021-08-01 17:10:00+00:00,R,N,1,146,147,Miami Marlins,New York Yankees
2021,2021-08-01,633095,2021-08-01 17:20:00+00:00,R,N,1,144,158,Atlanta Braves,Milwaukee Brewers
2021,2021-08-01,633047,2021-08-01 18:10:00+00:00,R,N,1,145,114,Chicago White Sox,Cleveland Indians
2021,2021-08-01,633024,2021-08-01 18:15:00+00:00,R,N,1,138,142,St. Louis Cardinals,Minnesota Twins
2021,2021-08-01,633075,2021-08-01 18:35:00+00:00,R,N,1,140,136,Texas Rangers,Seattle Mariners
2021,2021-08-01,633086,2021-08-01 20:05:00+00:00,R,N,1,137,117,San Francisco Giants,Houston Astros
2021,2021-08-01,633048,2021-08-01 20:07:00+00:00,R,N,1,108,133,Los Angeles Angels,Oakland Athletics
2021,2021-08-01,633101,2021-08-01 20:10:00+00:00,R,N,1,109,119,Arizona Diamondbacks,Los Angeles Dodgers
2021,2021-08-01,633084,2021-08-01 20:10:00+00:00,R,N,1,135,115,San Diego Padres,Colorado Rockies
2021,2021-08-01,633089,2021-08-01 23:08:00+00:00,R,N,1,139,111,Tampa Bay Rays,Boston Red Sox
2021,2021-08-02,633041,2021-08-02 19:07:00+00:00,R,N,1,141,114,Toronto Blue Jays,Cleveland Indians
2021,2021-08-02,633057,2021-08-02 23:05:00+00:00,R,N,1,120,143,Washington Nationals,Philadelphia Phillies
2021,2021-08-02,633078,2021-08-02 23:05:00+00:00,R,N,1,147,110,New York Yankees,Baltimore Orioles
2021,2021-08-02,633070,2021-08-02 23:10:00+00:00,R,N,1,139,136,Tampa Bay Rays,Seattle Mariners
2021,2021-08-02,633079,2021-08-02 23:10:00+00:00,R,N,1,146,121,Miami Marlins,New York Mets
2021,2021-08-02,633054,2021-08-03 00:05:00+00:00,R,N,1,140,108,Texas Rangers,Los Angeles Angels
2021,2021-08-02,633072,2021-08-03 00:10:00+00:00,R,N,1,158,134,Milwaukee Brewers,Pittsburgh Pirates
2021,2021-08-02,633077,2021-08-03 01:40:00+00:00,R,N,1,109,137,Arizona Diamondbacks,San Francisco Giants
2021,2021-08-03,633066,2021-08-03 23:05:00+00:00,R,N,1,120,143,Washington Nationals,Philadelphia Phillies
2021,2021-08-03,633023,2021-08-03 23:05:00+00:00,R,N,1,147,110,New York Yankees,Baltimore Orioles
2021,2021-08-03,633036,2021-08-03 23:07:00+00:00,R,N,1,141,114,Toronto Blue Jays,Cleveland Indians
2021,2021-08-03,633087,2021-08-03 23:10:00+00:00,R,N,1,116,111,Detroit Tigers,Boston Red Sox
2021,2021-08-03,633005,2021-08-03 23:10:00+00:00,R,N,1,139,136,Tampa Bay Rays,Seattle Mariners
2021,2021-08-03,633045,2021-08-03 23:10:00+00:00,R,N,1,113,142,Cincinnati Reds,Minnesota Twins
2021,2021-08-03,633049,2021-08-03 23:10:00+00:00,R,N,1,146,121,Miami Marlins,New York Mets
2021,2021-08-03,633056,2021-08-04 00:05:00+00:00,R,N,1,140,108,Texas Rangers,Los Angeles Angels
2021,2021-08-03,633030,2021-08-04 00:10:00+00:00,R,N,1,145,118,Chicago White Sox,Kansas City Royals
2021,2021-08-03,633059,2021-08-04 00:10:00+00:00,R,N,1,158,134,Milwaukee Brewers,Pittsburgh Pirates
2021,2021-08-03,633032,2021-08-04 00:15:00+00:00,R,N,1,138,144,St. Louis Cardinals,Atlanta Braves
2021,2021-08-03,633038,2021-08-04 00:40:00+00:00,R,N,1,115,112,Colorado Rockies,Chicago Cubs
2021,2021-08-03,633022,2021-08-04 01:40:00+00:00,R,N,1,133,135,Oakland Athletics,San Diego Padres
2021,2021-08-03,633025,2021-08-04 01:40:00+00:00,R,N,1,109,137,Arizona Diamondbacks,San Francisco Giants
2021,2021-08-03,633061,2021-08-04 02:10:00+00:00,R,N,1,119,117,Los Angeles Dodgers,Houston Astros
2021,2021-08-04,633071,2021-08-04 16:35:00+00:00,R,N,1,113,142,Cincinnati Reds,Minnesota Twins
2021,2021-08-04,633027,2021-08-04 17:10:00+00:00,R,N,1,139,136,Tampa Bay Rays,Seattle Mariners
2021,2021-08-04,633068,2021-08-04 18:10:00+00:00,R,N,1,158,134,Milwaukee Brewers,Pittsburgh Pirates
2021,2021-08-04,633010,2021-08-04 19:37:00+00:00,R,N,1,133,135,Oakland Athletics,San Diego Padres
2021,2021-08-04,633040,2021-08-04 23:05:00+00:00,R,N,1,120,143,Washington Nationals,Philadelphia Phillies
2021,2021-08-04,633018,2021-08-04 23:05:00+00:00,R,N,1,147,110,New York Yankees,Baltimore Orioles
2021,2021-08-04,633011,2021-08-04 23:07:00+00:00,R,N,1,141,114,Toronto Blue Jays,Cleveland Indians
2021,2021-08-04,633052,2021-08-04 23:10:00+00:00,R,N,1,116,111,Detroit Tigers,Boston Red Sox
2021,2021-08-04,633021,2021-08-04 23:10:00+00:00,R,N,1,146,121,Miami Marlins,New York Mets
2021,2021-08-04,633055,2021-08-05 00:05:00+00:00,R,N,1,140,108,Texas Rangers,Los Angeles Angels
2021,2021-08-04,633053,2021-08-05 00:10:00+00:00,R,N,1,145,118,Chicago White Sox,Kansas City Royals
2021,2021-08-04,633037,2021-08-05 00:15:00+00:00,R,N,1,138,144,St. Louis Cardinals,Atlanta Braves
2021,2021-08-04,633060,2021-08-05 00:40:00+00:00,R,N,1,115,112,Colorado Rockies,Chicago Cubs
2021,2021-08-04,633019,2021-08-05 01:40:00+00:00,R,N,1,119,117,Los Angeles Dodgers,Houston Astros
2021,2021-08-04,633046,2021-08-05 01:40:00+00:00,R,N,1,109,137,Arizona Diamondbacks,San Francisco Giants
2021,2021-08-05,633033,2021-08-05 16:10:00+00:00,R,N,1,146,121,Miami Marlins,New York Mets
2021,2021-08-05,633026,2021-08-05 17:10:00+00:00,R,N,1,116,111,Detroit Tigers,Boston Red Sox
2021,2021-08-05,633004,2021-08-05 18:05:00+00:00,R,N,1,140,108,Texas Rangers,Los Angeles Angels
2021,2021-08-05,633064,2021-08-05 19:10:00+00:00,R,N,1,115,112,Colorado Rockies,Chicago Cubs
2021,2021-08-05,633042,2021-08-05 19:40:00+00:00,R,N,1,109,137,Arizona Diamondbacks,San Francisco Giants
2021,2021-08-05,632992,2021-08-05 20:05:00+00:00,R,N,1,120,143,Washington Nationals,Philadelphia Phillies
2021,2021-08-05,633013,2021-08-05 23:05:00+00:00,R,N,1,147,136,New York Yankees,Seattle Mariners
2021,2021-08-05,633003,2021-08-05 23:07:00+00:00,R,N,1,141,114,Toronto Blue Jays,Cleveland Indians
2021,2021-08-05,633034,2021-08-05 23:10:00+00:00,R,N,1,113,134,Cincinnati Reds,Pittsburgh Pirates
2021,2021-08-05,632998,2021-08-06 00:10:00+00:00,R,N,1,117,142,Houston Astros,Minnesota Twins
2021,2021-08-05,633015,2021-08-06 00:10:00+00:00,R,N,1,145,118,Chicago White Sox,Kansas City Royals
2021,2021-08-05,633043,2021-08-06 00:15:00+00:00,R,N,1,138,144,St. Louis Cardinals,Atlanta Braves
2021,2021-08-06,632980,2021-08-06 18:20:00+00:00,R,N,1,112,145,Chicago Cubs,Chicago White Sox
2021,2021-08-06,633006,2021-08-06 23:05:00+00:00,R,N,1,110,139,Baltimore Orioles,Tampa Bay Rays
2021,2021-08-06,633074,2021-08-06 23:05:00+00:00,R,N,1,143,121,Philadelphia Phillies,New York Mets
2021,2021-08-06,633062,2021-08-06 23:05:00+00:00,R,N,1,147,136,New York Yankees,Seattle Mariners
2021,2021-08-06,632974,2021-08-06 23:07:00+00:00,R,N,1,141,111,Toronto Blue Jays,Boston Red Sox
2021,2021-08-06,632990,2021-08-06 23:10:00+00:00,R,N,1,114,116,Cleveland Indians,Detroit Tigers
2021,2021-08-06,633002,2021-08-06 23:10:00+00:00,R,N,1,113,134,Cincinnati Reds,Pittsburgh Pirates
2021,2021-08-06,633031,2021-08-06 23:20:00+00:00,R,N,1,144,120,Atlanta Braves,Washington Nationals
2021,2021-08-06,633029,2021-08-07 00:10:00+00:00,R,N,1,117,142,Houston Astros,Minnesota Twins
2021,2021-08-06,633020,2021-08-07 00:10:00+00:00,R,N,1,158,137,Milwaukee Brewers,San Francisco Giants
2021,2021-08-06,632982,2021-08-07 00:15:00+00:00,R,N,1,138,118,St. Louis Cardinals,Kansas City Royals
2021,2021-08-06,633035,2021-08-07 00:40:00+00:00,R,N,1,115,146,Colorado Rockies,Miami Marlins
2021,2021-08-06,633017,2021-08-07 01:40:00+00:00,R,N,1,133,140,Oakland Athletics,Texas Rangers
2021,2021-08-06,633028,2021-08-07 02:10:00+00:00,R,N,1,119,108,Los Angeles Dodgers,Los Angeles Angels
2021,2021-08-06,633008,2021-08-07 02:10:00+00:00,R,N,1,135,109,San Diego Padres,Arizona Diamondbacks
2021,2021-08-07,632950,2021-08-07 17:05:00+00:00,R,N,1,147,136,New York Yankees,Seattle Mariners
2021,2021-08-07,633012,2021-08-07 18:20:00+00:00,R,N,1,112,145,Chicago Cubs,Chicago White Sox
2021,2021-08-07,632963,2021-08-07 19:07:00+00:00,R,S,1,141,111,Toronto Blue Jays,Boston Red Sox
2021,2021-08-07,633246,2021-08-07 23:07:00+00:00,R,S,2,141,111,Toronto Blue Jays,Boston Red Sox
2021,2021-08-07,632962,2021-08-07 20:07:00+00:00,R,N,1,133,140,Oakland Athletics,Texas Rangers
2021,2021-08-07,632981,2021-08-07 20:15:00+00:00,R,N,1,143,121,Philadelphia Phillies,New York Mets
2021,2021-08-07,633014,2021-08-07 23:05:00+00:00,R,N,1,110,139,Baltimore Orioles,Tampa Bay Rays
2021,2021-08-07,632993,2021-08-07 23:10:00+00:00,R,N,1,114,116,Cleveland Indians,Detroit Tigers
2021,2021-08-07,632999,2021-08-07 23:10:00+00:00,R,N,1,113,134,Cincinnati Reds,Pittsburgh Pirates
2021,2021-08-07,632995,2021-08-07 23:10:00+00:00,R,N,1,117,142,Houston Astros,Minnesota Twins
2021,2021-08-07,632983,2021-08-07 23:10:00+00:00,R,N,1,158,137,Milwaukee Brewers,San Francisco Giants
2021,2021-08-07,632968,2021-08-07 23:15:00+00:00,R,N,1,138,118,St. Louis Cardinals,Kansas City Royals
2021,2021-08-07,632994,2021-08-07 23:20:00+00:00,R,N,1,144,120,Atlanta Braves,Washington Nationals
2021,2021-08-07,633001,2021-08-08 00:10:00+00:00,R,N,1,115,146,Colorado Rockies,Miami Marlins
2021,2021-08-07,632988,2021-08-08 00:40:00+00:00,R,N,1,135,109,San Diego Padres,Arizona Diamondbacks
2021,2021-08-07,632986,2021-08-08 01:10:00+00:00,R,N,1,119,108,Los Angeles Dodgers,Los Angeles Angels
2021,2021-08-08,632971,2021-08-08 17:05:00+00:00,R,N,1,110,139,Baltimore Orioles,Tampa Bay Rays
2021,2021-08-08,632967,2021-08-08 17:05:00+00:00,R,N,1,143,121,Philadelphia Phillies,New York Mets
2021,2021-08-08,632953,2021-08-08 17:05:00+00:00,R,N,1,147,136,New York Yankees,Seattle Mariners
2021,2021-08-08,633007,2021-08-08 17:07:00+00:00,R,N,1,141,111,Toronto Blue Jays,Boston Red Sox
2021,2021-08-08,632991,2021-08-08 17:10:00+00:00,R,N,1,114,116,Cleveland Indians,Detroit Tigers
2021,2021-08-08,633009,2021-08-08 17:10:00+00:00,R,N,1,113,134,Cincinnati Reds,Pittsburgh Pirates
2021,2021-08-08,632975,2021-08-08 17:20:00+00:00,R,N,1,144,120,Atlanta Braves,Washington Nationals
2021,2021-08-08,632957,2021-08-08 18:10:00+00:00,R,N,1,117,142,Houston Astros,Minnesota Twins
2021,2021-08-08,632945,2021-08-08 18:10:00+00:00,R,N,1,158,137,Milwaukee Brewers,San Francisco Giants
2021,2021-08-08,632985,2021-08-08 18:15:00+00:00,R,N,1,138,118,St. Louis Cardinals,Kansas City Royals
2021,2021-08-08,632977,2021-08-08 19:10:00+00:00,R,N,1,115,146,Colorado Rockies,Miami Marlins
2021,2021-08-08,633039,2021-08-08 20:07:00+00:00,R,N,1,133,140,Oakland Athletics,Texas Rangers
2021,2021-08-08,632956,2021-08-08 20:10:00+00:00,R,N,1,119,108,Los Angeles Dodgers,Los Angeles Angels
2021,2021-08-08,633051,2021-08-08 20:10:00+00:00,R,N,1,135,109,San Diego Padres,Arizona Diamondbacks
2021,2021-08-08,632970,2021-08-08 23:09:00+00:00,R,N,1,112,145,Chicago Cubs,Chicago White Sox
2021,2021-08-09,634173,2021-08-09 22:10:00+00:00,R,N,1,114,113,Cleveland Indians,Cincinnati Reds
2021,2021-08-09,632964,2021-08-10 00:10:00+00:00,R,N,1,142,145,Minnesota Twins,Chicago White Sox
2021,2021-08-09,632979,2021-08-10 00:10:00+00:00,R,N,1,118,147,Kansas City Royals,New York Yankees
2021,2021-08-09,632942,2021-08-10 02:10:00+00:00,R,N,1,135,146,San Diego Padres,Miami Marlins
2021,2021-08-10,632997,2021-08-10 00:05:00+00:00,R,N,1,112,158,Chicago Cubs,Milwaukee Brewers
2021,2021-08-10,632997,2021-08-10 18:20:00+00:00,R,S,1,112,158,Chicago Cubs,Milwaukee Brewers
2021,2021-08-10,633000,2021-08-11 00:05:00+00:00,R,S,2,112,158,Chicago Cubs,Milwaukee Brewers
2021,2021-08-10,632208,2021-08-10 22:07:00+00:00,R,S,1,141,108,Toronto Blue Jays,Los Angeles Angels
2021,2021-08-10,632940,2021-08-11 02:07:00+00:00,R,S,2,108,141,Los Angeles Angels,Toronto Blue Jays
2021,2021-08-10,632960,2021-08-10 23:05:00+00:00,R,N,1,110,116,Baltimore Orioles,Detroit Tigers
2021,2021-08-10,632948,2021-08-10 23:05:00+00:00,R,N,1,134,138,Pittsburgh Pirates,St. Louis Cardinals
2021,2021-08-10,632984,2021-08-10 23:05:00+00:00,R,N,1,143,119,Philadelphia Phillies,Los Angeles Dodgers
2021,2021-08-10,632966,2021-08-10 23:10:00+00:00,R,N,1,121,120,New York Mets,Washington Nationals
2021,2021-08-10,632978,2021-08-10 23:10:00+00:00,R,N,1,114,133,Cleveland Indians,Oakland Athletics
2021,2021-08-10,632996,2021-08-10 23:10:00+00:00,R,N,1,111,139,Boston Red Sox,Tampa Bay Rays
2021,2021-08-10,632989,2021-08-10 23:20:00+00:00,R,N,1,144,113,Atlanta Braves,Cincinnati Reds
2021,2021-08-10,632973,2021-08-11 00:10:00+00:00,R,N,1,117,115,Houston Astros,Colorado Rockies
2021,2021-08-10,632934,2021-08-11 00:10:00+00:00,R,N,1,142,145,Minnesota Twins,Chicago White Sox
2021,2021-08-10,632987,2021-08-11 00:10:00+00:00,R,N,1,118,147,Kansas City Royals,New York Yankees
2021,2021-08-10,632933,2021-08-11 01:45:00+00:00,R,N,1,137,109,San Francisco Giants,Arizona Diamondbacks
2021,2021-08-10,632955,2021-08-11 02:10:00+00:00,R,N,1,136,140,Seattle Mariners,Texas Rangers
2021,2021-08-10,632976,2021-08-11 02:10:00+00:00,R,N,1,135,146,San Diego Padres,Miami Marlins
2021,2021-08-11,632927,2021-08-11 17:10:00+00:00,R,N,1,142,145,Minnesota Twins,Chicago White Sox
2021,2021-08-11,632904,2021-08-11 18:10:00+00:00,R,N,1,117,115,Houston Astros,Colorado Rockies
2021,2021-08-11,632935,2021-08-11 18:10:00+00:00,R,N,1,118,147,Kansas City Royals,New York Yankees
2021,2021-08-10,632966,2021-08-11 20:10:00+00:00,R,N,1,121,120,New York Mets,Washington Nationals
2021,2021-08-11,632959,2021-08-11 20:10:00+00:00,R,N,1,135,146,San Diego Padres,Miami Marlins
2021,2021-08-11,632922,2021-08-11 23:05:00+00:00,R,N,1,110,116,Baltimore Orioles,Detroit Tigers
2021,2021-08-11,632928,2021-08-11 23:05:00+00:00,R,N,1,134,138,Pittsburgh Pirates,St. Louis Cardinals
2021,2021-08-11,632915,2021-08-11 23:05:00+00:00,R,N,1,143,119,Philadelphia Phillies,Los Angeles Dodgers
2021,2021-08-11,632937,2021-08-11 23:10:00+00:00,R,N,1,114,133,Cleveland Indians,Oakland Athletics
2021,2021-08-11,632931,2021-08-11 23:10:00+00:00,R,N,1,111,139,Boston Red Sox,Tampa Bay Rays
2021,2021-08-11,632923,2021-08-11 23:20:00+00:00,R,N,1,144,113,Atlanta Braves,Cincinnati Reds
2021,2021-08-11,632946,2021-08-12 00:05:00+00:00,R,N,1,112,158,Chicago Cubs,Milwaukee Brewers
2021,2021-08-11,632965,2021-08-12 01:38:00+00:00,R,N,1,108,141,Los Angeles Angels,Toronto Blue Jays
2021,2021-08-11,632951,2021-08-12 01:45:00+00:00,R,N,1,137,109,San Francisco Giants,Arizona Diamondbacks
2021,2021-08-11,632952,2021-08-12 02:10:00+00:00,R,N,1,136,140,Seattle Mariners,Texas Rangers
2021,2021-08-12,632912,2021-08-11 23:10:00+00:00,R,N,1,121,120,New York Mets,Washington Nationals
2021,2021-08-12,632949,2021-08-12 16:10:00+00:00,R,Y,1,121,120,New York Mets,Washington Nationals
2021,2021-08-12,632912,2021-08-12 16:15:00+00:00,R,Y,2,121,120,New York Mets,Washington Nationals
2021,2021-08-12,632944,2021-08-12 16:35:00+00:00,R,N,1,134,138,Pittsburgh Pirates,St. Louis Cardinals
2021,2021-08-12,632969,2021-08-12 17:05:00+00:00,R,N,1,143,119,Philadelphia Phillies,Los Angeles Dodgers
2021,2021-08-12,632900,2021-08-12 17:10:00+00:00,R,N,1,114,133,Cleveland Indians,Oakland Athletics
2021,2021-08-12,633016,2021-08-12 18:20:00+00:00,R,N,1,112,158,Chicago Cubs,Milwaukee Brewers
2021,2021-08-12,632938,2021-08-12 20:05:00+00:00,R,N,1,110,116,Baltimore Orioles,Detroit Tigers
2021,2021-08-12,632903,2021-08-12 20:10:00+00:00,R,N,1,111,139,Boston Red Sox,Tampa Bay Rays
2021,2021-08-12,632947,2021-08-12 20:10:00+00:00,R,N,1,136,140,Seattle Mariners,Texas Rangers
2021,2021-08-12,632929,2021-08-12 21:10:00+00:00,R,N,1,144,113,Atlanta Braves,Cincinnati Reds
2021,2021-08-12,632924,2021-08-12 23:00:00+00:00,R,N,1,145,147,Chicago White Sox,New York Yankees
2021,2021-08-12,632918,2021-08-13 01:38:00+00:00,R,N,1,108,141,Los Angeles Angels,Toronto Blue Jays
2021,2021-08-12,632914,2021-08-13 01:40:00+00:00,R,N,1,109,135,Arizona Diamondbacks,San Diego Padres
2021,2021-08-12,632939,2021-08-13 01:45:00+00:00,R,N,1,137,115,San Francisco Giants,Colorado Rockies
2021,2021-08-13,632901,2021-08-13 23:05:00+00:00,R,N,1,143,113,Philadelphia Phillies,Cincinnati Reds
2021,2021-08-13,632921,2021-08-13 23:05:00+00:00,R,N,1,120,144,Washington Nationals,Atlanta Braves
2021,2021-08-13,632902,2021-08-13 23:10:00+00:00,R,N,1,111,110,Boston Red Sox,Baltimore Orioles
2021,2021-08-13,632920,2021-08-13 23:10:00+00:00,R,N,1,116,114,Detroit Tigers,Cleveland Indians
2021,2021-08-13,632911,2021-08-13 23:10:00+00:00,R,N,1,121,119,New York Mets,Los Angeles Dodgers
2021,2021-08-13,632930,2021-08-13 23:10:00+00:00,R,N,1,146,112,Miami Marlins,Chicago Cubs
2021,2021-08-13,632936,2021-08-14 00:05:00+00:00,R,N,1,140,133,Texas Rangers,Oakland Athletics
2021,2021-08-13,632943,2021-08-14 00:10:00+00:00,R,N,1,118,138,Kansas City Royals,St. Louis Cardinals
2021,2021-08-13,632926,2021-08-14 00:10:00+00:00,R,N,1,142,139,Minnesota Twins,Tampa Bay Rays
2021,2021-08-13,632972,2021-08-14 01:38:00+00:00,R,N,1,108,117,Los Angeles Angels,Houston Astros
2021,2021-08-13,632932,2021-08-14 01:40:00+00:00,R,N,1,109,135,Arizona Diamondbacks,San Diego Padres
2021,2021-08-13,632906,2021-08-14 01:45:00+00:00,R,N,1,137,115,San Francisco Giants,Colorado Rockies
2021,2021-08-13,632954,2021-08-14 02:10:00+00:00,R,N,1,136,141,Seattle Mariners,Toronto Blue Jays
2021,2021-08-14,632820,2021-08-13 23:05:00+00:00,R,N,1,134,158,Pittsburgh Pirates,Milwaukee Brewers
2021,2021-08-14,632820,2021-08-14 18:30:00+00:00,R,S,1,134,158,Pittsburgh Pirates,Milwaukee Brewers
2021,2021-08-14,632897,2021-08-14 23:05:00+00:00,R,S,2,134,158,Pittsburgh Pirates,Milwaukee Brewers
2021,2021-08-14,632916,2021-08-14 20:05:00+00:00,R,N,1,143,113,Philadelphia Phillies,Cincinnati Reds
2021,2021-08-14,632905,2021-08-14 20:10:00+00:00,R,N,1,111,110,Boston Red Sox,Baltimore Orioles
2021,2021-08-14,632885,2021-08-14 22:05:00+00:00,R,N,1,120,144,Washington Nationals,Atlanta Braves
2021,2021-08-14,632819,2021-08-14 22:10:00+00:00,R,N,1,116,114,Detroit Tigers,Cleveland Indians
2021,2021-08-14,632941,2021-08-14 22:10:00+00:00,R,N,1,146,112,Miami Marlins,Chicago Cubs
2021,2021-08-14,632894,2021-08-14 23:05:00+00:00,R,N,1,140,133,Texas Rangers,Oakland Athletics
2021,2021-08-14,632958,2021-08-14 23:10:00+00:00,R,N,1,121,119,New York Mets,Los Angeles Dodgers
2021,2021-08-14,632818,2021-08-14 23:10:00+00:00,R,N,1,118,138,Kansas City Royals,St. Louis Cardinals
2021,2021-08-14,632913,2021-08-14 23:10:00+00:00,R,N,1,142,139,Minnesota Twins,Tampa Bay Rays
2021,2021-08-14,632898,2021-08-14 23:10:00+00:00,R,N,1,145,147,Chicago White Sox,New York Yankees
2021,2021-08-14,632877,2021-08-15 00:10:00+00:00,R,N,1,109,135,Arizona Diamondbacks,San Diego Padres
2021,2021-08-14,632889,2021-08-15 01:05:00+00:00,R,N,1,137,115,San Francisco Giants,Colorado Rockies
2021,2021-08-14,632925,2021-08-15 01:07:00+00:00,R,N,1,108,117,Los Angeles Angels,Houston Astros
2021,2021-08-14,632907,2021-08-15 02:10:00+00:00,R,N,1,136,141,Seattle Mariners,Toronto Blue Jays
2021,2021-08-15,632891,2021-08-15 17:05:00+00:00,R,N,1,143,113,Philadelphia Phillies,Cincinnati Reds
2021,2021-08-15,632867,2021-08-15 17:05:00+00:00,R,N,1,120,144,Washington Nationals,Atlanta Braves
2021,2021-08-15,632876,2021-08-15 17:05:00+00:00,R,N,1,134,158,Pittsburgh Pirates,Milwaukee Brewers
2021,2021-08-15,632961,2021-08-15 17:10:00+00:00,R,N,1,111,110,Boston Red Sox,Baltimore Orioles
2021,2021-08-15,632910,2021-08-15 17:10:00+00:00,R,N,1,116,114,Detroit Tigers,Cleveland Indians
2021,2021-08-15,632874,2021-08-15 17:10:00+00:00,R,N,1,146,112,Miami Marlins,Chicago Cubs
2021,2021-08-15,632860,2021-08-15 18:10:00+00:00,R,N,1,118,138,Kansas City Royals,St. Louis Cardinals
2021,2021-08-15,632866,2021-08-15 18:10:00+00:00,R,N,1,142,139,Minnesota Twins,Tampa Bay Rays
2021,2021-08-15,632899,2021-08-15 18:10:00+00:00,R,N,1,145,147,Chicago White Sox,New York Yankees
2021,2021-08-15,632847,2021-08-15 18:35:00+00:00,R,N,1,140,133,Texas Rangers,Oakland Athletics
2021,2021-08-15,632863,2021-08-15 20:05:00+00:00,R,N,1,137,115,San Francisco Giants,Colorado Rockies
2021,2021-08-15,632881,2021-08-15 20:07:00+00:00,R,N,1,108,117,Los Angeles Angels,Houston Astros
2021,2021-08-15,632917,2021-08-15 20:10:00+00:00,R,N,1,109,135,Arizona Diamondbacks,San Diego Padres
2021,2021-08-15,632857,2021-08-15 20:10:00+00:00,R,N,1,136,141,Seattle Mariners,Toronto Blue Jays
2021,2021-08-15,632895,2021-08-15 23:08:00+00:00,R,N,1,121,119,New York Mets,Los Angeles Dodgers
2021,2021-08-16,633421,2021-08-16 23:05:00+00:00,R,N,1,147,108,New York Yankees,Los Angeles Angels
2021,2021-08-16,632878,2021-08-16 23:10:00+00:00,R,N,1,113,112,Cincinnati Reds,Chicago Cubs
2021,2021-08-16,632890,2021-08-16 23:10:00+00:00,R,N,1,139,110,Tampa Bay Rays,Baltimore Orioles
2021,2021-08-16,632858,2021-08-16 23:10:00+00:00,R,N,1,146,144,Miami Marlins,Atlanta Braves
2021,2021-08-16,632883,2021-08-17 00:10:00+00:00,R,N,1,118,117,Kansas City Royals,Houston Astros
2021,2021-08-16,632873,2021-08-17 00:10:00+00:00,R,N,1,142,114,Minnesota Twins,Cleveland Indians
2021,2021-08-16,632892,2021-08-17 00:10:00+00:00,R,N,1,145,133,Chicago White Sox,Oakland Athletics
2021,2021-08-16,632813,2021-08-17 00:40:00+00:00,R,N,1,115,135,Colorado Rockies,San Diego Padres
2021,2021-08-16,632886,2021-08-17 01:45:00+00:00,R,N,1,137,121,San Francisco Giants,New York Mets
2021,2021-08-16,632882,2021-08-17 02:10:00+00:00,R,N,1,119,134,Los Angeles Dodgers,Pittsburgh Pirates
2021,2021-08-17,633291,2021-08-17 17:05:00+00:00,R,S,1,147,111,New York Yankees,Boston Red Sox
2021,2021-08-17,632893,2021-08-17 23:05:00+00:00,R,S,2,147,111,New York Yankees,Boston Red Sox
2021,2021-08-17,632825,2021-08-17 23:05:00+00:00,R,N,1,120,141,Washington Nationals,Toronto Blue Jays
2021,2021-08-17,632871,2021-08-17 23:10:00+00:00,R,N,1,113,112,Cincinnati Reds,Chicago Cubs
2021,2021-08-17,632868,2021-08-17 23:10:00+00:00,R,N,1,116,108,Detroit Tigers,Los Angeles Angels
2021,2021-08-17,632864,2021-08-17 23:10:00+00:00,R,N,1,139,110,Tampa Bay Rays,Baltimore Orioles
2021,2021-08-17,632872,2021-08-17 23:10:00+00:00,R,N,1,146,144,Miami Marlins,Atlanta Braves
2021,2021-08-17,632884,2021-08-17 23:45:00+00:00,R,N,1,138,158,St. Louis Cardinals,Milwaukee Brewers
2021,2021-08-17,632853,2021-08-18 00:05:00+00:00,R,N,1,140,136,Texas Rangers,Seattle Mariners
2021,2021-08-17,632875,2021-08-18 00:10:00+00:00,R,N,1,118,117,Kansas City Royals,Houston Astros
2021,2021-08-17,632880,2021-08-18 00:10:00+00:00,R,N,1,142,114,Minnesota Twins,Cleveland Indians
2021,2021-08-17,632908,2021-08-18 00:10:00+00:00,R,N,1,145,133,Chicago White Sox,Oakland Athletics
2021,2021-08-17,632851,2021-08-18 00:40:00+00:00,R,N,1,115,135,Colorado Rockies,San Diego Padres
2021,2021-08-17,632869,2021-08-18 01:40:00+00:00,R,N,1,109,143,Arizona Diamondbacks,Philadelphia Phillies
2021,2021-08-17,632919,2021-08-18 01:45:00+00:00,R,N,1,137,121,San Francisco Giants,New York Mets
2021,2021-08-17,632909,2021-08-18 02:10:00+00:00,R,N,1,119,134,Los Angeles Dodgers,Pittsburgh Pirates
2021,2021-08-18,632839,2021-08-18 16:35:00+00:00,R,N,1,113,112,Cincinnati Reds,Chicago Cubs
2021,2021-08-18,632831,2021-08-18 17:10:00+00:00,R,N,1,142,114,Minnesota Twins,Cleveland Indians
2021,2021-08-18,632862,2021-08-18 19:10:00+00:00,R,N,1,115,135,Colorado Rockies,San Diego Padres
2021,2021-08-18,632850,2021-08-18 19:45:00+00:00,R,N,1,137,121,San Francisco Giants,New York Mets
2021,2021-08-18,632856,2021-08-18 20:05:00+00:00,R,N,1,120,141,Washington Nationals,Toronto Blue Jays
2021,2021-08-18,632852,2021-08-18 23:05:00+00:00,R,N,1,147,111,New York Yankees,Boston Red Sox
2021,2021-08-18,632861,2021-08-18 23:10:00+00:00,R,N,1,116,108,Detroit Tigers,Los Angeles Angels
2021,2021-08-18,632849,2021-08-18 23:10:00+00:00,R,N,1,139,110,Tampa Bay Rays,Baltimore Orioles
2021,2021-08-18,632865,2021-08-18 23:10:00+00:00,R,N,1,146,144,Miami Marlins,Atlanta Braves
2021,2021-08-18,632844,2021-08-18 23:45:00+00:00,R,N,1,138,158,St. Louis Cardinals,Milwaukee Brewers
2021,2021-08-18,632855,2021-08-19 00:05:00+00:00,R,N,1,140,136,Texas Rangers,Seattle Mariners
2021,2021-08-18,632859,2021-08-19 00:10:00+00:00,R,N,1,118,117,Kansas City Royals,Houston Astros
2021,2021-08-18,632854,2021-08-19 00:10:00+00:00,R,N,1,145,133,Chicago White Sox,Oakland Athletics
2021,2021-08-18,632848,2021-08-19 01:40:00+00:00,R,N,1,109,143,Arizona Diamondbacks,Philadelphia Phillies
2021,2021-08-18,632887,2021-08-19 02:10:00+00:00,R,N,1,119,134,Los Angeles Dodgers,Pittsburgh Pirates
2021,2021-08-19,632846,2021-08-19 17:10:00+00:00,R,N,1,116,108,Detroit Tigers,Los Angeles Angels
2021,2021-08-19,632833,2021-08-19 17:10:00+00:00,R,N,1,139,110,Tampa Bay Rays,Baltimore Orioles
2021,2021-08-19,632838,2021-08-19 18:05:00+00:00,R,N,1,140,136,Texas Rangers,Seattle Mariners
2021,2021-08-19,632843,2021-08-19 18:10:00+00:00,R,N,1,118,117,Kansas City Royals,Houston Astros
2021,2021-08-19,632823,2021-08-19 18:10:00+00:00,R,N,1,145,133,Chicago White Sox,Oakland Athletics
2021,2021-08-19,632841,2021-08-19 19:40:00+00:00,R,N,1,109,143,Arizona Diamondbacks,Philadelphia Phillies
2021,2021-08-19,632840,2021-08-19 23:05:00+00:00,R,N,1,147,142,New York Yankees,Minnesota Twins
2021,2021-08-19,632816,2021-08-19 23:10:00+00:00,R,N,1,113,146,Cincinnati Reds,Miami Marlins
2021,2021-08-19,632845,2021-08-19 23:45:00+00:00,R,N,1,138,158,St. Louis Cardinals,Milwaukee Brewers
2021,2021-08-19,632835,2021-08-20 02:10:00+00:00,R,N,1,119,121,Los Angeles Dodgers,New York Mets
2021,2021-08-20,632826,2021-08-20 18:20:00+00:00,R,N,1,112,118,Chicago Cubs,Kansas City Royals
2021,2021-08-20,632814,2021-08-20 23:05:00+00:00,R,N,1,110,144,Baltimore Orioles,Atlanta Braves
2021,2021-08-20,632799,2021-08-20 23:05:00+00:00,R,N,1,147,142,New York Yankees,Minnesota Twins
2021,2021-08-20,632888,2021-08-20 23:07:00+00:00,R,N,1,141,116,Toronto Blue Jays,Detroit Tigers
2021,2021-08-20,632837,2021-08-20 23:10:00+00:00,R,N,1,114,108,Cleveland Indians,Los Angeles Angels
2021,2021-08-20,632827,2021-08-20 23:10:00+00:00,R,N,1,111,140,Boston Red Sox,Texas Rangers
2021,2021-08-20,632836,2021-08-20 23:10:00+00:00,R,N,1,139,145,Tampa Bay Rays,Chicago White Sox
2021,2021-08-20,632832,2021-08-20 23:10:00+00:00,R,N,1,113,146,Cincinnati Reds,Miami Marlins
2021,2021-08-20,632774,2021-08-21 00:10:00+00:00,R,N,1,117,136,Houston Astros,Seattle Mariners
2021,2021-08-20,632896,2021-08-21 00:10:00+00:00,R,N,1,158,120,Milwaukee Brewers,Washington Nationals
2021,2021-08-20,632815,2021-08-21 00:15:00+00:00,R,N,1,138,134,St. Louis Cardinals,Pittsburgh Pirates
2021,2021-08-20,632828,2021-08-21 00:40:00+00:00,R,N,1,115,109,Colorado Rockies,Arizona Diamondbacks
2021,2021-08-20,632809,2021-08-21 01:40:00+00:00,R,N,1,133,137,Oakland Athletics,San Francisco Giants
2021,2021-08-20,632811,2021-08-21 02:10:00+00:00,R,N,1,119,121,Los Angeles Dodgers,New York Mets
2021,2021-08-20,632817,2021-08-21 02:10:00+00:00,R,N,1,135,143,San Diego Padres,Philadelphia Phillies
2021,2021-08-21,632821,2021-08-21 17:05:00+00:00,R,N,1,147,142,New York Yankees,Minnesota Twins
2021,2021-08-21,632804,2021-08-21 17:10:00+00:00,R,N,1,139,145,Tampa Bay Rays,Chicago White Sox
2021,2021-08-21,632824,2021-08-21 18:20:00+00:00,R,N,1,112,118,Chicago Cubs,Kansas City Royals
2021,2021-08-21,632775,2021-08-21 19:07:00+00:00,R,N,1,141,116,Toronto Blue Jays,Detroit Tigers
2021,2021-08-21,632795,2021-08-21 20:05:00+00:00,R,N,1,119,121,Los Angeles Dodgers,New York Mets
2021,2021-08-21,632829,2021-08-21 20:05:00+00:00,R,N,1,158,120,Milwaukee Brewers,Washington Nationals
2021,2021-08-21,632842,2021-08-21 20:07:00+00:00,R,N,1,133,137,Oakland Athletics,San Francisco Giants
2021,2021-08-21,632780,2021-08-21 20:10:00+00:00,R,N,1,114,108,Cleveland Indians,Los Angeles Angels
2021,2021-08-21,632834,2021-08-21 20:10:00+00:00,R,N,1,117,136,Houston Astros,Seattle Mariners
2021,2021-08-21,632797,2021-08-21 22:40:00+00:00,R,N,1,113,146,Cincinnati Reds,Miami Marlins
2021,2021-08-21,632879,2021-08-21 23:05:00+00:00,R,N,1,110,144,Baltimore Orioles,Atlanta Braves
2021,2021-08-21,632870,2021-08-21 23:10:00+00:00,R,N,1,111,140,Boston Red Sox,Texas Rangers
2021,2021-08-21,632810,2021-08-21 23:15:00+00:00,R,N,1,138,134,St. Louis Cardinals,Pittsburgh Pirates
2021,2021-08-21,632790,2021-08-22 00:10:00+00:00,R,N,1,115,109,Colorado Rockies,Arizona Diamondbacks
2021,2021-08-21,632806,2021-08-22 00:40:00+00:00,R,N,1,135,143,San Diego Padres,Philadelphia Phillies
2021,2021-08-22,632772,2021-08-22 17:05:00+00:00,R,N,1,110,144,Baltimore Orioles,Atlanta Braves
2021,2021-08-22,632784,2021-08-22 17:07:00+00:00,R,N,1,141,116,Toronto Blue Jays,Detroit Tigers
2021,2021-08-22,632785,2021-08-22 17:10:00+00:00,R,N,1,139,145,Tampa Bay Rays,Chicago White Sox
2021,2021-08-22,632801,2021-08-22 17:10:00+00:00,R,N,1,113,146,Cincinnati Reds,Miami Marlins
2021,2021-08-22,632793,2021-08-22 18:10:00+00:00,R,N,1,117,136,Houston Astros,Seattle Mariners
2021,2021-08-22,632786,2021-08-22 18:10:00+00:00,R,N,1,158,120,Milwaukee Brewers,Washington Nationals
2021,2021-08-22,632794,2021-08-22 18:15:00+00:00,R,N,1,138,134,St. Louis Cardinals,Pittsburgh Pirates
2021,2021-08-22,632771,2021-08-22 18:20:00+00:00,R,N,1,112,118,Chicago Cubs,Kansas City Royals
2021,2021-08-22,632803,2021-08-22 19:10:00+00:00,R,N,1,115,109,Colorado Rockies,Arizona Diamondbacks
2021,2021-08-22,632830,2021-08-22 19:40:00+00:00,R,N,1,135,143,San Diego Padres,Philadelphia Phillies
2021,2021-08-22,632791,2021-08-22 20:07:00+00:00,R,N,1,133,137,Oakland Athletics,San Francisco Giants
2021,2021-08-22,632796,2021-08-22 20:10:00+00:00,R,N,1,119,121,Los Angeles Dodgers,New York Mets
2021,2021-08-22,632812,2021-08-22 23:10:00+00:00,R,N,1,114,108,Cleveland Indians,Los Angeles Angels
2021,2021-09-13,632730,2021-08-22 17:05:00+00:00,R,N,1,147,142,New York Yankees,Minnesota Twins
2021,2021-08-23,632773,2021-08-22 17:10:00+00:00,R,N,1,111,140,Boston Red Sox,Texas Rangers
2021,2021-08-23,632773,2021-08-23 17:10:00+00:00,R,N,1,111,140,Boston Red Sox,Texas Rangers
2021,2021-08-23,632798,2021-08-23 23:05:00+00:00,R,N,1,134,109,Pittsburgh Pirates,Arizona Diamondbacks
2021,2021-08-23,632787,2021-08-23 23:07:00+00:00,R,N,1,141,145,Toronto Blue Jays,Chicago White Sox
2021,2021-08-23,632805,2021-08-23 23:20:00+00:00,R,N,1,144,147,Atlanta Braves,New York Yankees
2021,2021-08-23,632792,2021-08-24 00:05:00+00:00,R,N,1,112,115,Chicago Cubs,Colorado Rockies
2021,2021-08-23,632770,2021-08-24 00:10:00+00:00,R,N,1,117,118,Houston Astros,Kansas City Royals
2021,2021-08-23,632758,2021-08-24 01:40:00+00:00,R,N,1,133,136,Oakland Athletics,Seattle Mariners
2021,2021-08-24,632769,2021-08-24 19:37:00+00:00,R,N,1,133,136,Oakland Athletics,Seattle Mariners
2021,2021-08-24,632807,2021-08-24 23:05:00+00:00,R,N,1,110,108,Baltimore Orioles,Los Angeles Angels
2021,2021-08-24,632744,2021-08-24 23:05:00+00:00,R,N,1,134,109,Pittsburgh Pirates,Arizona Diamondbacks
2021,2021-08-24,632777,2021-08-24 23:05:00+00:00,R,N,1,143,139,Philadelphia Phillies,Tampa Bay Rays
2021,2021-08-24,632779,2021-08-24 23:07:00+00:00,R,N,1,141,145,Toronto Blue Jays,Chicago White Sox
2021,2021-08-24,632802,2021-08-24 23:10:00+00:00,R,N,1,121,137,New York Mets,San Francisco Giants
2021,2021-08-24,632783,2021-08-24 23:10:00+00:00,R,N,1,114,140,Cleveland Indians,Texas Rangers
2021,2021-08-24,632755,2021-08-24 23:10:00+00:00,R,N,1,111,142,Boston Red Sox,Minnesota Twins
2021,2021-08-24,632789,2021-08-24 23:10:00+00:00,R,N,1,146,120,Miami Marlins,Washington Nationals
2021,2021-08-24,632763,2021-08-24 23:20:00+00:00,R,N,1,144,147,Atlanta Braves,New York Yankees
2021,2021-08-24,632781,2021-08-24 23:45:00+00:00,R,N,1,138,116,St. Louis Cardinals,Detroit Tigers
2021,2021-08-24,632776,2021-08-25 00:10:00+00:00,R,N,1,117,118,Houston Astros,Kansas City Royals
2021,2021-08-24,632728,2021-08-25 00:10:00+00:00,R,N,1,158,113,Milwaukee Brewers,Cincinnati Reds
2021,2021-08-24,632748,2021-08-25 02:10:00+00:00,R,N,1,135,119,San Diego Padres,Los Angeles Dodgers
2021,2021-08-25,632822,2021-08-25 00:05:00+00:00,R,N,1,112,115,Chicago Cubs,Colorado Rockies
2021,2021-08-25,632751,2021-08-25 17:15:00+00:00,R,N,1,138,116,St. Louis Cardinals,Detroit Tigers
2021,2021-08-25,632768,2021-08-25 18:10:00+00:00,R,N,1,117,118,Houston Astros,Kansas City Royals
2021,2021-08-25,632738,2021-08-25 18:20:00+00:00,R,S,1,112,115,Chicago Cubs,Colorado Rockies
2021,2021-08-25,632822,2021-08-25 22:30:00+00:00,R,S,2,112,115,Chicago Cubs,Colorado Rockies
2021,2021-08-25,632756,2021-08-25 23:05:00+00:00,R,N,1,110,108,Baltimore Orioles,Los Angeles Angels
2021,2021-08-25,632778,2021-08-25 23:05:00+00:00,R,N,1,134,109,Pittsburgh Pirates,Arizona Diamondbacks
2021,2021-08-25,632727,2021-08-25 23:05:00+00:00,R,N,1,143,139,Philadelphia Phillies,Tampa Bay Rays
2021,2021-08-25,632752,2021-08-25 23:07:00+00:00,R,N,1,141,145,Toronto Blue Jays,Chicago White Sox
2021,2021-08-25,632747,2021-08-25 23:10:00+00:00,R,N,1,121,137,New York Mets,San Francisco Giants
2021,2021-08-25,632766,2021-08-25 23:10:00+00:00,R,N,1,114,140,Cleveland Indians,Texas Rangers
2021,2021-08-25,632767,2021-08-25 23:10:00+00:00,R,N,1,111,142,Boston Red Sox,Minnesota Twins
2021,2021-08-25,632760,2021-08-25 23:10:00+00:00,R,N,1,146,120,Miami Marlins,Washington Nationals
2021,2021-08-25,632761,2021-08-26 00:10:00+00:00,R,N,1,158,113,Milwaukee Brewers,Cincinnati Reds
2021,2021-08-25,632764,2021-08-26 02:10:00+00:00,R,N,1,135,119,San Diego Padres,Los Angeles Dodgers
2021,2021-08-26,632743,2021-08-26 17:05:00+00:00,R,N,1,110,108,Baltimore Orioles,Los Angeles Angels
2021,2021-08-26,632726,2021-08-26 18:10:00+00:00,R,N,1,158,113,Milwaukee Brewers,Cincinnati Reds
2021,2021-08-26,632724,2021-08-26 19:07:00+00:00,R,N,1,141,145,Toronto Blue Jays,Chicago White Sox
2021,2021-08-26,632729,2021-08-26 23:05:00+00:00,R,N,1,134,138,Pittsburgh Pirates,St. Louis Cardinals
2021,2021-08-26,632746,2021-08-26 23:05:00+00:00,R,N,1,143,109,Philadelphia Phillies,Arizona Diamondbacks
2021,2021-08-26,632745,2021-08-26 23:10:00+00:00,R,N,1,121,137,New York Mets,San Francisco Giants
2021,2021-08-26,632788,2021-08-26 23:10:00+00:00,R,N,1,114,140,Cleveland Indians,Texas Rangers
2021,2021-08-26,632741,2021-08-26 23:10:00+00:00,R,N,1,111,142,Boston Red Sox,Minnesota Twins
2021,2021-08-26,632754,2021-08-26 23:10:00+00:00,R,N,1,146,120,Miami Marlins,Washington Nationals
2021,2021-08-26,632685,2021-08-27 01:10:00+00:00,R,N,1,135,119,San Diego Padres,Los Angeles Dodgers
2021,2021-08-26,632749,2021-08-27 01:40:00+00:00,R,N,1,133,147,Oakland Athletics,New York Yankees
2021,2021-08-26,632739,2021-08-27 02:10:00+00:00,R,N,1,136,118,Seattle Mariners,Kansas City Royals
2021,2021-08-27,632762,2021-08-27 23:05:00+00:00,R,N,1,134,138,Pittsburgh Pirates,St. Louis Cardinals
2021,2021-08-27,632720,2021-08-27 23:05:00+00:00,R,N,1,110,139,Baltimore Orioles,Tampa Bay Rays
2021,2021-08-27,632808,2021-08-27 23:05:00+00:00,R,N,1,143,109,Philadelphia Phillies,Arizona Diamondbacks
2021,2021-08-27,632735,2021-08-27 23:10:00+00:00,R,N,1,114,111,Cleveland Indians,Boston Red Sox
2021,2021-08-27,632800,2021-08-27 23:10:00+00:00,R,N,1,121,120,New York Mets,Washington Nationals
2021,2021-08-27,632709,2021-08-27 23:10:00+00:00,R,N,1,116,141,Detroit Tigers,Toronto Blue Jays
2021,2021-08-27,632742,2021-08-27 23:10:00+00:00,R,N,1,146,113,Miami Marlins,Cincinnati Reds
2021,2021-08-27,632732,2021-08-27 23:20:00+00:00,R,N,1,144,137,Atlanta Braves,San Francisco Giants
2021,2021-08-27,632734,2021-08-28 00:05:00+00:00,R,N,1,140,117,Texas Rangers,Houston Astros
2021,2021-08-27,632718,2021-08-28 00:10:00+00:00,R,N,1,145,112,Chicago White Sox,Chicago Cubs
2021,2021-08-27,632759,2021-08-28 00:10:00+00:00,R,N,1,142,158,Minnesota Twins,Milwaukee Brewers
2021,2021-08-27,632782,2021-08-28 01:38:00+00:00,R,N,1,108,135,Los Angeles Angels,San Diego Padres
2021,2021-08-27,632725,2021-08-28 01:40:00+00:00,R,N,1,133,147,Oakland Athletics,New York Yankees
2021,2021-08-27,632740,2021-08-28 02:10:00+00:00,R,N,1,119,115,Los Angeles Dodgers,Colorado Rockies
2021,2021-08-27,632753,2021-08-28 02:10:00+00:00,R,N,1,136,118,Seattle Mariners,Kansas City Royals
2021,2021-08-28,632737,2021-08-28 20:05:00+00:00,R,N,1,114,111,Cleveland Indians,Boston Red Sox
2021,2021-08-28,632706,2021-08-28 20:07:00+00:00,R,N,1,133,147,Oakland Athletics,New York Yankees
2021,2021-08-28,632713,2021-08-28 20:10:00+00:00,R,N,1,136,118,Seattle Mariners,Kansas City Royals
2021,2021-08-28,632712,2021-08-28 22:05:00+00:00,R,N,1,143,109,Philadelphia Phillies,Arizona Diamondbacks
2021,2021-08-28,632719,2021-08-28 22:10:00+00:00,R,N,1,116,141,Detroit Tigers,Toronto Blue Jays
2021,2021-08-28,632757,2021-08-28 22:10:00+00:00,R,N,1,146,113,Miami Marlins,Cincinnati Reds
2021,2021-08-28,632723,2021-08-28 23:05:00+00:00,R,N,1,134,138,Pittsburgh Pirates,St. Louis Cardinals
2021,2021-08-28,632721,2021-08-28 23:05:00+00:00,R,N,1,110,139,Baltimore Orioles,Tampa Bay Rays
2021,2021-08-28,632702,2021-08-28 23:05:00+00:00,R,N,1,140,117,Texas Rangers,Houston Astros
2021,2021-08-28,632717,2021-08-28 23:10:00+00:00,R,N,1,121,120,New York Mets,Washington Nationals
2021,2021-08-28,632722,2021-08-28 23:10:00+00:00,R,N,1,145,112,Chicago White Sox,Chicago Cubs
2021,2021-08-28,632716,2021-08-28 23:10:00+00:00,R,N,1,142,158,Minnesota Twins,Milwaukee Brewers
2021,2021-08-28,632733,2021-08-28 23:20:00+00:00,R,N,1,144,137,Atlanta Braves,San Francisco Giants
2021,2021-08-28,632697,2021-08-29 01:07:00+00:00,R,N,1,108,135,Los Angeles Angels,San Diego Padres
2021,2021-08-28,632707,2021-08-29 01:10:00+00:00,R,N,1,119,115,Los Angeles Dodgers,Colorado Rockies
2021,2021-08-29,632698,2021-08-29 17:05:00+00:00,R,N,1,134,138,Pittsburgh Pirates,St. Louis Cardinals
2021,2021-08-29,632736,2021-08-29 17:05:00+00:00,R,N,1,110,139,Baltimore Orioles,Tampa Bay Rays
2021,2021-08-29,632673,2021-08-29 17:05:00+00:00,R,N,1,143,109,Philadelphia Phillies,Arizona Diamondbacks
2021,2021-08-29,632704,2021-08-29 17:10:00+00:00,R,N,1,114,111,Cleveland Indians,Boston Red Sox
2021,2021-08-29,632711,2021-08-29 17:10:00+00:00,R,N,1,121,120,New York Mets,Washington Nationals
2021,2021-08-29,632750,2021-08-29 17:10:00+00:00,R,N,1,116,141,Detroit Tigers,Toronto Blue Jays
2021,2021-08-29,632684,2021-08-29 17:10:00+00:00,R,N,1,146,113,Miami Marlins,Cincinnati Reds
2021,2021-08-29,632701,2021-08-29 17:20:00+00:00,R,N,1,144,137,Atlanta Braves,San Francisco Giants
2021,2021-08-29,632765,2021-08-29 18:10:00+00:00,R,N,1,145,112,Chicago White Sox,Chicago Cubs
2021,2021-08-29,632705,2021-08-29 18:10:00+00:00,R,N,1,142,158,Minnesota Twins,Milwaukee Brewers
2021,2021-08-29,632696,2021-08-29 18:35:00+00:00,R,N,1,140,117,Texas Rangers,Houston Astros
2021,2021-08-29,632714,2021-08-29 20:10:00+00:00,R,N,1,119,115,Los Angeles Dodgers,Colorado Rockies
2021,2021-08-29,632693,2021-08-29 20:10:00+00:00,R,N,1,136,118,Seattle Mariners,Kansas City Royals
2021,2021-08-29,632700,2021-08-29 23:08:00+00:00,R,N,1,133,147,Oakland Athletics,New York Yankees
2021,2021-08-30,633372,2021-08-30 18:10:00+00:00,R,N,1,116,142,Detroit Tigers,Minnesota Twins
2021,2021-08-30,632692,2021-08-30 22:40:00+00:00,R,N,1,113,138,Cincinnati Reds,St. Louis Cardinals
2021,2021-08-30,632691,2021-08-30 23:05:00+00:00,R,N,1,120,143,Washington Nationals,Philadelphia Phillies
2021,2021-08-30,632668,2021-08-30 23:07:00+00:00,R,N,1,141,110,Toronto Blue Jays,Baltimore Orioles
2021,2021-08-30,632664,2021-08-30 23:10:00+00:00,R,N,1,139,111,Tampa Bay Rays,Boston Red Sox
2021,2021-08-30,632678,2021-08-31 00:05:00+00:00,R,N,1,140,115,Texas Rangers,Colorado Rockies
2021,2021-08-30,632690,2021-08-31 01:38:00+00:00,R,N,1,108,147,Los Angeles Angels,New York Yankees
2021,2021-08-30,632703,2021-08-31 01:40:00+00:00,R,N,1,109,135,Arizona Diamondbacks,San Diego Padres
2021,2021-08-30,632687,2021-08-31 01:45:00+00:00,R,N,1,137,158,San Francisco Giants,Milwaukee Brewers
2021,2021-08-30,632665,2021-08-31 02:10:00+00:00,R,N,1,136,117,Seattle Mariners,Houston Astros
2021,2021-08-30,632674,2021-08-31 02:10:00+00:00,R,N,1,119,144,Los Angeles Dodgers,Atlanta Braves
2021,2021-04-11,632192,2021-08-31 17:10:00+00:00,R,N,1,121,146,New York Mets,Miami Marlins
2021,2021-08-31,632677,2021-08-31 23:05:00+00:00,R,N,1,120,143,Washington Nationals,Philadelphia Phillies
2021,2021-08-31,632715,2021-08-31 23:07:00+00:00,R,N,1,141,110,Toronto Blue Jays,Baltimore Orioles
2021,2021-08-31,632688,2021-08-31 23:10:00+00:00,R,N,1,116,133,Detroit Tigers,Oakland Athletics
2021,2021-08-31,632669,2021-08-31 23:10:00+00:00,R,N,1,139,111,Tampa Bay Rays,Boston Red Sox
2021,2021-08-31,632679,2021-08-31 23:10:00+00:00,R,N,1,121,146,New York Mets,Miami Marlins
2021,2021-08-31,632680,2021-09-01 00:05:00+00:00,R,N,1,140,115,Texas Rangers,Colorado Rockies
2021,2021-08-31,632676,2021-09-01 00:10:00+00:00,R,N,1,118,114,Kansas City Royals,Cleveland Indians
2021,2021-08-31,632694,2021-09-01 00:10:00+00:00,R,N,1,142,112,Minnesota Twins,Chicago Cubs
2021,2021-08-31,632683,2021-09-01 00:10:00+00:00,R,N,1,145,134,Chicago White Sox,Pittsburgh Pirates
2021,2021-08-31,632675,2021-09-01 01:38:00+00:00,R,N,1,108,147,Los Angeles Angels,New York Yankees
2021,2021-08-31,632672,2021-09-01 01:40:00+00:00,R,N,1,109,135,Arizona Diamondbacks,San Diego Padres
2021,2021-08-31,632682,2021-09-01 01:45:00+00:00,R,N,1,137,158,San Francisco Giants,Milwaukee Brewers
2021,2021-08-31,632657,2021-09-01 02:10:00+00:00,R,N,1,136,117,Seattle Mariners,Houston Astros
2021,2021-08-31,632663,2021-09-01 02:10:00+00:00,R,N,1,119,144,Los Angeles Dodgers,Atlanta Braves
2021,2021-09-01,632699,2021-08-31 22:40:00+00:00,R,N,1,113,138,Cincinnati Reds,St. Louis Cardinals
2021,2021-09-01,632699,2021-09-01 17:10:00+00:00,R,S,1,113,138,Cincinnati Reds,St. Louis Cardinals
2021,2021-09-01,632731,2021-09-01 22:40:00+00:00,R,S,2,113,138,Cincinnati Reds,St. Louis Cardinals
2021,2021-09-01,632641,2021-09-01 18:05:00+00:00,R,N,1,140,115,Texas Rangers,Colorado Rockies
2021,2021-09-01,632681,2021-09-01 19:40:00+00:00,R,N,1,109,135,Arizona Diamondbacks,San Diego Padres
2021,2021-09-01,632648,2021-09-01 20:10:00+00:00,R,N,1,136,117,Seattle Mariners,Houston Astros
2021,2021-09-01,632640,2021-09-01 23:07:00+00:00,R,N,1,141,110,Toronto Blue Jays,Baltimore Orioles
2021,2021-09-01,632655,2021-09-01 23:07:00+00:00,R,N,1,108,147,Los Angeles Angels,New York Yankees
2021,2021-09-01,632710,2021-09-01 23:10:00+00:00,R,N,1,116,133,Detroit Tigers,Oakland Athletics
2021,2021-09-01,632653,2021-09-01 23:10:00+00:00,R,N,1,139,111,Tampa Bay Rays,Boston Red Sox
2021,2021-09-01,632662,2021-09-02 00:10:00+00:00,R,N,1,118,114,Kansas City Royals,Cleveland Indians
2021,2021-09-01,632689,2021-09-02 00:10:00+00:00,R,N,1,142,112,Minnesota Twins,Chicago Cubs
2021,2021-09-01,632671,2021-09-02 00:10:00+00:00,R,N,1,145,134,Chicago White Sox,Pittsburgh Pirates
2021,2021-09-01,632661,2021-09-02 01:45:00+00:00,R,N,1,137,158,San Francisco Giants,Milwaukee Brewers
2021,2021-09-01,632656,2021-09-02 02:10:00+00:00,R,N,1,119,144,Los Angeles Dodgers,Atlanta Braves
2021,2021-09-02,632670,2021-09-01 23:05:00+00:00,R,N,1,120,143,Washington Nationals,Philadelphia Phillies
2021,2021-09-28,632666,2021-09-01 23:10:00+00:00,R,N,1,121,146,New York Mets,Miami Marlins
2021,2021-09-02,632670,2021-09-02 17:05:00+00:00,R,N,1,120,143,Washington Nationals,Philadelphia Phillies
2021,2021-09-02,632686,2021-09-02 17:10:00+00:00,R,N,1,116,133,Detroit Tigers,Oakland Athletics
2021,2021-09-02,632659,2021-09-02 19:45:00+00:00,R,N,1,137,158,San Francisco Giants,Milwaukee Brewers
2021,2021-09-02,632630,2021-09-02 23:10:00+00:00,R,N,1,139,111,Tampa Bay Rays,Boston Red Sox
2021,2021-09-02,632650,2021-09-02 23:10:00+00:00,R,N,1,121,146,New York Mets,Miami Marlins
2021,2021-09-02,632646,2021-09-03 00:05:00+00:00,R,N,1,112,134,Chicago Cubs,Pittsburgh Pirates
2021,2021-09-02,632635,2021-09-03 00:10:00+00:00,R,N,1,118,114,Kansas City Royals,Cleveland Indians
2021,2021-09-02,632695,2021-09-03 00:40:00+00:00,R,N,1,115,144,Colorado Rockies,Atlanta Braves
2021,2021-09-03,632660,2021-09-03 18:20:00+00:00,R,N,1,112,134,Chicago Cubs,Pittsburgh Pirates
2021,2021-09-03,632617,2021-09-03 23:05:00+00:00,R,N,1,120,121,Washington Nationals,New York Mets
2021,2021-09-03,632642,2021-09-03 23:05:00+00:00,R,N,1,147,110,New York Yankees,Baltimore Orioles
2021,2021-09-03,632629,2021-09-03 23:07:00+00:00,R,N,1,141,133,Toronto Blue Jays,Oakland Athletics
2021,2021-09-03,632639,2021-09-03 23:10:00+00:00,R,N,1,111,114,Boston Red Sox,Cleveland Indians
2021,2021-09-03,632654,2021-09-03 23:10:00+00:00,R,N,1,113,116,Cincinnati Reds,Detroit Tigers
2021,2021-09-03,632627,2021-09-03 23:10:00+00:00,R,N,1,139,142,Tampa Bay Rays,Minnesota Twins
2021,2021-09-03,632621,2021-09-03 23:10:00+00:00,R,N,1,146,143,Miami Marlins,Philadelphia Phillies
2021,2021-09-03,632633,2021-09-04 00:10:00+00:00,R,N,1,118,145,Kansas City Royals,Chicago White Sox
2021,2021-09-03,632638,2021-09-04 00:10:00+00:00,R,N,1,158,138,Milwaukee Brewers,St. Louis Cardinals
2021,2021-09-03,632644,2021-09-04 00:40:00+00:00,R,N,1,115,144,Colorado Rockies,Atlanta Braves
2021,2021-09-03,632632,2021-09-04 01:38:00+00:00,R,N,1,108,140,Los Angeles Angels,Texas Rangers
2021,2021-09-03,632708,2021-09-04 01:40:00+00:00,R,N,1,109,136,Arizona Diamondbacks,Seattle Mariners
2021,2021-09-03,632645,2021-09-04 01:45:00+00:00,R,N,1,137,119,San Francisco Giants,Los Angeles Dodgers
2021,2021-09-03,632651,2021-09-04 02:10:00+00:00,R,N,1,135,117,San Diego Padres,Houston Astros
2021,2021-09-04,634556,2021-09-04 17:05:00+00:00,R,S,1,120,121,Washington Nationals,New York Mets
2021,2021-09-04,632611,2021-09-04 22:05:00+00:00,R,S,2,120,121,Washington Nationals,New York Mets
2021,2021-09-04,632622,2021-09-04 17:05:00+00:00,R,N,1,147,110,New York Yankees,Baltimore Orioles
2021,2021-09-04,632624,2021-09-04 18:20:00+00:00,R,N,1,112,134,Chicago Cubs,Pittsburgh Pirates
2021,2021-09-04,632616,2021-09-04 19:07:00+00:00,R,N,1,141,133,Toronto Blue Jays,Oakland Athletics
2021,2021-09-04,632600,2021-09-04 20:05:00+00:00,R,N,1,139,142,Tampa Bay Rays,Minnesota Twins
2021,2021-09-04,632634,2021-09-04 20:10:00+00:00,R,N,1,111,114,Boston Red Sox,Cleveland Indians
2021,2021-09-04,632626,2021-09-04 22:10:00+00:00,R,N,1,146,143,Miami Marlins,Philadelphia Phillies
2021,2021-09-04,632649,2021-09-04 23:10:00+00:00,R,N,1,113,116,Cincinnati Reds,Detroit Tigers
2021,2021-09-04,632652,2021-09-04 23:10:00+00:00,R,N,1,118,145,Kansas City Royals,Chicago White Sox
2021,2021-09-04,632667,2021-09-04 23:10:00+00:00,R,N,1,158,138,Milwaukee Brewers,St. Louis Cardinals
2021,2021-09-04,632623,2021-09-05 00:10:00+00:00,R,N,1,109,136,Arizona Diamondbacks,Seattle Mariners
2021,2021-09-04,632615,2021-09-05 00:10:00+00:00,R,N,1,115,144,Colorado Rockies,Atlanta Braves
2021,2021-09-04,632612,2021-09-05 00:40:00+00:00,R,N,1,135,117,San Diego Padres,Houston Astros
2021,2021-09-04,632636,2021-09-05 01:05:00+00:00,R,N,1,137,119,San Francisco Giants,Los Angeles Dodgers
2021,2021-09-04,632625,2021-09-05 01:07:00+00:00,R,N,1,108,140,Los Angeles Angels,Texas Rangers
2021,2021-09-05,632598,2021-09-05 17:05:00+00:00,R,N,1,120,121,Washington Nationals,New York Mets
2021,2021-09-05,632582,2021-09-05 17:05:00+00:00,R,N,1,147,110,New York Yankees,Baltimore Orioles
2021,2021-09-05,632607,2021-09-05 17:07:00+00:00,R,N,1,141,133,Toronto Blue Jays,Oakland Athletics
2021,2021-09-05,632592,2021-09-05 17:10:00+00:00,R,N,1,111,114,Boston Red Sox,Cleveland Indians
2021,2021-09-05,632618,2021-09-05 17:10:00+00:00,R,N,1,113,116,Cincinnati Reds,Detroit Tigers
2021,2021-09-05,632605,2021-09-05 17:10:00+00:00,R,N,1,139,142,Tampa Bay Rays,Minnesota Twins
2021,2021-09-05,632602,2021-09-05 17:10:00+00:00,R,N,1,146,143,Miami Marlins,Philadelphia Phillies
2021,2021-09-05,632614,2021-09-05 18:10:00+00:00,R,N,1,118,145,Kansas City Royals,Chicago White Sox
2021,2021-09-05,632610,2021-09-05 18:10:00+00:00,R,N,1,158,138,Milwaukee Brewers,St. Louis Cardinals
2021,2021-09-05,632613,2021-09-05 18:20:00+00:00,R,N,1,112,134,Chicago Cubs,Pittsburgh Pirates
2021,2021-09-05,632606,2021-09-05 19:10:00+00:00,R,N,1,115,144,Colorado Rockies,Atlanta Braves
2021,2021-09-05,632619,2021-09-05 20:07:00+00:00,R,N,1,108,140,Los Angeles Angels,Texas Rangers
2021,2021-09-05,632647,2021-09-05 20:10:00+00:00,R,N,1,135,117,San Diego Padres,Houston Astros
2021,2021-09-05,632601,2021-09-05 20:10:00+00:00,R,N,1,109,136,Arizona Diamondbacks,Seattle Mariners
2021,2021-09-05,632599,2021-09-05 23:08:00+00:00,R,N,1,137,119,San Francisco Giants,Los Angeles Dodgers
2021,2021-09-06,632658,2021-09-06 17:05:00+00:00,R,N,1,110,118,Baltimore Orioles,Kansas City Royals
2021,2021-09-06,632604,2021-09-06 17:05:00+00:00,R,N,1,120,121,Washington Nationals,New York Mets
2021,2021-09-06,632593,2021-09-06 17:05:00+00:00,R,N,1,147,141,New York Yankees,Toronto Blue Jays
2021,2021-09-06,632603,2021-09-06 17:10:00+00:00,R,N,1,111,139,Boston Red Sox,Tampa Bay Rays
2021,2021-09-06,632585,2021-09-06 17:35:00+00:00,R,N,1,134,116,Pittsburgh Pirates,Detroit Tigers
2021,2021-09-06,632584,2021-09-06 18:10:00+00:00,R,N,1,158,143,Milwaukee Brewers,Philadelphia Phillies
2021,2021-09-06,632597,2021-09-06 18:20:00+00:00,R,N,1,112,113,Chicago Cubs,Cincinnati Reds
2021,2021-09-06,632608,2021-09-06 20:10:00+00:00,R,N,1,115,137,Colorado Rockies,San Francisco Giants
2021,2021-09-06,632628,2021-09-06 20:15:00+00:00,R,N,1,138,119,St. Louis Cardinals,Los Angeles Dodgers
2021,2021-09-06,632591,2021-09-06 22:10:00+00:00,R,N,1,114,142,Cleveland Indians,Minnesota Twins
2021,2021-09-06,632596,2021-09-06 23:10:00+00:00,R,N,1,117,136,Houston Astros,Seattle Mariners
2021,2021-09-06,632620,2021-09-07 01:07:00+00:00,R,N,1,108,140,Los Angeles Angels,Texas Rangers
2021,2021-09-07,632586,2021-09-07 22:10:00+00:00,R,N,1,114,142,Cleveland Indians,Minnesota Twins
2021,2021-09-07,632560,2021-09-07 22:35:00+00:00,R,N,1,134,116,Pittsburgh Pirates,Detroit Tigers
2021,2021-09-07,632572,2021-09-07 22:40:00+00:00,R,N,1,146,121,Miami Marlins,New York Mets
2021,2021-09-07,632594,2021-09-07 23:05:00+00:00,R,N,1,110,118,Baltimore Orioles,Kansas City Royals
2021,2021-09-07,632577,2021-09-07 23:05:00+00:00,R,N,1,147,141,New York Yankees,Toronto Blue Jays
2021,2021-09-07,632588,2021-09-07 23:10:00+00:00,R,N,1,111,139,Boston Red Sox,Tampa Bay Rays
2021,2021-09-07,632583,2021-09-07 23:20:00+00:00,R,N,1,144,120,Atlanta Braves,Washington Nationals
2021,2021-09-07,632637,2021-09-07 23:40:00+00:00,R,N,1,112,113,Chicago Cubs,Cincinnati Reds
2021,2021-09-07,632569,2021-09-07 23:40:00+00:00,R,N,1,158,143,Milwaukee Brewers,Philadelphia Phillies
2021,2021-09-07,632558,2021-09-07 23:45:00+00:00,R,N,1,138,119,St. Louis Cardinals,Los Angeles Dodgers
2021,2021-09-07,632590,2021-09-08 00:10:00+00:00,R,N,1,117,136,Houston Astros,Seattle Mariners
2021,2021-09-07,632587,2021-09-08 00:40:00+00:00,R,N,1,115,137,Colorado Rockies,San Francisco Giants
2021,2021-09-07,632595,2021-09-08 01:40:00+00:00,R,N,1,109,140,Arizona Diamondbacks,Texas Rangers
2021,2021-09-07,632578,2021-09-08 01:40:00+00:00,R,N,1,133,145,Oakland Athletics,Chicago White Sox
2021,2021-09-07,632581,2021-09-08 02:10:00+00:00,R,N,1,135,108,San Diego Padres,Los Angeles Angels
2021,2021-09-08,632580,2021-09-08 18:10:00+00:00,R,N,1,117,136,Houston Astros,Seattle Mariners
2021,2021-09-08,632589,2021-09-08 19:10:00+00:00,R,N,1,115,137,Colorado Rockies,San Francisco Giants
2021,2021-09-08,632573,2021-09-08 19:40:00+00:00,R,N,1,109,140,Arizona Diamondbacks,Texas Rangers
2021,2021-09-08,632579,2021-09-08 22:10:00+00:00,R,N,1,114,142,Cleveland Indians,Minnesota Twins
2021,2021-09-08,632609,2021-09-08 22:35:00+00:00,R,N,1,134,116,Pittsburgh Pirates,Detroit Tigers
2021,2021-09-08,632574,2021-09-08 22:40:00+00:00,R,N,1,146,121,Miami Marlins,New York Mets
2021,2021-09-08,632576,2021-09-08 23:05:00+00:00,R,N,1,110,118,Baltimore Orioles,Kansas City Royals
2021,2021-09-08,632567,2021-09-08 23:05:00+00:00,R,N,1,147,141,New York Yankees,Toronto Blue Jays
2021,2021-09-08,632575,2021-09-08 23:10:00+00:00,R,N,1,111,139,Boston Red Sox,Tampa Bay Rays
2021,2021-09-08,632554,2021-09-08 23:20:00+00:00,R,N,1,144,120,Atlanta Braves,Washington Nationals
2021,2021-09-08,632566,2021-09-08 23:40:00+00:00,R,N,1,112,113,Chicago Cubs,Cincinnati Reds
2021,2021-09-08,632565,2021-09-08 23:40:00+00:00,R,N,1,158,143,Milwaukee Brewers,Philadelphia Phillies
2021,2021-09-08,632643,2021-09-08 23:45:00+00:00,R,N,1,138,119,St. Louis Cardinals,Los Angeles Dodgers
2021,2021-09-08,632631,2021-09-09 00:10:00+00:00,R,N,1,135,108,San Diego Padres,Los Angeles Angels
2021,2021-09-08,632545,2021-09-09 01:40:00+00:00,R,N,1,133,145,Oakland Athletics,Chicago White Sox
2021,2021-09-09,632564,2021-09-09 17:15:00+00:00,R,N,1,138,119,St. Louis Cardinals,Los Angeles Dodgers
2021,2021-09-09,632562,2021-09-09 19:37:00+00:00,R,N,1,133,145,Oakland Athletics,Chicago White Sox
2021,2021-09-09,632561,2021-09-09 22:10:00+00:00,R,N,1,114,142,Cleveland Indians,Minnesota Twins
2021,2021-09-09,632536,2021-09-09 22:40:00+00:00,R,N,1,146,121,Miami Marlins,New York Mets
2021,2021-09-09,632556,2021-09-09 23:05:00+00:00,R,N,1,110,118,Baltimore Orioles,Kansas City Royals
2021,2021-09-09,632548,2021-09-09 23:05:00+00:00,R,N,1,143,115,Philadelphia Phillies,Colorado Rockies
2021,2021-09-09,632546,2021-09-09 23:05:00+00:00,R,N,1,147,141,New York Yankees,Toronto Blue Jays
2021,2021-09-09,632570,2021-09-09 23:20:00+00:00,R,N,1,144,120,Atlanta Braves,Washington Nationals
2021,2021-09-10,632550,2021-09-10 18:20:00+00:00,R,N,1,112,137,Chicago Cubs,San Francisco Giants
2021,2021-09-10,632555,2021-09-10 22:35:00+00:00,R,N,1,134,120,Pittsburgh Pirates,Washington Nationals
2021,2021-09-10,632563,2021-09-10 23:05:00+00:00,R,N,1,110,141,Baltimore Orioles,Toronto Blue Jays
2021,2021-09-10,632537,2021-09-10 23:05:00+00:00,R,N,1,143,115,Philadelphia Phillies,Colorado Rockies
2021,2021-09-10,632543,2021-09-10 23:10:00+00:00,R,N,1,116,139,Detroit Tigers,Tampa Bay Rays
2021,2021-09-10,632552,2021-09-10 23:10:00+00:00,R,N,1,121,147,New York Mets,New York Yankees
2021,2021-09-10,632557,2021-09-10 23:10:00+00:00,R,N,1,114,158,Cleveland Indians,Milwaukee Brewers
2021,2021-09-10,632571,2021-09-10 23:20:00+00:00,R,N,1,144,146,Atlanta Braves,Miami Marlins
2021,2021-09-10,632549,2021-09-11 00:10:00+00:00,R,N,1,117,108,Houston Astros,Los Angeles Angels
2021,2021-09-10,632541,2021-09-11 00:10:00+00:00,R,N,1,142,118,Minnesota Twins,Kansas City Royals
2021,2021-09-10,632559,2021-09-11 00:10:00+00:00,R,N,1,145,111,Chicago White Sox,Boston Red Sox
2021,2021-09-10,632534,2021-09-11 00:15:00+00:00,R,N,1,138,113,St. Louis Cardinals,Cincinnati Reds
2021,2021-09-10,632544,2021-09-11 01:40:00+00:00,R,N,1,133,140,Oakland Athletics,Texas Rangers
2021,2021-09-10,632542,2021-09-11 02:10:00+00:00,R,N,1,119,135,Los Angeles Dodgers,San Diego Padres
2021,2021-09-10,632528,2021-09-11 02:10:00+00:00,R,N,1,136,109,Seattle Mariners,Arizona Diamondbacks
2021,2021-09-11,632547,2021-09-11 18:20:00+00:00,R,N,1,112,137,Chicago Cubs,San Francisco Giants
2021,2021-09-11,632535,2021-09-11 20:07:00+00:00,R,N,1,133,140,Oakland Athletics,Texas Rangers
2021,2021-09-11,632539,2021-09-11 20:35:00+00:00,R,Y,1,110,141,Baltimore Orioles,Toronto Blue Jays
2021,2021-09-11,633331,2021-09-11 20:40:00+00:00,R,Y,2,110,141,Baltimore Orioles,Toronto Blue Jays
2021,2021-09-11,632540,2021-09-11 22:05:00+00:00,R,N,1,143,115,Philadelphia Phillies,Colorado Rockies
2021,2021-09-11,632515,2021-09-11 22:10:00+00:00,R,N,1,116,139,Detroit Tigers,Tampa Bay Rays
2021,2021-09-11,632533,2021-09-11 22:10:00+00:00,R,N,1,114,158,Cleveland Indians,Milwaukee Brewers
2021,2021-09-11,632501,2021-09-11 22:35:00+00:00,R,N,1,134,120,Pittsburgh Pirates,Washington Nationals
2021,2021-09-11,632529,2021-09-11 23:10:00+00:00,R,N,1,117,108,Houston Astros,Los Angeles Angels
2021,2021-09-11,632527,2021-09-11 23:10:00+00:00,R,N,1,142,118,Minnesota Twins,Kansas City Royals
2021,2021-09-11,632531,2021-09-11 23:10:00+00:00,R,N,1,145,111,Chicago White Sox,Boston Red Sox
2021,2021-09-11,632525,2021-09-11 23:15:00+00:00,R,N,1,138,113,St. Louis Cardinals,Cincinnati Reds
2021,2021-09-11,632538,2021-09-11 23:20:00+00:00,R,N,1,144,146,Atlanta Braves,Miami Marlins
2021,2021-09-11,632551,2021-09-11 23:45:00+00:00,R,N,1,121,147,New York Mets,New York Yankees
2021,2021-09-11,632530,2021-09-12 01:10:00+00:00,R,N,1,119,135,Los Angeles Dodgers,San Diego Padres
2021,2021-09-11,632517,2021-09-12 01:10:00+00:00,R,N,1,136,109,Seattle Mariners,Arizona Diamondbacks
2021,2021-09-12,632512,2021-09-12 16:10:00+00:00,R,N,1,116,139,Detroit Tigers,Tampa Bay Rays
2021,2021-09-12,632526,2021-09-12 17:05:00+00:00,R,N,1,134,120,Pittsburgh Pirates,Washington Nationals
2021,2021-09-12,632498,2021-09-12 17:05:00+00:00,R,N,1,110,141,Baltimore Orioles,Toronto Blue Jays
2021,2021-09-12,632514,2021-09-12 17:05:00+00:00,R,N,1,143,115,Philadelphia Phillies,Colorado Rockies
2021,2021-09-12,632510,2021-09-12 17:10:00+00:00,R,N,1,114,158,Cleveland Indians,Milwaukee Brewers
2021,2021-09-12,632523,2021-09-12 17:20:00+00:00,R,N,1,144,146,Atlanta Braves,Miami Marlins
2021,2021-09-12,632532,2021-09-12 18:10:00+00:00,R,N,1,117,108,Houston Astros,Los Angeles Angels
2021,2021-09-12,632519,2021-09-12 18:10:00+00:00,R,N,1,142,118,Minnesota Twins,Kansas City Royals
2021,2021-09-12,632513,2021-09-12 18:10:00+00:00,R,N,1,145,111,Chicago White Sox,Boston Red Sox
2021,2021-09-12,632516,2021-09-12 18:15:00+00:00,R,N,1,138,113,St. Louis Cardinals,Cincinnati Reds
2021,2021-09-12,632508,2021-09-12 18:20:00+00:00,R,N,1,112,137,Chicago Cubs,San Francisco Giants
2021,2021-09-12,632553,2021-09-12 20:07:00+00:00,R,N,1,133,140,Oakland Athletics,Texas Rangers
2021,2021-09-12,632568,2021-09-12 20:10:00+00:00,R,N,1,119,135,Los Angeles Dodgers,San Diego Padres
2021,2021-09-12,632524,2021-09-12 20:10:00+00:00,R,N,1,136,109,Seattle Mariners,Arizona Diamondbacks
2021,2021-09-12,632522,2021-09-13 00:08:00+00:00,R,N,1,121,147,New York Mets,New York Yankees
2021,2021-09-13,632730,2021-09-13 18:05:00+00:00,R,N,1,147,142,New York Yankees,Minnesota Twins
2021,2021-09-13,632518,2021-09-13 23:05:00+00:00,R,N,1,120,146,Washington Nationals,Miami Marlins
2021,2021-09-13,632489,2021-09-13 23:07:00+00:00,R,N,1,141,139,Toronto Blue Jays,Tampa Bay Rays
2021,2021-09-13,632478,2021-09-13 23:10:00+00:00,R,N,1,121,138,New York Mets,St. Louis Cardinals
2021,2021-09-13,632502,2021-09-14 00:05:00+00:00,R,N,1,140,117,Texas Rangers,Houston Astros
2021,2021-09-13,632520,2021-09-14 01:45:00+00:00,R,N,1,137,135,San Francisco Giants,San Diego Padres
2021,2021-09-13,632509,2021-09-14 02:10:00+00:00,R,N,1,119,109,Los Angeles Dodgers,Arizona Diamondbacks
2021,2021-09-13,632507,2021-09-14 02:10:00+00:00,R,N,1,136,111,Seattle Mariners,Boston Red Sox
2021,2021-09-14,633581,2021-09-14 19:10:00+00:00,R,S,1,142,114,Minnesota Twins,Cleveland Indians
2021,2021-09-14,632493,2021-09-14 23:40:00+00:00,R,S,2,142,114,Minnesota Twins,Cleveland Indians
2021,2021-09-14,632503,2021-09-14 22:35:00+00:00,R,N,1,134,113,Pittsburgh Pirates,Cincinnati Reds
2021,2021-09-14,632499,2021-09-14 22:40:00+00:00,R,N,1,116,158,Detroit Tigers,Milwaukee Brewers
2021,2021-09-14,632495,2021-09-14 23:05:00+00:00,R,N,1,143,112,Philadelphia Phillies,Chicago Cubs
2021,2021-09-14,632496,2021-09-14 23:05:00+00:00,R,N,1,120,146,Washington Nationals,Miami Marlins
2021,2021-09-14,632500,2021-09-14 23:05:00+00:00,R,N,1,110,147,Baltimore Orioles,New York Yankees
2021,2021-09-14,632497,2021-09-14 23:07:00+00:00,R,N,1,141,139,Toronto Blue Jays,Tampa Bay Rays
2021,2021-09-14,632492,2021-09-14 23:10:00+00:00,R,N,1,121,138,New York Mets,St. Louis Cardinals
2021,2021-09-14,632504,2021-09-14 23:20:00+00:00,R,N,1,144,115,Atlanta Braves,Colorado Rockies
2021,2021-09-14,632482,2021-09-15 00:05:00+00:00,R,N,1,140,117,Texas Rangers,Houston Astros
2021,2021-09-14,632511,2021-09-15 00:10:00+00:00,R,N,1,118,133,Kansas City Royals,Oakland Athletics
2021,2021-09-14,632506,2021-09-15 00:10:00+00:00,R,N,1,145,108,Chicago White Sox,Los Angeles Angels
2021,2021-09-14,632491,2021-09-15 01:45:00+00:00,R,N,1,137,135,San Francisco Giants,San Diego Padres
2021,2021-09-14,632505,2021-09-15 02:10:00+00:00,R,N,1,119,109,Los Angeles Dodgers,Arizona Diamondbacks
2021,2021-09-14,632480,2021-09-15 02:10:00+00:00,R,N,1,136,111,Seattle Mariners,Boston Red Sox
2021,2021-09-15,632477,2021-09-15 17:05:00+00:00,R,N,1,120,146,Washington Nationals,Miami Marlins
2021,2021-09-15,632479,2021-09-15 17:10:00+00:00,R,N,1,116,158,Detroit Tigers,Milwaukee Brewers
2021,2021-09-15,632483,2021-09-15 19:07:00+00:00,R,N,1,141,139,Toronto Blue Jays,Tampa Bay Rays
2021,2021-09-15,632481,2021-09-15 20:10:00+00:00,R,N,1,136,111,Seattle Mariners,Boston Red Sox
2021,2021-09-15,632487,2021-09-15 22:35:00+00:00,R,N,1,134,113,Pittsburgh Pirates,Cincinnati Reds
2021,2021-09-15,632486,2021-09-15 23:05:00+00:00,R,N,1,143,112,Philadelphia Phillies,Chicago Cubs
2021,2021-09-15,632494,2021-09-15 23:05:00+00:00,R,N,1,110,147,Baltimore Orioles,New York Yankees
2021,2021-09-15,632521,2021-09-15 23:10:00+00:00,R,N,1,121,138,New York Mets,St. Louis Cardinals
2021,2021-09-15,632465,2021-09-15 23:20:00+00:00,R,N,1,144,115,Atlanta Braves,Colorado Rockies
2021,2021-09-15,632463,2021-09-15 23:40:00+00:00,R,N,1,142,114,Minnesota Twins,Cleveland Indians
2021,2021-09-15,632485,2021-09-16 00:05:00+00:00,R,N,1,140,117,Texas Rangers,Houston Astros
2021,2021-09-15,632471,2021-09-16 00:10:00+00:00,R,N,1,118,133,Kansas City Royals,Oakland Athletics
2021,2021-09-15,632490,2021-09-16 00:10:00+00:00,R,N,1,145,108,Chicago White Sox,Los Angeles Angels
2021,2021-09-15,632464,2021-09-16 01:45:00+00:00,R,N,1,137,135,San Francisco Giants,San Diego Padres
2021,2021-09-15,632484,2021-09-16 02:10:00+00:00,R,N,1,119,109,Los Angeles Dodgers,Arizona Diamondbacks
2021,2021-09-16,632462,2021-09-16 16:35:00+00:00,R,N,1,134,113,Pittsburgh Pirates,Cincinnati Reds
2021,2021-09-16,632468,2021-09-16 18:10:00+00:00,R,N,1,118,133,Kansas City Royals,Oakland Athletics
2021,2021-09-16,632476,2021-09-16 18:10:00+00:00,R,N,1,145,108,Chicago White Sox,Los Angeles Angels
2021,2021-09-16,632473,2021-09-16 19:45:00+00:00,R,N,1,137,135,San Francisco Giants,San Diego Padres
2021,2021-09-16,632452,2021-09-16 21:05:00+00:00,R,N,1,110,147,Baltimore Orioles,New York Yankees
2021,2021-09-16,632475,2021-09-16 22:05:00+00:00,R,N,1,143,112,Philadelphia Phillies,Chicago Cubs
2021,2021-09-16,632474,2021-09-16 23:10:00+00:00,R,N,1,139,116,Tampa Bay Rays,Detroit Tigers
2021,2021-09-16,632472,2021-09-17 00:05:00+00:00,R,N,1,140,117,Texas Rangers,Houston Astros
2021,2021-09-16,632457,2021-09-16 16:20:00+00:00,R,N,1,144,115,Atlanta Braves,Colorado Rockies
2021,2021-09-17,632450,2021-09-17 23:05:00+00:00,R,N,1,120,115,Washington Nationals,Colorado Rockies
2021,2021-09-17,632458,2021-09-17 23:05:00+00:00,R,N,1,147,114,New York Yankees,Cleveland Indians
2021,2021-09-17,632430,2021-09-17 23:07:00+00:00,R,N,1,141,142,Toronto Blue Jays,Minnesota Twins
2021,2021-09-17,632454,2021-09-17 23:10:00+00:00,R,N,1,111,110,Boston Red Sox,Baltimore Orioles
2021,2021-09-17,632470,2021-09-17 23:10:00+00:00,R,N,1,113,119,Cincinnati Reds,Los Angeles Dodgers
2021,2021-09-17,632440,2021-09-17 23:10:00+00:00,R,N,1,139,116,Tampa Bay Rays,Detroit Tigers
2021,2021-09-17,632467,2021-09-17 23:10:00+00:00,R,N,1,121,143,New York Mets,Philadelphia Phillies
2021,2021-09-17,632460,2021-09-17 23:10:00+00:00,R,N,1,146,134,Miami Marlins,Pittsburgh Pirates
2021,2021-09-17,632459,2021-09-18 00:05:00+00:00,R,N,1,140,145,Texas Rangers,Chicago White Sox
2021,2021-09-17,632469,2021-09-18 00:10:00+00:00,R,N,1,117,109,Houston Astros,Arizona Diamondbacks
2021,2021-09-17,632445,2021-09-18 00:10:00+00:00,R,N,1,118,136,Kansas City Royals,Seattle Mariners
2021,2021-09-17,632461,2021-09-18 00:10:00+00:00,R,N,1,158,112,Milwaukee Brewers,Chicago Cubs
2021,2021-09-17,632436,2021-09-18 00:15:00+00:00,R,N,1,138,135,St. Louis Cardinals,San Diego Padres
2021,2021-09-17,632466,2021-09-18 01:38:00+00:00,R,N,1,108,133,Los Angeles Angels,Oakland Athletics
2021,2021-09-17,632453,2021-09-18 01:45:00+00:00,R,N,1,137,144,San Francisco Giants,Atlanta Braves
2021,2021-09-18,632441,2021-09-18 17:05:00+00:00,R,N,1,147,114,New York Yankees,Cleveland Indians
2021,2021-09-18,632451,2021-09-18 17:10:00+00:00,R,N,1,111,110,Boston Red Sox,Baltimore Orioles
2021,2021-09-18,632455,2021-09-18 18:10:00+00:00,R,N,1,113,119,Cincinnati Reds,Los Angeles Dodgers
2021,2021-09-18,632431,2021-09-18 19:07:00+00:00,R,N,1,141,142,Toronto Blue Jays,Minnesota Twins
2021,2021-09-18,632417,2021-09-18 20:05:00+00:00,R,N,1,120,115,Washington Nationals,Colorado Rockies
2021,2021-09-18,632427,2021-09-18 20:10:00+00:00,R,N,1,139,116,Tampa Bay Rays,Detroit Tigers
2021,2021-09-18,632448,2021-09-18 22:10:00+00:00,R,N,1,146,134,Miami Marlins,Pittsburgh Pirates
2021,2021-09-18,632439,2021-09-18 23:05:00+00:00,R,N,1,140,145,Texas Rangers,Chicago White Sox
2021,2021-09-18,632456,2021-09-18 23:10:00+00:00,R,N,1,117,109,Houston Astros,Arizona Diamondbacks
2021,2021-09-18,632449,2021-09-18 23:10:00+00:00,R,N,1,118,136,Kansas City Royals,Seattle Mariners
2021,2021-09-18,632488,2021-09-18 23:15:00+00:00,R,N,1,138,135,St. Louis Cardinals,San Diego Padres
2021,2021-09-18,632447,2021-09-18 23:15:00+00:00,R,N,1,121,143,New York Mets,Philadelphia Phillies
2021,2021-09-18,632425,2021-09-18 23:15:00+00:00,R,N,1,158,112,Milwaukee Brewers,Chicago Cubs
2021,2021-09-18,632442,2021-09-19 01:05:00+00:00,R,N,1,137,144,San Francisco Giants,Atlanta Braves
2021,2021-09-18,632444,2021-09-19 01:07:00+00:00,R,N,1,108,133,Los Angeles Angels,Oakland Athletics
2021,2021-09-19,632438,2021-09-19 17:05:00+00:00,R,N,1,120,115,Washington Nationals,Colorado Rockies
2021,2021-09-19,632380,2021-09-19 17:05:00+00:00,R,N,1,147,114,New York Yankees,Cleveland Indians
2021,2021-09-19,632446,2021-09-19 17:07:00+00:00,R,N,1,141,142,Toronto Blue Jays,Minnesota Twins
2021,2021-09-19,632419,2021-09-19 17:10:00+00:00,R,N,1,111,110,Boston Red Sox,Baltimore Orioles
2021,2021-09-19,632432,2021-09-19 17:10:00+00:00,R,N,1,113,119,Cincinnati Reds,Los Angeles Dodgers
2021,2021-09-19,632421,2021-09-19 17:10:00+00:00,R,N,1,139,116,Tampa Bay Rays,Detroit Tigers
2021,2021-09-19,632411,2021-09-19 17:10:00+00:00,R,N,1,146,134,Miami Marlins,Pittsburgh Pirates
2021,2021-09-19,632422,2021-09-19 18:10:00+00:00,R,N,1,117,109,Houston Astros,Arizona Diamondbacks
2021,2021-09-19,632416,2021-09-19 18:10:00+00:00,R,N,1,118,136,Kansas City Royals,Seattle Mariners
2021,2021-09-19,632413,2021-09-19 18:10:00+00:00,R,N,1,158,112,Milwaukee Brewers,Chicago Cubs
2021,2021-09-19,632443,2021-09-19 18:15:00+00:00,R,N,1,138,135,St. Louis Cardinals,San Diego Padres
2021,2021-09-19,632434,2021-09-19 18:35:00+00:00,R,N,1,140,145,Texas Rangers,Chicago White Sox
2021,2021-09-19,632433,2021-09-19 20:05:00+00:00,R,N,1,137,144,San Francisco Giants,Atlanta Braves
2021,2021-09-19,632420,2021-09-19 20:07:00+00:00,R,N,1,108,133,Los Angeles Angels,Oakland Athletics
2021,2021-09-19,632407,2021-09-19 23:08:00+00:00,R,N,1,121,143,New York Mets,Philadelphia Phillies
2021,2021-09-20,632437,2021-09-20 20:10:00+00:00,R,Y,1,114,118,Cleveland Indians,Kansas City Royals
2021,2021-09-20,633394,2021-09-20 20:15:00+00:00,R,Y,2,114,118,Cleveland Indians,Kansas City Royals
2021,2021-09-20,632435,2021-09-20 22:40:00+00:00,R,N,1,113,134,Cincinnati Reds,Pittsburgh Pirates
2021,2021-09-20,632423,2021-09-20 22:40:00+00:00,R,N,1,116,145,Detroit Tigers,Chicago White Sox
2021,2021-09-20,632408,2021-09-20 22:40:00+00:00,R,N,1,146,120,Miami Marlins,Washington Nationals
2021,2021-09-20,632429,2021-09-20 23:05:00+00:00,R,N,1,143,110,Philadelphia Phillies,Baltimore Orioles
2021,2021-09-20,632414,2021-09-20 23:05:00+00:00,R,N,1,147,140,New York Yankees,Texas Rangers
2021,2021-09-20,632406,2021-09-20 23:10:00+00:00,R,N,1,139,141,Tampa Bay Rays,Toronto Blue Jays
2021,2021-09-20,632415,2021-09-20 23:40:00+00:00,R,N,1,158,138,Milwaukee Brewers,St. Louis Cardinals
2021,2021-09-20,632424,2021-09-21 01:38:00+00:00,R,N,1,108,117,Los Angeles Angels,Houston Astros
2021,2021-09-20,632412,2021-09-21 01:40:00+00:00,R,N,1,133,136,Oakland Athletics,Seattle Mariners
2021,2021-09-20,632426,2021-09-21 01:40:00+00:00,R,N,1,109,144,Arizona Diamondbacks,Atlanta Braves
2021,2021-09-21,632405,2021-09-21 17:10:00+00:00,R,N,1,116,145,Detroit Tigers,Chicago White Sox
2021,2021-09-21,632398,2021-09-21 22:10:00+00:00,R,N,1,114,118,Cleveland Indians,Kansas City Royals
2021,2021-09-21,632403,2021-09-21 22:40:00+00:00,R,N,1,113,134,Cincinnati Reds,Pittsburgh Pirates
2021,2021-09-21,632379,2021-09-21 22:40:00+00:00,R,N,1,146,120,Miami Marlins,Washington Nationals
2021,2021-09-21,632402,2021-09-21 23:05:00+00:00,R,N,1,143,110,Philadelphia Phillies,Baltimore Orioles
2021,2021-09-21,632396,2021-09-21 23:05:00+00:00,R,N,1,147,140,New York Yankees,Texas Rangers
2021,2021-09-21,632410,2021-09-21 23:10:00+00:00,R,N,1,111,121,Boston Red Sox,New York Mets
2021,2021-09-21,632391,2021-09-21 23:10:00+00:00,R,N,1,139,141,Tampa Bay Rays,Toronto Blue Jays
2021,2021-09-21,632404,2021-09-21 23:40:00+00:00,R,N,1,112,142,Chicago Cubs,Minnesota Twins
2021,2021-09-21,632397,2021-09-21 23:40:00+00:00,R,N,1,158,138,Milwaukee Brewers,St. Louis Cardinals
2021,2021-09-21,632399,2021-09-22 00:40:00+00:00,R,N,1,115,119,Colorado Rockies,Los Angeles Dodgers
2021,2021-09-21,632418,2021-09-22 01:38:00+00:00,R,N,1,108,117,Los Angeles Angels,Houston Astros
2021,2021-09-21,632401,2021-09-22 01:40:00+00:00,R,N,1,133,136,Oakland Athletics,Seattle Mariners
2021,2021-09-21,632428,2021-09-22 01:40:00+00:00,R,N,1,109,144,Arizona Diamondbacks,Atlanta Braves
2021,2021-09-21,632378,2021-09-22 02:10:00+00:00,R,N,1,135,137,San Diego Padres,San Francisco Giants
2021,2021-09-22,632377,2021-09-22 19:10:00+00:00,R,N,1,139,141,Tampa Bay Rays,Toronto Blue Jays
2021,2021-09-22,632385,2021-09-22 22:40:00+00:00,R,N,1,146,120,Miami Marlins,Washington Nationals
2021,2021-09-22,632382,2021-09-22 23:05:00+00:00,R,N,1,143,110,Philadelphia Phillies,Baltimore Orioles
2021,2021-09-22,632381,2021-09-22 23:05:00+00:00,R,N,1,147,140,New York Yankees,Texas Rangers
2021,2021-09-22,632389,2021-09-22 23:10:00+00:00,R,N,1,111,121,Boston Red Sox,New York Mets
2021,2021-09-22,632400,2021-09-22 23:40:00+00:00,R,N,1,112,142,Chicago Cubs,Minnesota Twins
2021,2021-09-22,632386,2021-09-22 23:40:00+00:00,R,N,1,158,138,Milwaukee Brewers,St. Louis Cardinals
2021,2021-09-22,632394,2021-09-23 00:40:00+00:00,R,N,1,115,119,Colorado Rockies,Los Angeles Dodgers
2021,2021-09-22,632395,2021-09-23 01:38:00+00:00,R,N,1,108,117,Los Angeles Angels,Houston Astros
2021,2021-09-22,632383,2021-09-23 01:40:00+00:00,R,N,1,133,136,Oakland Athletics,Seattle Mariners
2021,2021-09-22,632392,2021-09-23 01:40:00+00:00,R,N,1,109,144,Arizona Diamondbacks,Atlanta Braves
2021,2021-09-22,632384,2021-09-23 02:10:00+00:00,R,N,1,135,137,San Diego Padres,San Francisco Giants
2021,2021-09-27,632388,2021-09-22 17:10:00+00:00,R,N,1,113,134,Cincinnati Reds,Pittsburgh Pirates
2021,2021-09-27,632393,2021-09-22 17:10:00+00:00,R,N,1,116,145,Detroit Tigers,Chicago White Sox
2021,2021-09-27,632409,2021-09-22 22:10:00+00:00,R,N,1,114,118,Cleveland Indians,Kansas City Royals
2021,2021-09-23,633866,2021-09-23 17:10:00+00:00,R,S,1,114,145,Cleveland Indians,Chicago White Sox
2021,2021-09-23,632372,2021-09-23 22:10:00+00:00,R,S,2,114,145,Cleveland Indians,Chicago White Sox
2021,2021-09-23,632367,2021-09-23 18:10:00+00:00,R,N,1,158,138,Milwaukee Brewers,St. Louis Cardinals
2021,2021-09-23,632376,2021-09-23 19:10:00+00:00,R,N,1,115,119,Colorado Rockies,Los Angeles Dodgers
2021,2021-09-23,632368,2021-09-23 19:37:00+00:00,R,N,1,133,136,Oakland Athletics,Seattle Mariners
2021,2021-09-23,632374,2021-09-23 19:40:00+00:00,R,N,1,109,144,Arizona Diamondbacks,Atlanta Braves
2021,2021-09-23,632370,2021-09-23 20:10:00+00:00,R,N,1,135,137,San Diego Padres,San Francisco Giants
2021,2021-09-23,632387,2021-09-23 22:40:00+00:00,R,N,1,113,120,Cincinnati Reds,Washington Nationals
2021,2021-09-23,632390,2021-09-23 23:05:00+00:00,R,N,1,110,140,Baltimore Orioles,Texas Rangers
2021,2021-09-23,632365,2021-09-23 23:05:00+00:00,R,N,1,143,134,Philadelphia Phillies,Pittsburgh Pirates
2021,2021-09-23,632375,2021-09-23 23:40:00+00:00,R,N,1,142,141,Minnesota Twins,Toronto Blue Jays
2021,2021-09-23,632371,2021-09-24 01:38:00+00:00,R,N,1,108,117,Los Angeles Angels,Houston Astros
2021,2021-09-24,632339,2021-09-24 18:20:00+00:00,R,S,1,112,138,Chicago Cubs,St. Louis Cardinals
2021,2021-09-24,633337,2021-09-25 00:05:00+00:00,R,S,2,112,138,Chicago Cubs,St. Louis Cardinals
2021,2021-09-24,632369,2021-09-24 23:05:00+00:00,R,N,1,110,140,Baltimore Orioles,Texas Rangers
2021,2021-09-24,632360,2021-09-24 23:05:00+00:00,R,N,1,143,134,Philadelphia Phillies,Pittsburgh Pirates
2021,2021-09-24,632361,2021-09-24 23:10:00+00:00,R,N,1,116,118,Detroit Tigers,Kansas City Royals
2021,2021-09-24,632364,2021-09-24 23:10:00+00:00,R,N,1,113,120,Cincinnati Reds,Washington Nationals
2021,2021-09-24,632363,2021-09-24 23:10:00+00:00,R,N,1,114,145,Cleveland Indians,Chicago White Sox
2021,2021-09-24,632358,2021-09-24 23:10:00+00:00,R,N,1,139,146,Tampa Bay Rays,Miami Marlins
2021,2021-09-24,632373,2021-09-24 23:10:00+00:00,R,N,1,111,147,Boston Red Sox,New York Yankees
2021,2021-09-24,632362,2021-09-25 00:10:00+00:00,R,N,1,115,137,Colorado Rockies,San Francisco Giants
2021,2021-09-24,632357,2021-09-25 00:10:00+00:00,R,N,1,142,141,Minnesota Twins,Toronto Blue Jays
2021,2021-07-21,633224,2021-09-25 00:10:00+00:00,R,S,2,144,135,Atlanta Braves,San Diego Padres
2021,2021-09-24,632366,2021-09-25 00:10:00+00:00,R,N,1,158,121,Milwaukee Brewers,New York Mets
2021,2021-09-24,632359,2021-09-25 01:38:00+00:00,R,N,1,108,136,Los Angeles Angels,Seattle Mariners
2021,2021-09-24,632340,2021-09-25 01:40:00+00:00,R,N,1,109,119,Arizona Diamondbacks,Los Angeles Dodgers
2021,2021-09-24,632356,2021-09-25 01:40:00+00:00,R,N,1,133,117,Oakland Athletics,Houston Astros
2021,2021-09-24,632352,2021-09-25 02:10:00+00:00,R,N,1,135,144,San Diego Padres,Atlanta Braves
2021,2021-09-25,632351,2021-09-25 18:20:00+00:00,R,N,1,112,138,Chicago Cubs,St. Louis Cardinals
2021,2021-09-25,632341,2021-09-25 20:05:00+00:00,R,N,1,143,134,Philadelphia Phillies,Pittsburgh Pirates
2021,2021-09-25,632342,2021-09-25 20:07:00+00:00,R,N,1,133,117,Oakland Athletics,Houston Astros
2021,2021-09-25,632354,2021-09-25 20:10:00+00:00,R,N,1,111,147,Boston Red Sox,New York Yankees
2021,2021-09-25,632347,2021-09-25 22:10:00+00:00,R,N,1,116,118,Detroit Tigers,Kansas City Royals
2021,2021-09-25,632335,2021-09-25 22:10:00+00:00,R,N,1,139,146,Tampa Bay Rays,Miami Marlins
2021,2021-09-25,632355,2021-09-25 23:05:00+00:00,R,N,1,110,140,Baltimore Orioles,Texas Rangers
2021,2021-09-25,632338,2021-09-25 23:10:00+00:00,R,N,1,113,120,Cincinnati Reds,Washington Nationals
2021,2021-09-25,632350,2021-09-25 23:10:00+00:00,R,N,1,142,141,Minnesota Twins,Toronto Blue Jays
2021,2021-09-25,632346,2021-09-25 23:10:00+00:00,R,N,1,158,121,Milwaukee Brewers,New York Mets
2021,2021-09-25,632343,2021-09-25 23:15:00+00:00,R,N,1,135,144,San Diego Padres,Atlanta Braves
2021,2021-09-25,632348,2021-09-25 23:15:00+00:00,R,N,1,114,145,Cleveland Indians,Chicago White Sox
2021,2021-09-25,632353,2021-09-26 00:10:00+00:00,R,N,1,109,119,Arizona Diamondbacks,Los Angeles Dodgers
2021,2021-09-25,632349,2021-09-26 00:10:00+00:00,R,N,1,115,137,Colorado Rockies,San Francisco Giants
2021,2021-09-25,632344,2021-09-26 01:07:00+00:00,R,N,1,108,136,Los Angeles Angels,Seattle Mariners
2021,2021-09-26,632326,2021-09-26 16:10:00+00:00,R,N,1,116,118,Detroit Tigers,Kansas City Royals
2021,2021-09-26,632334,2021-09-26 17:05:00+00:00,R,N,1,110,140,Baltimore Orioles,Texas Rangers
2021,2021-09-26,632329,2021-09-26 17:05:00+00:00,R,N,1,143,134,Philadelphia Phillies,Pittsburgh Pirates
2021,2021-09-26,632333,2021-09-26 17:10:00+00:00,R,N,1,113,120,Cincinnati Reds,Washington Nationals
2021,2021-09-26,632330,2021-09-26 17:10:00+00:00,R,N,1,114,145,Cleveland Indians,Chicago White Sox
2021,2021-09-26,632290,2021-09-26 17:10:00+00:00,R,N,1,139,146,Tampa Bay Rays,Miami Marlins
2021,2021-09-26,632336,2021-09-26 18:10:00+00:00,R,N,1,142,141,Minnesota Twins,Toronto Blue Jays
2021,2021-09-26,632328,2021-09-26 18:10:00+00:00,R,N,1,158,121,Milwaukee Brewers,New York Mets
2021,2021-09-26,632332,2021-09-26 18:20:00+00:00,R,N,1,112,138,Chicago Cubs,St. Louis Cardinals
2021,2021-09-26,632331,2021-09-26 19:10:00+00:00,R,N,1,115,137,Colorado Rockies,San Francisco Giants
2021,2021-09-26,632324,2021-09-26 20:07:00+00:00,R,N,1,133,117,Oakland Athletics,Houston Astros
2021,2021-09-26,632327,2021-09-26 20:07:00+00:00,R,N,1,108,136,Los Angeles Angels,Seattle Mariners
2021,2021-09-26,632337,2021-09-26 20:10:00+00:00,R,N,1,109,119,Arizona Diamondbacks,Los Angeles Dodgers
2021,2021-09-26,632325,2021-09-26 20:10:00+00:00,R,N,1,135,144,San Diego Padres,Atlanta Braves
2021,2021-09-26,632345,2021-09-26 23:08:00+00:00,R,N,1,111,147,Boston Red Sox,New York Yankees
2021,2021-09-27,632409,2021-09-27 17:10:00+00:00,R,N,1,114,118,Cleveland Indians,Kansas City Royals
2021,2021-09-27,632388,2021-09-27 17:10:00+00:00,R,N,1,113,134,Cincinnati Reds,Pittsburgh Pirates
2021,2021-09-27,632393,2021-09-27 17:10:00+00:00,R,N,1,116,145,Detroit Tigers,Chicago White Sox
2021,2021-09-27,632319,2021-09-28 00:40:00+00:00,R,N,1,115,120,Colorado Rockies,Washington Nationals
2021,2021-09-27,632323,2021-09-28 02:10:00+00:00,R,N,1,136,133,Seattle Mariners,Oakland Athletics
2021,2021-09-28,632311,2021-09-28 20:10:00+00:00,R,Y,1,121,146,New York Mets,Miami Marlins
2021,2021-09-28,632666,2021-09-28 20:15:00+00:00,R,Y,2,121,146,New York Mets,Miami Marlins
2021,2021-09-28,632313,2021-09-28 22:35:00+00:00,R,N,1,134,112,Pittsburgh Pirates,Chicago Cubs
2021,2021-09-28,632317,2021-09-28 23:05:00+00:00,R,N,1,110,111,Baltimore Orioles,Boston Red Sox
2021,2021-09-28,632288,2021-09-28 23:07:00+00:00,R,N,1,141,147,Toronto Blue Jays,New York Yankees
2021,2021-09-28,632320,2021-09-28 23:20:00+00:00,R,N,1,144,143,Atlanta Braves,Philadelphia Phillies
2021,2021-09-28,632289,2021-09-28 23:40:00+00:00,R,N,1,142,116,Minnesota Twins,Detroit Tigers
2021,2021-09-28,632314,2021-09-28 23:45:00+00:00,R,N,1,138,158,St. Louis Cardinals,Milwaukee Brewers
2021,2021-09-28,632308,2021-09-29 00:05:00+00:00,R,N,1,140,108,Texas Rangers,Los Angeles Angels
2021,2021-09-28,632315,2021-09-29 00:10:00+00:00,R,N,1,118,114,Kansas City Royals,Cleveland Indians
2021,2021-09-28,632316,2021-09-29 00:10:00+00:00,R,N,1,117,139,Houston Astros,Tampa Bay Rays
2021,2021-09-28,632321,2021-09-29 00:10:00+00:00,R,N,1,145,113,Chicago White Sox,Cincinnati Reds
2021,2021-09-28,632322,2021-09-29 00:40:00+00:00,R,N,1,115,120,Colorado Rockies,Washington Nationals
2021,2021-09-28,632307,2021-09-29 01:45:00+00:00,R,N,1,137,109,San Francisco Giants,Arizona Diamondbacks
2021,2021-09-28,632318,2021-09-29 02:10:00+00:00,R,N,1,119,135,Los Angeles Dodgers,San Diego Padres
2021,2021-09-28,632312,2021-09-29 02:10:00+00:00,R,N,1,136,133,Seattle Mariners,Oakland Athletics
2021,2021-09-29,632310,2021-09-29 19:10:00+00:00,R,N,1,115,120,Colorado Rockies,Washington Nationals
2021,2021-09-29,632287,2021-09-29 22:35:00+00:00,R,N,1,134,112,Pittsburgh Pirates,Chicago Cubs
2021,2021-09-29,632309,2021-09-29 23:05:00+00:00,R,N,1,110,111,Baltimore Orioles,Boston Red Sox
2021,2021-09-29,632296,2021-09-29 23:07:00+00:00,R,N,1,141,147,Toronto Blue Jays,New York Yankees
2021,2021-09-29,632303,2021-09-29 23:10:00+00:00,R,N,1,121,146,New York Mets,Miami Marlins
2021,2021-09-29,632306,2021-09-29 23:20:00+00:00,R,N,1,144,143,Atlanta Braves,Philadelphia Phillies
2021,2021-09-29,632300,2021-09-29 23:40:00+00:00,R,N,1,142,116,Minnesota Twins,Detroit Tigers
2021,2021-09-29,632301,2021-09-29 23:45:00+00:00,R,N,1,138,158,St. Louis Cardinals,Milwaukee Brewers
2021,2021-09-29,632295,2021-09-30 00:05:00+00:00,R,N,1,140,108,Texas Rangers,Los Angeles Angels
2021,2021-09-29,632302,2021-09-30 00:10:00+00:00,R,N,1,118,114,Kansas City Royals,Cleveland Indians
2021,2021-09-29,632305,2021-09-30 00:10:00+00:00,R,N,1,117,139,Houston Astros,Tampa Bay Rays
2021,2021-09-29,632304,2021-09-30 00:10:00+00:00,R,N,1,145,113,Chicago White Sox,Cincinnati Reds
2021,2021-09-29,632298,2021-09-30 01:45:00+00:00,R,N,1,137,109,San Francisco Giants,Arizona Diamondbacks
2021,2021-09-29,632297,2021-09-30 02:10:00+00:00,R,N,1,119,135,Los Angeles Dodgers,San Diego Padres
2021,2021-09-29,632299,2021-09-30 02:10:00+00:00,R,N,1,136,133,Seattle Mariners,Oakland Athletics
2021,2021-09-30,632281,2021-09-30 17:15:00+00:00,R,N,1,138,158,St. Louis Cardinals,Milwaukee Brewers
2021,2021-09-30,632275,2021-09-30 18:05:00+00:00,R,N,1,140,108,Texas Rangers,Los Angeles Angels
2021,2021-09-30,632286,2021-09-30 22:35:00+00:00,R,N,1,134,112,Pittsburgh Pirates,Chicago Cubs
2021,2021-09-30,632294,2021-09-30 23:05:00+00:00,R,N,1,110,111,Baltimore Orioles,Boston Red Sox
2021,2021-09-30,632280,2021-09-30 23:07:00+00:00,R,N,1,141,147,Toronto Blue Jays,New York Yankees
2021,2021-09-30,632292,2021-09-30 23:10:00+00:00,R,N,1,117,139,Houston Astros,Tampa Bay Rays
2021,2021-09-30,632283,2021-09-30 23:10:00+00:00,R,N,1,121,146,New York Mets,Miami Marlins
2021,2021-09-30,632293,2021-09-30 23:20:00+00:00,R,N,1,144,143,Atlanta Braves,Philadelphia Phillies
2021,2021-09-30,632285,2021-09-30 23:40:00+00:00,R,N,1,142,116,Minnesota Twins,Detroit Tigers
2021,2021-09-30,632284,2021-10-01 00:10:00+00:00,R,N,1,118,114,Kansas City Royals,Cleveland Indians
2021,2021-09-30,632278,2021-10-01 01:45:00+00:00,R,N,1,137,109,San Francisco Giants,Arizona Diamondbacks
2021,2021-09-30,632291,2021-10-01 02:10:00+00:00,R,N,1,119,135,Los Angeles Dodgers,San Diego Padres
2021,2021-10-01,632250,2021-10-01 22:35:00+00:00,R,N,1,134,113,Pittsburgh Pirates,Cincinnati Reds
2021,2021-10-01,632261,2021-10-01 23:05:00+00:00,R,N,1,120,111,Washington Nationals,Boston Red Sox
2021,2021-10-01,632282,2021-10-01 23:05:00+00:00,R,N,1,147,139,New York Yankees,Tampa Bay Rays
2021,2021-10-01,632268,2021-10-01 23:07:00+00:00,R,N,1,141,110,Toronto Blue Jays,Baltimore Orioles
2021,2021-10-01,632271,2021-10-01 23:10:00+00:00,R,N,1,146,143,Miami Marlins,Philadelphia Phillies
2021,2021-10-01,632277,2021-10-01 23:20:00+00:00,R,N,1,144,121,Atlanta Braves,New York Mets
2021,2021-10-01,632248,2021-10-02 00:05:00+00:00,R,N,1,140,114,Texas Rangers,Cleveland Indians
2021,2021-10-01,632279,2021-10-02 00:10:00+00:00,R,N,1,117,133,Houston Astros,Oakland Athletics
2021,2021-10-01,632272,2021-10-02 00:10:00+00:00,R,N,1,118,142,Kansas City Royals,Minnesota Twins
2021,2021-10-01,632274,2021-10-02 00:10:00+00:00,R,N,1,145,116,Chicago White Sox,Detroit Tigers
2021,2021-10-01,632266,2021-10-02 00:15:00+00:00,R,N,1,138,112,St. Louis Cardinals,Chicago Cubs
2021,2021-10-01,632276,2021-10-02 01:40:00+00:00,R,N,1,109,115,Arizona Diamondbacks,Colorado Rockies
2021,2021-10-01,632267,2021-10-02 01:45:00+00:00,R,N,1,137,135,San Francisco Giants,San Diego Padres
2021,2021-10-01,632270,2021-10-02 02:10:00+00:00,R,N,1,136,108,Seattle Mariners,Los Angeles Angels
2021,2021-10-01,632273,2021-10-02 02:10:00+00:00,R,N,1,119,158,Los Angeles Dodgers,Milwaukee Brewers
2021,2021-10-02,632259,2021-10-02 17:05:00+00:00,R,N,1,147,139,New York Yankees,Tampa Bay Rays
2021,2021-10-02,632247,2021-10-02 19:07:00+00:00,R,N,1,141,110,Toronto Blue Jays,Baltimore Orioles
2021,2021-10-02,632244,2021-10-02 20:05:00+00:00,R,N,1,120,111,Washington Nationals,Boston Red Sox
2021,2021-10-02,632256,2021-10-02 20:05:00+00:00,R,N,1,137,135,San Francisco Giants,San Diego Padres
2021,2021-10-02,632263,2021-10-02 22:10:00+00:00,R,N,1,146,143,Miami Marlins,Philadelphia Phillies
2021,2021-10-02,632258,2021-10-02 22:35:00+00:00,R,N,1,134,113,Pittsburgh Pirates,Cincinnati Reds
2021,2021-10-02,632251,2021-10-02 23:05:00+00:00,R,N,1,140,114,Texas Rangers,Cleveland Indians
2021,2021-10-02,632249,2021-10-02 23:10:00+00:00,R,N,1,117,133,Houston Astros,Oakland Athletics
2021,2021-10-02,632264,2021-10-02 23:10:00+00:00,R,N,1,118,142,Kansas City Royals,Minnesota Twins
2021,2021-10-02,632265,2021-10-02 23:10:00+00:00,R,N,1,145,116,Chicago White Sox,Detroit Tigers
2021,2021-10-02,632257,2021-10-02 23:15:00+00:00,R,N,1,138,112,St. Louis Cardinals,Chicago Cubs
2021,2021-10-02,632262,2021-10-02 23:15:00+00:00,R,N,1,144,121,Atlanta Braves,New York Mets
2021,2021-10-02,632269,2021-10-03 00:10:00+00:00,R,N,1,109,115,Arizona Diamondbacks,Colorado Rockies
2021,2021-10-02,632255,2021-10-03 01:10:00+00:00,R,N,1,136,108,Seattle Mariners,Los Angeles Angels
2021,2021-10-02,632260,2021-10-03 01:10:00+00:00,R,N,1,119,158,Los Angeles Dodgers,Milwaukee Brewers
2021,2021-10-03,632234,2021-10-03 19:05:00+00:00,R,N,1,120,111,Washington Nationals,Boston Red Sox
2021,2021-10-03,632240,2021-10-03 19:05:00+00:00,R,N,1,134,113,Pittsburgh Pirates,Cincinnati Reds
2021,2021-10-03,632241,2021-10-03 19:05:00+00:00,R,N,1,137,135,San Francisco Giants,San Diego Padres
2021,2021-10-03,632236,2021-10-03 19:05:00+00:00,R,N,1,140,114,Texas Rangers,Cleveland Indians
2021,2021-10-03,632239,2021-10-03 19:05:00+00:00,R,N,1,147,139,New York Yankees,Tampa Bay Rays
2021,2021-10-03,632235,2021-10-03 19:07:00+00:00,R,N,1,141,110,Toronto Blue Jays,Baltimore Orioles
2021,2021-10-03,632253,2021-10-03 19:10:00+00:00,R,N,1,109,115,Arizona Diamondbacks,Colorado Rockies
2021,2021-10-03,632245,2021-10-03 19:10:00+00:00,R,N,1,117,133,Houston Astros,Oakland Athletics
2021,2021-10-03,632237,2021-10-03 19:10:00+00:00,R,N,1,136,108,Seattle Mariners,Los Angeles Angels
2021,2021-10-03,632243,2021-10-03 19:10:00+00:00,R,N,1,118,142,Kansas City Royals,Minnesota Twins
2021,2021-10-03,632252,2021-10-03 19:10:00+00:00,R,N,1,145,116,Chicago White Sox,Detroit Tigers
2021,2021-10-03,632246,2021-10-03 19:10:00+00:00,R,N,1,146,143,Miami Marlins,Philadelphia Phillies
2021,2021-10-03,632242,2021-10-03 19:10:00+00:00,R,N,1,119,158,Los Angeles Dodgers,Milwaukee Brewers
2021,2021-10-03,632238,2021-10-03 19:15:00+00:00,R,N,1,138,112,St. Louis Cardinals,Chicago Cubs
2021,2021-10-03,632254,2021-10-03 19:20:00+00:00,R,N,1,144,121,Atlanta Braves,New York Mets
