config_id,day_map,min_move_cents,evenly_matched_max_abs_ml,heavy_fav_abs_ml,split,n_bets,wins,losses,pushes,profit,roi
PPPPPP-m5-e120-h200,PPPPPP,5,120,200,train,9542,5382,4160,0,-26607.91,-2.79
PPPPPP-m5-e120-h200,PPPPPP,5,120,200,valid,3853,2269,1584,0,-3224.22,-0.84
PPPPPP-m5-e120-h250,PPPPPP,5,120,250,train,9542,5382,4160,0,-26607.91,-2.79
PPPPPP-m5-e120-h250,PPPPPP,5,120,250,valid,3853,2269,1584,0,-3224.22,-0.84
PPPPPP-m5-e120-h300,PPPPPP,5,120,300,train,9542,5382,4160,0,-26607.91,-2.79
PPPPPP-m5-e120-h300,PPPPPP,5,120,300,valid,3853,2269,1584,0,-3224.22,-0.84
PPPPPP-m5-e130-h200,PPPPPP,5,130,200,train,9542,5276,4266,0,-25552.38,-2.68
PPPPPP-m5-e130-h200,PPPPPP,5,130,200,valid,3853,2215,1638,0,-5867.65,-1.52
PPPPPP-m5-e130-h250,PPPPPP,5,130,250,train,9542,5276,4266,0,-25552.38,-2.68
PPPPPP-m5-e130-h250,PPPPPP,5,130,250,valid,3853,2215,1638,0,-5867.65,-1.52
PPPPPP-m5-e130-h300,PPPPPP,5,130,300,train,9542,5276,4266,0,-25552.38,-2.68
PPPPPP-m5-e130-h300,PPPPPP,5,130,300,valid,3853,2215,1638,0,-5867.65,-1.52
PPPPPP-m5-e140-h200,PPPPPP,5,140,200,train,9542,5173,4369,0,-24391.34,-2.56
PPPPPP-m5-e140-h200,PPPPPP,5,140,200,valid,3853,2154,1699,0,-8750.67,-2.27
PPPPPP-m5-e140-h250,PPPPPP,5,140,250,train,9542,5173,4369,0,-24391.34,-2.56
PPPPPP-m5-e140-h250,PPPPPP,5,140,250,valid,3853,2154,1699,0,-8750.67,-2.27
PPPPPP-m5-e140-h300,PPPPPP,5,140,300,train,9542,5173,4369,0,-24391.34,-2.56
PPPPPP-m5-e140-h300,PPPPPP,5,140,300,valid,3853,2154,1699,0,-8750.67,-2.27
PPPPPP-m10-e120-h200,PPPPPP,10,120,200,train,8653,4866,3787,0,-22221.84,-2.57
PPPPPP-m10-e120-h200,PPPPPP,10,120,200,valid,3505,2066,1439,0,-1091.16,-0.31
PPPPPP-m10-e120-h250,PPPPPP,10,120,250,train,8653,4866,3787,0,-22221.84,-2.57
PPPPPP-m10-e120-h250,PPPPPP,10,120,250,valid,3505,2066,1439,0,-1091.16,-0.31
PPPPPP-m10-e120-h300,PPPPPP,10,120,300,train,8653,4866,3787,0,-22221.84,-2.57
PPPPPP-m10-e120-h300,PPPPPP,10,120,300,valid,3505,2066,1439,0,-1091.16,-0.31
PPPPPP-m10-e130-h200,PPPPPP,10,130,200,train,8653,4794,3859,0,-18322.15,-2.12
PPPPPP-m10-e130-h200,PPPPPP,10,130,200,valid,3505,2023,1482,0,-2949.72,-0.84
PPPPPP-m10-e130-h250,PPPPPP,10,130,250,train,8653,4794,3859,0,-18322.15,-2.12
PPPPPP-m10-e130-h250,PPPPPP,10,130,250,valid,3505,2023,1482,0,-2949.72,-0.84
PPPPPP-m10-e130-h300,PPPPPP,10,130,300,train,8653,4794,3859,0,-18322.15,-2.12
PPPPPP-m10-e130-h300,PPPPPP,10,130,300,valid,3505,2023,1482,0,-2949.72,-0.84
PPPPPP-m10-e140-h200,PPPPPP,10,140,200,train,8653,4714,3939,0,-16174.47,-1.87
PPPPPP-m10-e140-h200,PPPPPP,10,140,200,valid,3505,1964,1541,0,-7236.52,-2.06
PPPPPP-m10-e140-h250,PPPPPP,10,140,250,train,8653,4714,3939,0,-16174.47,-1.87
PPPPPP-m10-e140-h250,PPPPPP,10,140,250,valid,3505,1964,1541,0,-7236.52,-2.06
PPPPPP-m10-e140-h300,PPPPPP,10,140,300,train,8653,4714,3939,0,-16174.47,-1.87
PPPPPP-m10-e140-h300,PPPPPP,10,140,300,valid,3505,1964,1541,0,-7236.52,-2.06
PPPPPP-m15-e120-h200,PPPPPP,15,120,200,train,7900,4402,3498,0,-19816.26,-2.51
PPPPPP-m15-e120-h200,PPPPPP,15,120,200,valid,3236,1902,1334,0,-33.18,-0.01
PPPPPP-m15-e120-h250,PPPPPP,15,120,250,train,7900,4402,3498,0,-19816.26,-2.51
PPPPPP-m15-e120-h250,PPPPPP,15,120,250,valid,3236,1902,1334,0,-33.18,-0.01
PPPPPP-m15-e120-h300,PPPPPP,15,120,300,train,7900,4402,3498,0,-19816.26,-2.51
PPPPPP-m15-e120-h300,PPPPPP,15,120,300,valid,3236,1902,1334,0,-33.18,-0.01
PPPPPP-m15-e130-h200,PPPPPP,15,130,200,train,7900,4365,3535,0,-12452.71,-1.58
PPPPPP-m15-e130-h200,PPPPPP,15,130,200,valid,3236,1861,1375,0,-2512.01,-0.78
PPPPPP-m15-e130-h250,PPPPPP,15,130,250,train,7900,4365,3535,0,-12452.71,-1.58
PPPPPP-m15-e130-h250,PPPPPP,15,130,250,valid,3236,1861,1375,0,-2512.01,-0.78
PPPPPP-m15-e130-h300,PPPPPP,15,130,300,train,7900,4365,3535,0,-12452.71,-1.58
PPPPPP-m15-e130-h300,PPPPPP,15,130,300,valid,3236,1861,1375,0,-2512.01,-0.78
PPPPPP-m15-e140-h200,PPPPPP,15,140,200,train,7900,4297,3603,0,-11032.89,-1.4
PPPPPP-m15-e140-h200,PPPPPP,15,140,200,valid,3236,1814,1422,0,-5858.65,-1.81
PPPPPP-m15-e140-h250,PPPPPP,15,140,250,train,7900,4297,3603,0,-11032.89,-1.4
PPPPPP-m15-e140-h250,PPPPPP,15,140,250,valid,3236,1814,1422,0,-5858.65,-1.81
PPPPPP-m15-e140-h300,PPPPPP,15,140,300,train,7900,4297,3603,0,-11032.89,-1.4
PPPPPP-m15-e140-h300,PPPPPP,15,140,300,valid,3236,1814,1422,0,-5858.65,-1.81
PPPPPP-m20-e120-h200,PPPPPP,20,120,200,train,7378,4088,3290,0,-16567.95,-2.25
PPPPPP-m20-e120-h200,PPPPPP,20,120,200,valid,3044,1767,1277,0,-1275.28,-0.42
PPPPPP-m20-e120-h250,PPPPPP,20,120,250,train,7378,4088,3290,0,-16567.95,-2.25
PPPPPP-m20-e120-h250,PPPPPP,20,120,250,valid,3044,1767,1277,0,-1275.28,-0.42
PPPPPP-m20-e120-h300,PPPPPP,20,120,300,train,7378,4088,3290,0,-16567.95,-2.25
PPPPPP-m20-e120-h300,PPPPPP,20,120,300,valid,3044,1767,1277,0,-1275.28,-0.42
PPPPPP-m20-e130-h200,PPPPPP,20,130,200,train,7378,4063,3315,0,-9268.03,-1.26
PPPPPP-m20-e130-h200,PPPPPP,20,130,200,valid,3044,1739,1305,0,-2167.08,-0.71
PPPPPP-m20-e130-h250,PPPPPP,20,130,250,train,7378,4063,3315,0,-9268.03,-1.26
PPPPPP-m20-e130-h250,PPPPPP,20,130,250,valid,3044,1739,1305,0,-2167.08,-0.71
PPPPPP-m20-e130-h300,PPPPPP,20,130,300,train,7378,4063,3315,0,-9268.03,-1.26
PPPPPP-m20-e130-h300,PPPPPP,20,130,300,valid,3044,1739,1305,0,-2167.08,-0.71
PPPPPP-m20-e140-h200,PPPPPP,20,140,200,train,7378,3994,3384,0,-10392.04,-1.41
PPPPPP-m20-e140-h200,PPPPPP,20,140,200,valid,3044,1701,1343,0,-4434.29,-1.46
PPPPPP-m20-e140-h250,PPPPPP,20,140,250,train,7378,3994,3384,0,-10392.04,-1.41
PPPPPP-m20-e140-h250,PPPPPP,20,140,250,valid,3044,1701,1343,0,-4434.29,-1.46
PPPPPP-m20-e140-h300,PPPPPP,20,140,300,train,7378,3994,3384,0,-10392.04,-1.41
PPPPPP-m20-e140-h300,PPPPPP,20,140,300,valid,3044,1701,1343,0,-4434.29,-1.46
PPPPPV-m5-e120-h200,PPPPPV,5,120,200,train,9542,5139,4403,0,-27918.79,-2.93
PPPPPV-m5-e120-h200,PPPPPV,5,120,200,valid,3853,2139,1714,0,-5210.91,-1.35
PPPPPV-m5-e120-h250,PPPPPV,5,120,250,train,9542,5139,4403,0,-27918.79,-2.93
PPPPPV-m5-e120-h250,PPPPPV,5,120,250,valid,3853,2139,1714,0,-5210.91,-1.35
PPPPPV-m5-e120-h300,PPPPPV,5,120,300,train,9542,5139,4403,0,-27918.79,-2.93
PPPPPV-m5-e120-h300,PPPPPV,5,120,300,valid,3853,2139,1714,0,-5210.91,-1.35
PPPPPV-m5-e130-h200,PPPPPV,5,130,200,train,9542,5038,4504,0,-30010.78,-3.15
PPPPPV-m5-e130-h200,PPPPPV,5,130,200,valid,3853,2102,1751,0,-6065.29,-1.57
PPPPPV-m5-e130-h250,PPPPPV,5,130,250,train,9542,5038,4504,0,-30010.78,-3.15
PPPPPV-m5-e130-h250,PPPPPV,5,130,250,valid,3853,2102,1751,0,-6065.29,-1.57
PPPPPV-m5-e130-h300,PPPPPV,5,130,300,train,9542,5038,4504,0,-30010.78,-3.15
PPPPPV-m5-e130-h300,PPPPPV,5,130,300,valid,3853,2102,1751,0,-6065.29,-1.57
PPPPPV-m5-e140-h200,PPPPPV,5,140,200,train,9542,4966,4576,0,-26574.77,-2.79
PPPPPV-m5-e140-h200,PPPPPV,5,140,200,valid,3853,2045,1808,0,-10055.12,-2.61
PPPPPV-m5-e140-h250,PPPPPV,5,140,250,train,9542,4966,4576,0,-26574.77,-2.79
PPPPPV-m5-e140-h250,PPPPPV,5,140,250,valid,3853,2045,1808,0,-10055.12,-2.61
PPPPPV-m5-e140-h300,PPPPPV,5,140,300,train,9542,4966,4576,0,-26574.77,-2.79
PPPPPV-m5-e140-h300,PPPPPV,5,140,300,valid,3853,2045,1808,0,-10055.12,-2.61
PPPPPV-m10-e120-h200,PPPPPV,10,120,200,train,8653,4663,3990,0,-25517.63,-2.95
PPPPPV-m10-e120-h200,PPPPPV,10,120,200,valid,3505,1955,1550,0,-4442.62,-1.27
PPPPPV-m10-e120-h250,PPPPPV,10,120,250,train,8653,4663,3990,0,-25517.63,-2.95
PPPPPV-m10-e120-h250,PPPPPV,10,120,250,valid,3505,1955,1550,0,-4442.62,-1.27
PPPPPV-m10-e120-h300,PPPPPV,10,120,300,train,8653,4663,3990,0,-25517.63,-2.95
PPPPPV-m10-e120-h300,PPPPPV,10,120,300,valid,3505,1955,1550,0,-4442.62,-1.27
PPPPPV-m10-e130-h200,PPPPPV,10,130,200,train,8653,4589,4064,0,-25513.42,-2.95
PPPPPV-m10-e130-h200,PPPPPV,10,130,200,valid,3505,1928,1577,0,-4510.18,-1.29
PPPPPV-m10-e130-h250,PPPPPV,10,130,250,train,8653,4589,4064,0,-25513.42,-2.95
PPPPPV-m10-e130-h250,PPPPPV,10,130,250,valid,3505,1928,1577,0,-4510.18,-1.29
PPPPPV-m10-e130-h300,PPPPPV,10,130,300,train,8653,4589,4064,0,-25513.42,-2.95
PPPPPV-m10-e130-h300,PPPPPV,10,130,300,valid,3505,1928,1577,0,-4510.18,-1.29
PPPPPV-m10-e140-h200,PPPPPV,10,140,200,train,8653,4535,4118,0,-21492.04,-2.48
PPPPPV-m10-e140-h200,PPPPPV,10,140,200,valid,3505,1875,1630,0,-9088.47,-2.59
PPPPPV-m10-e140-h250,PPPPPV,10,140,250,train,8653,4535,4118,0,-21492.04,-2.48
PPPPPV-m10-e140-h250,PPPPPV,10,140,250,valid,3505,1875,1630,0,-9088.47,-2.59
PPPPPV-m10-e140-h300,PPPPPV,10,140,300,train,8653,4535,4118,0,-21492.04,-2.48
PPPPPV-m10-e140-h300,PPPPPV,10,140,300,valid,3505,1875,1630,0,-9088.47,-2.59
PPPPPV-m15-e120-h200,PPPPPV,15,120,200,train,7900,4244,3656,0,-24458.53,-3.1
PPPPPV-m15-e120-h200,PPPPPV,15,120,200,valid,3236,1805,1431,0,-4668.12,-1.44
PPPPPV-m15-e120-h250,PPPPPV,15,120,250,train,7900,4244,3656,0,-24458.53,-3.1
PPPPPV-m15-e120-h250,PPPPPV,15,120,250,valid,3236,1805,1431,0,-4668.12,-1.44
PPPPPV-m15-e120-h300,PPPPPV,15,120,300,train,7900,4244,3656,0,-24458.53,-3.1
PPPPPV-m15-e120-h300,PPPPPV,15,120,300,valid,3236,1805,1431,0,-4668.12,-1.44
PPPPPV-m15-e130-h200,PPPPPV,15,130,200,train,7900,4200,3700,0,-21313.16,-2.7
PPPPPV-m15-e130-h200,PPPPPV,15,130,200,valid,3236,1780,1456,0,-5216.94,-1.61
PPPPPV-m15-e130-h250,PPPPPV,15,130,250,train,7900,4200,3700,0,-21313.16,-2.7
PPPPPV-m15-e130-h250,PPPPPV,15,130,250,valid,3236,1780,1456,0,-5216.94,-1.61
PPPPPV-m15-e130-h300,PPPPPV,15,130,300,train,7900,4200,3700,0,-21313.16,-2.7
PPPPPV-m15-e130-h300,PPPPPV,15,130,300,valid,3236,1780,1456,0,-5216.94,-1.61
PPPPPV-m15-e140-h200,PPPPPV,15,140,200,train,7900,4158,3742,0,-17595.99,-2.23
PPPPPV-m15-e140-h200,PPPPPV,15,140,200,valid,3236,1741,1495,0,-8249.43,-2.55
PPPPPV-m15-e140-h250,PPPPPV,15,140,250,train,7900,4158,3742,0,-17595.99,-2.23
PPPPPV-m15-e140-h250,PPPPPV,15,140,250,valid,3236,1741,1495,0,-8249.43,-2.55
PPPPPV-m15-e140-h300,PPPPPV,15,140,300,train,7900,4158,3742,0,-17595.99,-2.23
PPPPPV-m15-e140-h300,PPPPPV,15,140,300,valid,3236,1741,1495,0,-8249.43,-2.55
PPPPPV-m20-e120-h200,PPPPPV,20,120,200,train,7378,3972,3406,0,-20292.1,-2.75
PPPPPV-m20-e120-h200,PPPPPV,20,120,200,valid,3044,1689,1355,0,-5819.02,-1.91
PPPPPV-m20-e120-h250,PPPPPV,20,120,250,train,7378,3972,3406,0,-20292.1,-2.75
PPPPPV-m20-e120-h250,PPPPPV,20,120,250,valid,3044,1689,1355,0,-5819.02,-1.91
PPPPPV-m20-e120-h300,PPPPPV,20,120,300,train,7378,3972,3406,0,-20292.1,-2.75
PPPPPV-m20-e120-h300,PPPPPV,20,120,300,valid,3044,1689,1355,0,-5819.02,-1.91
PPPPPV-m20-e130-h200,PPPPPV,20,130,200,train,7378,3943,3435,0,-16287.92,-2.21
PPPPPV-m20-e130-h200,PPPPPV,20,130,200,valid,3044,1671,1373,0,-5736.14,-1.88
PPPPPV-m20-e130-h250,PPPPPV,20,130,250,train,7378,3943,3435,0,-16287.92,-2.21
PPPPPV-m20-e130-h250,PPPPPV,20,130,250,valid,3044,1671,1373,0,-5736.14,-1.88
PPPPPV-m20-e130-h300,PPPPPV,20,130,300,train,7378,3943,3435,0,-16287.92,-2.21
PPPPPV-m20-e130-h300,PPPPPV,20,130,300,valid,3044,1671,1373,0,-5736.14,-1.88
PPPPPV-m20-e140-h200,PPPPPV,20,140,200,train,7378,3896,3482,0,-15343.68,-2.08
PPPPPV-m20-e140-h200,PPPPPV,20,140,200,valid,3044,1638,1406,0,-8151.13,-2.68
PPPPPV-m20-e140-h250,PPPPPV,20,140,250,train,7378,3896,3482,0,-15343.68,-2.08
PPPPPV-m20-e140-h250,PPPPPV,20,140,250,valid,3044,1638,1406,0,-8151.13,-2.68
PPPPPV-m20-e140-h300,PPPPPV,20,140,300,train,7378,3896,3482,0,-15343.68,-2.08
PPPPPV-m20-e140-h300,PPPPPV,20,140,300,valid,3044,1638,1406,0,-8151.13,-2.68
PPPPVP-m5-e120-h200,PPPPVP,5,120,200,train,9542,5157,4385,0,-22914.09,-2.4
PPPPVP-m5-e120-h200,PPPPVP,5,120,200,valid,3853,2119,1734,0,-8530.56,-2.21
PPPPVP-m5-e120-h250,PPPPVP,5,120,250,train,9542,5157,4385,0,-22914.09,-2.4
PPPPVP-m5-e120-h250,PPPPVP,5,120,250,valid,3853,2119,1734,0,-8530.56,-2.21
PPPPVP-m5-e120-h300,PPPPVP,5,120,300,train,9542,5157,4385,0,-22914.09,-2.4
PPPPVP-m5-e120-h300,PPPPVP,5,120,300,valid,3853,2119,1734,0,-8530.56,-2.21
PPPPVP-m5-e130-h200,PPPPVP,5,130,200,train,9542,5048,4494,0,-26724.43,-2.8
PPPPVP-m5-e130-h200,PPPPVP,5,130,200,valid,3853,2080,1773,0,-9911.05,-2.57
PPPPVP-m5-e130-h250,PPPPVP,5,130,250,train,9542,5048,4494,0,-26724.43,-2.8
PPPPVP-m5-e130-h250,PPPPVP,5,130,250,valid,3853,2080,1773,0,-9911.05,-2.57
PPPPVP-m5-e130-h300,PPPPVP,5,130,300,train,9542,5048,4494,0,-26724.43,-2.8
PPPPVP-m5-e130-h300,PPPPVP,5,130,300,valid,3853,2080,1773,0,-9911.05,-2.57
PPPPVP-m5-e140-h200,PPPPVP,5,140,200,train,9542,4946,4596,0,-29428.01,-3.08
PPPPVP-m5-e140-h200,PPPPVP,5,140,200,valid,3853,2037,1816,0,-10973.56,-2.85
PPPPVP-m5-e140-h250,PPPPVP,5,140,250,train,9542,4946,4596,0,-29428.01,-3.08
PPPPVP-m5-e140-h250,PPPPVP,5,140,250,valid,3853,2037,1816,0,-10973.56,-2.85
PPPPVP-m5-e140-h300,PPPPVP,5,140,300,train,9542,4946,4596,0,-29428.01,-3.08
PPPPVP-m5-e140-h300,PPPPVP,5,140,300,valid,3853,2037,1816,0,-10973.56,-2.85
PPPPVP-m10-e120-h200,PPPPVP,10,120,200,train,8653,4693,3960,0,-16851.87,-1.95
PPPPVP-m10-e120-h200,PPPPVP,10,120,200,valid,3505,1941,1564,0,-7424.53,-2.12
PPPPVP-m10-e120-h250,PPPPVP,10,120,250,train,8653,4693,3960,0,-16851.87,-1.95
PPPPVP-m10-e120-h250,PPPPVP,10,120,250,valid,3505,1941,1564,0,-7424.53,-2.12
PPPPVP-m10-e120-h300,PPPPVP,10,120,300,train,8653,4693,3960,0,-16851.87,-1.95
PPPPVP-m10-e120-h300,PPPPVP,10,120,300,valid,3505,1941,1564,0,-7424.53,-2.12
PPPPVP-m10-e130-h200,PPPPVP,10,130,200,train,8653,4613,4040,0,-18056.78,-2.09
PPPPVP-m10-e130-h200,PPPPVP,10,130,200,valid,3505,1910,1595,0,-8291.33,-2.37
PPPPVP-m10-e130-h250,PPPPVP,10,130,250,train,8653,4613,4040,0,-18056.78,-2.09
PPPPVP-m10-e130-h250,PPPPVP,10,130,250,valid,3505,1910,1595,0,-8291.33,-2.37
PPPPVP-m10-e130-h300,PPPPVP,10,130,300,train,8653,4613,4040,0,-18056.78,-2.09
PPPPVP-m10-e130-h300,PPPPVP,10,130,300,valid,3505,1910,1595,0,-8291.33,-2.37
PPPPVP-m10-e140-h200,PPPPVP,10,140,200,train,8653,4527,4126,0,-20580.64,-2.38
PPPPVP-m10-e140-h200,PPPPVP,10,140,200,valid,3505,1868,1637,0,-10712.94,-3.06
PPPPVP-m10-e140-h250,PPPPVP,10,140,250,train,8653,4527,4126,0,-20580.64,-2.38
PPPPVP-m10-e140-h250,PPPPVP,10,140,250,valid,3505,1868,1637,0,-10712.94,-3.06
PPPPVP-m10-e140-h300,PPPPVP,10,140,300,train,8653,4527,4126,0,-20580.64,-2.38
PPPPVP-m10-e140-h300,PPPPVP,10,140,300,valid,3505,1868,1637,0,-10712.94,-3.06
PPPPVP-m15-e120-h200,PPPPVP,15,120,200,train,7900,4277,3623,0,-14524.52,-1.84
PPPPVP-m15-e120-h200,PPPPVP,15,120,200,valid,3236,1801,1435,0,-6210.38,-1.92
PPPPVP-m15-e120-h250,PPPPVP,15,120,250,train,7900,4277,3623,0,-14524.52,-1.84
PPPPVP-m15-e120-h250,PPPPVP,15,120,250,valid,3236,1801,1435,0,-6210.38,-1.92
PPPPVP-m15-e120-h300,PPPPVP,15,120,300,train,7900,4277,3623,0,-14524.52,-1.84
PPPPVP-m15-e120-h300,PPPPVP,15,120,300,valid,3236,1801,1435,0,-6210.38,-1.92
PPPPVP-m15-e130-h200,PPPPVP,15,130,200,train,7900,4225,3675,0,-12887.52,-1.63
PPPPVP-m15-e130-h200,PPPPVP,15,130,200,valid,3236,1772,1464,0,-7515.23,-2.32
PPPPVP-m15-e130-h250,PPPPVP,15,130,250,train,7900,4225,3675,0,-12887.52,-1.63
PPPPVP-m15-e130-h250,PPPPVP,15,130,250,valid,3236,1772,1464,0,-7515.23,-2.32
PPPPVP-m15-e130-h300,PPPPVP,15,130,300,train,7900,4225,3675,0,-12887.52,-1.63
PPPPVP-m15-e130-h300,PPPPVP,15,130,300,valid,3236,1772,1464,0,-7515.23,-2.32
PPPPVP-m15-e140-h200,PPPPVP,15,140,200,train,7900,4152,3748,0,-15341.51,-1.94
PPPPVP-m15-e140-h200,PPPPVP,15,140,200,valid,3236,1740,1496,0,-9129.34,-2.82
PPPPVP-m15-e140-h250,PPPPVP,15,140,250,train,7900,4152,3748,0,-15341.51,-1.94
PPPPVP-m15-e140-h250,PPPPVP,15,140,250,valid,3236,1740,1496,0,-9129.34,-2.82
PPPPVP-m15-e140-h300,PPPPVP,15,140,300,train,7900,4152,3748,0,-15341.51,-1.94
PPPPVP-m15-e140-h300,PPPPVP,15,140,300,valid,3236,1740,1496,0,-9129.34,-2.82
PPPPVP-m20-e120-h200,PPPPVP,20,120,200,train,7378,3981,3397,0,-14737.08,-2.0
PPPPVP-m20-e120-h200,PPPPVP,20,120,200,valid,3044,1698,1346,0,-4532.01,-1.49
PPPPVP-m20-e120-h250,PPPPVP,20,120,250,train,7378,3981,3397,0,-14737.08,-2.0
PPPPVP-m20-e120-h250,PPPPVP,20,120,250,valid,3044,1698,1346,0,-4532.01,-1.49
PPPPVP-m20-e120-h300,PPPPVP,20,120,300,train,7378,3981,3397,0,-14737.08,-2.0
PPPPVP-m20-e120-h300,PPPPVP,20,120,300,valid,3044,1698,1346,0,-4532.01,-1.49
PPPPVP-m20-e130-h200,PPPPVP,20,130,200,train,7378,3938,3440,0,-13197.19,-1.79
PPPPVP-m20-e130-h200,PPPPVP,20,130,200,valid,3044,1678,1366,0,-4855.41,-1.6
PPPPVP-m20-e130-h250,PPPPVP,20,130,250,train,7378,3938,3440,0,-13197.19,-1.79
PPPPVP-m20-e130-h250,PPPPVP,20,130,250,valid,3044,1678,1366,0,-4855.41,-1.6
PPPPVP-m20-e130-h300,PPPPVP,20,130,300,train,7378,3938,3440,0,-13197.19,-1.79
PPPPVP-m20-e130-h300,PPPPVP,20,130,300,valid,3044,1678,1366,0,-4855.41,-1.6
PPPPVP-m20-e140-h200,PPPPVP,20,140,200,train,7378,3866,3512,0,-17381.44,-2.36
PPPPVP-m20-e140-h200,PPPPVP,20,140,200,valid,3044,1651,1393,0,-5874.65,-1.93
PPPPVP-m20-e140-h250,PPPPVP,20,140,250,train,7378,3866,3512,0,-17381.44,-2.36
PPPPVP-m20-e140-h250,PPPPVP,20,140,250,valid,3044,1651,1393,0,-5874.65,-1.93
PPPPVP-m20-e140-h300,PPPPVP,20,140,300,train,7378,3866,3512,0,-17381.44,-2.36
PPPPVP-m20-e140-h300,PPPPVP,20,140,300,valid,3044,1651,1393,0,-5874.65,-1.93
PPPPVV-m5-e120-h200,PPPPVV,5,120,200,train,9542,4914,4628,0,-24224.97,-2.54
PPPPVV-m5-e120-h200,PPPPVV,5,120,200,valid,3853,1989,1864,0,-10517.25,-2.73
PPPPVV-m5-e120-h250,PPPPVV,5,120,250,train,9542,4914,4628,0,-24224.97,-2.54
PPPPVV-m5-e120-h250,PPPPVV,5,120,250,valid,3853,1989,1864,0,-10517.25,-2.73
PPPPVV-m5-e120-h300,PPPPVV,5,120,300,train,9542,4914,4628,0,-24224.97,-2.54
PPPPVV-m5-e120-h300,PPPPVV,5,120,300,valid,3853,1989,1864,0,-10517.25,-2.73
PPPPVV-m5-e130-h200,PPPPVV,5,130,200,train,9542,4810,4732,0,-31182.83,-3.27
PPPPVV-m5-e130-h200,PPPPVV,5,130,200,valid,3853,1967,1886,0,-10108.69,-2.62
PPPPVV-m5-e130-h250,PPPPVV,5,130,250,train,9542,4810,4732,0,-31182.83,-3.27
PPPPVV-m5-e130-h250,PPPPVV,5,130,250,valid,3853,1967,1886,0,-10108.69,-2.62
PPPPVV-m5-e130-h300,PPPPVV,5,130,300,train,9542,4810,4732,0,-31182.83,-3.27
PPPPVV-m5-e130-h300,PPPPVV,5,130,300,valid,3853,1967,1886,0,-10108.69,-2.62
PPPPVV-m5-e140-h200,PPPPVV,5,140,200,train,9542,4739,4803,0,-31611.44,-3.31
PPPPVV-m5-e140-h200,PPPPVV,5,140,200,valid,3853,1928,1925,0,-12278.01,-3.19
PPPPVV-m5-e140-h250,PPPPVV,5,140,250,train,9542,4739,4803,0,-31611.44,-3.31
PPPPVV-m5-e140-h250,PPPPVV,5,140,250,valid,3853,1928,1925,0,-12278.01,-3.19
PPPPVV-m5-e140-h300,PPPPVV,5,140,300,train,9542,4739,4803,0,-31611.44,-3.31
PPPPVV-m5-e140-h300,PPPPVV,5,140,300,valid,3853,1928,1925,0,-12278.01,-3.19
PPPPVV-m10-e120-h200,PPPPVV,10,120,200,train,8653,4490,4163,0,-20147.66,-2.33
PPPPVV-m10-e120-h200,PPPPVV,10,120,200,valid,3505,1830,1675,0,-10775.99,-3.07
PPPPVV-m10-e120-h250,PPPPVV,10,120,250,train,8653,4490,4163,0,-20147.66,-2.33
PPPPVV-m10-e120-h250,PPPPVV,10,120,250,valid,3505,1830,1675,0,-10775.99,-3.07
PPPPVV-m10-e120-h300,PPPPVV,10,120,300,train,8653,4490,4163,0,-20147.66,-2.33
PPPPVV-m10-e120-h300,PPPPVV,10,120,300,valid,3505,1830,1675,0,-10775.99,-3.07
PPPPVV-m10-e130-h200,PPPPVV,10,130,200,train,8653,4408,4245,0,-25248.05,-2.92
PPPPVV-m10-e130-h200,PPPPVV,10,130,200,valid,3505,1815,1690,0,-9851.79,-2.81
PPPPVV-m10-e130-h250,PPPPVV,10,130,250,train,8653,4408,4245,0,-25248.05,-2.92
PPPPVV-m10-e130-h250,PPPPVV,10,130,250,valid,3505,1815,1690,0,-9851.79,-2.81
PPPPVV-m10-e130-h300,PPPPVV,10,130,300,train,8653,4408,4245,0,-25248.05,-2.92
PPPPVV-m10-e130-h300,PPPPVV,10,130,300,valid,3505,1815,1690,0,-9851.79,-2.81
PPPPVV-m10-e140-h200,PPPPVV,10,140,200,train,8653,4348,4305,0,-25898.21,-2.99
PPPPVV-m10-e140-h200,PPPPVV,10,140,200,valid,3505,1779,1726,0,-12564.89,-3.58
PPPPVV-m10-e140-h250,PPPPVV,10,140,250,train,8653,4348,4305,0,-25898.21,-2.99
PPPPVV-m10-e140-h250,PPPPVV,10,140,250,valid,3505,1779,1726,0,-12564.89,-3.58
PPPPVV-m10-e140-h300,PPPPVV,10,140,300,train,8653,4348,4305,0,-25898.21,-2.99
PPPPVV-m10-e140-h300,PPPPVV,10,140,300,valid,3505,1779,1726,0,-12564.89,-3.58
PPPPVV-m15-e120-h200,PPPPVV,15,120,200,train,7900,4119,3781,0,-19166.79,-2.43
PPPPVV-m15-e120-h200,PPPPVV,15,120,200,valid,3236,1704,1532,0,-10845.32,-3.35
PPPPVV-m15-e120-h250,PPPPVV,15,120,250,train,7900,4119,3781,0,-19166.79,-2.43
PPPPVV-m15-e120-h250,PPPPVV,15,120,250,valid,3236,1704,1532,0,-10845.32,-3.35
PPPPVV-m15-e120-h300,PPPPVV,15,120,300,train,7900,4119,3781,0,-19166.79,-2.43
PPPPVV-m15-e120-h300,PPPPVV,15,120,300,valid,3236,1704,1532,0,-10845.32,-3.35
PPPPVV-m15-e130-h200,PPPPVV,15,130,200,train,7900,4060,3840,0,-21747.97,-2.75
PPPPVV-m15-e130-h200,PPPPVV,15,130,200,valid,3236,1691,1545,0,-10220.16,-3.16
PPPPVV-m15-e130-h250,PPPPVV,15,130,250,train,7900,4060,3840,0,-21747.97,-2.75
PPPPVV-m15-e130-h250,PPPPVV,15,130,250,valid,3236,1691,1545,0,-10220.16,-3.16
PPPPVV-m15-e130-h300,PPPPVV,15,130,300,train,7900,4060,3840,0,-21747.97,-2.75
PPPPVV-m15-e130-h300,PPPPVV,15,130,300,valid,3236,1691,1545,0,-10220.16,-3.16
PPPPVV-m15-e140-h200,PPPPVV,15,140,200,train,7900,4013,3887,0,-21904.61,-2.77
PPPPVV-m15-e140-h200,PPPPVV,15,140,200,valid,3236,1667,1569,0,-11520.12,-3.56
PPPPVV-m15-e140-h250,PPPPVV,15,140,250,train,7900,4013,3887,0,-21904.61,-2.77
PPPPVV-m15-e140-h250,PPPPVV,15,140,250,valid,3236,1667,1569,0,-11520.12,-3.56
PPPPVV-m15-e140-h300,PPPPVV,15,140,300,train,7900,4013,3887,0,-21904.61,-2.77
PPPPVV-m15-e140-h300,PPPPVV,15,140,300,valid,3236,1667,1569,0,-11520.12,-3.56
PPPPVV-m20-e120-h200,PPPPVV,20,120,200,train,7378,3865,3513,0,-18461.23,-2.5
PPPPVV-m20-e120-h200,PPPPVV,20,120,200,valid,3044,1620,1424,0,-9075.75,-2.98
PPPPVV-m20-e120-h250,PPPPVV,20,120,250,train,7378,3865,3513,0,-18461.23,-2.5
PPPPVV-m20-e120-h250,PPPPVV,20,120,250,valid,3044,1620,1424,0,-9075.75,-2.98
PPPPVV-m20-e120-h300,PPPPVV,20,120,300,train,7378,3865,3513,0,-18461.23,-2.5
PPPPVV-m20-e120-h300,PPPPVV,20,120,300,valid,3044,1620,1424,0,-9075.75,-2.98
PPPPVV-m20-e130-h200,PPPPVV,20,130,200,train,7378,3818,3560,0,-20217.08,-2.74
PPPPVV-m20-e130-h200,PPPPVV,20,130,200,valid,3044,1610,1434,0,-8424.47,-2.77
PPPPVV-m20-e130-h250,PPPPVV,20,130,250,train,7378,3818,3560,0,-20217.08,-2.74
PPPPVV-m20-e130-h250,PPPPVV,20,130,250,valid,3044,1610,1434,0,-8424.47,-2.77
PPPPVV-m20-e130-h300,PPPPVV,20,130,300,train,7378,3818,3560,0,-20217.08,-2.74
PPPPVV-m20-e130-h300,PPPPVV,20,130,300,valid,3044,1610,1434,0,-8424.47,-2.77
PPPPVV-m20-e140-h200,PPPPVV,20,140,200,train,7378,3768,3610,0,-22333.08,-3.03
PPPPVV-m20-e140-h200,PPPPVV,20,140,200,valid,3044,1588,1456,0,-9591.49,-3.15
PPPPVV-m20-e140-h250,PPPPVV,20,140,250,train,7378,3768,3610,0,-22333.08,-3.03
PPPPVV-m20-e140-h250,PPPPVV,20,140,250,valid,3044,1588,1456,0,-9591.49,-3.15
PPPPVV-m20-e140-h300,PPPPVV,20,140,300,train,7378,3768,3610,0,-22333.08,-3.03
PPPPVV-m20-e140-h300,PPPPVV,20,140,300,valid,3044,1588,1456,0,-9591.49,-3.15
PPPVPP-m5-e120-h200,PPPVPP,5,120,200,train,9542,5126,4416,0,-29458.14,-3.09
PPPVPP-m5-e120-h200,PPPVPP,5,120,200,valid,3853,2123,1730,0,-9203.31,-2.39
PPPVPP-m5-e120-h250,PPPVPP,5,120,250,train,9542,5126,4416,0,-29458.14,-3.09
PPPVPP-m5-e120-h250,PPPVPP,5,120,250,valid,3853,2123,1730,0,-9203.31,-2.39
PPPVPP-m5-e120-h300,PPPVPP,5,120,300,train,9542,5126,4416,0,-29458.14,-3.09
PPPVPP-m5-e120-h300,PPPVPP,5,120,300,valid,3853,2123,1730,0,-9203.31,-2.39
PPPVPP-m5-e130-h200,PPPVPP,5,130,200,train,9542,5044,4498,0,-27917.24,-2.93
PPPVPP-m5-e130-h200,PPPVPP,5,130,200,valid,3853,2072,1781,0,-12826.44,-3.33
PPPVPP-m5-e130-h250,PPPVPP,5,130,250,train,9542,5044,4498,0,-27917.24,-2.93
PPPVPP-m5-e130-h250,PPPVPP,5,130,250,valid,3853,2072,1781,0,-12826.44,-3.33
PPPVPP-m5-e130-h300,PPPVPP,5,130,300,train,9542,5044,4498,0,-27917.24,-2.93
PPPVPP-m5-e130-h300,PPPVPP,5,130,300,valid,3853,2072,1781,0,-12826.44,-3.33
PPPVPP-m5-e140-h200,PPPVPP,5,140,200,train,9542,4962,4580,0,-26812.75,-2.81
PPPVPP-m5-e140-h200,PPPVPP,5,140,200,valid,3853,2030,1823,0,-13509.87,-3.51
PPPVPP-m5-e140-h250,PPPVPP,5,140,250,train,9542,4962,4580,0,-26812.75,-2.81
PPPVPP-m5-e140-h250,PPPVPP,5,140,250,valid,3853,2030,1823,0,-13509.87,-3.51
PPPVPP-m5-e140-h300,PPPVPP,5,140,300,train,9542,4962,4580,0,-26812.75,-2.81
PPPVPP-m5-e140-h300,PPPVPP,5,140,300,valid,3853,2030,1823,0,-13509.87,-3.51
PPPVPP-m10-e120-h200,PPPVPP,10,120,200,train,8653,4667,3986,0,-23792.73,-2.75
PPPVPP-m10-e120-h200,PPPVPP,10,120,200,valid,3505,1973,1532,0,-1961.51,-0.56
PPPVPP-m10-e120-h250,PPPVPP,10,120,250,train,8653,4667,3986,0,-23792.73,-2.75
PPPVPP-m10-e120-h250,PPPVPP,10,120,250,valid,3505,1973,1532,0,-1961.51,-0.56
PPPVPP-m10-e120-h300,PPPVPP,10,120,300,train,8653,4667,3986,0,-23792.73,-2.75
PPPVPP-m10-e120-h300,PPPVPP,10,120,300,valid,3505,1973,1532,0,-1961.51,-0.56
PPPVPP-m10-e130-h200,PPPVPP,10,130,200,train,8653,4606,4047,0,-21198.49,-2.45
PPPVPP-m10-e130-h200,PPPVPP,10,130,200,valid,3505,1932,1573,0,-4604.64,-1.31
PPPVPP-m10-e130-h250,PPPVPP,10,130,250,train,8653,4606,4047,0,-21198.49,-2.45
PPPVPP-m10-e130-h250,PPPVPP,10,130,250,valid,3505,1932,1573,0,-4604.64,-1.31
PPPVPP-m10-e130-h300,PPPVPP,10,130,300,train,8653,4606,4047,0,-21198.49,-2.45
PPPVPP-m10-e130-h300,PPPVPP,10,130,300,valid,3505,1932,1573,0,-4604.64,-1.31
PPPVPP-m10-e140-h200,PPPVPP,10,140,200,train,8653,4544,4109,0,-18925.88,-2.19
PPPVPP-m10-e140-h200,PPPVPP,10,140,200,valid,3505,1889,1616,0,-6847.07,-1.95
PPPVPP-m10-e140-h250,PPPVPP,10,140,250,train,8653,4544,4109,0,-18925.88,-2.19
PPPVPP-m10-e140-h250,PPPVPP,10,140,250,valid,3505,1889,1616,0,-6847.07,-1.95
PPPVPP-m10-e140-h300,PPPVPP,10,140,300,train,8653,4544,4109,0,-18925.88,-2.19
PPPVPP-m10-e140-h300,PPPVPP,10,140,300,valid,3505,1889,1616,0,-6847.07,-1.95
PPPVPP-m15-e120-h200,PPPVPP,15,120,200,train,7900,4267,3633,0,-18501.96,-2.34
PPPVPP-m15-e120-h200,PPPVPP,15,120,200,valid,3236,1830,1406,0,-961.7,-0.3
PPPVPP-m15-e120-h250,PPPVPP,15,120,250,train,7900,4267,3633,0,-18501.96,-2.34
PPPVPP-m15-e120-h250,PPPVPP,15,120,250,valid,3236,1830,1406,0,-961.7,-0.3
PPPVPP-m15-e120-h300,PPPVPP,15,120,300,train,7900,4267,3633,0,-18501.96,-2.34
PPPVPP-m15-e120-h300,PPPVPP,15,120,300,valid,3236,1830,1406,0,-961.7,-0.3
PPPVPP-m15-e130-h200,PPPVPP,15,130,200,train,7900,4228,3672,0,-14234.15,-1.8
PPPVPP-m15-e130-h200,PPPVPP,15,130,200,valid,3236,1792,1444,0,-3827.63,-1.18
PPPVPP-m15-e130-h250,PPPVPP,15,130,250,train,7900,4228,3672,0,-14234.15,-1.8
PPPVPP-m15-e130-h250,PPPVPP,15,130,250,valid,3236,1792,1444,0,-3827.63,-1.18
PPPVPP-m15-e130-h300,PPPVPP,15,130,300,train,7900,4228,3672,0,-14234.15,-1.8
PPPVPP-m15-e130-h300,PPPVPP,15,130,300,valid,3236,1792,1444,0,-3827.63,-1.18
PPPVPP-m15-e140-h200,PPPVPP,15,140,200,train,7900,4164,3736,0,-14751.46,-1.87
PPPVPP-m15-e140-h200,PPPVPP,15,140,200,valid,3236,1757,1479,0,-5670.89,-1.75
PPPVPP-m15-e140-h250,PPPVPP,15,140,250,train,7900,4164,3736,0,-14751.46,-1.87
PPPVPP-m15-e140-h250,PPPVPP,15,140,250,valid,3236,1757,1479,0,-5670.89,-1.75
PPPVPP-m15-e140-h300,PPPVPP,15,140,300,train,7900,4164,3736,0,-14751.46,-1.87
PPPVPP-m15-e140-h300,PPPVPP,15,140,300,valid,3236,1757,1479,0,-5670.89,-1.75
PPPVPP-m20-e120-h200,PPPVPP,20,120,200,train,7378,3979,3399,0,-16915.07,-2.29
PPPVPP-m20-e120-h200,PPPVPP,20,120,200,valid,3044,1718,1326,0,-416.91,-0.14
PPPVPP-m20-e120-h250,PPPVPP,20,120,250,train,7378,3979,3399,0,-16915.07,-2.29
PPPVPP-m20-e120-h250,PPPVPP,20,120,250,valid,3044,1718,1326,0,-416.91,-0.14
PPPVPP-m20-e120-h300,PPPVPP,20,120,300,train,7378,3979,3399,0,-16915.07,-2.29
PPPVPP-m20-e120-h300,PPPVPP,20,120,300,valid,3044,1718,1326,0,-416.91,-0.14
PPPVPP-m20-e130-h200,PPPVPP,20,130,200,train,7378,3949,3429,0,-12791.69,-1.73
PPPVPP-m20-e130-h200,PPPVPP,20,130,200,valid,3044,1691,1353,0,-1900.53,-0.62
PPPVPP-m20-e130-h250,PPPVPP,20,130,250,train,7378,3949,3429,0,-12791.69,-1.73
PPPVPP-m20-e130-h250,PPPVPP,20,130,250,valid,3044,1691,1353,0,-1900.53,-0.62
PPPVPP-m20-e130-h300,PPPVPP,20,130,300,train,7378,3949,3429,0,-12791.69,-1.73
PPPVPP-m20-e130-h300,PPPVPP,20,130,300,valid,3044,1691,1353,0,-1900.53,-0.62
PPPVPP-m20-e140-h200,PPPVPP,20,140,200,train,7378,3887,3491,0,-14724.24,-2.0
PPPVPP-m20-e140-h200,PPPVPP,20,140,200,valid,3044,1664,1380,0,-2836.82,-0.93
PPPVPP-m20-e140-h250,PPPVPP,20,140,250,train,7378,3887,3491,0,-14724.24,-2.0
PPPVPP-m20-e140-h250,PPPVPP,20,140,250,valid,3044,1664,1380,0,-2836.82,-0.93
PPPVPP-m20-e140-h300,PPPVPP,20,140,300,train,7378,3887,3491,0,-14724.24,-2.0
PPPVPP-m20-e140-h300,PPPVPP,20,140,300,valid,3044,1664,1380,0,-2836.82,-0.93
PPPVPV-m5-e120-h200,PPPVPV,5,120,200,train,9542,4883,4659,0,-30769.02,-3.22
PPPVPV-m5-e120-h200,PPPVPV,5,120,200,valid,3853,1993,1860,0,-11190.0,-2.9
PPPVPV-m5-e120-h250,PPPVPV,5,120,250,train,9542,4883,4659,0,-30769.02,-3.22
PPPVPV-m5-e120-h250,PPPVPV,5,120,250,valid,3853,1993,1860,0,-11190.0,-2.9
PPPVPV-m5-e120-h300,PPPVPV,5,120,300,train,9542,4883,4659,0,-30769.02,-3.22
PPPVPV-m5-e120-h300,PPPVPV,5,120,300,valid,3853,1993,1860,0,-11190.0,-2.9
PPPVPV-m5-e130-h200,PPPVPV,5,130,200,train,9542,4806,4736,0,-32375.64,-3.39
PPPVPV-m5-e130-h200,PPPVPV,5,130,200,valid,3853,1959,1894,0,-13024.08,-3.38
PPPVPV-m5-e130-h250,PPPVPV,5,130,250,train,9542,4806,4736,0,-32375.64,-3.39
PPPVPV-m5-e130-h250,PPPVPV,5,130,250,valid,3853,1959,1894,0,-13024.08,-3.38
PPPVPV-m5-e130-h300,PPPVPV,5,130,300,train,9542,4806,4736,0,-32375.64,-3.39
PPPVPV-m5-e130-h300,PPPVPV,5,130,300,valid,3853,1959,1894,0,-13024.08,-3.38
PPPVPV-m5-e140-h200,PPPVPV,5,140,200,train,9542,4755,4787,0,-28996.18,-3.04
PPPVPV-m5-e140-h200,PPPVPV,5,140,200,valid,3853,1921,1932,0,-14814.32,-3.84
PPPVPV-m5-e140-h250,PPPVPV,5,140,250,train,9542,4755,4787,0,-28996.18,-3.04
PPPVPV-m5-e140-h250,PPPVPV,5,140,250,valid,3853,1921,1932,0,-14814.32,-3.84
PPPVPV-m5-e140-h300,PPPVPV,5,140,300,train,9542,4755,4787,0,-28996.18,-3.04
PPPVPV-m5-e140-h300,PPPVPV,5,140,300,valid,3853,1921,1932,0,-14814.32,-3.84
PPPVPV-m10-e120-h200,PPPVPV,10,120,200,train,8653,4464,4189,0,-27088.52,-3.13
PPPVPV-m10-e120-h200,PPPVPV,10,120,200,valid,3505,1862,1643,0,-5312.97,-1.52
PPPVPV-m10-e120-h250,PPPVPV,10,120,250,train,8653,4464,4189,0,-27088.52,-3.13
PPPVPV-m10-e120-h250,PPPVPV,10,120,250,valid,3505,1862,1643,0,-5312.97,-1.52
PPPVPV-m10-e120-h300,PPPVPV,10,120,300,train,8653,4464,4189,0,-27088.52,-3.13
PPPVPV-m10-e120-h300,PPPVPV,10,120,300,valid,3505,1862,1643,0,-5312.97,-1.52
PPPVPV-m10-e130-h200,PPPVPV,10,130,200,train,8653,4401,4252,0,-28389.76,-3.28
PPPVPV-m10-e130-h200,PPPVPV,10,130,200,valid,3505,1837,1668,0,-6165.1,-1.76
PPPVPV-m10-e130-h250,PPPVPV,10,130,250,train,8653,4401,4252,0,-28389.76,-3.28
PPPVPV-m10-e130-h250,PPPVPV,10,130,250,valid,3505,1837,1668,0,-6165.1,-1.76
PPPVPV-m10-e130-h300,PPPVPV,10,130,300,train,8653,4401,4252,0,-28389.76,-3.28
PPPVPV-m10-e130-h300,PPPVPV,10,130,300,valid,3505,1837,1668,0,-6165.1,-1.76
PPPVPV-m10-e140-h200,PPPVPV,10,140,200,train,8653,4365,4288,0,-24243.45,-2.8
PPPVPV-m10-e140-h200,PPPVPV,10,140,200,valid,3505,1800,1705,0,-8699.02,-2.48
PPPVPV-m10-e140-h250,PPPVPV,10,140,250,train,8653,4365,4288,0,-24243.45,-2.8
PPPVPV-m10-e140-h250,PPPVPV,10,140,250,valid,3505,1800,1705,0,-8699.02,-2.48
PPPVPV-m10-e140-h300,PPPVPV,10,140,300,train,8653,4365,4288,0,-24243.45,-2.8
PPPVPV-m10-e140-h300,PPPVPV,10,140,300,valid,3505,1800,1705,0,-8699.02,-2.48
PPPVPV-m15-e120-h200,PPPVPV,15,120,200,train,7900,4109,3791,0,-23144.23,-2.93
PPPVPV-m15-e120-h200,PPPVPV,15,120,200,valid,3236,1733,1503,0,-5596.64,-1.73
PPPVPV-m15-e120-h250,PPPVPV,15,120,250,train,7900,4109,3791,0,-23144.23,-2.93
PPPVPV-m15-e120-h250,PPPVPV,15,120,250,valid,3236,1733,1503,0,-5596.64,-1.73
PPPVPV-m15-e120-h300,PPPVPV,15,120,300,train,7900,4109,3791,0,-23144.23,-2.93
PPPVPV-m15-e120-h300,PPPVPV,15,120,300,valid,3236,1733,1503,0,-5596.64,-1.73
PPPVPV-m15-e130-h200,PPPVPV,15,130,200,train,7900,4063,3837,0,-23094.6,-2.92
PPPVPV-m15-e130-h200,PPPVPV,15,130,200,valid,3236,1711,1525,0,-6532.56,-2.02
PPPVPV-m15-e130-h250,PPPVPV,15,130,250,train,7900,4063,3837,0,-23094.6,-2.92
PPPVPV-m15-e130-h250,PPPVPV,15,130,250,valid,3236,1711,1525,0,-6532.56,-2.02
PPPVPV-m15-e130-h300,PPPVPV,15,130,300,train,7900,4063,3837,0,-23094.6,-2.92
PPPVPV-m15-e130-h300,PPPVPV,15,130,300,valid,3236,1711,1525,0,-6532.56,-2.02
PPPVPV-m15-e140-h200,PPPVPV,15,140,200,train,7900,4025,3875,0,-21314.56,-2.7
PPPVPV-m15-e140-h200,PPPVPV,15,140,200,valid,3236,1684,1552,0,-8061.67,-2.49
PPPVPV-m15-e140-h250,PPPVPV,15,140,250,train,7900,4025,3875,0,-21314.56,-2.7
PPPVPV-m15-e140-h250,PPPVPV,15,140,250,valid,3236,1684,1552,0,-8061.67,-2.49
PPPVPV-m15-e140-h300,PPPVPV,15,140,300,train,7900,4025,3875,0,-21314.56,-2.7
PPPVPV-m15-e140-h300,PPPVPV,15,140,300,valid,3236,1684,1552,0,-8061.67,-2.49
PPPVPV-m20-e120-h200,PPPVPV,20,120,200,train,7378,3863,3515,0,-20639.22,-2.8
PPPVPV-m20-e120-h200,PPPVPV,20,120,200,valid,3044,1640,1404,0,-4960.65,-1.63
PPPVPV-m20-e120-h250,PPPVPV,20,120,250,train,7378,3863,3515,0,-20639.22,-2.8
PPPVPV-m20-e120-h250,PPPVPV,20,120,250,valid,3044,1640,1404,0,-4960.65,-1.63
PPPVPV-m20-e120-h300,PPPVPV,20,120,300,train,7378,3863,3515,0,-20639.22,-2.8
PPPVPV-m20-e120-h300,PPPVPV,20,120,300,valid,3044,1640,1404,0,-4960.65,-1.63
PPPVPV-m20-e130-h200,PPPVPV,20,130,200,train,7378,3829,3549,0,-19811.58,-2.69
PPPVPV-m20-e130-h200,PPPVPV,20,130,200,valid,3044,1623,1421,0,-5469.59,-1.8
PPPVPV-m20-e130-h250,PPPVPV,20,130,250,train,7378,3829,3549,0,-19811.58,-2.69
PPPVPV-m20-e130-h250,PPPVPV,20,130,250,valid,3044,1623,1421,0,-5469.59,-1.8
PPPVPV-m20-e130-h300,PPPVPV,20,130,300,train,7378,3829,3549,0,-19811.58,-2.69
PPPVPV-m20-e130-h300,PPPVPV,20,130,300,valid,3044,1623,1421,0,-5469.59,-1.8
PPPVPV-m20-e140-h200,PPPVPV,20,140,200,train,7378,3789,3589,0,-19675.88,-2.67
PPPVPV-m20-e140-h200,PPPVPV,20,140,200,valid,3044,1601,1443,0,-6553.66,-2.15
PPPVPV-m20-e140-h250,PPPVPV,20,140,250,train,7378,3789,3589,0,-19675.88,-2.67
PPPVPV-m20-e140-h250,PPPVPV,20,140,250,valid,3044,1601,1443,0,-6553.66,-2.15
PPPVPV-m20-e140-h300,PPPVPV,20,140,300,train,7378,3789,3589,0,-19675.88,-2.67
PPPVPV-m20-e140-h300,PPPVPV,20,140,300,valid,3044,1601,1443,0,-6553.66,-2.15
PPPVVP-m5-e120-h200,PPPVVP,5,120,200,train,9542,4901,4641,0,-25764.32,-2.7
PPPVVP-m5-e120-h200,PPPVVP,5,120,200,valid,3853,1973,1880,0,-14509.65,-3.77
PPPVVP-m5-e120-h250,PPPVVP,5,120,250,train,9542,4901,4641,0,-25764.32,-2.7
PPPVVP-m5-e120-h250,PPPVVP,5,120,250,valid,3853,1973,1880,0,-14509.65,-3.77
PPPVVP-m5-e120-h300,PPPVVP,5,120,300,train,9542,4901,4641,0,-25764.32,-2.7
PPPVVP-m5-e120-h300,PPPVVP,5,120,300,valid,3853,1973,1880,0,-14509.65,-3.77
PPPVVP-m5-e130-h200,PPPVVP,5,130,200,train,9542,4816,4726,0,-29089.29,-3.05
PPPVVP-m5-e130-h200,PPPVVP,5,130,200,valid,3853,1937,1916,0,-16869.84,-4.38
PPPVVP-m5-e130-h250,PPPVVP,5,130,250,train,9542,4816,4726,0,-29089.29,-3.05
PPPVVP-m5-e130-h250,PPPVVP,5,130,250,valid,3853,1937,1916,0,-16869.84,-4.38
PPPVVP-m5-e130-h300,PPPVVP,5,130,300,train,9542,4816,4726,0,-29089.29,-3.05
PPPVVP-m5-e130-h300,PPPVVP,5,130,300,valid,3853,1937,1916,0,-16869.84,-4.38
PPPVVP-m5-e140-h200,PPPVVP,5,140,200,train,9542,4735,4807,0,-31849.42,-3.34
PPPVVP-m5-e140-h200,PPPVVP,5,140,200,valid,3853,1913,1940,0,-15732.76,-4.08
PPPVVP-m5-e140-h250,PPPVVP,5,140,250,train,9542,4735,4807,0,-31849.42,-3.34
PPPVVP-m5-e140-h250,PPPVVP,5,140,250,valid,3853,1913,1940,0,-15732.76,-4.08
PPPVVP-m5-e140-h300,PPPVVP,5,140,300,train,9542,4735,4807,0,-31849.42,-3.34
PPPVVP-m5-e140-h300,PPPVVP,5,140,300,valid,3853,1913,1940,0,-15732.76,-4.08
PPPVVP-m10-e120-h200,PPPVVP,10,120,200,train,8653,4494,4159,0,-18422.76,-2.13
PPPVVP-m10-e120-h200,PPPVVP,10,120,200,valid,3505,1848,1657,0,-8294.88,-2.37
PPPVVP-m10-e120-h250,PPPVVP,10,120,250,train,8653,4494,4159,0,-18422.76,-2.13
PPPVVP-m10-e120-h250,PPPVVP,10,120,250,valid,3505,1848,1657,0,-8294.88,-2.37
PPPVVP-m10-e120-h300,PPPVVP,10,120,300,train,8653,4494,4159,0,-18422.76,-2.13
PPPVVP-m10-e120-h300,PPPVVP,10,120,300,valid,3505,1848,1657,0,-8294.88,-2.37
PPPVVP-m10-e130-h200,PPPVVP,10,130,200,train,8653,4425,4228,0,-20933.12,-2.42
PPPVVP-m10-e130-h200,PPPVVP,10,130,200,valid,3505,1819,1686,0,-9946.25,-2.84
PPPVVP-m10-e130-h250,PPPVVP,10,130,250,train,8653,4425,4228,0,-20933.12,-2.42
PPPVVP-m10-e130-h250,PPPVVP,10,130,250,valid,3505,1819,1686,0,-9946.25,-2.84
PPPVVP-m10-e130-h300,PPPVVP,10,130,300,train,8653,4425,4228,0,-20933.12,-2.42
PPPVVP-m10-e130-h300,PPPVVP,10,130,300,valid,3505,1819,1686,0,-9946.25,-2.84
PPPVVP-m10-e140-h200,PPPVVP,10,140,200,train,8653,4357,4296,0,-23332.05,-2.7
PPPVVP-m10-e140-h200,PPPVVP,10,140,200,valid,3505,1793,1712,0,-10323.49,-2.95
PPPVVP-m10-e140-h250,PPPVVP,10,140,250,train,8653,4357,4296,0,-23332.05,-2.7
PPPVVP-m10-e140-h250,PPPVVP,10,140,250,valid,3505,1793,1712,0,-10323.49,-2.95
PPPVVP-m10-e140-h300,PPPVVP,10,140,300,train,8653,4357,4296,0,-23332.05,-2.7
PPPVVP-m10-e140-h300,PPPVVP,10,140,300,valid,3505,1793,1712,0,-10323.49,-2.95
PPPVVP-m15-e120-h200,PPPVVP,15,120,200,train,7900,4142,3758,0,-13210.22,-1.67
PPPVVP-m15-e120-h200,PPPVVP,15,120,200,valid,3236,1729,1507,0,-7138.9,-2.21
PPPVVP-m15-e120-h250,PPPVVP,15,120,250,train,7900,4142,3758,0,-13210.22,-1.67
PPPVVP-m15-e120-h250,PPPVVP,15,120,250,valid,3236,1729,1507,0,-7138.9,-2.21
PPPVVP-m15-e120-h300,PPPVVP,15,120,300,train,7900,4142,3758,0,-13210.22,-1.67
PPPVVP-m15-e120-h300,PPPVVP,15,120,300,valid,3236,1729,1507,0,-7138.9,-2.21
PPPVVP-m15-e130-h200,PPPVVP,15,130,200,train,7900,4088,3812,0,-14668.96,-1.86
PPPVVP-m15-e130-h200,PPPVVP,15,130,200,valid,3236,1703,1533,0,-8830.85,-2.73
PPPVVP-m15-e130-h250,PPPVVP,15,130,250,train,7900,4088,3812,0,-14668.96,-1.86
PPPVVP-m15-e130-h250,PPPVVP,15,130,250,valid,3236,1703,1533,0,-8830.85,-2.73
PPPVVP-m15-e130-h300,PPPVVP,15,130,300,train,7900,4088,3812,0,-14668.96,-1.86
PPPVVP-m15-e130-h300,PPPVVP,15,130,300,valid,3236,1703,1533,0,-8830.85,-2.73
PPPVVP-m15-e140-h200,PPPVVP,15,140,200,train,7900,4019,3881,0,-19060.08,-2.41
PPPVVP-m15-e140-h200,PPPVVP,15,140,200,valid,3236,1683,1553,0,-8941.58,-2.76
PPPVVP-m15-e140-h250,PPPVVP,15,140,250,train,7900,4019,3881,0,-19060.08,-2.41
PPPVVP-m15-e140-h250,PPPVVP,15,140,250,valid,3236,1683,1553,0,-8941.58,-2.76
PPPVVP-m15-e140-h300,PPPVVP,15,140,300,train,7900,4019,3881,0,-19060.08,-2.41
PPPVVP-m15-e140-h300,PPPVVP,15,140,300,valid,3236,1683,1553,0,-8941.58,-2.76
PPPVVP-m20-e120-h200,PPPVVP,20,120,200,train,7378,3872,3506,0,-15084.2,-2.04
PPPVVP-m20-e120-h200,PPPVVP,20,120,200,valid,3044,1649,1395,0,-3673.64,-1.21
PPPVVP-m20-e120-h250,PPPVVP,20,120,250,train,7378,3872,3506,0,-15084.2,-2.04
PPPVVP-m20-e120-h250,PPPVVP,20,120,250,valid,3044,1649,1395,0,-3673.64,-1.21
PPPVVP-m20-e120-h300,PPPVVP,20,120,300,train,7378,3872,3506,0,-15084.2,-2.04
PPPVVP-m20-e120-h300,PPPVVP,20,120,300,valid,3044,1649,1395,0,-3673.64,-1.21
PPPVVP-m20-e130-h200,PPPVVP,20,130,200,train,7378,3824,3554,0,-16720.85,-2.27
PPPVVP-m20-e130-h200,PPPVVP,20,130,200,valid,3044,1630,1414,0,-4588.86,-1.51
PPPVVP-m20-e130-h250,PPPVVP,20,130,250,train,7378,3824,3554,0,-16720.85,-2.27
PPPVVP-m20-e130-h250,PPPVVP,20,130,250,valid,3044,1630,1414,0,-4588.86,-1.51
PPPVVP-m20-e130-h300,PPPVVP,20,130,300,train,7378,3824,3554,0,-16720.85,-2.27
PPPVVP-m20-e130-h300,PPPVVP,20,130,300,valid,3044,1630,1414,0,-4588.86,-1.51
PPPVVP-m20-e140-h200,PPPVVP,20,140,200,train,7378,3759,3619,0,-21713.64,-2.94
PPPVVP-m20-e140-h200,PPPVVP,20,140,200,valid,3044,1614,1430,0,-4277.18,-1.41
PPPVVP-m20-e140-h250,PPPVVP,20,140,250,train,7378,3759,3619,0,-21713.64,-2.94
PPPVVP-m20-e140-h250,PPPVVP,20,140,250,valid,3044,1614,1430,0,-4277.18,-1.41
PPPVVP-m20-e140-h300,PPPVVP,20,140,300,train,7378,3759,3619,0,-21713.64,-2.94
PPPVVP-m20-e140-h300,PPPVVP,20,140,300,valid,3044,1614,1430,0,-4277.18,-1.41
PPPVVV-m5-e120-h200,PPPVVV,5,120,200,train,9542,4658,4884,0,-27075.2,-2.84
PPPVVV-m5-e120-h200,PPPVVV,5,120,200,valid,3853,1843,2010,0,-16496.34,-4.28
PPPVVV-m5-e120-h250,PPPVVV,5,120,250,train,9542,4658,4884,0,-27075.2,-2.84
PPPVVV-m5-e120-h250,PPPVVV,5,120,250,valid,3853,1843,2010,0,-16496.34,-4.28
PPPVVV-m5-e120-h300,PPPVVV,5,120,300,train,9542,4658,4884,0,-27075.2,-2.84
PPPVVV-m5-e120-h300,PPPVVV,5,120,300,valid,3853,1843,2010,0,-16496.34,-4.28
PPPVVV-m5-e130-h200,PPPVVV,5,130,200,train,9542,4578,4964,0,-33547.69,-3.52
PPPVVV-m5-e130-h200,PPPVVV,5,130,200,valid,3853,1824,2029,0,-17067.48,-4.43
PPPVVV-m5-e130-h250,PPPVVV,5,130,250,train,9542,4578,4964,0,-33547.69,-3.52
PPPVVV-m5-e130-h250,PPPVVV,5,130,250,valid,3853,1824,2029,0,-17067.48,-4.43
PPPVVV-m5-e130-h300,PPPVVV,5,130,300,train,9542,4578,4964,0,-33547.69,-3.52
PPPVVV-m5-e130-h300,PPPVVV,5,130,300,valid,3853,1824,2029,0,-17067.48,-4.43
PPPVVV-m5-e140-h200,PPPVVV,5,140,200,train,9542,4528,5014,0,-34032.85,-3.57
PPPVVV-m5-e140-h200,PPPVVV,5,140,200,valid,3853,1804,2049,0,-17037.21,-4.42
PPPVVV-m5-e140-h250,PPPVVV,5,140,250,train,9542,4528,5014,0,-34032.85,-3.57
PPPVVV-m5-e140-h250,PPPVVV,5,140,250,valid,3853,1804,2049,0,-17037.21,-4.42
PPPVVV-m5-e140-h300,PPPVVV,5,140,300,train,9542,4528,5014,0,-34032.85,-3.57
PPPVVV-m5-e140-h300,PPPVVV,5,140,300,valid,3853,1804,2049,0,-17037.21,-4.42
PPPVVV-m10-e120-h200,PPPVVV,10,120,200,train,8653,4291,4362,0,-21718.55,-2.51
PPPVVV-m10-e120-h200,PPPVVV,10,120,200,valid,3505,1737,1768,0,-11646.34,-3.32
PPPVVV-m10-e120-h250,PPPVVV,10,120,250,train,8653,4291,4362,0,-21718.55,-2.51
PPPVVV-m10-e120-h250,PPPVVV,10,120,250,valid,3505,1737,1768,0,-11646.34,-3.32
PPPVVV-m10-e120-h300,PPPVVV,10,120,300,train,8653,4291,4362,0,-21718.55,-2.51
PPPVVV-m10-e120-h300,PPPVVV,10,120,300,valid,3505,1737,1768,0,-11646.34,-3.32
PPPVVV-m10-e130-h200,PPPVVV,10,130,200,train,8653,4220,4433,0,-28124.39,-3.25
PPPVVV-m10-e130-h200,PPPVVV,10,130,200,valid,3505,1724,1781,0,-11506.71,-3.28
PPPVVV-m10-e130-h250,PPPVVV,10,130,250,train,8653,4220,4433,0,-28124.39,-3.25
PPPVVV-m10-e130-h250,PPPVVV,10,130,250,valid,3505,1724,1781,0,-11506.71,-3.28
PPPVVV-m10-e130-h300,PPPVVV,10,130,300,train,8653,4220,4433,0,-28124.39,-3.25
PPPVVV-m10-e130-h300,PPPVVV,10,130,300,valid,3505,1724,1781,0,-11506.71,-3.28
PPPVVV-m10-e140-h200,PPPVVV,10,140,200,train,8653,4178,4475,0,-28649.62,-3.31
PPPVVV-m10-e140-h200,PPPVVV,10,140,200,valid,3505,1704,1801,0,-12175.44,-3.47
PPPVVV-m10-e140-h250,PPPVVV,10,140,250,train,8653,4178,4475,0,-28649.62,-3.31
PPPVVV-m10-e140-h250,PPPVVV,10,140,250,valid,3505,1704,1801,0,-12175.44,-3.47
PPPVVV-m10-e140-h300,PPPVVV,10,140,300,train,8653,4178,4475,0,-28649.62,-3.31
PPPVVV-m10-e140-h300,PPPVVV,10,140,300,valid,3505,1704,1801,0,-12175.44,-3.47
PPPVVV-m15-e120-h200,PPPVVV,15,120,200,train,7900,3984,3916,0,-17852.49,-2.26
PPPVVV-m15-e120-h200,PPPVVV,15,120,200,valid,3236,1632,1604,0,-11773.84,-3.64
PPPVVV-m15-e120-h250,PPPVVV,15,120,250,train,7900,3984,3916,0,-17852.49,-2.26
PPPVVV-m15-e120-h250,PPPVVV,15,120,250,valid,3236,1632,1604,0,-11773.84,-3.64
PPPVVV-m15-e120-h300,PPPVVV,15,120,300,train,7900,3984,3916,0,-17852.49,-2.26
PPPVVV-m15-e120-h300,PPPVVV,15,120,300,valid,3236,1632,1604,0,-11773.84,-3.64
PPPVVV-m15-e130-h200,PPPVVV,15,130,200,train,7900,3923,3977,0,-23529.41,-2.98
PPPVVV-m15-e130-h200,PPPVVV,15,130,200,valid,3236,1622,1614,0,-11535.78,-3.56
PPPVVV-m15-e130-h250,PPPVVV,15,130,250,train,7900,3923,3977,0,-23529.41,-2.98
PPPVVV-m15-e130-h250,PPPVVV,15,130,250,valid,3236,1622,1614,0,-11535.78,-3.56
PPPVVV-m15-e130-h300,PPPVVV,15,130,300,train,7900,3923,3977,0,-23529.41,-2.98
PPPVVV-m15-e130-h300,PPPVVV,15,130,300,valid,3236,1622,1614,0,-11535.78,-3.56
PPPVVV-m15-e140-h200,PPPVVV,15,140,200,train,7900,3880,4020,0,-25623.18,-3.24
PPPVVV-m15-e140-h200,PPPVVV,15,140,200,valid,3236,1610,1626,0,-11332.36,-3.5
PPPVVV-m15-e140-h250,PPPVVV,15,140,250,train,7900,3880,4020,0,-25623.18,-3.24
PPPVVV-m15-e140-h250,PPPVVV,15,140,250,valid,3236,1610,1626,0,-11332.36,-3.5
PPPVVV-m15-e140-h300,PPPVVV,15,140,300,train,7900,3880,4020,0,-25623.18,-3.24
PPPVVV-m15-e140-h300,PPPVVV,15,140,300,valid,3236,1610,1626,0,-11332.36,-3.5
PPPVVV-m20-e120-h200,PPPVVV,20,120,200,train,7378,3756,3622,0,-18808.35,-2.55
PPPVVV-m20-e120-h200,PPPVVV,20,120,200,valid,3044,1571,1473,0,-8217.38,-2.7
PPPVVV-m20-e120-h250,PPPVVV,20,120,250,train,7378,3756,3622,0,-18808.35,-2.55
PPPVVV-m20-e120-h250,PPPVVV,20,120,250,valid,3044,1571,1473,0,-8217.38,-2.7
PPPVVV-m20-e120-h300,PPPVVV,20,120,300,train,7378,3756,3622,0,-18808.35,-2.55
PPPVVV-m20-e120-h300,PPPVVV,20,120,300,valid,3044,1571,1473,0,-8217.38,-2.7
PPPVVV-m20-e130-h200,PPPVVV,20,130,200,train,7378,3704,3674,0,-23740.74,-3.22
PPPVVV-m20-e130-h200,PPPVVV,20,130,200,valid,3044,1562,1482,0,-8157.92,-2.68
PPPVVV-m20-e130-h250,PPPVVV,20,130,250,train,7378,3704,3674,0,-23740.74,-3.22
PPPVVV-m20-e130-h250,PPPVVV,20,130,250,valid,3044,1562,1482,0,-8157.92,-2.68
PPPVVV-m20-e130-h300,PPPVVV,20,130,300,train,7378,3704,3674,0,-23740.74,-3.22
PPPVVV-m20-e130-h300,PPPVVV,20,130,300,valid,3044,1562,1482,0,-8157.92,-2.68
PPPVVV-m20-e140-h200,PPPVVV,20,140,200,train,7378,3661,3717,0,-26665.28,-3.61
PPPVVV-m20-e140-h200,PPPVVV,20,140,200,valid,3044,1551,1493,0,-7994.02,-2.63
PPPVVV-m20-e140-h250,PPPVVV,20,140,250,train,7378,3661,3717,0,-26665.28,-3.61
PPPVVV-m20-e140-h250,PPPVVV,20,140,250,valid,3044,1551,1493,0,-7994.02,-2.63
PPPVVV-m20-e140-h300,PPPVVV,20,140,300,train,7378,3661,3717,0,-26665.28,-3.61
PPPVVV-m20-e140-h300,PPPVVV,20,140,300,valid,3044,1551,1493,0,-7994.02,-2.63
PPVPPP-m5-e120-h200,PPVPPP,5,120,200,train,9542,5218,4324,0,-28003.65,-2.93
PPVPPP-m5-e120-h200,PPVPPP,5,120,200,valid,3853,2178,1675,0,-5931.9,-1.54
PPVPPP-m5-e120-h250,PPVPPP,5,120,250,train,9542,5218,4324,0,-28003.65,-2.93
PPVPPP-m5-e120-h250,PPVPPP,5,120,250,valid,3853,2178,1675,0,-5931.9,-1.54
PPVPPP-m5-e120-h300,PPVPPP,5,120,300,train,9542,5218,4324,0,-28003.65,-2.93
PPVPPP-m5-e120-h300,PPVPPP,5,120,300,valid,3853,2178,1675,0,-5931.9,-1.54
PPVPPP-m5-e130-h200,PPVPPP,5,130,200,train,9542,5138,4404,0,-24595.15,-2.58
PPVPPP-m5-e130-h200,PPVPPP,5,130,200,valid,3853,2139,1714,0,-6486.95,-1.68
PPVPPP-m5-e130-h250,PPVPPP,5,130,250,train,9542,5138,4404,0,-24595.15,-2.58
PPVPPP-m5-e130-h250,PPVPPP,5,130,250,valid,3853,2139,1714,0,-6486.95,-1.68
PPVPPP-m5-e130-h300,PPVPPP,5,130,300,train,9542,5138,4404,0,-24595.15,-2.58
PPVPPP-m5-e130-h300,PPVPPP,5,130,300,valid,3853,2139,1714,0,-6486.95,-1.68
PPVPPP-m5-e140-h200,PPVPPP,5,140,200,train,9542,5068,4474,0,-20337.11,-2.13
PPVPPP-m5-e140-h200,PPVPPP,5,140,200,valid,3853,2092,1761,0,-7764.51,-2.02
PPVPPP-m5-e140-h250,PPVPPP,5,140,250,train,9542,5068,4474,0,-20337.11,-2.13
PPVPPP-m5-e140-h250,PPVPPP,5,140,250,valid,3853,2092,1761,0,-7764.51,-2.02
PPVPPP-m5-e140-h300,PPVPPP,5,140,300,train,9542,5068,4474,0,-20337.11,-2.13
PPVPPP-m5-e140-h300,PPVPPP,5,140,300,valid,3853,2092,1761,0,-7764.51,-2.02
PPVPPP-m10-e120-h200,PPVPPP,10,120,200,train,8653,4729,3924,0,-24997.81,-2.89
PPVPPP-m10-e120-h200,PPVPPP,10,120,200,valid,3505,1984,1521,0,-5168.75,-1.47
PPVPPP-m10-e120-h250,PPVPPP,10,120,250,train,8653,4729,3924,0,-24997.81,-2.89
PPVPPP-m10-e120-h250,PPVPPP,10,120,250,valid,3505,1984,1521,0,-5168.75,-1.47
PPVPPP-m10-e120-h300,PPVPPP,10,120,300,train,8653,4729,3924,0,-24997.81,-2.89
PPVPPP-m10-e120-h300,PPVPPP,10,120,300,valid,3505,1984,1521,0,-5168.75,-1.47
PPVPPP-m10-e130-h200,PPVPPP,10,130,200,train,8653,4676,3977,0,-19581.41,-2.26
PPVPPP-m10-e130-h200,PPVPPP,10,130,200,valid,3505,1954,1551,0,-5229.31,-1.49
PPVPPP-m10-e130-h250,PPVPPP,10,130,250,train,8653,4676,3977,0,-19581.41,-2.26
PPVPPP-m10-e130-h250,PPVPPP,10,130,250,valid,3505,1954,1551,0,-5229.31,-1.49
PPVPPP-m10-e130-h300,PPVPPP,10,130,300,train,8653,4676,3977,0,-19581.41,-2.26
PPVPPP-m10-e130-h300,PPVPPP,10,130,300,valid,3505,1954,1551,0,-5229.31,-1.49
PPVPPP-m10-e140-h200,PPVPPP,10,140,200,train,8653,4626,4027,0,-14274.47,-1.65
PPVPPP-m10-e140-h200,PPVPPP,10,140,200,valid,3505,1908,1597,0,-7876.64,-2.25
PPVPPP-m10-e140-h250,PPVPPP,10,140,250,train,8653,4626,4027,0,-14274.47,-1.65
PPVPPP-m10-e140-h250,PPVPPP,10,140,250,valid,3505,1908,1597,0,-7876.64,-2.25
PPVPPP-m10-e140-h300,PPVPPP,10,140,300,train,8653,4626,4027,0,-14274.47,-1.65
PPVPPP-m10-e140-h300,PPVPPP,10,140,300,valid,3505,1908,1597,0,-7876.64,-2.25
PPVPPP-m15-e120-h200,PPVPPP,15,120,200,train,7900,4287,3613,0,-24208.61,-3.06
PPVPPP-m15-e120-h200,PPVPPP,15,120,200,valid,3236,1835,1401,0,-4623.74,-1.43
PPVPPP-m15-e120-h250,PPVPPP,15,120,250,train,7900,4287,3613,0,-24208.61,-3.06
PPVPPP-m15-e120-h250,PPVPPP,15,120,250,valid,3236,1835,1401,0,-4623.74,-1.43
PPVPPP-m15-e120-h300,PPVPPP,15,120,300,train,7900,4287,3613,0,-24208.61,-3.06
PPVPPP-m15-e120-h300,PPVPPP,15,120,300,valid,3236,1835,1401,0,-4623.74,-1.43
PPVPPP-m15-e130-h200,PPVPPP,15,130,200,train,7900,4265,3635,0,-15767.95,-2.0
PPVPPP-m15-e130-h200,PPVPPP,15,130,200,valid,3236,1808,1428,0,-5054.94,-1.56
PPVPPP-m15-e130-h250,PPVPPP,15,130,250,train,7900,4265,3635,0,-15767.95,-2.0
PPVPPP-m15-e130-h250,PPVPPP,15,130,250,valid,3236,1808,1428,0,-5054.94,-1.56
PPVPPP-m15-e130-h300,PPVPPP,15,130,300,train,7900,4265,3635,0,-15767.95,-2.0
PPVPPP-m15-e130-h300,PPVPPP,15,130,300,valid,3236,1808,1428,0,-5054.94,-1.56
PPVPPP-m15-e140-h200,PPVPPP,15,140,200,train,7900,4225,3675,0,-11192.8,-1.42
PPVPPP-m15-e140-h200,PPVPPP,15,140,200,valid,3236,1773,1463,0,-6783.04,-2.1
PPVPPP-m15-e140-h250,PPVPPP,15,140,250,train,7900,4225,3675,0,-11192.8,-1.42
PPVPPP-m15-e140-h250,PPVPPP,15,140,250,valid,3236,1773,1463,0,-6783.04,-2.1
PPVPPP-m15-e140-h300,PPVPPP,15,140,300,train,7900,4225,3675,0,-11192.8,-1.42
PPVPPP-m15-e140-h300,PPVPPP,15,140,300,valid,3236,1773,1463,0,-6783.04,-2.1
PPVPPP-m20-e120-h200,PPVPPP,20,120,200,train,7378,3980,3398,0,-24376.87,-3.3
PPVPPP-m20-e120-h200,PPVPPP,20,120,200,valid,3044,1718,1326,0,-4576.41,-1.5
PPVPPP-m20-e120-h250,PPVPPP,20,120,250,train,7378,3980,3398,0,-24376.87,-3.3
PPVPPP-m20-e120-h250,PPVPPP,20,120,250,valid,3044,1718,1326,0,-4576.41,-1.5
PPVPPP-m20-e120-h300,PPVPPP,20,120,300,train,7378,3980,3398,0,-24376.87,-3.3
PPVPPP-m20-e120-h300,PPVPPP,20,120,300,valid,3044,1718,1326,0,-4576.41,-1.5
PPVPPP-m20-e130-h200,PPVPPP,20,130,200,train,7378,3972,3406,0,-15226.23,-2.06
PPVPPP-m20-e130-h200,PPVPPP,20,130,200,valid,3044,1702,1342,0,-3705.62,-1.22
PPVPPP-m20-e130-h250,PPVPPP,20,130,250,train,7378,3972,3406,0,-15226.23,-2.06
PPVPPP-m20-e130-h250,PPVPPP,20,130,250,valid,3044,1702,1342,0,-3705.62,-1.22
PPVPPP-m20-e130-h300,PPVPPP,20,130,300,train,7378,3972,3406,0,-15226.23,-2.06
PPVPPP-m20-e130-h300,PPVPPP,20,130,300,valid,3044,1702,1342,0,-3705.62,-1.22
PPVPPP-m20-e140-h200,PPVPPP,20,140,200,train,7378,3930,3448,0,-13131.66,-1.78
PPVPPP-m20-e140-h200,PPVPPP,20,140,200,valid,3044,1676,1368,0,-4354.29,-1.43
PPVPPP-m20-e140-h250,PPVPPP,20,140,250,train,7378,3930,3448,0,-13131.66,-1.78
PPVPPP-m20-e140-h250,PPVPPP,20,140,250,valid,3044,1676,1368,0,-4354.29,-1.43
PPVPPP-m20-e140-h300,PPVPPP,20,140,300,train,7378,3930,3448,0,-13131.66,-1.78
PPVPPP-m20-e140-h300,PPVPPP,20,140,300,valid,3044,1676,1368,0,-4354.29,-1.43
PPVPPV-m5-e120-h200,PPVPPV,5,120,200,train,9542,4975,4567,0,-29314.53,-3.07
PPVPPV-m5-e120-h200,PPVPPV,5,120,200,valid,3853,2048,1805,0,-7918.59,-2.06
PPVPPV-m5-e120-h250,PPVPPV,5,120,250,train,9542,4975,4567,0,-29314.53,-3.07
PPVPPV-m5-e120-h250,PPVPPV,5,120,250,valid,3853,2048,1805,0,-7918.59,-2.06
PPVPPV-m5-e120-h300,PPVPPV,5,120,300,train,9542,4975,4567,0,-29314.53,-3.07
PPVPPV-m5-e120-h300,PPVPPV,5,120,300,valid,3853,2048,1805,0,-7918.59,-2.06
PPVPPV-m5-e130-h200,PPVPPV,5,130,200,train,9542,4900,4642,0,-29053.55,-3.04
PPVPPV-m5-e130-h200,PPVPPV,5,130,200,valid,3853,2026,1827,0,-6684.59,-1.73
PPVPPV-m5-e130-h250,PPVPPV,5,130,250,train,9542,4900,4642,0,-29053.55,-3.04
PPVPPV-m5-e130-h250,PPVPPV,5,130,250,valid,3853,2026,1827,0,-6684.59,-1.73
PPVPPV-m5-e130-h300,PPVPPV,5,130,300,train,9542,4900,4642,0,-29053.55,-3.04
PPVPPV-m5-e130-h300,PPVPPV,5,130,300,valid,3853,2026,1827,0,-6684.59,-1.73
PPVPPV-m5-e140-h200,PPVPPV,5,140,200,train,9542,4861,4681,0,-22520.54,-2.36
PPVPPV-m5-e140-h200,PPVPPV,5,140,200,valid,3853,1983,1870,0,-9068.96,-2.35
PPVPPV-m5-e140-h250,PPVPPV,5,140,250,train,9542,4861,4681,0,-22520.54,-2.36
PPVPPV-m5-e140-h250,PPVPPV,5,140,250,valid,3853,1983,1870,0,-9068.96,-2.35
PPVPPV-m5-e140-h300,PPVPPV,5,140,300,train,9542,4861,4681,0,-22520.54,-2.36
PPVPPV-m5-e140-h300,PPVPPV,5,140,300,valid,3853,1983,1870,0,-9068.96,-2.35
PPVPPV-m10-e120-h200,PPVPPV,10,120,200,train,8653,4526,4127,0,-28293.6,-3.27
PPVPPV-m10-e120-h200,PPVPPV,10,120,200,valid,3505,1873,1632,0,-8520.21,-2.43
PPVPPV-m10-e120-h250,PPVPPV,10,120,250,train,8653,4526,4127,0,-28293.6,-3.27
PPVPPV-m10-e120-h250,PPVPPV,10,120,250,valid,3505,1873,1632,0,-8520.21,-2.43
PPVPPV-m10-e120-h300,PPVPPV,10,120,300,train,8653,4526,4127,0,-28293.6,-3.27
PPVPPV-m10-e120-h300,PPVPPV,10,120,300,valid,3505,1873,1632,0,-8520.21,-2.43
PPVPPV-m10-e130-h200,PPVPPV,10,130,200,train,8653,4471,4182,0,-26772.68,-3.09
PPVPPV-m10-e130-h200,PPVPPV,10,130,200,valid,3505,1859,1646,0,-6789.77,-1.94
PPVPPV-m10-e130-h250,PPVPPV,10,130,250,train,8653,4471,4182,0,-26772.68,-3.09
PPVPPV-m10-e130-h250,PPVPPV,10,130,250,valid,3505,1859,1646,0,-6789.77,-1.94
PPVPPV-m10-e130-h300,PPVPPV,10,130,300,train,8653,4471,4182,0,-26772.68,-3.09
PPVPPV-m10-e130-h300,PPVPPV,10,130,300,valid,3505,1859,1646,0,-6789.77,-1.94
PPVPPV-m10-e140-h200,PPVPPV,10,140,200,train,8653,4447,4206,0,-19592.04,-2.26
PPVPPV-m10-e140-h200,PPVPPV,10,140,200,valid,3505,1819,1686,0,-9728.59,-2.78
PPVPPV-m10-e140-h250,PPVPPV,10,140,250,train,8653,4447,4206,0,-19592.04,-2.26
PPVPPV-m10-e140-h250,PPVPPV,10,140,250,valid,3505,1819,1686,0,-9728.59,-2.78
PPVPPV-m10-e140-h300,PPVPPV,10,140,300,train,8653,4447,4206,0,-19592.04,-2.26
PPVPPV-m10-e140-h300,PPVPPV,10,140,300,valid,3505,1819,1686,0,-9728.59,-2.78
PPVPPV-m15-e120-h200,PPVPPV,15,120,200,train,7900,4129,3771,0,-28850.88,-3.65
PPVPPV-m15-e120-h200,PPVPPV,15,120,200,valid,3236,1738,1498,0,-9258.68,-2.86
PPVPPV-m15-e120-h250,PPVPPV,15,120,250,train,7900,4129,3771,0,-28850.88,-3.65
PPVPPV-m15-e120-h250,PPVPPV,15,120,250,valid,3236,1738,1498,0,-9258.68,-2.86
PPVPPV-m15-e120-h300,PPVPPV,15,120,300,train,7900,4129,3771,0,-28850.88,-3.65
PPVPPV-m15-e120-h300,PPVPPV,15,120,300,valid,3236,1738,1498,0,-9258.68,-2.86
PPVPPV-m15-e130-h200,PPVPPV,15,130,200,train,7900,4100,3800,0,-24628.4,-3.12
PPVPPV-m15-e130-h200,PPVPPV,15,130,200,valid,3236,1727,1509,0,-7759.87,-2.4
PPVPPV-m15-e130-h250,PPVPPV,15,130,250,train,7900,4100,3800,0,-24628.4,-3.12
PPVPPV-m15-e130-h250,PPVPPV,15,130,250,valid,3236,1727,1509,0,-7759.87,-2.4
PPVPPV-m15-e130-h300,PPVPPV,15,130,300,train,7900,4100,3800,0,-24628.4,-3.12
PPVPPV-m15-e130-h300,PPVPPV,15,130,300,valid,3236,1727,1509,0,-7759.87,-2.4
PPVPPV-m15-e140-h200,PPVPPV,15,140,200,train,7900,4086,3814,0,-17755.9,-2.25
PPVPPV-m15-e140-h200,PPVPPV,15,140,200,valid,3236,1700,1536,0,-9173.82,-2.83
PPVPPV-m15-e140-h250,PPVPPV,15,140,250,train,7900,4086,3814,0,-17755.9,-2.25
PPVPPV-m15-e140-h250,PPVPPV,15,140,250,valid,3236,1700,1536,0,-9173.82,-2.83
PPVPPV-m15-e140-h300,PPVPPV,15,140,300,train,7900,4086,3814,0,-17755.9,-2.25
PPVPPV-m15-e140-h300,PPVPPV,15,140,300,valid,3236,1700,1536,0,-9173.82,-2.83
PPVPPV-m20-e120-h200,PPVPPV,20,120,200,train,7378,3864,3514,0,-28101.02,-3.81
PPVPPV-m20-e120-h200,PPVPPV,20,120,200,valid,3044,1640,1404,0,-9120.15,-3.0
PPVPPV-m20-e120-h250,PPVPPV,20,120,250,train,7378,3864,3514,0,-28101.02,-3.81
PPVPPV-m20-e120-h250,PPVPPV,20,120,250,valid,3044,1640,1404,0,-9120.15,-3.0
PPVPPV-m20-e120-h300,PPVPPV,20,120,300,train,7378,3864,3514,0,-28101.02,-3.81
PPVPPV-m20-e120-h300,PPVPPV,20,120,300,valid,3044,1640,1404,0,-9120.15,-3.0
PPVPPV-m20-e130-h200,PPVPPV,20,130,200,train,7378,3852,3526,0,-22246.12,-3.02
PPVPPV-m20-e130-h200,PPVPPV,20,130,200,valid,3044,1634,1410,0,-7274.68,-2.39
PPVPPV-m20-e130-h250,PPVPPV,20,130,250,train,7378,3852,3526,0,-22246.12,-3.02
PPVPPV-m20-e130-h250,PPVPPV,20,130,250,valid,3044,1634,1410,0,-7274.68,-2.39
PPVPPV-m20-e130-h300,PPVPPV,20,130,300,train,7378,3852,3526,0,-22246.12,-3.02
PPVPPV-m20-e130-h300,PPVPPV,20,130,300,valid,3044,1634,1410,0,-7274.68,-2.39
PPVPPV-m20-e140-h200,PPVPPV,20,140,200,train,7378,3832,3546,0,-18083.3,-2.45
PPVPPV-m20-e140-h200,PPVPPV,20,140,200,valid,3044,1613,1431,0,-8071.13,-2.65
PPVPPV-m20-e140-h250,PPVPPV,20,140,250,train,7378,3832,3546,0,-18083.3,-2.45
PPVPPV-m20-e140-h250,PPVPPV,20,140,250,valid,3044,1613,1431,0,-8071.13,-2.65
PPVPPV-m20-e140-h300,PPVPPV,20,140,300,train,7378,3832,3546,0,-18083.3,-2.45
PPVPPV-m20-e140-h300,PPVPPV,20,140,300,valid,3044,1613,1431,0,-8071.13,-2.65
PPVPVP-m5-e120-h200,PPVPVP,5,120,200,train,9542,4993,4549,0,-24309.83,-2.55
PPVPVP-m5-e120-h200,PPVPVP,5,120,200,valid,3853,2028,1825,0,-11238.24,-2.92
PPVPVP-m5-e120-h250,PPVPVP,5,120,250,train,9542,4993,4549,0,-24309.83,-2.55
PPVPVP-m5-e120-h250,PPVPVP,5,120,250,valid,3853,2028,1825,0,-11238.24,-2.92
PPVPVP-m5-e120-h300,PPVPVP,5,120,300,train,9542,4993,4549,0,-24309.83,-2.55
PPVPVP-m5-e120-h300,PPVPVP,5,120,300,valid,3853,2028,1825,0,-11238.24,-2.92
PPVPVP-m5-e130-h200,PPVPVP,5,130,200,train,9542,4910,4632,0,-25767.2,-2.7
PPVPVP-m5-e130-h200,PPVPVP,5,130,200,valid,3853,2004,1849,0,-10530.35,-2.73
PPVPVP-m5-e130-h250,PPVPVP,5,130,250,train,9542,4910,4632,0,-25767.2,-2.7
PPVPVP-m5-e130-h250,PPVPVP,5,130,250,valid,3853,2004,1849,0,-10530.35,-2.73
PPVPVP-m5-e130-h300,PPVPVP,5,130,300,train,9542,4910,4632,0,-25767.2,-2.7
PPVPVP-m5-e130-h300,PPVPVP,5,130,300,valid,3853,2004,1849,0,-10530.35,-2.73
PPVPVP-m5-e140-h200,PPVPVP,5,140,200,train,9542,4841,4701,0,-25373.78,-2.66
PPVPVP-m5-e140-h200,PPVPVP,5,140,200,valid,3853,1975,1878,0,-9987.4,-2.59
PPVPVP-m5-e140-h250,PPVPVP,5,140,250,train,9542,4841,4701,0,-25373.78,-2.66
PPVPVP-m5-e140-h250,PPVPVP,5,140,250,valid,3853,1975,1878,0,-9987.4,-2.59
PPVPVP-m5-e140-h300,PPVPVP,5,140,300,train,9542,4841,4701,0,-25373.78,-2.66
PPVPVP-m5-e140-h300,PPVPVP,5,140,300,valid,3853,1975,1878,0,-9987.4,-2.59
PPVPVP-m10-e120-h200,PPVPVP,10,120,200,train,8653,4556,4097,0,-19627.84,-2.27
PPVPVP-m10-e120-h200,PPVPVP,10,120,200,valid,3505,1859,1646,0,-11502.12,-3.28
PPVPVP-m10-e120-h250,PPVPVP,10,120,250,train,8653,4556,4097,0,-19627.84,-2.27
PPVPVP-m10-e120-h250,PPVPVP,10,120,250,valid,3505,1859,1646,0,-11502.12,-3.28
PPVPVP-m10-e120-h300,PPVPVP,10,120,300,train,8653,4556,4097,0,-19627.84,-2.27
PPVPVP-m10-e120-h300,PPVPVP,10,120,300,valid,3505,1859,1646,0,-11502.12,-3.28
PPVPVP-m10-e130-h200,PPVPVP,10,130,200,train,8653,4495,4158,0,-19316.04,-2.23
PPVPVP-m10-e130-h200,PPVPVP,10,130,200,valid,3505,1841,1664,0,-10570.92,-3.02
PPVPVP-m10-e130-h250,PPVPVP,10,130,250,train,8653,4495,4158,0,-19316.04,-2.23
PPVPVP-m10-e130-h250,PPVPVP,10,130,250,valid,3505,1841,1664,0,-10570.92,-3.02
PPVPVP-m10-e130-h300,PPVPVP,10,130,300,train,8653,4495,4158,0,-19316.04,-2.23
PPVPVP-m10-e130-h300,PPVPVP,10,130,300,valid,3505,1841,1664,0,-10570.92,-3.02
PPVPVP-m10-e140-h200,PPVPVP,10,140,200,train,8653,4439,4214,0,-18680.64,-2.16
PPVPVP-m10-e140-h200,PPVPVP,10,140,200,valid,3505,1812,1693,0,-11353.06,-3.24
PPVPVP-m10-e140-h250,PPVPVP,10,140,250,train,8653,4439,4214,0,-18680.64,-2.16
PPVPVP-m10-e140-h250,PPVPVP,10,140,250,valid,3505,1812,1693,0,-11353.06,-3.24
PPVPVP-m10-e140-h300,PPVPVP,10,140,300,train,8653,4439,4214,0,-18680.64,-2.16
PPVPVP-m10-e140-h300,PPVPVP,10,140,300,valid,3505,1812,1693,0,-11353.06,-3.24
PPVPVP-m15-e120-h200,PPVPVP,15,120,200,train,7900,4162,3738,0,-18916.87,-2.39
PPVPVP-m15-e120-h200,PPVPVP,15,120,200,valid,3236,1734,1502,0,-10800.94,-3.34
PPVPVP-m15-e120-h250,PPVPVP,15,120,250,train,7900,4162,3738,0,-18916.87,-2.39
PPVPVP-m15-e120-h250,PPVPVP,15,120,250,valid,3236,1734,1502,0,-10800.94,-3.34
PPVPVP-m15-e120-h300,PPVPVP,15,120,300,train,7900,4162,3738,0,-18916.87,-2.39
PPVPVP-m15-e120-h300,PPVPVP,15,120,300,valid,3236,1734,1502,0,-10800.94,-3.34
PPVPVP-m15-e130-h200,PPVPVP,15,130,200,train,7900,4125,3775,0,-16202.76,-2.05
PPVPVP-m15-e130-h200,PPVPVP,15,130,200,valid,3236,1719,1517,0,-10058.16,-3.11
PPVPVP-m15-e130-h250,PPVPVP,15,130,250,train,7900,4125,3775,0,-16202.76,-2.05
PPVPVP-m15-e130-h250,PPVPVP,15,130,250,valid,3236,1719,1517,0,-10058.16,-3.11
PPVPVP-m15-e130-h300,PPVPVP,15,130,300,train,7900,4125,3775,0,-16202.76,-2.05
PPVPVP-m15-e130-h300,PPVPVP,15,130,300,valid,3236,1719,1517,0,-10058.16,-3.11
PPVPVP-m15-e140-h200,PPVPVP,15,140,200,train,7900,4080,3820,0,-15501.42,-1.96
PPVPVP-m15-e140-h200,PPVPVP,15,140,200,valid,3236,1699,1537,0,-10053.73,-3.11
PPVPVP-m15-e140-h250,PPVPVP,15,140,250,train,7900,4080,3820,0,-15501.42,-1.96
PPVPVP-m15-e140-h250,PPVPVP,15,140,250,valid,3236,1699,1537,0,-10053.73,-3.11
PPVPVP-m15-e140-h300,PPVPVP,15,140,300,train,7900,4080,3820,0,-15501.42,-1.96
PPVPVP-m15-e140-h300,PPVPVP,15,140,300,valid,3236,1699,1537,0,-10053.73,-3.11
PPVPVP-m20-e120-h200,PPVPVP,20,120,200,train,7378,3873,3505,0,-22546.0,-3.06
PPVPVP-m20-e120-h200,PPVPVP,20,120,200,valid,3044,1649,1395,0,-7833.14,-2.57
PPVPVP-m20-e120-h250,PPVPVP,20,120,250,train,7378,3873,3505,0,-22546.0,-3.06
PPVPVP-m20-e120-h250,PPVPVP,20,120,250,valid,3044,1649,1395,0,-7833.14,-2.57
PPVPVP-m20-e120-h300,PPVPVP,20,120,300,train,7378,3873,3505,0,-22546.0,-3.06
PPVPVP-m20-e120-h300,PPVPVP,20,120,300,valid,3044,1649,1395,0,-7833.14,-2.57
PPVPVP-m20-e130-h200,PPVPVP,20,130,200,train,7378,3847,3531,0,-19155.39,-2.6
PPVPVP-m20-e130-h200,PPVPVP,20,130,200,valid,3044,1641,1403,0,-6393.95,-2.1
PPVPVP-m20-e130-h250,PPVPVP,20,130,250,train,7378,3847,3531,0,-19155.39,-2.6
PPVPVP-m20-e130-h250,PPVPVP,20,130,250,valid,3044,1641,1403,0,-6393.95,-2.1
PPVPVP-m20-e130-h300,PPVPVP,20,130,300,train,7378,3847,3531,0,-19155.39,-2.6
PPVPVP-m20-e130-h300,PPVPVP,20,130,300,valid,3044,1641,1403,0,-6393.95,-2.1
PPVPVP-m20-e140-h200,PPVPVP,20,140,200,train,7378,3802,3576,0,-20121.06,-2.73
PPVPVP-m20-e140-h200,PPVPVP,20,140,200,valid,3044,1626,1418,0,-5794.65,-1.9
PPVPVP-m20-e140-h250,PPVPVP,20,140,250,train,7378,3802,3576,0,-20121.06,-2.73
PPVPVP-m20-e140-h250,PPVPVP,20,140,250,valid,3044,1626,1418,0,-5794.65,-1.9
PPVPVP-m20-e140-h300,PPVPVP,20,140,300,train,7378,3802,3576,0,-20121.06,-2.73
PPVPVP-m20-e140-h300,PPVPVP,20,140,300,valid,3044,1626,1418,0,-5794.65,-1.9
PPVPVV-m5-e120-h200,PPVPVV,5,120,200,train,9542,4750,4792,0,-25620.71,-2.69
PPVPVV-m5-e120-h200,PPVPVV,5,120,200,valid,3853,1898,1955,0,-13224.93,-3.43
PPVPVV-m5-e120-h250,PPVPVV,5,120,250,train,9542,4750,4792,0,-25620.71,-2.69
PPVPVV-m5-e120-h250,PPVPVV,5,120,250,valid,3853,1898,1955,0,-13224.93,-3.43
PPVPVV-m5-e120-h300,PPVPVV,5,120,300,train,9542,4750,4792,0,-25620.71,-2.69
PPVPVV-m5-e120-h300,PPVPVV,5,120,300,valid,3853,1898,1955,0,-13224.93,-3.43
PPVPVV-m5-e130-h200,PPVPVV,5,130,200,train,9542,4672,4870,0,-30225.6,-3.17
PPVPVV-m5-e130-h200,PPVPVV,5,130,200,valid,3853,1891,1962,0,-10727.99,-2.78
PPVPVV-m5-e130-h250,PPVPVV,5,130,250,train,9542,4672,4870,0,-30225.6,-3.17
PPVPVV-m5-e130-h250,PPVPVV,5,130,250,valid,3853,1891,1962,0,-10727.99,-2.78
PPVPVV-m5-e130-h300,PPVPVV,5,130,300,train,9542,4672,4870,0,-30225.6,-3.17
PPVPVV-m5-e130-h300,PPVPVV,5,130,300,valid,3853,1891,1962,0,-10727.99,-2.78
PPVPVV-m5-e140-h200,PPVPVV,5,140,200,train,9542,4634,4908,0,-27557.21,-2.89
PPVPVV-m5-e140-h200,PPVPVV,5,140,200,valid,3853,1866,1987,0,-11291.85,-2.93
PPVPVV-m5-e140-h250,PPVPVV,5,140,250,train,9542,4634,4908,0,-27557.21,-2.89
PPVPVV-m5-e140-h250,PPVPVV,5,140,250,valid,3853,1866,1987,0,-11291.85,-2.93
PPVPVV-m5-e140-h300,PPVPVV,5,140,300,train,9542,4634,4908,0,-27557.21,-2.89
PPVPVV-m5-e140-h300,PPVPVV,5,140,300,valid,3853,1866,1987,0,-11291.85,-2.93
PPVPVV-m10-e120-h200,PPVPVV,10,120,200,train,8653,4353,4300,0,-22923.63,-2.65
PPVPVV-m10-e120-h200,PPVPVV,10,120,200,valid,3505,1748,1757,0,-14853.58,-4.24
PPVPVV-m10-e120-h250,PPVPVV,10,120,250,train,8653,4353,4300,0,-22923.63,-2.65
PPVPVV-m10-e120-h250,PPVPVV,10,120,250,valid,3505,1748,1757,0,-14853.58,-4.24
PPVPVV-m10-e120-h300,PPVPVV,10,120,300,train,8653,4353,4300,0,-22923.63,-2.65
PPVPVV-m10-e120-h300,PPVPVV,10,120,300,valid,3505,1748,1757,0,-14853.58,-4.24
PPVPVV-m10-e130-h200,PPVPVV,10,130,200,train,8653,4290,4363,0,-26507.31,-3.06
PPVPVV-m10-e130-h200,PPVPVV,10,130,200,valid,3505,1746,1759,0,-12131.38,-3.46
PPVPVV-m10-e130-h250,PPVPVV,10,130,250,train,8653,4290,4363,0,-26507.31,-3.06
PPVPVV-m10-e130-h250,PPVPVV,10,130,250,valid,3505,1746,1759,0,-12131.38,-3.46
PPVPVV-m10-e130-h300,PPVPVV,10,130,300,train,8653,4290,4363,0,-26507.31,-3.06
PPVPVV-m10-e130-h300,PPVPVV,10,130,300,valid,3505,1746,1759,0,-12131.38,-3.46
PPVPVV-m10-e140-h200,PPVPVV,10,140,200,train,8653,4260,4393,0,-23998.21,-2.77
PPVPVV-m10-e140-h200,PPVPVV,10,140,200,valid,3505,1723,1782,0,-13205.01,-3.77
PPVPVV-m10-e140-h250,PPVPVV,10,140,250,train,8653,4260,4393,0,-23998.21,-2.77
PPVPVV-m10-e140-h250,PPVPVV,10,140,250,valid,3505,1723,1782,0,-13205.01,-3.77
PPVPVV-m10-e140-h300,PPVPVV,10,140,300,train,8653,4260,4393,0,-23998.21,-2.77
PPVPVV-m10-e140-h300,PPVPVV,10,140,300,valid,3505,1723,1782,0,-13205.01,-3.77
PPVPVV-m15-e120-h200,PPVPVV,15,120,200,train,7900,4004,3896,0,-23559.14,-2.98
PPVPVV-m15-e120-h200,PPVPVV,15,120,200,valid,3236,1637,1599,0,-15435.88,-4.77
PPVPVV-m15-e120-h250,PPVPVV,15,120,250,train,7900,4004,3896,0,-23559.14,-2.98
PPVPVV-m15-e120-h250,PPVPVV,15,120,250,valid,3236,1637,1599,0,-15435.88,-4.77
PPVPVV-m15-e120-h300,PPVPVV,15,120,300,train,7900,4004,3896,0,-23559.14,-2.98
PPVPVV-m15-e120-h300,PPVPVV,15,120,300,valid,3236,1637,1599,0,-15435.88,-4.77
PPVPVV-m15-e130-h200,PPVPVV,15,130,200,train,7900,3960,3940,0,-25063.21,-3.17
PPVPVV-m15-e130-h200,PPVPVV,15,130,200,valid,3236,1638,1598,0,-12763.09,-3.94
PPVPVV-m15-e130-h250,PPVPVV,15,130,250,train,7900,3960,3940,0,-25063.21,-3.17
PPVPVV-m15-e130-h250,PPVPVV,15,130,250,valid,3236,1638,1598,0,-12763.09,-3.94
PPVPVV-m15-e130-h300,PPVPVV,15,130,300,train,7900,3960,3940,0,-25063.21,-3.17
PPVPVV-m15-e130-h300,PPVPVV,15,130,300,valid,3236,1638,1598,0,-12763.09,-3.94
PPVPVV-m15-e140-h200,PPVPVV,15,140,200,train,7900,3941,3959,0,-22064.52,-2.79
PPVPVV-m15-e140-h200,PPVPVV,15,140,200,valid,3236,1626,1610,0,-12444.51,-3.85
PPVPVV-m15-e140-h250,PPVPVV,15,140,250,train,7900,3941,3959,0,-22064.52,-2.79
PPVPVV-m15-e140-h250,PPVPVV,15,140,250,valid,3236,1626,1610,0,-12444.51,-3.85
PPVPVV-m15-e140-h300,PPVPVV,15,140,300,train,7900,3941,3959,0,-22064.52,-2.79
PPVPVV-m15-e140-h300,PPVPVV,15,140,300,valid,3236,1626,1610,0,-12444.51,-3.85
PPVPVV-m20-e120-h200,PPVPVV,20,120,200,train,7378,3757,3621,0,-26270.15,-3.56
PPVPVV-m20-e120-h200,PPVPVV,20,120,200,valid,3044,1571,1473,0,-12376.88,-4.07
PPVPVV-m20-e120-h250,PPVPVV,20,120,250,train,7378,3757,3621,0,-26270.15,-3.56
PPVPVV-m20-e120-h250,PPVPVV,20,120,250,valid,3044,1571,1473,0,-12376.88,-4.07
PPVPVV-m20-e120-h300,PPVPVV,20,120,300,train,7378,3757,3621,0,-26270.15,-3.56
PPVPVV-m20-e120-h300,PPVPVV,20,120,300,valid,3044,1571,1473,0,-12376.88,-4.07
PPVPVV-m20-e130-h200,PPVPVV,20,130,200,train,7378,3727,3651,0,-26175.28,-3.55
PPVPVV-m20-e130-h200,PPVPVV,20,130,200,valid,3044,1573,1471,0,-9963.01,-3.27
PPVPVV-m20-e130-h250,PPVPVV,20,130,250,train,7378,3727,3651,0,-26175.28,-3.55
PPVPVV-m20-e130-h250,PPVPVV,20,130,250,valid,3044,1573,1471,0,-9963.01,-3.27
PPVPVV-m20-e130-h300,PPVPVV,20,130,300,train,7378,3727,3651,0,-26175.28,-3.55
PPVPVV-m20-e130-h300,PPVPVV,20,130,300,valid,3044,1573,1471,0,-9963.01,-3.27
PPVPVV-m20-e140-h200,PPVPVV,20,140,200,train,7378,3704,3674,0,-25072.7,-3.4
PPVPVV-m20-e140-h200,PPVPVV,20,140,200,valid,3044,1563,1481,0,-9511.49,-3.12
PPVPVV-m20-e140-h250,PPVPVV,20,140,250,train,7378,3704,3674,0,-25072.7,-3.4
PPVPVV-m20-e140-h250,PPVPVV,20,140,250,valid,3044,1563,1481,0,-9511.49,-3.12
PPVPVV-m20-e140-h300,PPVPVV,20,140,300,train,7378,3704,3674,0,-25072.7,-3.4
PPVPVV-m20-e140-h300,PPVPVV,20,140,300,valid,3044,1563,1481,0,-9511.49,-3.12
PPVVPP-m5-e120-h200,PPVVPP,5,120,200,train,9542,4962,4580,0,-30853.88,-3.23
PPVVPP-m5-e120-h200,PPVVPP,5,120,200,valid,3853,2032,1821,0,-11910.99,-3.09
PPVVPP-m5-e120-h250,PPVVPP,5,120,250,train,9542,4962,4580,0,-30853.88,-3.23
PPVVPP-m5-e120-h250,PPVVPP,5,120,250,valid,3853,2032,1821,0,-11910.99,-3.09
PPVVPP-m5-e120-h300,PPVVPP,5,120,300,train,9542,4962,4580,0,-30853.88,-3.23
PPVVPP-m5-e120-h300,PPVVPP,5,120,300,valid,3853,2032,1821,0,-11910.99,-3.09
PPVVPP-m5-e130-h200,PPVVPP,5,130,200,train,9542,4906,4636,0,-26960.01,-2.83
PPVVPP-m5-e130-h200,PPVVPP,5,130,200,valid,3853,1996,1857,0,-13445.74,-3.49
PPVVPP-m5-e130-h250,PPVVPP,5,130,250,train,9542,4906,4636,0,-26960.01,-2.83
PPVVPP-m5-e130-h250,PPVVPP,5,130,250,valid,3853,1996,1857,0,-13445.74,-3.49
PPVVPP-m5-e130-h300,PPVVPP,5,130,300,train,9542,4906,4636,0,-26960.01,-2.83
PPVVPP-m5-e130-h300,PPVVPP,5,130,300,valid,3853,1996,1857,0,-13445.74,-3.49
PPVVPP-m5-e140-h200,PPVVPP,5,140,200,train,9542,4857,4685,0,-22758.52,-2.39
PPVVPP-m5-e140-h200,PPVVPP,5,140,200,valid,3853,1968,1885,0,-12523.71,-3.25
PPVVPP-m5-e140-h250,PPVVPP,5,140,250,train,9542,4857,4685,0,-22758.52,-2.39
PPVVPP-m5-e140-h250,PPVVPP,5,140,250,valid,3853,1968,1885,0,-12523.71,-3.25
PPVVPP-m5-e140-h300,PPVVPP,5,140,300,train,9542,4857,4685,0,-22758.52,-2.39
PPVVPP-m5-e140-h300,PPVVPP,5,140,300,valid,3853,1968,1885,0,-12523.71,-3.25
PPVVPP-m10-e120-h200,PPVVPP,10,120,200,train,8653,4530,4123,0,-26568.7,-3.07
PPVVPP-m10-e120-h200,PPVVPP,10,120,200,valid,3505,1891,1614,0,-6039.1,-1.72
PPVVPP-m10-e120-h250,PPVVPP,10,120,250,train,8653,4530,4123,0,-26568.7,-3.07
PPVVPP-m10-e120-h250,PPVVPP,10,120,250,valid,3505,1891,1614,0,-6039.1,-1.72
PPVVPP-m10-e120-h300,PPVVPP,10,120,300,train,8653,4530,4123,0,-26568.7,-3.07
PPVVPP-m10-e120-h300,PPVVPP,10,120,300,valid,3505,1891,1614,0,-6039.1,-1.72
PPVVPP-m10-e130-h200,PPVVPP,10,130,200,train,8653,4488,4165,0,-22457.75,-2.6
PPVVPP-m10-e130-h200,PPVVPP,10,130,200,valid,3505,1863,1642,0,-6884.23,-1.96
PPVVPP-m10-e130-h250,PPVVPP,10,130,250,train,8653,4488,4165,0,-22457.75,-2.6
PPVVPP-m10-e130-h250,PPVVPP,10,130,250,valid,3505,1863,1642,0,-6884.23,-1.96
PPVVPP-m10-e130-h300,PPVVPP,10,130,300,train,8653,4488,4165,0,-22457.75,-2.6
PPVVPP-m10-e130-h300,PPVVPP,10,130,300,valid,3505,1863,1642,0,-6884.23,-1.96
PPVVPP-m10-e140-h200,PPVVPP,10,140,200,train,8653,4456,4197,0,-17025.88,-1.97
PPVVPP-m10-e140-h200,PPVVPP,10,140,200,valid,3505,1833,1672,0,-7487.19,-2.14
PPVVPP-m10-e140-h250,PPVVPP,10,140,250,train,8653,4456,4197,0,-17025.88,-1.97
PPVVPP-m10-e140-h250,PPVVPP,10,140,250,valid,3505,1833,1672,0,-7487.19,-2.14
PPVVPP-m10-e140-h300,PPVVPP,10,140,300,train,8653,4456,4197,0,-17025.88,-1.97
PPVVPP-m10-e140-h300,PPVVPP,10,140,300,valid,3505,1833,1672,0,-7487.19,-2.14
PPVVPP-m15-e120-h200,PPVVPP,15,120,200,train,7900,4152,3748,0,-22894.31,-2.9
PPVVPP-m15-e120-h200,PPVVPP,15,120,200,valid,3236,1763,1473,0,-5552.26,-1.72
PPVVPP-m15-e120-h250,PPVVPP,15,120,250,train,7900,4152,3748,0,-22894.31,-2.9
PPVVPP-m15-e120-h250,PPVVPP,15,120,250,valid,3236,1763,1473,0,-5552.26,-1.72
PPVVPP-m15-e120-h300,PPVVPP,15,120,300,train,7900,4152,3748,0,-22894.31,-2.9
PPVVPP-m15-e120-h300,PPVVPP,15,120,300,valid,3236,1763,1473,0,-5552.26,-1.72
PPVVPP-m15-e130-h200,PPVVPP,15,130,200,train,7900,4128,3772,0,-17549.39,-2.22
PPVVPP-m15-e130-h200,PPVVPP,15,130,200,valid,3236,1739,1497,0,-6370.56,-1.97
PPVVPP-m15-e130-h250,PPVVPP,15,130,250,train,7900,4128,3772,0,-17549.39,-2.22
PPVVPP-m15-e130-h250,PPVVPP,15,130,250,valid,3236,1739,1497,0,-6370.56,-1.97
PPVVPP-m15-e130-h300,PPVVPP,15,130,300,train,7900,4128,3772,0,-17549.39,-2.22
PPVVPP-m15-e130-h300,PPVVPP,15,130,300,valid,3236,1739,1497,0,-6370.56,-1.97
PPVVPP-m15-e140-h200,PPVVPP,15,140,200,train,7900,4092,3808,0,-14911.37,-1.89
PPVVPP-m15-e140-h200,PPVVPP,15,140,200,valid,3236,1716,1520,0,-6595.28,-2.04
PPVVPP-m15-e140-h250,PPVVPP,15,140,250,train,7900,4092,3808,0,-14911.37,-1.89
PPVVPP-m15-e140-h250,PPVVPP,15,140,250,valid,3236,1716,1520,0,-6595.28,-2.04
PPVVPP-m15-e140-h300,PPVVPP,15,140,300,train,7900,4092,3808,0,-14911.37,-1.89
PPVVPP-m15-e140-h300,PPVVPP,15,140,300,valid,3236,1716,1520,0,-6595.28,-2.04
PPVVPP-m20-e120-h200,PPVVPP,20,120,200,train,7378,3871,3507,0,-24723.99,-3.35
PPVVPP-m20-e120-h200,PPVVPP,20,120,200,valid,3044,1669,1375,0,-3718.04,-1.22
PPVVPP-m20-e120-h250,PPVVPP,20,120,250,train,7378,3871,3507,0,-24723.99,-3.35
PPVVPP-m20-e120-h250,PPVVPP,20,120,250,valid,3044,1669,1375,0,-3718.04,-1.22
PPVVPP-m20-e120-h300,PPVVPP,20,120,300,train,7378,3871,3507,0,-24723.99,-3.35
PPVVPP-m20-e120-h300,PPVVPP,20,120,300,valid,3044,1669,1375,0,-3718.04,-1.22
PPVVPP-m20-e130-h200,PPVVPP,20,130,200,train,7378,3858,3520,0,-18749.89,-2.54
PPVVPP-m20-e130-h200,PPVVPP,20,130,200,valid,3044,1654,1390,0,-3439.07,-1.13
PPVVPP-m20-e130-h250,PPVVPP,20,130,250,train,7378,3858,3520,0,-18749.89,-2.54
PPVVPP-m20-e130-h250,PPVVPP,20,130,250,valid,3044,1654,1390,0,-3439.07,-1.13
PPVVPP-m20-e130-h300,PPVVPP,20,130,300,train,7378,3858,3520,0,-18749.89,-2.54
PPVVPP-m20-e130-h300,PPVVPP,20,130,300,valid,3044,1654,1390,0,-3439.07,-1.13
PPVVPP-m20-e140-h200,PPVVPP,20,140,200,train,7378,3823,3555,0,-17463.86,-2.37
PPVVPP-m20-e140-h200,PPVVPP,20,140,200,valid,3044,1639,1405,0,-2756.82,-0.91
PPVVPP-m20-e140-h250,PPVVPP,20,140,250,train,7378,3823,3555,0,-17463.86,-2.37
PPVVPP-m20-e140-h250,PPVVPP,20,140,250,valid,3044,1639,1405,0,-2756.82,-0.91
PPVVPP-m20-e140-h300,PPVVPP,20,140,300,train,7378,3823,3555,0,-17463.86,-2.37
PPVVPP-m20-e140-h300,PPVVPP,20,140,300,valid,3044,1639,1405,0,-2756.82,-0.91
PPVVPV-m5-e120-h200,PPVVPV,5,120,200,train,9542,4719,4823,0,-32164.76,-3.37
PPVVPV-m5-e120-h200,PPVVPV,5,120,200,valid,3853,1902,1951,0,-13897.68,-3.61
PPVVPV-m5-e120-h250,PPVVPV,5,120,250,train,9542,4719,4823,0,-32164.76,-3.37
PPVVPV-m5-e120-h250,PPVVPV,5,120,250,valid,3853,1902,1951,0,-13897.68,-3.61
PPVVPV-m5-e120-h300,PPVVPV,5,120,300,train,9542,4719,4823,0,-32164.76,-3.37
PPVVPV-m5-e120-h300,PPVVPV,5,120,300,valid,3853,1902,1951,0,-13897.68,-3.61
PPVVPV-m5-e130-h200,PPVVPV,5,130,200,train,9542,4668,4874,0,-31418.41,-3.29
PPVVPV-m5-e130-h200,PPVVPV,5,130,200,valid,3853,1883,1970,0,-13643.38,-3.54
PPVVPV-m5-e130-h250,PPVVPV,5,130,250,train,9542,4668,4874,0,-31418.41,-3.29
PPVVPV-m5-e130-h250,PPVVPV,5,130,250,valid,3853,1883,1970,0,-13643.38,-3.54
PPVVPV-m5-e130-h300,PPVVPV,5,130,300,train,9542,4668,4874,0,-31418.41,-3.29
PPVVPV-m5-e130-h300,PPVVPV,5,130,300,valid,3853,1883,1970,0,-13643.38,-3.54
PPVVPV-m5-e140-h200,PPVVPV,5,140,200,train,9542,4650,4892,0,-24941.95,-2.61
PPVVPV-m5-e140-h200,PPVVPV,5,140,200,valid,3853,1859,1994,0,-13828.16,-3.59
PPVVPV-m5-e140-h250,PPVVPV,5,140,250,train,9542,4650,4892,0,-24941.95,-2.61
PPVVPV-m5-e140-h250,PPVVPV,5,140,250,valid,3853,1859,1994,0,-13828.16,-3.59
PPVVPV-m5-e140-h300,PPVVPV,5,140,300,train,9542,4650,4892,0,-24941.95,-2.61
PPVVPV-m5-e140-h300,PPVVPV,5,140,300,valid,3853,1859,1994,0,-13828.16,-3.59
PPVVPV-m10-e120-h200,PPVVPV,10,120,200,train,8653,4327,4326,0,-29864.49,-3.45
PPVVPV-m10-e120-h200,PPVVPV,10,120,200,valid,3505,1780,1725,0,-9390.56,-2.68
PPVVPV-m10-e120-h250,PPVVPV,10,120,250,train,8653,4327,4326,0,-29864.49,-3.45
PPVVPV-m10-e120-h250,PPVVPV,10,120,250,valid,3505,1780,1725,0,-9390.56,-2.68
PPVVPV-m10-e120-h300,PPVVPV,10,120,300,train,8653,4327,4326,0,-29864.49,-3.45
PPVVPV-m10-e120-h300,PPVVPV,10,120,300,valid,3505,1780,1725,0,-9390.56,-2.68
PPVVPV-m10-e130-h200,PPVVPV,10,130,200,train,8653,4283,4370,0,-29649.02,-3.43
PPVVPV-m10-e130-h200,PPVVPV,10,130,200,valid,3505,1768,1737,0,-8444.69,-2.41
PPVVPV-m10-e130-h250,PPVVPV,10,130,250,train,8653,4283,4370,0,-29649.02,-3.43
PPVVPV-m10-e130-h250,PPVVPV,10,130,250,valid,3505,1768,1737,0,-8444.69,-2.41
PPVVPV-m10-e130-h300,PPVVPV,10,130,300,train,8653,4283,4370,0,-29649.02,-3.43
PPVVPV-m10-e130-h300,PPVVPV,10,130,300,valid,3505,1768,1737,0,-8444.69,-2.41
PPVVPV-m10-e140-h200,PPVVPV,10,140,200,train,8653,4277,4376,0,-22343.45,-2.58
PPVVPV-m10-e140-h200,PPVVPV,10,140,200,valid,3505,1744,1761,0,-9339.14,-2.66
PPVVPV-m10-e140-h250,PPVVPV,10,140,250,train,8653,4277,4376,0,-22343.45,-2.58
PPVVPV-m10-e140-h250,PPVVPV,10,140,250,valid,3505,1744,1761,0,-9339.14,-2.66
PPVVPV-m10-e140-h300,PPVVPV,10,140,300,train,8653,4277,4376,0,-22343.45,-2.58
PPVVPV-m10-e140-h300,PPVVPV,10,140,300,valid,3505,1744,1761,0,-9339.14,-2.66
PPVVPV-m15-e120-h200,PPVVPV,15,120,200,train,7900,3994,3906,0,-27536.58,-3.49
PPVVPV-m15-e120-h200,PPVVPV,15,120,200,valid,3236,1666,1570,0,-10187.2,-3.15
PPVVPV-m15-e120-h250,PPVVPV,15,120,250,train,7900,3994,3906,0,-27536.58,-3.49
PPVVPV-m15-e120-h250,PPVVPV,15,120,250,valid,3236,1666,1570,0,-10187.2,-3.15
PPVVPV-m15-e120-h300,PPVVPV,15,120,300,train,7900,3994,3906,0,-27536.58,-3.49
PPVVPV-m15-e120-h300,PPVVPV,15,120,300,valid,3236,1666,1570,0,-10187.2,-3.15
PPVVPV-m15-e130-h200,PPVVPV,15,130,200,train,7900,3963,3937,0,-26409.84,-3.34
PPVVPV-m15-e130-h200,PPVVPV,15,130,200,valid,3236,1658,1578,0,-9075.49,-2.8
PPVVPV-m15-e130-h250,PPVVPV,15,130,250,train,7900,3963,3937,0,-26409.84,-3.34
PPVVPV-m15-e130-h250,PPVVPV,15,130,250,valid,3236,1658,1578,0,-9075.49,-2.8
PPVVPV-m15-e130-h300,PPVVPV,15,130,300,train,7900,3963,3937,0,-26409.84,-3.34
PPVVPV-m15-e130-h300,PPVVPV,15,130,300,valid,3236,1658,1578,0,-9075.49,-2.8
PPVVPV-m15-e140-h200,PPVVPV,15,140,200,train,7900,3953,3947,0,-21474.47,-2.72
PPVVPV-m15-e140-h200,PPVVPV,15,140,200,valid,3236,1643,1593,0,-8986.06,-2.78
PPVVPV-m15-e140-h250,PPVVPV,15,140,250,train,7900,3953,3947,0,-21474.47,-2.72
PPVVPV-m15-e140-h250,PPVVPV,15,140,250,valid,3236,1643,1593,0,-8986.06,-2.78
PPVVPV-m15-e140-h300,PPVVPV,15,140,300,train,7900,3953,3947,0,-21474.47,-2.72
PPVVPV-m15-e140-h300,PPVVPV,15,140,300,valid,3236,1643,1593,0,-8986.06,-2.78
PPVVPV-m20-e120-h200,PPVVPV,20,120,200,train,7378,3755,3623,0,-28448.14,-3.86
PPVVPV-m20-e120-h200,PPVVPV,20,120,200,valid,3044,1591,1453,0,-8261.78,-2.71
PPVVPV-m20-e120-h250,PPVVPV,20,120,250,train,7378,3755,3623,0,-28448.14,-3.86
PPVVPV-m20-e120-h250,PPVVPV,20,120,250,valid,3044,1591,1453,0,-8261.78,-2.71
PPVVPV-m20-e120-h300,PPVVPV,20,120,300,train,7378,3755,3623,0,-28448.14,-3.86
PPVVPV-m20-e120-h300,PPVVPV,20,120,300,valid,3044,1591,1453,0,-8261.78,-2.71
PPVVPV-m20-e130-h200,PPVVPV,20,130,200,train,7378,3738,3640,0,-25769.78,-3.49
PPVVPV-m20-e130-h200,PPVVPV,20,130,200,valid,3044,1586,1458,0,-7008.13,-2.3
PPVVPV-m20-e130-h250,PPVVPV,20,130,250,train,7378,3738,3640,0,-25769.78,-3.49
PPVVPV-m20-e130-h250,PPVVPV,20,130,250,valid,3044,1586,1458,0,-7008.13,-2.3
PPVVPV-m20-e130-h300,PPVVPV,20,130,300,train,7378,3738,3640,0,-25769.78,-3.49
PPVVPV-m20-e130-h300,PPVVPV,20,130,300,valid,3044,1586,1458,0,-7008.13,-2.3
PPVVPV-m20-e140-h200,PPVVPV,20,140,200,train,7378,3725,3653,0,-22415.5,-3.04
PPVVPV-m20-e140-h200,PPVVPV,20,140,200,valid,3044,1576,1468,0,-6473.66,-2.13
PPVVPV-m20-e140-h250,PPVVPV,20,140,250,train,7378,3725,3653,0,-22415.5,-3.04
PPVVPV-m20-e140-h250,PPVVPV,20,140,250,valid,3044,1576,1468,0,-6473.66,-2.13
PPVVPV-m20-e140-h300,PPVVPV,20,140,300,train,7378,3725,3653,0,-22415.5,-3.04
PPVVPV-m20-e140-h300,PPVVPV,20,140,300,valid,3044,1576,1468,0,-6473.66,-2.13
PPVVVP-m5-e120-h200,PPVVVP,5,120,200,train,9542,4737,4805,0,-27160.06,-2.85
PPVVVP-m5-e120-h200,PPVVVP,5,120,200,valid,3853,1882,1971,0,-17217.33,-4.47
PPVVVP-m5-e120-h250,PPVVVP,5,120,250,train,9542,4737,4805,0,-27160.06,-2.85
PPVVVP-m5-e120-h250,PPVVVP,5,120,250,valid,3853,1882,1971,0,-17217.33,-4.47
PPVVVP-m5-e120-h300,PPVVVP,5,120,300,train,9542,4737,4805,0,-27160.06,-2.85
PPVVVP-m5-e120-h300,PPVVVP,5,120,300,valid,3853,1882,1971,0,-17217.33,-4.47
PPVVVP-m5-e130-h200,PPVVVP,5,130,200,train,9542,4678,4864,0,-28132.06,-2.95
PPVVVP-m5-e130-h200,PPVVVP,5,130,200,valid,3853,1861,1992,0,-17489.14,-4.54
PPVVVP-m5-e130-h250,PPVVVP,5,130,250,train,9542,4678,4864,0,-28132.06,-2.95
PPVVVP-m5-e130-h250,PPVVVP,5,130,250,valid,3853,1861,1992,0,-17489.14,-4.54
PPVVVP-m5-e130-h300,PPVVVP,5,130,300,train,9542,4678,4864,0,-28132.06,-2.95
PPVVVP-m5-e130-h300,PPVVVP,5,130,300,valid,3853,1861,1992,0,-17489.14,-4.54
PPVVVP-m5-e140-h200,PPVVVP,5,140,200,train,9542,4630,4912,0,-27795.19,-2.91
PPVVVP-m5-e140-h200,PPVVVP,5,140,200,valid,3853,1851,2002,0,-14746.6,-3.83
PPVVVP-m5-e140-h250,PPVVVP,5,140,250,train,9542,4630,4912,0,-27795.19,-2.91
PPVVVP-m5-e140-h250,PPVVVP,5,140,250,valid,3853,1851,2002,0,-14746.6,-3.83
PPVVVP-m5-e140-h300,PPVVVP,5,140,300,train,9542,4630,4912,0,-27795.19,-2.91
PPVVVP-m5-e140-h300,PPVVVP,5,140,300,valid,3853,1851,2002,0,-14746.6,-3.83
PPVVVP-m10-e120-h200,PPVVVP,10,120,200,train,8653,4357,4296,0,-21198.73,-2.45
PPVVVP-m10-e120-h200,PPVVVP,10,120,200,valid,3505,1766,1739,0,-12372.47,-3.53
PPVVVP-m10-e120-h250,PPVVVP,10,120,250,train,8653,4357,4296,0,-21198.73,-2.45
PPVVVP-m10-e120-h250,PPVVVP,10,120,250,valid,3505,1766,1739,0,-12372.47,-3.53
PPVVVP-m10-e120-h300,PPVVVP,10,120,300,train,8653,4357,4296,0,-21198.73,-2.45
PPVVVP-m10-e120-h300,PPVVVP,10,120,300,valid,3505,1766,1739,0,-12372.47,-3.53
PPVVVP-m10-e130-h200,PPVVVP,10,130,200,train,8653,4307,4346,0,-22192.38,-2.56
PPVVVP-m10-e130-h200,PPVVVP,10,130,200,valid,3505,1750,1755,0,-12225.84,-3.49
PPVVVP-m10-e130-h250,PPVVVP,10,130,250,train,8653,4307,4346,0,-22192.38,-2.56
PPVVVP-m10-e130-h250,PPVVVP,10,130,250,valid,3505,1750,1755,0,-12225.84,-3.49
PPVVVP-m10-e130-h300,PPVVVP,10,130,300,train,8653,4307,4346,0,-22192.38,-2.56
PPVVVP-m10-e130-h300,PPVVVP,10,130,300,valid,3505,1750,1755,0,-12225.84,-3.49
PPVVVP-m10-e140-h200,PPVVVP,10,140,200,train,8653,4269,4384,0,-21432.05,-2.48
PPVVVP-m10-e140-h200,PPVVVP,10,140,200,valid,3505,1737,1768,0,-10963.61,-3.13
PPVVVP-m10-e140-h250,PPVVVP,10,140,250,train,8653,4269,4384,0,-21432.05,-2.48
PPVVVP-m10-e140-h250,PPVVVP,10,140,250,valid,3505,1737,1768,0,-10963.61,-3.13
PPVVVP-m10-e140-h300,PPVVVP,10,140,300,train,8653,4269,4384,0,-21432.05,-2.48
PPVVVP-m10-e140-h300,PPVVVP,10,140,300,valid,3505,1737,1768,0,-10963.61,-3.13
PPVVVP-m15-e120-h200,PPVVVP,15,120,200,train,7900,4027,3873,0,-17602.57,-2.23
PPVVVP-m15-e120-h200,PPVVVP,15,120,200,valid,3236,1662,1574,0,-11729.46,-3.62
PPVVVP-m15-e120-h250,PPVVVP,15,120,250,train,7900,4027,3873,0,-17602.57,-2.23
PPVVVP-m15-e120-h250,PPVVVP,15,120,250,valid,3236,1662,1574,0,-11729.46,-3.62
PPVVVP-m15-e120-h300,PPVVVP,15,120,300,train,7900,4027,3873,0,-17602.57,-2.23
PPVVVP-m15-e120-h300,PPVVVP,15,120,300,valid,3236,1662,1574,0,-11729.46,-3.62
PPVVVP-m15-e130-h200,PPVVVP,15,130,200,train,7900,3988,3912,0,-17984.2,-2.28
PPVVVP-m15-e130-h200,PPVVVP,15,130,200,valid,3236,1650,1586,0,-11373.78,-3.51
PPVVVP-m15-e130-h250,PPVVVP,15,130,250,train,7900,3988,3912,0,-17984.2,-2.28
PPVVVP-m15-e130-h250,PPVVVP,15,130,250,valid,3236,1650,1586,0,-11373.78,-3.51
PPVVVP-m15-e130-h300,PPVVVP,15,130,300,train,7900,3988,3912,0,-17984.2,-2.28
PPVVVP-m15-e130-h300,PPVVVP,15,130,300,valid,3236,1650,1586,0,-11373.78,-3.51
PPVVVP-m15-e140-h200,PPVVVP,15,140,200,train,7900,3947,3953,0,-19219.99,-2.43
PPVVVP-m15-e140-h200,PPVVVP,15,140,200,valid,3236,1642,1594,0,-9865.97,-3.05
PPVVVP-m15-e140-h250,PPVVVP,15,140,250,train,7900,3947,3953,0,-19219.99,-2.43
PPVVVP-m15-e140-h250,PPVVVP,15,140,250,valid,3236,1642,1594,0,-9865.97,-3.05
PPVVVP-m15-e140-h300,PPVVVP,15,140,300,train,7900,3947,3953,0,-19219.99,-2.43
PPVVVP-m15-e140-h300,PPVVVP,15,140,300,valid,3236,1642,1594,0,-9865.97,-3.05
PPVVVP-m20-e120-h200,PPVVVP,20,120,200,train,7378,3764,3614,0,-22893.12,-3.1
PPVVVP-m20-e120-h200,PPVVVP,20,120,200,valid,3044,1600,1444,0,-6974.77,-2.29
PPVVVP-m20-e120-h250,PPVVVP,20,120,250,train,7378,3764,3614,0,-22893.12,-3.1
PPVVVP-m20-e120-h250,PPVVVP,20,120,250,valid,3044,1600,1444,0,-6974.77,-2.29
PPVVVP-m20-e120-h300,PPVVVP,20,120,300,train,7378,3764,3614,0,-22893.12,-3.1
PPVVVP-m20-e120-h300,PPVVVP,20,120,300,valid,3044,1600,1444,0,-6974.77,-2.29
PPVVVP-m20-e130-h200,PPVVVP,20,130,200,train,7378,3733,3645,0,-22679.05,-3.07
PPVVVP-m20-e130-h200,PPVVVP,20,130,200,valid,3044,1593,1451,0,-6127.4,-2.01
PPVVVP-m20-e130-h250,PPVVVP,20,130,250,train,7378,3733,3645,0,-22679.05,-3.07
PPVVVP-m20-e130-h250,PPVVVP,20,130,250,valid,3044,1593,1451,0,-6127.4,-2.01
PPVVVP-m20-e130-h300,PPVVVP,20,130,300,train,7378,3733,3645,0,-22679.05,-3.07
PPVVVP-m20-e130-h300,PPVVVP,20,130,300,valid,3044,1593,1451,0,-6127.4,-2.01
PPVVVP-m20-e140-h200,PPVVVP,20,140,200,train,7378,3695,3683,0,-24453.26,-3.31
PPVVVP-m20-e140-h200,PPVVVP,20,140,200,valid,3044,1589,1455,0,-4197.18,-1.38
PPVVVP-m20-e140-h250,PPVVVP,20,140,250,train,7378,3695,3683,0,-24453.26,-3.31
PPVVVP-m20-e140-h250,PPVVVP,20,140,250,valid,3044,1589,1455,0,-4197.18,-1.38
PPVVVP-m20-e140-h300,PPVVVP,20,140,300,train,7378,3695,3683,0,-24453.26,-3.31
PPVVVP-m20-e140-h300,PPVVVP,20,140,300,valid,3044,1589,1455,0,-4197.18,-1.38
PPVVVV-m5-e120-h200,PPVVVV,5,120,200,train,9542,4494,5048,0,-28470.94,-2.98
PPVVVV-m5-e120-h200,PPVVVV,5,120,200,valid,3853,1752,2101,0,-19204.02,-4.98
PPVVVV-m5-e120-h250,PPVVVV,5,120,250,train,9542,4494,5048,0,-28470.94,-2.98
PPVVVV-m5-e120-h250,PPVVVV,5,120,250,valid,3853,1752,2101,0,-19204.02,-4.98
PPVVVV-m5-e120-h300,PPVVVV,5,120,300,train,9542,4494,5048,0,-28470.94,-2.98
PPVVVV-m5-e120-h300,PPVVVV,5,120,300,valid,3853,1752,2101,0,-19204.02,-4.98
PPVVVV-m5-e130-h200,PPVVVV,5,130,200,train,9542,4440,5102,0,-32590.46,-3.42
PPVVVV-m5-e130-h200,PPVVVV,5,130,200,valid,3853,1748,2105,0,-17686.78,-4.59
PPVVVV-m5-e130-h250,PPVVVV,5,130,250,train,9542,4440,5102,0,-32590.46,-3.42
PPVVVV-m5-e130-h250,PPVVVV,5,130,250,valid,3853,1748,2105,0,-17686.78,-4.59
PPVVVV-m5-e130-h300,PPVVVV,5,130,300,train,9542,4440,5102,0,-32590.46,-3.42
PPVVVV-m5-e130-h300,PPVVVV,5,130,300,valid,3853,1748,2105,0,-17686.78,-4.59
PPVVVV-m5-e140-h200,PPVVVV,5,140,200,train,9542,4423,5119,0,-29978.62,-3.14
PPVVVV-m5-e140-h200,PPVVVV,5,140,200,valid,3853,1742,2111,0,-16051.05,-4.17
PPVVVV-m5-e140-h250,PPVVVV,5,140,250,train,9542,4423,5119,0,-29978.62,-3.14
PPVVVV-m5-e140-h250,PPVVVV,5,140,250,valid,3853,1742,2111,0,-16051.05,-4.17
PPVVVV-m5-e140-h300,PPVVVV,5,140,300,train,9542,4423,5119,0,-29978.62,-3.14
PPVVVV-m5-e140-h300,PPVVVV,5,140,300,valid,3853,1742,2111,0,-16051.05,-4.17
PPVVVV-m10-e120-h200,PPVVVV,10,120,200,train,8653,4154,4499,0,-24494.52,-2.83
PPVVVV-m10-e120-h200,PPVVVV,10,120,200,valid,3505,1655,1850,0,-15723.93,-4.49
PPVVVV-m10-e120-h250,PPVVVV,10,120,250,train,8653,4154,4499,0,-24494.52,-2.83
PPVVVV-m10-e120-h250,PPVVVV,10,120,250,valid,3505,1655,1850,0,-15723.93,-4.49
PPVVVV-m10-e120-h300,PPVVVV,10,120,300,train,8653,4154,4499,0,-24494.52,-2.83
PPVVVV-m10-e120-h300,PPVVVV,10,120,300,valid,3505,1655,1850,0,-15723.93,-4.49
PPVVVV-m10-e130-h200,PPVVVV,10,130,200,train,8653,4102,4551,0,-29383.65,-3.4
PPVVVV-m10-e130-h200,PPVVVV,10,130,200,valid,3505,1655,1850,0,-13786.3,-3.93
PPVVVV-m10-e130-h250,PPVVVV,10,130,250,train,8653,4102,4551,0,-29383.65,-3.4
PPVVVV-m10-e130-h250,PPVVVV,10,130,250,valid,3505,1655,1850,0,-13786.3,-3.93
PPVVVV-m10-e130-h300,PPVVVV,10,130,300,train,8653,4102,4551,0,-29383.65,-3.4
PPVVVV-m10-e130-h300,PPVVVV,10,130,300,valid,3505,1655,1850,0,-13786.3,-3.93
PPVVVV-m10-e140-h200,PPVVVV,10,140,200,train,8653,4090,4563,0,-26749.62,-3.09
PPVVVV-m10-e140-h200,PPVVVV,10,140,200,valid,3505,1648,1857,0,-12815.56,-3.66
PPVVVV-m10-e140-h250,PPVVVV,10,140,250,train,8653,4090,4563,0,-26749.62,-3.09
PPVVVV-m10-e140-h250,PPVVVV,10,140,250,valid,3505,1648,1857,0,-12815.56,-3.66
PPVVVV-m10-e140-h300,PPVVVV,10,140,300,train,8653,4090,4563,0,-26749.62,-3.09
PPVVVV-m10-e140-h300,PPVVVV,10,140,300,valid,3505,1648,1857,0,-12815.56,-3.66
PPVVVV-m15-e120-h200,PPVVVV,15,120,200,train,7900,3869,4031,0,-22244.84,-2.82
PPVVVV-m15-e120-h200,PPVVVV,15,120,200,valid,3236,1565,1671,0,-16364.4,-5.06
PPVVVV-m15-e120-h250,PPVVVV,15,120,250,train,7900,3869,4031,0,-22244.84,-2.82
PPVVVV-m15-e120-h250,PPVVVV,15,120,250,valid,3236,1565,1671,0,-16364.4,-5.06
PPVVVV-m15-e120-h300,PPVVVV,15,120,300,train,7900,3869,4031,0,-22244.84,-2.82
PPVVVV-m15-e120-h300,PPVVVV,15,120,300,valid,3236,1565,1671,0,-16364.4,-5.06
PPVVVV-m15-e130-h200,PPVVVV,15,130,200,train,7900,3823,4077,0,-26844.65,-3.4
PPVVVV-m15-e130-h200,PPVVVV,15,130,200,valid,3236,1569,1667,0,-14078.71,-4.35
PPVVVV-m15-e130-h250,PPVVVV,15,130,250,train,7900,3823,4077,0,-26844.65,-3.4
PPVVVV-m15-e130-h250,PPVVVV,15,130,250,valid,3236,1569,1667,0,-14078.71,-4.35
PPVVVV-m15-e130-h300,PPVVVV,15,130,300,train,7900,3823,4077,0,-26844.65,-3.4
PPVVVV-m15-e130-h300,PPVVVV,15,130,300,valid,3236,1569,1667,0,-14078.71,-4.35
PPVVVV-m15-e140-h200,PPVVVV,15,140,200,train,7900,3808,4092,0,-25783.09,-3.26
PPVVVV-m15-e140-h200,PPVVVV,15,140,200,valid,3236,1569,1667,0,-12256.75,-3.79
PPVVVV-m15-e140-h250,PPVVVV,15,140,250,train,7900,3808,4092,0,-25783.09,-3.26
PPVVVV-m15-e140-h250,PPVVVV,15,140,250,valid,3236,1569,1667,0,-12256.75,-3.79
PPVVVV-m15-e140-h300,PPVVVV,15,140,300,train,7900,3808,4092,0,-25783.09,-3.26
PPVVVV-m15-e140-h300,PPVVVV,15,140,300,valid,3236,1569,1667,0,-12256.75,-3.79
PPVVVV-m20-e120-h200,PPVVVV,20,120,200,train,7378,3648,3730,0,-26617.27,-3.61
PPVVVV-m20-e120-h200,PPVVVV,20,120,200,valid,3044,1522,1522,0,-11518.51,-3.78
PPVVVV-m20-e120-h250,PPVVVV,20,120,250,train,7378,3648,3730,0,-26617.27,-3.61
PPVVVV-m20-e120-h250,PPVVVV,20,120,250,valid,3044,1522,1522,0,-11518.51,-3.78
PPVVVV-m20-e120-h300,PPVVVV,20,120,300,train,7378,3648,3730,0,-26617.27,-3.61
PPVVVV-m20-e120-h300,PPVVVV,20,120,300,valid,3044,1522,1522,0,-11518.51,-3.78
PPVVVV-m20-e130-h200,PPVVVV,20,130,200,train,7378,3613,3765,0,-29698.94,-4.03
PPVVVV-m20-e130-h200,PPVVVV,20,130,200,valid,3044,1525,1519,0,-9696.46,-3.19
PPVVVV-m20-e130-h250,PPVVVV,20,130,250,train,7378,3613,3765,0,-29698.94,-4.03
PPVVVV-m20-e130-h250,PPVVVV,20,130,250,valid,3044,1525,1519,0,-9696.46,-3.19
PPVVVV-m20-e130-h300,PPVVVV,20,130,300,train,7378,3613,3765,0,-29698.94,-4.03
PPVVVV-m20-e130-h300,PPVVVV,20,130,300,valid,3044,1525,1519,0,-9696.46,-3.19
PPVVVV-m20-e140-h200,PPVVVV,20,140,200,train,7378,3597,3781,0,-29404.9,-3.99
PPVVVV-m20-e140-h200,PPVVVV,20,140,200,valid,3044,1526,1518,0,-7914.02,-2.6
PPVVVV-m20-e140-h250,PPVVVV,20,140,250,train,7378,3597,3781,0,-29404.9,-3.99
PPVVVV-m20-e140-h250,PPVVVV,20,140,250,valid,3044,1526,1518,0,-7914.02,-2.6
PPVVVV-m20-e140-h300,PPVVVV,20,140,300,train,7378,3597,3781,0,-29404.9,-3.99
PPVVVV-m20-e140-h300,PPVVVV,20,140,300,valid,3044,1526,1518,0,-7914.02,-2.6
PVPPPP-m5-e120-h200,PVPPPP,5,120,200,train,9542,5186,4356,0,-20665.42,-2.17
PVPPPP-m5-e120-h200,PVPPPP,5,120,200,valid,3853,2185,1668,0,3066.86,0.8
PVPPPP-m5-e120-h250,PVPPPP,5,120,250,train,9542,5186,4356,0,-20665.42,-2.17
PVPPPP-m5-e120-h250,PVPPPP,5,120,250,valid,3853,2185,1668,0,3066.86,0.8
PVPPPP-m5-e120-h300,PVPPPP,5,120,300,train,9542,5186,4356,0,-20665.42,-2.17
PVPPPP-m5-e120-h300,PVPPPP,5,120,300,valid,3853,2185,1668,0,3066.86,0.8
PVPPPP-m5-e130-h200,PVPPPP,5,130,200,train,9542,5122,4420,0,-15064.4,-1.58
PVPPPP-m5-e130-h200,PVPPPP,5,130,200,valid,3853,2133,1720,0,-591.6,-0.15
PVPPPP-m5-e130-h250,PVPPPP,5,130,250,train,9542,5122,4420,0,-15064.4,-1.58
PVPPPP-m5-e130-h250,PVPPPP,5,130,250,valid,3853,2133,1720,0,-591.6,-0.15
PVPPPP-m5-e130-h300,PVPPPP,5,130,300,train,9542,5122,4420,0,-15064.4,-1.58
PVPPPP-m5-e130-h300,PVPPPP,5,130,300,valid,3853,2133,1720,0,-591.6,-0.15
PVPPPP-m5-e140-h200,PVPPPP,5,140,200,train,9542,5017,4525,0,-17523.67,-1.84
PVPPPP-m5-e140-h200,PVPPPP,5,140,200,valid,3853,2079,1774,0,-3851.96,-1.0
PVPPPP-m5-e140-h250,PVPPPP,5,140,250,train,9542,5017,4525,0,-17523.67,-1.84
PVPPPP-m5-e140-h250,PVPPPP,5,140,250,valid,3853,2079,1774,0,-3851.96,-1.0
PVPPPP-m5-e140-h300,PVPPPP,5,140,300,train,9542,5017,4525,0,-17523.67,-1.84
PVPPPP-m5-e140-h300,PVPPPP,5,140,300,valid,3853,2079,1774,0,-3851.96,-1.0
PVPPPP-m10-e120-h200,PVPPPP,10,120,200,train,8653,4717,3936,0,-16701.1,-1.93
PVPPPP-m10-e120-h200,PVPPPP,10,120,200,valid,3505,1993,1512,0,2873.62,0.82
PVPPPP-m10-e120-h250,PVPPPP,10,120,250,train,8653,4717,3936,0,-16701.1,-1.93
PVPPPP-m10-e120-h250,PVPPPP,10,120,250,valid,3505,1993,1512,0,2873.62,0.82
PVPPPP-m10-e120-h300,PVPPPP,10,120,300,train,8653,4717,3936,0,-16701.1,-1.93
PVPPPP-m10-e120-h300,PVPPPP,10,120,300,valid,3505,1993,1512,0,2873.62,0.82
PVPPPP-m10-e130-h200,PVPPPP,10,130,200,train,8653,4680,3973,0,-9008.15,-1.04
PVPPPP-m10-e130-h200,PVPPPP,10,130,200,valid,3505,1948,1557,0,-497.24,-0.14
PVPPPP-m10-e130-h250,PVPPPP,10,130,250,train,8653,4680,3973,0,-9008.15,-1.04
PVPPPP-m10-e130-h250,PVPPPP,10,130,250,valid,3505,1948,1557,0,-497.24,-0.14
PVPPPP-m10-e130-h300,PVPPPP,10,130,300,train,8653,4680,3973,0,-9008.15,-1.04
PVPPPP-m10-e130-h300,PVPPPP,10,130,300,valid,3505,1948,1557,0,-497.24,-0.14
PVPPPP-m10-e140-h200,PVPPPP,10,140,200,train,8653,4598,4055,0,-9940.29,-1.15
PVPPPP-m10-e140-h200,PVPPPP,10,140,200,valid,3505,1896,1609,0,-4937.43,-1.41
PVPPPP-m10-e140-h250,PVPPPP,10,140,250,train,8653,4598,4055,0,-9940.29,-1.15
PVPPPP-m10-e140-h250,PVPPPP,10,140,250,valid,3505,1896,1609,0,-4937.43,-1.41
PVPPPP-m10-e140-h300,PVPPPP,10,140,300,train,8653,4598,4055,0,-9940.29,-1.15
PVPPPP-m10-e140-h300,PVPPPP,10,140,300,valid,3505,1896,1609,0,-4937.43,-1.41
PVPPPP-m15-e120-h200,PVPPPP,15,120,200,train,7900,4318,3582,0,-9743.04,-1.23
PVPPPP-m15-e120-h200,PVPPPP,15,120,200,valid,3236,1834,1402,0,23.11,0.01
PVPPPP-m15-e120-h250,PVPPPP,15,120,250,train,7900,4318,3582,0,-9743.04,-1.23
PVPPPP-m15-e120-h250,PVPPPP,15,120,250,valid,3236,1834,1402,0,23.11,0.01
PVPPPP-m15-e120-h300,PVPPPP,15,120,300,train,7900,4318,3582,0,-9743.04,-1.23
PVPPPP-m15-e120-h300,PVPPPP,15,120,300,valid,3236,1834,1402,0,23.11,0.01
PVPPPP-m15-e130-h200,PVPPPP,15,130,200,train,7900,4314,3586,0,1558.67,0.2
PVPPPP-m15-e130-h200,PVPPPP,15,130,200,valid,3236,1790,1446,0,-3888.67,-1.2
PVPPPP-m15-e130-h250,PVPPPP,15,130,250,train,7900,4314,3586,0,1558.67,0.2
PVPPPP-m15-e130-h250,PVPPPP,15,130,250,valid,3236,1790,1446,0,-3888.67,-1.2
PVPPPP-m15-e130-h300,PVPPPP,15,130,300,train,7900,4314,3586,0,1558.67,0.2
PVPPPP-m15-e130-h300,PVPPPP,15,130,300,valid,3236,1790,1446,0,-3888.67,-1.2
PVPPPP-m15-e140-h200,PVPPPP,15,140,200,train,7900,4244,3656,0,518.23,0.07
PVPPPP-m15-e140-h200,PVPPPP,15,140,200,valid,3236,1743,1493,0,-8437.41,-2.61
PVPPPP-m15-e140-h250,PVPPPP,15,140,250,train,7900,4244,3656,0,518.23,0.07
PVPPPP-m15-e140-h250,PVPPPP,15,140,250,valid,3236,1743,1493,0,-8437.41,-2.61
PVPPPP-m15-e140-h300,PVPPPP,15,140,300,train,7900,4244,3656,0,518.23,0.07
PVPPPP-m15-e140-h300,PVPPPP,15,140,300,valid,3236,1743,1493,0,-8437.41,-2.61
PVPPPP-m20-e120-h200,PVPPPP,20,120,200,train,7378,4017,3361,0,-11022.93,-1.49
PVPPPP-m20-e120-h200,PVPPPP,20,120,200,valid,3044,1713,1331,0,-1755.53,-0.58
PVPPPP-m20-e120-h250,PVPPPP,20,120,250,train,7378,4017,3361,0,-11022.93,-1.49
PVPPPP-m20-e120-h250,PVPPPP,20,120,250,valid,3044,1713,1331,0,-1755.53,-0.58
PVPPPP-m20-e120-h300,PVPPPP,20,120,300,train,7378,4017,3361,0,-11022.93,-1.49
PVPPPP-m20-e120-h300,PVPPPP,20,120,300,valid,3044,1713,1331,0,-1755.53,-0.58
PVPPPP-m20-e130-h200,PVPPPP,20,130,200,train,7378,4019,3359,0,-543.99,-0.07
PVPPPP-m20-e130-h200,PVPPPP,20,130,200,valid,3044,1684,1360,0,-3504.37,-1.15
PVPPPP-m20-e130-h250,PVPPPP,20,130,250,train,7378,4019,3359,0,-543.99,-0.07
PVPPPP-m20-e130-h250,PVPPPP,20,130,250,valid,3044,1684,1360,0,-3504.37,-1.15
PVPPPP-m20-e130-h300,PVPPPP,20,130,300,train,7378,4019,3359,0,-543.99,-0.07
PVPPPP-m20-e130-h300,PVPPPP,20,130,300,valid,3044,1684,1360,0,-3504.37,-1.15
PVPPPP-m20-e140-h200,PVPPPP,20,140,200,train,7378,3951,3427,0,-3193.56,-0.43
PVPPPP-m20-e140-h200,PVPPPP,20,140,200,valid,3044,1645,1399,0,-6984.09,-2.29
PVPPPP-m20-e140-h250,PVPPPP,20,140,250,train,7378,3951,3427,0,-3193.56,-0.43
PVPPPP-m20-e140-h250,PVPPPP,20,140,250,valid,3044,1645,1399,0,-6984.09,-2.29
PVPPPP-m20-e140-h300,PVPPPP,20,140,300,train,7378,3951,3427,0,-3193.56,-0.43
PVPPPP-m20-e140-h300,PVPPPP,20,140,300,valid,3044,1645,1399,0,-6984.09,-2.29
PVPPPV-m5-e120-h200,PVPPPV,5,120,200,train,9542,4943,4599,0,-21976.3,-2.3
PVPPPV-m5-e120-h200,PVPPPV,5,120,200,valid,3853,2055,1798,0,1080.17,0.28
PVPPPV-m5-e120-h250,PVPPPV,5,120,250,train,9542,4943,4599,0,-21976.3,-2.3
PVPPPV-m5-e120-h250,PVPPPV,5,120,250,valid,3853,2055,1798,0,1080.17,0.28
PVPPPV-m5-e120-h300,PVPPPV,5,120,300,train,9542,4943,4599,0,-21976.3,-2.3
PVPPPV-m5-e120-h300,PVPPPV,5,120,300,valid,3853,2055,1798,0,1080.17,0.28
PVPPPV-m5-e130-h200,PVPPPV,5,130,200,train,9542,4884,4658,0,-19522.8,-2.05
PVPPPV-m5-e130-h200,PVPPPV,5,130,200,valid,3853,2020,1833,0,-789.24,-0.2
PVPPPV-m5-e130-h250,PVPPPV,5,130,250,train,9542,4884,4658,0,-19522.8,-2.05
PVPPPV-m5-e130-h250,PVPPPV,5,130,250,valid,3853,2020,1833,0,-789.24,-0.2
PVPPPV-m5-e130-h300,PVPPPV,5,130,300,train,9542,4884,4658,0,-19522.8,-2.05
PVPPPV-m5-e130-h300,PVPPPV,5,130,300,valid,3853,2020,1833,0,-789.24,-0.2
PVPPPV-m5-e140-h200,PVPPPV,5,140,200,train,9542,4810,4732,0,-19707.1,-2.07
PVPPPV-m5-e140-h200,PVPPPV,5,140,200,valid,3853,1970,1883,0,-5156.41,-1.34
PVPPPV-m5-e140-h250,PVPPPV,5,140,250,train,9542,4810,4732,0,-19707.1,-2.07
PVPPPV-m5-e140-h250,PVPPPV,5,140,250,valid,3853,1970,1883,0,-5156.41,-1.34
PVPPPV-m5-e140-h300,PVPPPV,5,140,300,train,9542,4810,4732,0,-19707.1,-2.07
PVPPPV-m5-e140-h300,PVPPPV,5,140,300,valid,3853,1970,1883,0,-5156.41,-1.34
PVPPPV-m10-e120-h200,PVPPPV,10,120,200,train,8653,4514,4139,0,-19996.89,-2.31
PVPPPV-m10-e120-h200,PVPPPV,10,120,200,valid,3505,1882,1623,0,-477.84,-0.14
PVPPPV-m10-e120-h250,PVPPPV,10,120,250,train,8653,4514,4139,0,-19996.89,-2.31
PVPPPV-m10-e120-h250,PVPPPV,10,120,250,valid,3505,1882,1623,0,-477.84,-0.14
PVPPPV-m10-e120-h300,PVPPPV,10,120,300,train,8653,4514,4139,0,-19996.89,-2.31
PVPPPV-m10-e120-h300,PVPPPV,10,120,300,valid,3505,1882,1623,0,-477.84,-0.14
PVPPPV-m10-e130-h200,PVPPPV,10,130,200,train,8653,4475,4178,0,-16199.42,-1.87
PVPPPV-m10-e130-h200,PVPPPV,10,130,200,valid,3505,1853,1652,0,-2057.7,-0.59
PVPPPV-m10-e130-h250,PVPPPV,10,130,250,train,8653,4475,4178,0,-16199.42,-1.87
PVPPPV-m10-e130-h250,PVPPPV,10,130,250,valid,3505,1853,1652,0,-2057.7,-0.59
PVPPPV-m10-e130-h300,PVPPPV,10,130,300,train,8653,4475,4178,0,-16199.42,-1.87
PVPPPV-m10-e130-h300,PVPPPV,10,130,300,valid,3505,1853,1652,0,-2057.7,-0.59
PVPPPV-m10-e140-h200,PVPPPV,10,140,200,train,8653,4419,4234,0,-15257.86,-1.76
PVPPPV-m10-e140-h200,PVPPPV,10,140,200,valid,3505,1807,1698,0,-6789.38,-1.94
PVPPPV-m10-e140-h250,PVPPPV,10,140,250,train,8653,4419,4234,0,-15257.86,-1.76
PVPPPV-m10-e140-h250,PVPPPV,10,140,250,valid,3505,1807,1698,0,-6789.38,-1.94
PVPPPV-m10-e140-h300,PVPPPV,10,140,300,train,8653,4419,4234,0,-15257.86,-1.76
PVPPPV-m10-e140-h300,PVPPPV,10,140,300,valid,3505,1807,1698,0,-6789.38,-1.94
PVPPPV-m15-e120-h200,PVPPPV,15,120,200,train,7900,4160,3740,0,-14385.31,-1.82
PVPPPV-m15-e120-h200,PVPPPV,15,120,200,valid,3236,1737,1499,0,-4611.83,-1.43
PVPPPV-m15-e120-h250,PVPPPV,15,120,250,train,7900,4160,3740,0,-14385.31,-1.82
PVPPPV-m15-e120-h250,PVPPPV,15,120,250,valid,3236,1737,1499,0,-4611.83,-1.43
PVPPPV-m15-e120-h300,PVPPPV,15,120,300,train,7900,4160,3740,0,-14385.31,-1.82
PVPPPV-m15-e120-h300,PVPPPV,15,120,300,valid,3236,1737,1499,0,-4611.83,-1.43
PVPPPV-m15-e130-h200,PVPPPV,15,130,200,train,7900,4149,3751,0,-7301.78,-0.92
PVPPPV-m15-e130-h200,PVPPPV,15,130,200,valid,3236,1709,1527,0,-6593.6,-2.04
PVPPPV-m15-e130-h250,PVPPPV,15,130,250,train,7900,4149,3751,0,-7301.78,-0.92
PVPPPV-m15-e130-h250,PVPPPV,15,130,250,valid,3236,1709,1527,0,-6593.6,-2.04
PVPPPV-m15-e130-h300,PVPPPV,15,130,300,train,7900,4149,3751,0,-7301.78,-0.92
PVPPPV-m15-e130-h300,PVPPPV,15,130,300,valid,3236,1709,1527,0,-6593.6,-2.04
PVPPPV-m15-e140-h200,PVPPPV,15,140,200,train,7900,4105,3795,0,-6044.87,-0.77
PVPPPV-m15-e140-h200,PVPPPV,15,140,200,valid,3236,1670,1566,0,-10828.19,-3.35
PVPPPV-m15-e140-h250,PVPPPV,15,140,250,train,7900,4105,3795,0,-6044.87,-0.77
PVPPPV-m15-e140-h250,PVPPPV,15,140,250,valid,3236,1670,1566,0,-10828.19,-3.35
PVPPPV-m15-e140-h300,PVPPPV,15,140,300,train,7900,4105,3795,0,-6044.87,-0.77
PVPPPV-m15-e140-h300,PVPPPV,15,140,300,valid,3236,1670,1566,0,-10828.19,-3.35
PVPPPV-m20-e120-h200,PVPPPV,20,120,200,train,7378,3901,3477,0,-14747.08,-2.0
PVPPPV-m20-e120-h200,PVPPPV,20,120,200,valid,3044,1635,1409,0,-6299.27,-2.07
PVPPPV-m20-e120-h250,PVPPPV,20,120,250,train,7378,3901,3477,0,-14747.08,-2.0
PVPPPV-m20-e120-h250,PVPPPV,20,120,250,valid,3044,1635,1409,0,-6299.27,-2.07
PVPPPV-m20-e120-h300,PVPPPV,20,120,300,train,7378,3901,3477,0,-14747.08,-2.0
PVPPPV-m20-e120-h300,PVPPPV,20,120,300,valid,3044,1635,1409,0,-6299.27,-2.07
PVPPPV-m20-e130-h200,PVPPPV,20,130,200,train,7378,3899,3479,0,-7563.88,-1.03
PVPPPV-m20-e130-h200,PVPPPV,20,130,200,valid,3044,1616,1428,0,-7073.43,-2.32
PVPPPV-m20-e130-h250,PVPPPV,20,130,250,train,7378,3899,3479,0,-7563.88,-1.03
PVPPPV-m20-e130-h250,PVPPPV,20,130,250,valid,3044,1616,1428,0,-7073.43,-2.32
PVPPPV-m20-e130-h300,PVPPPV,20,130,300,train,7378,3899,3479,0,-7563.88,-1.03
PVPPPV-m20-e130-h300,PVPPPV,20,130,300,valid,3044,1616,1428,0,-7073.43,-2.32
PVPPPV-m20-e140-h200,PVPPPV,20,140,200,train,7378,3853,3525,0,-8145.2,-1.1
PVPPPV-m20-e140-h200,PVPPPV,20,140,200,valid,3044,1582,1462,0,-10700.93,-3.52
PVPPPV-m20-e140-h250,PVPPPV,20,140,250,train,7378,3853,3525,0,-8145.2,-1.1
PVPPPV-m20-e140-h250,PVPPPV,20,140,250,valid,3044,1582,1462,0,-10700.93,-3.52
PVPPPV-m20-e140-h300,PVPPPV,20,140,300,train,7378,3853,3525,0,-8145.2,-1.1
PVPPPV-m20-e140-h300,PVPPPV,20,140,300,valid,3044,1582,1462,0,-10700.93,-3.52
PVPPVP-m5-e120-h200,PVPPVP,5,120,200,train,9542,4961,4581,0,-16971.6,-1.78
PVPPVP-m5-e120-h200,PVPPVP,5,120,200,valid,3853,2035,1818,0,-2239.48,-0.58
PVPPVP-m5-e120-h250,PVPPVP,5,120,250,train,9542,4961,4581,0,-16971.6,-1.78
PVPPVP-m5-e120-h250,PVPPVP,5,120,250,valid,3853,2035,1818,0,-2239.48,-0.58
PVPPVP-m5-e120-h300,PVPPVP,5,120,300,train,9542,4961,4581,0,-16971.6,-1.78
PVPPVP-m5-e120-h300,PVPPVP,5,120,300,valid,3853,2035,1818,0,-2239.48,-0.58
PVPPVP-m5-e130-h200,PVPPVP,5,130,200,train,9542,4894,4648,0,-16236.45,-1.7
PVPPVP-m5-e130-h200,PVPPVP,5,130,200,valid,3853,1998,1855,0,-4635.0,-1.2
PVPPVP-m5-e130-h250,PVPPVP,5,130,250,train,9542,4894,4648,0,-16236.45,-1.7
PVPPVP-m5-e130-h250,PVPPVP,5,130,250,valid,3853,1998,1855,0,-4635.0,-1.2
PVPPVP-m5-e130-h300,PVPPVP,5,130,300,train,9542,4894,4648,0,-16236.45,-1.7
PVPPVP-m5-e130-h300,PVPPVP,5,130,300,valid,3853,1998,1855,0,-4635.0,-1.2
PVPPVP-m5-e140-h200,PVPPVP,5,140,200,train,9542,4790,4752,0,-22560.34,-2.36
PVPPVP-m5-e140-h200,PVPPVP,5,140,200,valid,3853,1962,1891,0,-6074.85,-1.58
PVPPVP-m5-e140-h250,PVPPVP,5,140,250,train,9542,4790,4752,0,-22560.34,-2.36
PVPPVP-m5-e140-h250,PVPPVP,5,140,250,valid,3853,1962,1891,0,-6074.85,-1.58
PVPPVP-m5-e140-h300,PVPPVP,5,140,300,train,9542,4790,4752,0,-22560.34,-2.36
PVPPVP-m5-e140-h300,PVPPVP,5,140,300,valid,3853,1962,1891,0,-6074.85,-1.58
PVPPVP-m10-e120-h200,PVPPVP,10,120,200,train,8653,4544,4109,0,-11331.13,-1.31
PVPPVP-m10-e120-h200,PVPPVP,10,120,200,valid,3505,1868,1637,0,-3459.75,-0.99
PVPPVP-m10-e120-h250,PVPPVP,10,120,250,train,8653,4544,4109,0,-11331.13,-1.31
PVPPVP-m10-e120-h250,PVPPVP,10,120,250,valid,3505,1868,1637,0,-3459.75,-0.99
PVPPVP-m10-e120-h300,PVPPVP,10,120,300,train,8653,4544,4109,0,-11331.13,-1.31
PVPPVP-m10-e120-h300,PVPPVP,10,120,300,valid,3505,1868,1637,0,-3459.75,-0.99
PVPPVP-m10-e130-h200,PVPPVP,10,130,200,train,8653,4499,4154,0,-8742.78,-1.01
PVPPVP-m10-e130-h200,PVPPVP,10,130,200,valid,3505,1835,1670,0,-5838.85,-1.67
PVPPVP-m10-e130-h250,PVPPVP,10,130,250,train,8653,4499,4154,0,-8742.78,-1.01
PVPPVP-m10-e130-h250,PVPPVP,10,130,250,valid,3505,1835,1670,0,-5838.85,-1.67
PVPPVP-m10-e130-h300,PVPPVP,10,130,300,train,8653,4499,4154,0,-8742.78,-1.01
PVPPVP-m10-e130-h300,PVPPVP,10,130,300,valid,3505,1835,1670,0,-5838.85,-1.67
PVPPVP-m10-e140-h200,PVPPVP,10,140,200,train,8653,4411,4242,0,-14346.46,-1.66
PVPPVP-m10-e140-h200,PVPPVP,10,140,200,valid,3505,1800,1705,0,-8413.85,-2.4
PVPPVP-m10-e140-h250,PVPPVP,10,140,250,train,8653,4411,4242,0,-14346.46,-1.66
PVPPVP-m10-e140-h250,PVPPVP,10,140,250,valid,3505,1800,1705,0,-8413.85,-2.4
PVPPVP-m10-e140-h300,PVPPVP,10,140,300,train,8653,4411,4242,0,-14346.46,-1.66
PVPPVP-m10-e140-h300,PVPPVP,10,140,300,valid,3505,1800,1705,0,-8413.85,-2.4
PVPPVP-m15-e120-h200,PVPPVP,15,120,200,train,7900,4193,3707,0,-4451.3,-0.56
PVPPVP-m15-e120-h200,PVPPVP,15,120,200,valid,3236,1733,1503,0,-6154.09,-1.9
PVPPVP-m15-e120-h250,PVPPVP,15,120,250,train,7900,4193,3707,0,-4451.3,-0.56
PVPPVP-m15-e120-h250,PVPPVP,15,120,250,valid,3236,1733,1503,0,-6154.09,-1.9
PVPPVP-m15-e120-h300,PVPPVP,15,120,300,train,7900,4193,3707,0,-4451.3,-0.56
PVPPVP-m15-e120-h300,PVPPVP,15,120,300,valid,3236,1733,1503,0,-6154.09,-1.9
PVPPVP-m15-e130-h200,PVPPVP,15,130,200,train,7900,4174,3726,0,1123.86,0.14
PVPPVP-m15-e130-h200,PVPPVP,15,130,200,valid,3236,1701,1535,0,-8891.89,-2.75
PVPPVP-m15-e130-h250,PVPPVP,15,130,250,train,7900,4174,3726,0,1123.86,0.14
PVPPVP-m15-e130-h250,PVPPVP,15,130,250,valid,3236,1701,1535,0,-8891.89,-2.75
PVPPVP-m15-e130-h300,PVPPVP,15,130,300,train,7900,4174,3726,0,1123.86,0.14
PVPPVP-m15-e130-h300,PVPPVP,15,130,300,valid,3236,1701,1535,0,-8891.89,-2.75
PVPPVP-m15-e140-h200,PVPPVP,15,140,200,train,7900,4099,3801,0,-3790.39,-0.48
PVPPVP-m15-e140-h200,PVPPVP,15,140,200,valid,3236,1669,1567,0,-11708.1,-3.62
PVPPVP-m15-e140-h250,PVPPVP,15,140,250,train,7900,4099,3801,0,-3790.39,-0.48
PVPPVP-m15-e140-h250,PVPPVP,15,140,250,valid,3236,1669,1567,0,-11708.1,-3.62
PVPPVP-m15-e140-h300,PVPPVP,15,140,300,train,7900,4099,3801,0,-3790.39,-0.48
PVPPVP-m15-e140-h300,PVPPVP,15,140,300,valid,3236,1669,1567,0,-11708.1,-3.62
PVPPVP-m20-e120-h200,PVPPVP,20,120,200,train,7378,3910,3468,0,-9192.06,-1.25
PVPPVP-m20-e120-h200,PVPPVP,20,120,200,valid,3044,1644,1400,0,-5012.26,-1.65
PVPPVP-m20-e120-h250,PVPPVP,20,120,250,train,7378,3910,3468,0,-9192.06,-1.25
PVPPVP-m20-e120-h250,PVPPVP,20,120,250,valid,3044,1644,1400,0,-5012.26,-1.65
PVPPVP-m20-e120-h300,PVPPVP,20,120,300,train,7378,3910,3468,0,-9192.06,-1.25
PVPPVP-m20-e120-h300,PVPPVP,20,120,300,valid,3044,1644,1400,0,-5012.26,-1.65
PVPPVP-m20-e130-h200,PVPPVP,20,130,200,train,7378,3894,3484,0,-4473.15,-0.61
PVPPVP-m20-e130-h200,PVPPVP,20,130,200,valid,3044,1623,1421,0,-6192.7,-2.03
PVPPVP-m20-e130-h250,PVPPVP,20,130,250,train,7378,3894,3484,0,-4473.15,-0.61
PVPPVP-m20-e130-h250,PVPPVP,20,130,250,valid,3044,1623,1421,0,-6192.7,-2.03
PVPPVP-m20-e130-h300,PVPPVP,20,130,300,train,7378,3894,3484,0,-4473.15,-0.61
PVPPVP-m20-e130-h300,PVPPVP,20,130,300,valid,3044,1623,1421,0,-6192.7,-2.03
PVPPVP-m20-e140-h200,PVPPVP,20,140,200,train,7378,3823,3555,0,-10182.96,-1.38
PVPPVP-m20-e140-h200,PVPPVP,20,140,200,valid,3044,1595,1449,0,-8424.45,-2.77
PVPPVP-m20-e140-h250,PVPPVP,20,140,250,train,7378,3823,3555,0,-10182.96,-1.38
PVPPVP-m20-e140-h250,PVPPVP,20,140,250,valid,3044,1595,1449,0,-8424.45,-2.77
PVPPVP-m20-e140-h300,PVPPVP,20,140,300,train,7378,3823,3555,0,-10182.96,-1.38
PVPPVP-m20-e140-h300,PVPPVP,20,140,300,valid,3044,1595,1449,0,-8424.45,-2.77
PVPPVV-m5-e120-h200,PVPPVV,5,120,200,train,9542,4718,4824,0,-18282.48,-1.92
PVPPVV-m5-e120-h200,PVPPVV,5,120,200,valid,3853,1905,1948,0,-4226.17,-1.1
PVPPVV-m5-e120-h250,PVPPVV,5,120,250,train,9542,4718,4824,0,-18282.48,-1.92
PVPPVV-m5-e120-h250,PVPPVV,5,120,250,valid,3853,1905,1948,0,-4226.17,-1.1
PVPPVV-m5-e120-h300,PVPPVV,5,120,300,train,9542,4718,4824,0,-18282.48,-1.92
PVPPVV-m5-e120-h300,PVPPVV,5,120,300,valid,3853,1905,1948,0,-4226.17,-1.1
PVPPVV-m5-e130-h200,PVPPVV,5,130,200,train,9542,4656,4886,0,-20694.85,-2.17
PVPPVV-m5-e130-h200,PVPPVV,5,130,200,valid,3853,1885,1968,0,-4832.64,-1.25
PVPPVV-m5-e130-h250,PVPPVV,5,130,250,train,9542,4656,4886,0,-20694.85,-2.17
PVPPVV-m5-e130-h250,PVPPVV,5,130,250,valid,3853,1885,1968,0,-4832.64,-1.25
PVPPVV-m5-e130-h300,PVPPVV,5,130,300,train,9542,4656,4886,0,-20694.85,-2.17
PVPPVV-m5-e130-h300,PVPPVV,5,130,300,valid,3853,1885,1968,0,-4832.64,-1.25
PVPPVV-m5-e140-h200,PVPPVV,5,140,200,train,9542,4583,4959,0,-24743.77,-2.59
PVPPVV-m5-e140-h200,PVPPVV,5,140,200,valid,3853,1853,2000,0,-7379.3,-1.92
PVPPVV-m5-e140-h250,PVPPVV,5,140,250,train,9542,4583,4959,0,-24743.77,-2.59
PVPPVV-m5-e140-h250,PVPPVV,5,140,250,valid,3853,1853,2000,0,-7379.3,-1.92
PVPPVV-m5-e140-h300,PVPPVV,5,140,300,train,9542,4583,4959,0,-24743.77,-2.59
PVPPVV-m5-e140-h300,PVPPVV,5,140,300,valid,3853,1853,2000,0,-7379.3,-1.92
PVPPVV-m10-e120-h200,PVPPVV,10,120,200,train,8653,4341,4312,0,-14626.92,-1.69
PVPPVV-m10-e120-h200,PVPPVV,10,120,200,valid,3505,1757,1748,0,-6811.21,-1.94
PVPPVV-m10-e120-h250,PVPPVV,10,120,250,train,8653,4341,4312,0,-14626.92,-1.69
PVPPVV-m10-e120-h250,PVPPVV,10,120,250,valid,3505,1757,1748,0,-6811.21,-1.94
PVPPVV-m10-e120-h300,PVPPVV,10,120,300,train,8653,4341,4312,0,-14626.92,-1.69
PVPPVV-m10-e120-h300,PVPPVV,10,120,300,valid,3505,1757,1748,0,-6811.21,-1.94
PVPPVV-m10-e130-h200,PVPPVV,10,130,200,train,8653,4294,4359,0,-15934.05,-1.84
PVPPVV-m10-e130-h200,PVPPVV,10,130,200,valid,3505,1740,1765,0,-7399.31,-2.11
PVPPVV-m10-e130-h250,PVPPVV,10,130,250,train,8653,4294,4359,0,-15934.05,-1.84
PVPPVV-m10-e130-h250,PVPPVV,10,130,250,valid,3505,1740,1765,0,-7399.31,-2.11
PVPPVV-m10-e130-h300,PVPPVV,10,130,300,train,8653,4294,4359,0,-15934.05,-1.84
PVPPVV-m10-e130-h300,PVPPVV,10,130,300,valid,3505,1740,1765,0,-7399.31,-2.11
PVPPVV-m10-e140-h200,PVPPVV,10,140,200,train,8653,4232,4421,0,-19664.03,-2.27
PVPPVV-m10-e140-h200,PVPPVV,10,140,200,valid,3505,1711,1794,0,-10265.8,-2.93
PVPPVV-m10-e140-h250,PVPPVV,10,140,250,train,8653,4232,4421,0,-19664.03,-2.27
PVPPVV-m10-e140-h250,PVPPVV,10,140,250,valid,3505,1711,1794,0,-10265.8,-2.93
PVPPVV-m10-e140-h300,PVPPVV,10,140,300,train,8653,4232,4421,0,-19664.03,-2.27
PVPPVV-m10-e140-h300,PVPPVV,10,140,300,valid,3505,1711,1794,0,-10265.8,-2.93
PVPPVV-m15-e120-h200,PVPPVV,15,120,200,train,7900,4035,3865,0,-9093.57,-1.15
PVPPVV-m15-e120-h200,PVPPVV,15,120,200,valid,3236,1636,1600,0,-10789.03,-3.33
PVPPVV-m15-e120-h250,PVPPVV,15,120,250,train,7900,4035,3865,0,-9093.57,-1.15
PVPPVV-m15-e120-h250,PVPPVV,15,120,250,valid,3236,1636,1600,0,-10789.03,-3.33
PVPPVV-m15-e120-h300,PVPPVV,15,120,300,train,7900,4035,3865,0,-9093.57,-1.15
PVPPVV-m15-e120-h300,PVPPVV,15,120,300,valid,3236,1636,1600,0,-10789.03,-3.33
PVPPVV-m15-e130-h200,PVPPVV,15,130,200,train,7900,4009,3891,0,-7736.59,-0.98
PVPPVV-m15-e130-h200,PVPPVV,15,130,200,valid,3236,1620,1616,0,-11596.82,-3.58
PVPPVV-m15-e130-h250,PVPPVV,15,130,250,train,7900,4009,3891,0,-7736.59,-0.98
PVPPVV-m15-e130-h250,PVPPVV,15,130,250,valid,3236,1620,1616,0,-11596.82,-3.58
PVPPVV-m15-e130-h300,PVPPVV,15,130,300,train,7900,4009,3891,0,-7736.59,-0.98
PVPPVV-m15-e130-h300,PVPPVV,15,130,300,valid,3236,1620,1616,0,-11596.82,-3.58
PVPPVV-m15-e140-h200,PVPPVV,15,140,200,train,7900,3960,3940,0,-10353.49,-1.31
PVPPVV-m15-e140-h200,PVPPVV,15,140,200,valid,3236,1596,1640,0,-14098.88,-4.36
PVPPVV-m15-e140-h250,PVPPVV,15,140,250,train,7900,3960,3940,0,-10353.49,-1.31
PVPPVV-m15-e140-h250,PVPPVV,15,140,250,valid,3236,1596,1640,0,-14098.88,-4.36
PVPPVV-m15-e140-h300,PVPPVV,15,140,300,train,7900,3960,3940,0,-10353.49,-1.31
PVPPVV-m15-e140-h300,PVPPVV,15,140,300,valid,3236,1596,1640,0,-14098.88,-4.36
PVPPVV-m20-e120-h200,PVPPVV,20,120,200,train,7378,3794,3584,0,-12916.21,-1.75
PVPPVV-m20-e120-h200,PVPPVV,20,120,200,valid,3044,1566,1478,0,-9556.0,-3.14
PVPPVV-m20-e120-h250,PVPPVV,20,120,250,train,7378,3794,3584,0,-12916.21,-1.75
PVPPVV-m20-e120-h250,PVPPVV,20,120,250,valid,3044,1566,1478,0,-9556.0,-3.14
PVPPVV-m20-e120-h300,PVPPVV,20,120,300,train,7378,3794,3584,0,-12916.21,-1.75
PVPPVV-m20-e120-h300,PVPPVV,20,120,300,valid,3044,1566,1478,0,-9556.0,-3.14
PVPPVV-m20-e130-h200,PVPPVV,20,130,200,train,7378,3774,3604,0,-11493.04,-1.56
PVPPVV-m20-e130-h200,PVPPVV,20,130,200,valid,3044,1555,1489,0,-9761.76,-3.21
PVPPVV-m20-e130-h250,PVPPVV,20,130,250,train,7378,3774,3604,0,-11493.04,-1.56
PVPPVV-m20-e130-h250,PVPPVV,20,130,250,valid,3044,1555,1489,0,-9761.76,-3.21
PVPPVV-m20-e130-h300,PVPPVV,20,130,300,train,7378,3774,3604,0,-11493.04,-1.56
PVPPVV-m20-e130-h300,PVPPVV,20,130,300,valid,3044,1555,1489,0,-9761.76,-3.21
PVPPVV-m20-e140-h200,PVPPVV,20,140,200,train,7378,3725,3653,0,-15134.6,-2.05
PVPPVV-m20-e140-h200,PVPPVV,20,140,200,valid,3044,1532,1512,0,-12141.29,-3.99
PVPPVV-m20-e140-h250,PVPPVV,20,140,250,train,7378,3725,3653,0,-15134.6,-2.05
PVPPVV-m20-e140-h250,PVPPVV,20,140,250,valid,3044,1532,1512,0,-12141.29,-3.99
PVPPVV-m20-e140-h300,PVPPVV,20,140,300,train,7378,3725,3653,0,-15134.6,-2.05
PVPPVV-m20-e140-h300,PVPPVV,20,140,300,valid,3044,1532,1512,0,-12141.29,-3.99
PVPVPP-m5-e120-h200,PVPVPP,5,120,200,train,9542,4930,4612,0,-23515.65,-2.46
PVPVPP-m5-e120-h200,PVPVPP,5,120,200,valid,3853,2039,1814,0,-2912.23,-0.76
PVPVPP-m5-e120-h250,PVPVPP,5,120,250,train,9542,4930,4612,0,-23515.65,-2.46
PVPVPP-m5-e120-h250,PVPVPP,5,120,250,valid,3853,2039,1814,0,-2912.23,-0.76
PVPVPP-m5-e120-h300,PVPVPP,5,120,300,train,9542,4930,4612,0,-23515.65,-2.46
PVPVPP-m5-e120-h300,PVPVPP,5,120,300,valid,3853,2039,1814,0,-2912.23,-0.76
PVPVPP-m5-e130-h200,PVPVPP,5,130,200,train,9542,4890,4652,0,-17429.26,-1.83
PVPVPP-m5-e130-h200,PVPVPP,5,130,200,valid,3853,1990,1863,0,-7550.39,-1.96
PVPVPP-m5-e130-h250,PVPVPP,5,130,250,train,9542,4890,4652,0,-17429.26,-1.83
PVPVPP-m5-e130-h250,PVPVPP,5,130,250,valid,3853,1990,1863,0,-7550.39,-1.96
PVPVPP-m5-e130-h300,PVPVPP,5,130,300,train,9542,4890,4652,0,-17429.26,-1.83
PVPVPP-m5-e130-h300,PVPVPP,5,130,300,valid,3853,1990,1863,0,-7550.39,-1.96
PVPVPP-m5-e140-h200,PVPVPP,5,140,200,train,9542,4806,4736,0,-19945.08,-2.09
PVPVPP-m5-e140-h200,PVPVPP,5,140,200,valid,3853,1955,1898,0,-8611.16,-2.23
PVPVPP-m5-e140-h250,PVPVPP,5,140,250,train,9542,4806,4736,0,-19945.08,-2.09
PVPVPP-m5-e140-h250,PVPVPP,5,140,250,valid,3853,1955,1898,0,-8611.16,-2.23
PVPVPP-m5-e140-h300,PVPVPP,5,140,300,train,9542,4806,4736,0,-19945.08,-2.09
PVPVPP-m5-e140-h300,PVPVPP,5,140,300,valid,3853,1955,1898,0,-8611.16,-2.23
PVPVPP-m10-e120-h200,PVPVPP,10,120,200,train,8653,4518,4135,0,-18271.99,-2.11
PVPVPP-m10-e120-h200,PVPVPP,10,120,200,valid,3505,1900,1605,0,2003.27,0.57
PVPVPP-m10-e120-h250,PVPVPP,10,120,250,train,8653,4518,4135,0,-18271.99,-2.11
PVPVPP-m10-e120-h250,PVPVPP,10,120,250,valid,3505,1900,1605,0,2003.27,0.57
PVPVPP-m10-e120-h300,PVPVPP,10,120,300,train,8653,4518,4135,0,-18271.99,-2.11
PVPVPP-m10-e120-h300,PVPVPP,10,120,300,valid,3505,1900,1605,0,2003.27,0.57
PVPVPP-m10-e130-h200,PVPVPP,10,130,200,train,8653,4492,4161,0,-11884.49,-1.37
PVPVPP-m10-e130-h200,PVPVPP,10,130,200,valid,3505,1857,1648,0,-2152.16,-0.61
PVPVPP-m10-e130-h250,PVPVPP,10,130,250,train,8653,4492,4161,0,-11884.49,-1.37
PVPVPP-m10-e130-h250,PVPVPP,10,130,250,valid,3505,1857,1648,0,-2152.16,-0.61
PVPVPP-m10-e130-h300,PVPVPP,10,130,300,train,8653,4492,4161,0,-11884.49,-1.37
PVPVPP-m10-e130-h300,PVPVPP,10,130,300,valid,3505,1857,1648,0,-2152.16,-0.61
PVPVPP-m10-e140-h200,PVPVPP,10,140,200,train,8653,4428,4225,0,-12691.7,-1.47
PVPVPP-m10-e140-h200,PVPVPP,10,140,200,valid,3505,1821,1684,0,-4547.98,-1.3
PVPVPP-m10-e140-h250,PVPVPP,10,140,250,train,8653,4428,4225,0,-12691.7,-1.47
PVPVPP-m10-e140-h250,PVPVPP,10,140,250,valid,3505,1821,1684,0,-4547.98,-1.3
PVPVPP-m10-e140-h300,PVPVPP,10,140,300,train,8653,4428,4225,0,-12691.7,-1.47
PVPVPP-m10-e140-h300,PVPVPP,10,140,300,valid,3505,1821,1684,0,-4547.98,-1.3
PVPVPP-m15-e120-h200,PVPVPP,15,120,200,train,7900,4183,3717,0,-8428.74,-1.07
PVPVPP-m15-e120-h200,PVPVPP,15,120,200,valid,3236,1762,1474,0,-905.41,-0.28
PVPVPP-m15-e120-h250,PVPVPP,15,120,250,train,7900,4183,3717,0,-8428.74,-1.07
PVPVPP-m15-e120-h250,PVPVPP,15,120,250,valid,3236,1762,1474,0,-905.41,-0.28
PVPVPP-m15-e120-h300,PVPVPP,15,120,300,train,7900,4183,3717,0,-8428.74,-1.07
PVPVPP-m15-e120-h300,PVPVPP,15,120,300,valid,3236,1762,1474,0,-905.41,-0.28
PVPVPP-m15-e130-h200,PVPVPP,15,130,200,train,7900,4177,3723,0,-222.77,-0.03
PVPVPP-m15-e130-h200,PVPVPP,15,130,200,valid,3236,1721,1515,0,-5204.29,-1.61
PVPVPP-m15-e130-h250,PVPVPP,15,130,250,train,7900,4177,3723,0,-222.77,-0.03
PVPVPP-m15-e130-h250,PVPVPP,15,130,250,valid,3236,1721,1515,0,-5204.29,-1.61
PVPVPP-m15-e130-h300,PVPVPP,15,130,300,train,7900,4177,3723,0,-222.77,-0.03
PVPVPP-m15-e130-h300,PVPVPP,15,130,300,valid,3236,1721,1515,0,-5204.29,-1.61
PVPVPP-m15-e140-h200,PVPVPP,15,140,200,train,7900,4111,3789,0,-3200.34,-0.41
PVPVPP-m15-e140-h200,PVPVPP,15,140,200,valid,3236,1686,1550,0,-8249.65,-2.55
PVPVPP-m15-e140-h250,PVPVPP,15,140,250,train,7900,4111,3789,0,-3200.34,-0.41
PVPVPP-m15-e140-h250,PVPVPP,15,140,250,valid,3236,1686,1550,0,-8249.65,-2.55
PVPVPP-m15-e140-h300,PVPVPP,15,140,300,train,7900,4111,3789,0,-3200.34,-0.41
PVPVPP-m15-e140-h300,PVPVPP,15,140,300,valid,3236,1686,1550,0,-8249.65,-2.55
PVPVPP-m20-e120-h200,PVPVPP,20,120,200,train,7378,3908,3470,0,-11370.05,-1.54
PVPVPP-m20-e120-h200,PVPVPP,20,120,200,valid,3044,1664,1380,0,-897.16,-0.29
PVPVPP-m20-e120-h250,PVPVPP,20,120,250,train,7378,3908,3470,0,-11370.05,-1.54
PVPVPP-m20-e120-h250,PVPVPP,20,120,250,valid,3044,1664,1380,0,-897.16,-0.29
PVPVPP-m20-e120-h300,PVPVPP,20,120,300,train,7378,3908,3470,0,-11370.05,-1.54
PVPVPP-m20-e120-h300,PVPVPP,20,120,300,valid,3044,1664,1380,0,-897.16,-0.29
PVPVPP-m20-e130-h200,PVPVPP,20,130,200,train,7378,3905,3473,0,-4067.65,-0.55
PVPVPP-m20-e130-h200,PVPVPP,20,130,200,valid,3044,1636,1408,0,-3237.82,-1.06
PVPVPP-m20-e130-h250,PVPVPP,20,130,250,train,7378,3905,3473,0,-4067.65,-0.55
PVPVPP-m20-e130-h250,PVPVPP,20,130,250,valid,3044,1636,1408,0,-3237.82,-1.06
PVPVPP-m20-e130-h300,PVPVPP,20,130,300,train,7378,3905,3473,0,-4067.65,-0.55
PVPVPP-m20-e130-h300,PVPVPP,20,130,300,valid,3044,1636,1408,0,-3237.82,-1.06
PVPVPP-m20-e140-h200,PVPVPP,20,140,200,train,7378,3844,3534,0,-7525.76,-1.02
PVPVPP-m20-e140-h200,PVPVPP,20,140,200,valid,3044,1608,1436,0,-5386.62,-1.77
PVPVPP-m20-e140-h250,PVPVPP,20,140,250,train,7378,3844,3534,0,-7525.76,-1.02
PVPVPP-m20-e140-h250,PVPVPP,20,140,250,valid,3044,1608,1436,0,-5386.62,-1.77
PVPVPP-m20-e140-h300,PVPVPP,20,140,300,train,7378,3844,3534,0,-7525.76,-1.02
PVPVPP-m20-e140-h300,PVPVPP,20,140,300,valid,3044,1608,1436,0,-5386.62,-1.77
PVPVPV-m5-e120-h200,PVPVPV,5,120,200,train,9542,4687,4855,0,-24826.53,-2.6
PVPVPV-m5-e120-h200,PVPVPV,5,120,200,valid,3853,1909,1944,0,-4898.92,-1.27
PVPVPV-m5-e120-h250,PVPVPV,5,120,250,train,9542,4687,4855,0,-24826.53,-2.6
PVPVPV-m5-e120-h250,PVPVPV,5,120,250,valid,3853,1909,1944,0,-4898.92,-1.27
PVPVPV-m5-e120-h300,PVPVPV,5,120,300,train,9542,4687,4855,0,-24826.53,-2.6
PVPVPV-m5-e120-h300,PVPVPV,5,120,300,valid,3853,1909,1944,0,-4898.92,-1.27
PVPVPV-m5-e130-h200,PVPVPV,5,130,200,train,9542,4652,4890,0,-21887.66,-2.29
PVPVPV-m5-e130-h200,PVPVPV,5,130,200,valid,3853,1877,1976,0,-7748.03,-2.01
PVPVPV-m5-e130-h250,PVPVPV,5,130,250,train,9542,4652,4890,0,-21887.66,-2.29
PVPVPV-m5-e130-h250,PVPVPV,5,130,250,valid,3853,1877,1976,0,-7748.03,-2.01
PVPVPV-m5-e130-h300,PVPVPV,5,130,300,train,9542,4652,4890,0,-21887.66,-2.29
PVPVPV-m5-e130-h300,PVPVPV,5,130,300,valid,3853,1877,1976,0,-7748.03,-2.01
PVPVPV-m5-e140-h200,PVPVPV,5,140,200,train,9542,4599,4943,0,-22128.51,-2.32
PVPVPV-m5-e140-h200,PVPVPV,5,140,200,valid,3853,1846,2007,0,-9915.61,-2.57
PVPVPV-m5-e140-h250,PVPVPV,5,140,250,train,9542,4599,4943,0,-22128.51,-2.32
PVPVPV-m5-e140-h250,PVPVPV,5,140,250,valid,3853,1846,2007,0,-9915.61,-2.57
PVPVPV-m5-e140-h300,PVPVPV,5,140,300,train,9542,4599,4943,0,-22128.51,-2.32
PVPVPV-m5-e140-h300,PVPVPV,5,140,300,valid,3853,1846,2007,0,-9915.61,-2.57
PVPVPV-m10-e120-h200,PVPVPV,10,120,200,train,8653,4315,4338,0,-21567.78,-2.49
PVPVPV-m10-e120-h200,PVPVPV,10,120,200,valid,3505,1789,1716,0,-1348.19,-0.38
PVPVPV-m10-e120-h250,PVPVPV,10,120,250,train,8653,4315,4338,0,-21567.78,-2.49
PVPVPV-m10-e120-h250,PVPVPV,10,120,250,valid,3505,1789,1716,0,-1348.19,-0.38
PVPVPV-m10-e120-h300,PVPVPV,10,120,300,train,8653,4315,4338,0,-21567.78,-2.49
PVPVPV-m10-e120-h300,PVPVPV,10,120,300,valid,3505,1789,1716,0,-1348.19,-0.38
PVPVPV-m10-e130-h200,PVPVPV,10,130,200,train,8653,4287,4366,0,-19075.76,-2.2
PVPVPV-m10-e130-h200,PVPVPV,10,130,200,valid,3505,1762,1743,0,-3712.62,-1.06
PVPVPV-m10-e130-h250,PVPVPV,10,130,250,train,8653,4287,4366,0,-19075.76,-2.2
PVPVPV-m10-e130-h250,PVPVPV,10,130,250,valid,3505,1762,1743,0,-3712.62,-1.06
PVPVPV-m10-e130-h300,PVPVPV,10,130,300,train,8653,4287,4366,0,-19075.76,-2.2
PVPVPV-m10-e130-h300,PVPVPV,10,130,300,valid,3505,1762,1743,0,-3712.62,-1.06
PVPVPV-m10-e140-h200,PVPVPV,10,140,200,train,8653,4249,4404,0,-18009.27,-2.08
PVPVPV-m10-e140-h200,PVPVPV,10,140,200,valid,3505,1732,1773,0,-6399.93,-1.83
PVPVPV-m10-e140-h250,PVPVPV,10,140,250,train,8653,4249,4404,0,-18009.27,-2.08
PVPVPV-m10-e140-h250,PVPVPV,10,140,250,valid,3505,1732,1773,0,-6399.93,-1.83
PVPVPV-m10-e140-h300,PVPVPV,10,140,300,train,8653,4249,4404,0,-18009.27,-2.08
PVPVPV-m10-e140-h300,PVPVPV,10,140,300,valid,3505,1732,1773,0,-6399.93,-1.83
PVPVPV-m15-e120-h200,PVPVPV,15,120,200,train,7900,4025,3875,0,-13071.01,-1.65
PVPVPV-m15-e120-h200,PVPVPV,15,120,200,valid,3236,1665,1571,0,-5540.35,-1.71
PVPVPV-m15-e120-h250,PVPVPV,15,120,250,train,7900,4025,3875,0,-13071.01,-1.65
PVPVPV-m15-e120-h250,PVPVPV,15,120,250,valid,3236,1665,1571,0,-5540.35,-1.71
PVPVPV-m15-e120-h300,PVPVPV,15,120,300,train,7900,4025,3875,0,-13071.01,-1.65
PVPVPV-m15-e120-h300,PVPVPV,15,120,300,valid,3236,1665,1571,0,-5540.35,-1.71
PVPVPV-m15-e130-h200,PVPVPV,15,130,200,train,7900,4012,3888,0,-9083.22,-1.15
PVPVPV-m15-e130-h200,PVPVPV,15,130,200,valid,3236,1640,1596,0,-7909.22,-2.44
PVPVPV-m15-e130-h250,PVPVPV,15,130,250,train,7900,4012,3888,0,-9083.22,-1.15
PVPVPV-m15-e130-h250,PVPVPV,15,130,250,valid,3236,1640,1596,0,-7909.22,-2.44
PVPVPV-m15-e130-h300,PVPVPV,15,130,300,train,7900,4012,3888,0,-9083.22,-1.15
PVPVPV-m15-e130-h300,PVPVPV,15,130,300,valid,3236,1640,1596,0,-7909.22,-2.44
PVPVPV-m15-e140-h200,PVPVPV,15,140,200,train,7900,3972,3928,0,-9763.44,-1.24
PVPVPV-m15-e140-h200,PVPVPV,15,140,200,valid,3236,1613,1623,0,-10640.43,-3.29
PVPVPV-m15-e140-h250,PVPVPV,15,140,250,train,7900,3972,3928,0,-9763.44,-1.24
PVPVPV-m15-e140-h250,PVPVPV,15,140,250,valid,3236,1613,1623,0,-10640.43,-3.29
PVPVPV-m15-e140-h300,PVPVPV,15,140,300,train,7900,3972,3928,0,-9763.44,-1.24
PVPVPV-m15-e140-h300,PVPVPV,15,140,300,valid,3236,1613,1623,0,-10640.43,-3.29
PVPVPV-m20-e120-h200,PVPVPV,20,120,200,train,7378,3792,3586,0,-15094.2,-2.05
PVPVPV-m20-e120-h200,PVPVPV,20,120,200,valid,3044,1586,1458,0,-5440.9,-1.79
PVPVPV-m20-e120-h250,PVPVPV,20,120,250,train,7378,3792,3586,0,-15094.2,-2.05
PVPVPV-m20-e120-h250,PVPVPV,20,120,250,valid,3044,1586,1458,0,-5440.9,-1.79
PVPVPV-m20-e120-h300,PVPVPV,20,120,300,train,7378,3792,3586,0,-15094.2,-2.05
PVPVPV-m20-e120-h300,PVPVPV,20,120,300,valid,3044,1586,1458,0,-5440.9,-1.79
PVPVPV-m20-e130-h200,PVPVPV,20,130,200,train,7378,3785,3593,0,-11087.54,-1.5
PVPVPV-m20-e130-h200,PVPVPV,20,130,200,valid,3044,1568,1476,0,-6806.88,-2.24
PVPVPV-m20-e130-h250,PVPVPV,20,130,250,train,7378,3785,3593,0,-11087.54,-1.5
PVPVPV-m20-e130-h250,PVPVPV,20,130,250,valid,3044,1568,1476,0,-6806.88,-2.24
PVPVPV-m20-e130-h300,PVPVPV,20,130,300,train,7378,3785,3593,0,-11087.54,-1.5
PVPVPV-m20-e130-h300,PVPVPV,20,130,300,valid,3044,1568,1476,0,-6806.88,-2.24
PVPVPV-m20-e140-h200,PVPVPV,20,140,200,train,7378,3746,3632,0,-12477.4,-1.69
PVPVPV-m20-e140-h200,PVPVPV,20,140,200,valid,3044,1545,1499,0,-9103.46,-2.99
PVPVPV-m20-e140-h250,PVPVPV,20,140,250,train,7378,3746,3632,0,-12477.4,-1.69
PVPVPV-m20-e140-h250,PVPVPV,20,140,250,valid,3044,1545,1499,0,-9103.46,-2.99
PVPVPV-m20-e140-h300,PVPVPV,20,140,300,train,7378,3746,3632,0,-12477.4,-1.69
PVPVPV-m20-e140-h300,PVPVPV,20,140,300,valid,3044,1545,1499,0,-9103.46,-2.99
PVPVVP-m5-e120-h200,PVPVVP,5,120,200,train,9542,4705,4837,0,-19821.83,-2.08
PVPVVP-m5-e120-h200,PVPVVP,5,120,200,valid,3853,1889,1964,0,-8218.57,-2.13
PVPVVP-m5-e120-h250,PVPVVP,5,120,250,train,9542,4705,4837,0,-19821.83,-2.08
PVPVVP-m5-e120-h250,PVPVVP,5,120,250,valid,3853,1889,1964,0,-8218.57,-2.13
PVPVVP-m5-e120-h300,PVPVVP,5,120,300,train,9542,4705,4837,0,-19821.83,-2.08
PVPVVP-m5-e120-h300,PVPVVP,5,120,300,valid,3853,1889,1964,0,-8218.57,-2.13
PVPVVP-m5-e130-h200,PVPVVP,5,130,200,train,9542,4662,4880,0,-18601.31,-1.95
PVPVVP-m5-e130-h200,PVPVVP,5,130,200,valid,3853,1855,1998,0,-11593.79,-3.01
PVPVVP-m5-e130-h250,PVPVVP,5,130,250,train,9542,4662,4880,0,-18601.31,-1.95
PVPVVP-m5-e130-h250,PVPVVP,5,130,250,valid,3853,1855,1998,0,-11593.79,-3.01
PVPVVP-m5-e130-h300,PVPVVP,5,130,300,train,9542,4662,4880,0,-18601.31,-1.95
PVPVVP-m5-e130-h300,PVPVVP,5,130,300,valid,3853,1855,1998,0,-11593.79,-3.01
PVPVVP-m5-e140-h200,PVPVVP,5,140,200,train,9542,4579,4963,0,-24981.75,-2.62
PVPVVP-m5-e140-h200,PVPVVP,5,140,200,valid,3853,1838,2015,0,-10834.05,-2.81
PVPVVP-m5-e140-h250,PVPVVP,5,140,250,train,9542,4579,4963,0,-24981.75,-2.62
PVPVVP-m5-e140-h250,PVPVVP,5,140,250,valid,3853,1838,2015,0,-10834.05,-2.81
PVPVVP-m5-e140-h300,PVPVVP,5,140,300,train,9542,4579,4963,0,-24981.75,-2.62
PVPVVP-m5-e140-h300,PVPVVP,5,140,300,valid,3853,1838,2015,0,-10834.05,-2.81
PVPVVP-m10-e120-h200,PVPVVP,10,120,200,train,8653,4345,4308,0,-12902.02,-1.49
PVPVVP-m10-e120-h200,PVPVVP,10,120,200,valid,3505,1775,1730,0,-4330.1,-1.24
PVPVVP-m10-e120-h250,PVPVVP,10,120,250,train,8653,4345,4308,0,-12902.02,-1.49
PVPVVP-m10-e120-h250,PVPVVP,10,120,250,valid,3505,1775,1730,0,-4330.1,-1.24
PVPVVP-m10-e120-h300,PVPVVP,10,120,300,train,8653,4345,4308,0,-12902.02,-1.49
PVPVVP-m10-e120-h300,PVPVVP,10,120,300,valid,3505,1775,1730,0,-4330.1,-1.24
PVPVVP-m10-e130-h200,PVPVVP,10,130,200,train,8653,4311,4342,0,-11619.12,-1.34
PVPVVP-m10-e130-h200,PVPVVP,10,130,200,valid,3505,1744,1761,0,-7493.77,-2.14
PVPVVP-m10-e130-h250,PVPVVP,10,130,250,train,8653,4311,4342,0,-11619.12,-1.34
PVPVVP-m10-e130-h250,PVPVVP,10,130,250,valid,3505,1744,1761,0,-7493.77,-2.14
PVPVVP-m10-e130-h300,PVPVVP,10,130,300,train,8653,4311,4342,0,-11619.12,-1.34
PVPVVP-m10-e130-h300,PVPVVP,10,130,300,valid,3505,1744,1761,0,-7493.77,-2.14
PVPVVP-m10-e140-h200,PVPVVP,10,140,200,train,8653,4241,4412,0,-17097.87,-1.98
PVPVVP-m10-e140-h200,PVPVVP,10,140,200,valid,3505,1725,1780,0,-8024.4,-2.29
PVPVVP-m10-e140-h250,PVPVVP,10,140,250,train,8653,4241,4412,0,-17097.87,-1.98
PVPVVP-m10-e140-h250,PVPVVP,10,140,250,valid,3505,1725,1780,0,-8024.4,-2.29
PVPVVP-m10-e140-h300,PVPVVP,10,140,300,train,8653,4241,4412,0,-17097.87,-1.98
PVPVVP-m10-e140-h300,PVPVVP,10,140,300,valid,3505,1725,1780,0,-8024.4,-2.29
PVPVVP-m15-e120-h200,PVPVVP,15,120,200,train,7900,4058,3842,0,-3137.0,-0.4
PVPVVP-m15-e120-h200,PVPVVP,15,120,200,valid,3236,1661,1575,0,-7082.61,-2.19
PVPVVP-m15-e120-h250,PVPVVP,15,120,250,train,7900,4058,3842,0,-3137.0,-0.4
PVPVVP-m15-e120-h250,PVPVVP,15,120,250,valid,3236,1661,1575,0,-7082.61,-2.19
PVPVVP-m15-e120-h300,PVPVVP,15,120,300,train,7900,4058,3842,0,-3137.0,-0.4
PVPVVP-m15-e120-h300,PVPVVP,15,120,300,valid,3236,1661,1575,0,-7082.61,-2.19
PVPVVP-m15-e130-h200,PVPVVP,15,130,200,train,7900,4037,3863,0,-657.58,-0.08
PVPVVP-m15-e130-h200,PVPVVP,15,130,200,valid,3236,1632,1604,0,-10207.51,-3.15
PVPVVP-m15-e130-h250,PVPVVP,15,130,250,train,7900,4037,3863,0,-657.58,-0.08
PVPVVP-m15-e130-h250,PVPVVP,15,130,250,valid,3236,1632,1604,0,-10207.51,-3.15
PVPVVP-m15-e130-h300,PVPVVP,15,130,300,train,7900,4037,3863,0,-657.58,-0.08
PVPVVP-m15-e130-h300,PVPVVP,15,130,300,valid,3236,1632,1604,0,-10207.51,-3.15
PVPVVP-m15-e140-h200,PVPVVP,15,140,200,train,7900,3966,3934,0,-7508.96,-0.95
PVPVVP-m15-e140-h200,PVPVVP,15,140,200,valid,3236,1612,1624,0,-11520.34,-3.56
PVPVVP-m15-e140-h250,PVPVVP,15,140,250,train,7900,3966,3934,0,-7508.96,-0.95
PVPVVP-m15-e140-h250,PVPVVP,15,140,250,valid,3236,1612,1624,0,-11520.34,-3.56
PVPVVP-m15-e140-h300,PVPVVP,15,140,300,train,7900,3966,3934,0,-7508.96,-0.95
PVPVVP-m15-e140-h300,PVPVVP,15,140,300,valid,3236,1612,1624,0,-11520.34,-3.56
PVPVVP-m20-e120-h200,PVPVVP,20,120,200,train,7378,3801,3577,0,-9539.18,-1.29
PVPVVP-m20-e120-h200,PVPVVP,20,120,200,valid,3044,1595,1449,0,-4153.89,-1.36
PVPVVP-m20-e120-h250,PVPVVP,20,120,250,train,7378,3801,3577,0,-9539.18,-1.29
PVPVVP-m20-e120-h250,PVPVVP,20,120,250,valid,3044,1595,1449,0,-4153.89,-1.36
PVPVVP-m20-e120-h300,PVPVVP,20,120,300,train,7378,3801,3577,0,-9539.18,-1.29
PVPVVP-m20-e120-h300,PVPVVP,20,120,300,valid,3044,1595,1449,0,-4153.89,-1.36
PVPVVP-m20-e130-h200,PVPVVP,20,130,200,train,7378,3780,3598,0,-7996.81,-1.08
PVPVVP-m20-e130-h200,PVPVVP,20,130,200,valid,3044,1575,1469,0,-5926.15,-1.95
PVPVVP-m20-e130-h250,PVPVVP,20,130,250,train,7378,3780,3598,0,-7996.81,-1.08
PVPVVP-m20-e130-h250,PVPVVP,20,130,250,valid,3044,1575,1469,0,-5926.15,-1.95
PVPVVP-m20-e130-h300,PVPVVP,20,130,300,train,7378,3780,3598,0,-7996.81,-1.08
PVPVVP-m20-e130-h300,PVPVVP,20,130,300,valid,3044,1575,1469,0,-5926.15,-1.95
PVPVVP-m20-e140-h200,PVPVVP,20,140,200,train,7378,3716,3662,0,-14515.16,-1.97
PVPVVP-m20-e140-h200,PVPVVP,20,140,200,valid,3044,1558,1486,0,-6826.98,-2.24
PVPVVP-m20-e140-h250,PVPVVP,20,140,250,train,7378,3716,3662,0,-14515.16,-1.97
PVPVVP-m20-e140-h250,PVPVVP,20,140,250,valid,3044,1558,1486,0,-6826.98,-2.24
PVPVVP-m20-e140-h300,PVPVVP,20,140,300,train,7378,3716,3662,0,-14515.16,-1.97
PVPVVP-m20-e140-h300,PVPVVP,20,140,300,valid,3044,1558,1486,0,-6826.98,-2.24
PVPVVV-m5-e120-h200,PVPVVV,5,120,200,train,9542,4462,5080,0,-21132.71,-2.21
PVPVVV-m5-e120-h200,PVPVVV,5,120,200,valid,3853,1759,2094,0,-10205.26,-2.65
PVPVVV-m5-e120-h250,PVPVVV,5,120,250,train,9542,4462,5080,0,-21132.71,-2.21
PVPVVV-m5-e120-h250,PVPVVV,5,120,250,valid,3853,1759,2094,0,-10205.26,-2.65
PVPVVV-m5-e120-h300,PVPVVV,5,120,300,train,9542,4462,5080,0,-21132.71,-2.21
PVPVVV-m5-e120-h300,PVPVVV,5,120,300,valid,3853,1759,2094,0,-10205.26,-2.65
PVPVVV-m5-e130-h200,PVPVVV,5,130,200,train,9542,4424,5118,0,-23059.71,-2.42
PVPVVV-m5-e130-h200,PVPVVV,5,130,200,valid,3853,1742,2111,0,-11791.43,-3.06
PVPVVV-m5-e130-h250,PVPVVV,5,130,250,train,9542,4424,5118,0,-23059.71,-2.42
PVPVVV-m5-e130-h250,PVPVVV,5,130,250,valid,3853,1742,2111,0,-11791.43,-3.06
PVPVVV-m5-e130-h300,PVPVVV,5,130,300,train,9542,4424,5118,0,-23059.71,-2.42
PVPVVV-m5-e130-h300,PVPVVV,5,130,300,valid,3853,1742,2111,0,-11791.43,-3.06
PVPVVV-m5-e140-h200,PVPVVV,5,140,200,train,9542,4372,5170,0,-27165.18,-2.85
PVPVVV-m5-e140-h200,PVPVVV,5,140,200,valid,3853,1729,2124,0,-12138.5,-3.15
PVPVVV-m5-e140-h250,PVPVVV,5,140,250,train,9542,4372,5170,0,-27165.18,-2.85
PVPVVV-m5-e140-h250,PVPVVV,5,140,250,valid,3853,1729,2124,0,-12138.5,-3.15
PVPVVV-m5-e140-h300,PVPVVV,5,140,300,train,9542,4372,5170,0,-27165.18,-2.85
PVPVVV-m5-e140-h300,PVPVVV,5,140,300,valid,3853,1729,2124,0,-12138.5,-3.15
PVPVVV-m10-e120-h200,PVPVVV,10,120,200,train,8653,4142,4511,0,-16197.81,-1.87
PVPVVV-m10-e120-h200,PVPVVV,10,120,200,valid,3505,1664,1841,0,-7681.56,-2.19
PVPVVV-m10-e120-h250,PVPVVV,10,120,250,train,8653,4142,4511,0,-16197.81,-1.87
PVPVVV-m10-e120-h250,PVPVVV,10,120,250,valid,3505,1664,1841,0,-7681.56,-2.19
PVPVVV-m10-e120-h300,PVPVVV,10,120,300,train,8653,4142,4511,0,-16197.81,-1.87
PVPVVV-m10-e120-h300,PVPVVV,10,120,300,valid,3505,1664,1841,0,-7681.56,-2.19
PVPVVV-m10-e130-h200,PVPVVV,10,130,200,train,8653,4106,4547,0,-18810.39,-2.17
PVPVVV-m10-e130-h200,PVPVVV,10,130,200,valid,3505,1649,1856,0,-9054.23,-2.58
PVPVVV-m10-e130-h250,PVPVVV,10,130,250,train,8653,4106,4547,0,-18810.39,-2.17
PVPVVV-m10-e130-h250,PVPVVV,10,130,250,valid,3505,1649,1856,0,-9054.23,-2.58
PVPVVV-m10-e130-h300,PVPVVV,10,130,300,train,8653,4106,4547,0,-18810.39,-2.17
PVPVVV-m10-e130-h300,PVPVVV,10,130,300,valid,3505,1649,1856,0,-9054.23,-2.58
PVPVVV-m10-e140-h200,PVPVVV,10,140,200,train,8653,4062,4591,0,-22415.44,-2.59
PVPVVV-m10-e140-h200,PVPVVV,10,140,200,valid,3505,1636,1869,0,-9876.35,-2.82
PVPVVV-m10-e140-h250,PVPVVV,10,140,250,train,8653,4062,4591,0,-22415.44,-2.59
PVPVVV-m10-e140-h250,PVPVVV,10,140,250,valid,3505,1636,1869,0,-9876.35,-2.82
PVPVVV-m10-e140-h300,PVPVVV,10,140,300,train,8653,4062,4591,0,-22415.44,-2.59
PVPVVV-m10-e140-h300,PVPVVV,10,140,300,valid,3505,1636,1869,0,-9876.35,-2.82
PVPVVV-m15-e120-h200,PVPVVV,15,120,200,train,7900,3900,4000,0,-7779.27,-0.98
PVPVVV-m15-e120-h200,PVPVVV,15,120,200,valid,3236,1564,1672,0,-11717.55,-3.62
PVPVVV-m15-e120-h250,PVPVVV,15,120,250,train,7900,3900,4000,0,-7779.27,-0.98
PVPVVV-m15-e120-h250,PVPVVV,15,120,250,valid,3236,1564,1672,0,-11717.55,-3.62
PVPVVV-m15-e120-h300,PVPVVV,15,120,300,train,7900,3900,4000,0,-7779.27,-0.98
PVPVVV-m15-e120-h300,PVPVVV,15,120,300,valid,3236,1564,1672,0,-11717.55,-3.62
PVPVVV-m15-e130-h200,PVPVVV,15,130,200,train,7900,3872,4028,0,-9518.03,-1.2
PVPVVV-m15-e130-h200,PVPVVV,15,130,200,valid,3236,1551,1685,0,-12912.44,-3.99
PVPVVV-m15-e130-h250,PVPVVV,15,130,250,train,7900,3872,4028,0,-9518.03,-1.2
PVPVVV-m15-e130-h250,PVPVVV,15,130,250,valid,3236,1551,1685,0,-12912.44,-3.99
PVPVVV-m15-e130-h300,PVPVVV,15,130,300,train,7900,3872,4028,0,-9518.03,-1.2
PVPVVV-m15-e130-h300,PVPVVV,15,130,300,valid,3236,1551,1685,0,-12912.44,-3.99
PVPVVV-m15-e140-h200,PVPVVV,15,140,200,train,7900,3827,4073,0,-14072.06,-1.78
PVPVVV-m15-e140-h200,PVPVVV,15,140,200,valid,3236,1539,1697,0,-13911.12,-4.3
PVPVVV-m15-e140-h250,PVPVVV,15,140,250,train,7900,3827,4073,0,-14072.06,-1.78
PVPVVV-m15-e140-h250,PVPVVV,15,140,250,valid,3236,1539,1697,0,-13911.12,-4.3
PVPVVV-m15-e140-h300,PVPVVV,15,140,300,train,7900,3827,4073,0,-14072.06,-1.78
PVPVVV-m15-e140-h300,PVPVVV,15,140,300,valid,3236,1539,1697,0,-13911.12,-4.3
PVPVVV-m20-e120-h200,PVPVVV,20,120,200,train,7378,3685,3693,0,-13263.33,-1.8
PVPVVV-m20-e120-h200,PVPVVV,20,120,200,valid,3044,1517,1527,0,-8697.63,-2.86
PVPVVV-m20-e120-h250,PVPVVV,20,120,250,train,7378,3685,3693,0,-13263.33,-1.8
PVPVVV-m20-e120-h250,PVPVVV,20,120,250,valid,3044,1517,1527,0,-8697.63,-2.86
PVPVVV-m20-e120-h300,PVPVVV,20,120,300,train,7378,3685,3693,0,-13263.33,-1.8
PVPVVV-m20-e120-h300,PVPVVV,20,120,300,valid,3044,1517,1527,0,-8697.63,-2.86
PVPVVV-m20-e130-h200,PVPVVV,20,130,200,train,7378,3660,3718,0,-15016.7,-2.04
PVPVVV-m20-e130-h200,PVPVVV,20,130,200,valid,3044,1507,1537,0,-9495.21,-3.12
PVPVVV-m20-e130-h250,PVPVVV,20,130,250,train,7378,3660,3718,0,-15016.7,-2.04
PVPVVV-m20-e130-h250,PVPVVV,20,130,250,valid,3044,1507,1537,0,-9495.21,-3.12
PVPVVV-m20-e130-h300,PVPVVV,20,130,300,train,7378,3660,3718,0,-15016.7,-2.04
PVPVVV-m20-e130-h300,PVPVVV,20,130,300,valid,3044,1507,1537,0,-9495.21,-3.12
PVPVVV-m20-e140-h200,PVPVVV,20,140,200,train,7378,3618,3760,0,-19466.8,-2.64
PVPVVV-m20-e140-h200,PVPVVV,20,140,200,valid,3044,1495,1549,0,-10543.82,-3.46
PVPVVV-m20-e140-h250,PVPVVV,20,140,250,train,7378,3618,3760,0,-19466.8,-2.64
PVPVVV-m20-e140-h250,PVPVVV,20,140,250,valid,3044,1495,1549,0,-10543.82,-3.46
PVPVVV-m20-e140-h300,PVPVVV,20,140,300,train,7378,3618,3760,0,-19466.8,-2.64
PVPVVV-m20-e140-h300,PVPVVV,20,140,300,valid,3044,1495,1549,0,-10543.82,-3.46
PVVPPP-m5-e120-h200,PVVPPP,5,120,200,train,9542,5022,4520,0,-22061.16,-2.31
PVVPPP-m5-e120-h200,PVVPPP,5,120,200,valid,3853,2094,1759,0,359.18,0.09
PVVPPP-m5-e120-h250,PVVPPP,5,120,250,train,9542,5022,4520,0,-22061.16,-2.31
PVVPPP-m5-e120-h250,PVVPPP,5,120,250,valid,3853,2094,1759,0,359.18,0.09
PVVPPP-m5-e120-h300,PVVPPP,5,120,300,train,9542,5022,4520,0,-22061.16,-2.31
PVVPPP-m5-e120-h300,PVVPPP,5,120,300,valid,3853,2094,1759,0,359.18,0.09
PVVPPP-m5-e130-h200,PVVPPP,5,130,200,train,9542,4984,4558,0,-14107.17,-1.48
PVVPPP-m5-e130-h200,PVVPPP,5,130,200,valid,3853,2057,1796,0,-1210.9,-0.31
PVVPPP-m5-e130-h250,PVVPPP,5,130,250,train,9542,4984,4558,0,-14107.17,-1.48
PVVPPP-m5-e130-h250,PVVPPP,5,130,250,valid,3853,2057,1796,0,-1210.9,-0.31
PVVPPP-m5-e130-h300,PVVPPP,5,130,300,train,9542,4984,4558,0,-14107.17,-1.48
PVVPPP-m5-e130-h300,PVVPPP,5,130,300,valid,3853,2057,1796,0,-1210.9,-0.31
PVVPPP-m5-e140-h200,PVVPPP,5,140,200,train,9542,4912,4630,0,-13469.44,-1.41
PVVPPP-m5-e140-h200,PVVPPP,5,140,200,valid,3853,2017,1836,0,-2865.8,-0.74
PVVPPP-m5-e140-h250,PVVPPP,5,140,250,train,9542,4912,4630,0,-13469.44,-1.41
PVVPPP-m5-e140-h250,PVVPPP,5,140,250,valid,3853,2017,1836,0,-2865.8,-0.74
PVVPPP-m5-e140-h300,PVVPPP,5,140,300,train,9542,4912,4630,0,-13469.44,-1.41
PVVPPP-m5-e140-h300,PVVPPP,5,140,300,valid,3853,2017,1836,0,-2865.8,-0.74
PVVPPP-m10-e120-h200,PVVPPP,10,120,200,train,8653,4580,4073,0,-19477.07,-2.25
PVVPPP-m10-e120-h200,PVVPPP,10,120,200,valid,3505,1911,1594,0,-1203.97,-0.34
PVVPPP-m10-e120-h250,PVVPPP,10,120,250,train,8653,4580,4073,0,-19477.07,-2.25
PVVPPP-m10-e120-h250,PVVPPP,10,120,250,valid,3505,1911,1594,0,-1203.97,-0.34
PVVPPP-m10-e120-h300,PVVPPP,10,120,300,train,8653,4580,4073,0,-19477.07,-2.25
PVVPPP-m10-e120-h300,PVVPPP,10,120,300,valid,3505,1911,1594,0,-1203.97,-0.34
PVVPPP-m10-e130-h200,PVVPPP,10,130,200,train,8653,4562,4091,0,-10267.41,-1.19
PVVPPP-m10-e130-h200,PVVPPP,10,130,200,valid,3505,1879,1626,0,-2776.83,-0.79
PVVPPP-m10-e130-h250,PVVPPP,10,130,250,train,8653,4562,4091,0,-10267.41,-1.19
PVVPPP-m10-e130-h250,PVVPPP,10,130,250,valid,3505,1879,1626,0,-2776.83,-0.79
PVVPPP-m10-e130-h300,PVVPPP,10,130,300,train,8653,4562,4091,0,-10267.41,-1.19
PVVPPP-m10-e130-h300,PVVPPP,10,130,300,valid,3505,1879,1626,0,-2776.83,-0.79
PVVPPP-m10-e140-h200,PVVPPP,10,140,200,train,8653,4510,4143,0,-8040.29,-0.93
PVVPPP-m10-e140-h200,PVVPPP,10,140,200,valid,3505,1840,1665,0,-5577.55,-1.59
PVVPPP-m10-e140-h250,PVVPPP,10,140,250,train,8653,4510,4143,0,-8040.29,-0.93
PVVPPP-m10-e140-h250,PVVPPP,10,140,250,valid,3505,1840,1665,0,-5577.55,-1.59
PVVPPP-m10-e140-h300,PVVPPP,10,140,300,train,8653,4510,4143,0,-8040.29,-0.93
PVVPPP-m10-e140-h300,PVVPPP,10,140,300,valid,3505,1840,1665,0,-5577.55,-1.59
PVVPPP-m15-e120-h200,PVVPPP,15,120,200,train,7900,4203,3697,0,-14135.39,-1.79
PVVPPP-m15-e120-h200,PVVPPP,15,120,200,valid,3236,1767,1469,0,-4567.45,-1.41
PVVPPP-m15-e120-h250,PVVPPP,15,120,250,train,7900,4203,3697,0,-14135.39,-1.79
PVVPPP-m15-e120-h250,PVVPPP,15,120,250,valid,3236,1767,1469,0,-4567.45,-1.41
PVVPPP-m15-e120-h300,PVVPPP,15,120,300,train,7900,4203,3697,0,-14135.39,-1.79
PVVPPP-m15-e120-h300,PVVPPP,15,120,300,valid,3236,1767,1469,0,-4567.45,-1.41
PVVPPP-m15-e130-h200,PVVPPP,15,130,200,train,7900,4214,3686,0,-1756.57,-0.22
PVVPPP-m15-e130-h200,PVVPPP,15,130,200,valid,3236,1737,1499,0,-6431.6,-1.99
PVVPPP-m15-e130-h250,PVVPPP,15,130,250,train,7900,4214,3686,0,-1756.57,-0.22
PVVPPP-m15-e130-h250,PVVPPP,15,130,250,valid,3236,1737,1499,0,-6431.6,-1.99
PVVPPP-m15-e130-h300,PVVPPP,15,130,300,train,7900,4214,3686,0,-1756.57,-0.22
PVVPPP-m15-e130-h300,PVVPPP,15,130,300,valid,3236,1737,1499,0,-6431.6,-1.99
PVVPPP-m15-e140-h200,PVVPPP,15,140,200,train,7900,4172,3728,0,358.32,0.05
PVVPPP-m15-e140-h200,PVVPPP,15,140,200,valid,3236,1702,1534,0,-9361.8,-2.89
PVVPPP-m15-e140-h250,PVVPPP,15,140,250,train,7900,4172,3728,0,358.32,0.05
PVVPPP-m15-e140-h250,PVVPPP,15,140,250,valid,3236,1702,1534,0,-9361.8,-2.89
PVVPPP-m15-e140-h300,PVVPPP,15,140,300,train,7900,4172,3728,0,358.32,0.05
PVVPPP-m15-e140-h300,PVVPPP,15,140,300,valid,3236,1702,1534,0,-9361.8,-2.89
PVVPPP-m20-e120-h200,PVVPPP,20,120,200,train,7378,3909,3469,0,-18831.85,-2.55
PVVPPP-m20-e120-h200,PVVPPP,20,120,200,valid,3044,1664,1380,0,-5056.66,-1.66
PVVPPP-m20-e120-h250,PVVPPP,20,120,250,train,7378,3909,3469,0,-18831.85,-2.55
PVVPPP-m20-e120-h250,PVVPPP,20,120,250,valid,3044,1664,1380,0,-5056.66,-1.66
PVVPPP-m20-e120-h300,PVVPPP,20,120,300,train,7378,3909,3469,0,-18831.85,-2.55
PVVPPP-m20-e120-h300,PVVPPP,20,120,300,valid,3044,1664,1380,0,-5056.66,-1.66
PVVPPP-m20-e130-h200,PVVPPP,20,130,200,train,7378,3928,3450,0,-6502.19,-0.88
PVVPPP-m20-e130-h200,PVVPPP,20,130,200,valid,3044,1647,1397,0,-5042.91,-1.66
PVVPPP-m20-e130-h250,PVVPPP,20,130,250,train,7378,3928,3450,0,-6502.19,-0.88
PVVPPP-m20-e130-h250,PVVPPP,20,130,250,valid,3044,1647,1397,0,-5042.91,-1.66
PVVPPP-m20-e130-h300,PVVPPP,20,130,300,train,7378,3928,3450,0,-6502.19,-0.88
PVVPPP-m20-e130-h300,PVVPPP,20,130,300,valid,3044,1647,1397,0,-5042.91,-1.66
PVVPPP-m20-e140-h200,PVVPPP,20,140,200,train,7378,3887,3491,0,-5933.18,-0.8
PVVPPP-m20-e140-h200,PVVPPP,20,140,200,valid,3044,1620,1424,0,-6904.09,-2.27
PVVPPP-m20-e140-h250,PVVPPP,20,140,250,train,7378,3887,3491,0,-5933.18,-0.8
PVVPPP-m20-e140-h250,PVVPPP,20,140,250,valid,3044,1620,1424,0,-6904.09,-2.27
PVVPPP-m20-e140-h300,PVVPPP,20,140,300,train,7378,3887,3491,0,-5933.18,-0.8
PVVPPP-m20-e140-h300,PVVPPP,20,140,300,valid,3044,1620,1424,0,-6904.09,-2.27
PVVPPV-m5-e120-h200,PVVPPV,5,120,200,train,9542,4779,4763,0,-23372.04,-2.45
PVVPPV-m5-e120-h200,PVVPPV,5,120,200,valid,3853,1964,1889,0,-1627.51,-0.42
PVVPPV-m5-e120-h250,PVVPPV,5,120,250,train,9542,4779,4763,0,-23372.04,-2.45
PVVPPV-m5-e120-h250,PVVPPV,5,120,250,valid,3853,1964,1889,0,-1627.51,-0.42
PVVPPV-m5-e120-h300,PVVPPV,5,120,300,train,9542,4779,4763,0,-23372.04,-2.45
PVVPPV-m5-e120-h300,PVVPPV,5,120,300,valid,3853,1964,1889,0,-1627.51,-0.42
PVVPPV-m5-e130-h200,PVVPPV,5,130,200,train,9542,4746,4796,0,-18565.57,-1.95
PVVPPV-m5-e130-h200,PVVPPV,5,130,200,valid,3853,1944,1909,0,-1408.54,-0.37
PVVPPV-m5-e130-h250,PVVPPV,5,130,250,train,9542,4746,4796,0,-18565.57,-1.95
PVVPPV-m5-e130-h250,PVVPPV,5,130,250,valid,3853,1944,1909,0,-1408.54,-0.37
PVVPPV-m5-e130-h300,PVVPPV,5,130,300,train,9542,4746,4796,0,-18565.57,-1.95
PVVPPV-m5-e130-h300,PVVPPV,5,130,300,valid,3853,1944,1909,0,-1408.54,-0.37
PVVPPV-m5-e140-h200,PVVPPV,5,140,200,train,9542,4705,4837,0,-15652.87,-1.64
PVVPPV-m5-e140-h200,PVVPPV,5,140,200,valid,3853,1908,1945,0,-4170.25,-1.08
PVVPPV-m5-e140-h250,PVVPPV,5,140,250,train,9542,4705,4837,0,-15652.87,-1.64
PVVPPV-m5-e140-h250,PVVPPV,5,140,250,valid,3853,1908,1945,0,-4170.25,-1.08
PVVPPV-m5-e140-h300,PVVPPV,5,140,300,train,9542,4705,4837,0,-15652.87,-1.64
PVVPPV-m5-e140-h300,PVVPPV,5,140,300,valid,3853,1908,1945,0,-4170.25,-1.08
PVVPPV-m10-e120-h200,PVVPPV,10,120,200,train,8653,4377,4276,0,-22772.86,-2.63
PVVPPV-m10-e120-h200,PVVPPV,10,120,200,valid,3505,1800,1705,0,-4555.43,-1.3
PVVPPV-m10-e120-h250,PVVPPV,10,120,250,train,8653,4377,4276,0,-22772.86,-2.63
PVVPPV-m10-e120-h250,PVVPPV,10,120,250,valid,3505,1800,1705,0,-4555.43,-1.3
PVVPPV-m10-e120-h300,PVVPPV,10,120,300,train,8653,4377,4276,0,-22772.86,-2.63
PVVPPV-m10-e120-h300,PVVPPV,10,120,300,valid,3505,1800,1705,0,-4555.43,-1.3
PVVPPV-m10-e130-h200,PVVPPV,10,130,200,train,8653,4357,4296,0,-17458.68,-2.02
PVVPPV-m10-e130-h200,PVVPPV,10,130,200,valid,3505,1784,1721,0,-4337.29,-1.24
PVVPPV-m10-e130-h250,PVVPPV,10,130,250,train,8653,4357,4296,0,-17458.68,-2.02
PVVPPV-m10-e130-h250,PVVPPV,10,130,250,valid,3505,1784,1721,0,-4337.29,-1.24
PVVPPV-m10-e130-h300,PVVPPV,10,130,300,train,8653,4357,4296,0,-17458.68,-2.02
PVVPPV-m10-e130-h300,PVVPPV,10,130,300,valid,3505,1784,1721,0,-4337.29,-1.24
PVVPPV-m10-e140-h200,PVVPPV,10,140,200,train,8653,4331,4322,0,-13357.86,-1.54
PVVPPV-m10-e140-h200,PVVPPV,10,140,200,valid,3505,1751,1754,0,-7429.5,-2.12
PVVPPV-m10-e140-h250,PVVPPV,10,140,250,train,8653,4331,4322,0,-13357.86,-1.54
PVVPPV-m10-e140-h250,PVVPPV,10,140,250,valid,3505,1751,1754,0,-7429.5,-2.12
PVVPPV-m10-e140-h300,PVVPPV,10,140,300,train,8653,4331,4322,0,-13357.86,-1.54
PVVPPV-m10-e140-h300,PVVPPV,10,140,300,valid,3505,1751,1754,0,-7429.5,-2.12
PVVPPV-m15-e120-h200,PVVPPV,15,120,200,train,7900,4045,3855,0,-18777.66,-2.38
PVVPPV-m15-e120-h200,PVVPPV,15,120,200,valid,3236,1670,1566,0,-9202.39,-2.84
PVVPPV-m15-e120-h250,PVVPPV,15,120,250,train,7900,4045,3855,0,-18777.66,-2.38
PVVPPV-m15-e120-h250,PVVPPV,15,120,250,valid,3236,1670,1566,0,-9202.39,-2.84
PVVPPV-m15-e120-h300,PVVPPV,15,120,300,train,7900,4045,3855,0,-18777.66,-2.38
PVVPPV-m15-e120-h300,PVVPPV,15,120,300,valid,3236,1670,1566,0,-9202.39,-2.84
PVVPPV-m15-e130-h200,PVVPPV,15,130,200,train,7900,4049,3851,0,-10617.02,-1.34
PVVPPV-m15-e130-h200,PVVPPV,15,130,200,valid,3236,1656,1580,0,-9136.53,-2.82
PVVPPV-m15-e130-h250,PVVPPV,15,130,250,train,7900,4049,3851,0,-10617.02,-1.34
PVVPPV-m15-e130-h250,PVVPPV,15,130,250,valid,3236,1656,1580,0,-9136.53,-2.82
PVVPPV-m15-e130-h300,PVVPPV,15,130,300,train,7900,4049,3851,0,-10617.02,-1.34
PVVPPV-m15-e130-h300,PVVPPV,15,130,300,valid,3236,1656,1580,0,-9136.53,-2.82
PVVPPV-m15-e140-h200,PVVPPV,15,140,200,train,7900,4033,3867,0,-6204.78,-0.79
PVVPPV-m15-e140-h200,PVVPPV,15,140,200,valid,3236,1629,1607,0,-11752.58,-3.63
PVVPPV-m15-e140-h250,PVVPPV,15,140,250,train,7900,4033,3867,0,-6204.78,-0.79
PVVPPV-m15-e140-h250,PVVPPV,15,140,250,valid,3236,1629,1607,0,-11752.58,-3.63
PVVPPV-m15-e140-h300,PVVPPV,15,140,300,train,7900,4033,3867,0,-6204.78,-0.79
PVVPPV-m15-e140-h300,PVVPPV,15,140,300,valid,3236,1629,1607,0,-11752.58,-3.63
PVVPPV-m20-e120-h200,PVVPPV,20,120,200,train,7378,3793,3585,0,-22556.0,-3.06
PVVPPV-m20-e120-h200,PVVPPV,20,120,200,valid,3044,1586,1458,0,-9600.4,-3.15
PVVPPV-m20-e120-h250,PVVPPV,20,120,250,train,7378,3793,3585,0,-22556.0,-3.06
PVVPPV-m20-e120-h250,PVVPPV,20,120,250,valid,3044,1586,1458,0,-9600.4,-3.15
PVVPPV-m20-e120-h300,PVVPPV,20,120,300,train,7378,3793,3585,0,-22556.0,-3.06
PVVPPV-m20-e120-h300,PVVPPV,20,120,300,valid,3044,1586,1458,0,-9600.4,-3.15
PVVPPV-m20-e130-h200,PVVPPV,20,130,200,train,7378,3808,3570,0,-13522.08,-1.83
PVVPPV-m20-e130-h200,PVVPPV,20,130,200,valid,3044,1579,1465,0,-8611.97,-2.83
PVVPPV-m20-e130-h250,PVVPPV,20,130,250,train,7378,3808,3570,0,-13522.08,-1.83
PVVPPV-m20-e130-h250,PVVPPV,20,130,250,valid,3044,1579,1465,0,-8611.97,-2.83
PVVPPV-m20-e130-h300,PVVPPV,20,130,300,train,7378,3808,3570,0,-13522.08,-1.83
PVVPPV-m20-e130-h300,PVVPPV,20,130,300,valid,3044,1579,1465,0,-8611.97,-2.83
PVVPPV-m20-e140-h200,PVVPPV,20,140,200,train,7378,3789,3589,0,-10884.82,-1.48
PVVPPV-m20-e140-h200,PVVPPV,20,140,200,valid,3044,1557,1487,0,-10620.93,-3.49
PVVPPV-m20-e140-h250,PVVPPV,20,140,250,train,7378,3789,3589,0,-10884.82,-1.48
PVVPPV-m20-e140-h250,PVVPPV,20,140,250,valid,3044,1557,1487,0,-10620.93,-3.49
PVVPPV-m20-e140-h300,PVVPPV,20,140,300,train,7378,3789,3589,0,-10884.82,-1.48
PVVPPV-m20-e140-h300,PVVPPV,20,140,300,valid,3044,1557,1487,0,-10620.93,-3.49
PVVPVP-m5-e120-h200,PVVPVP,5,120,200,train,9542,4797,4745,0,-18367.34,-1.92
PVVPVP-m5-e120-h200,PVVPVP,5,120,200,valid,3853,1944,1909,0,-4947.16,-1.28
PVVPVP-m5-e120-h250,PVVPVP,5,120,250,train,9542,4797,4745,0,-18367.34,-1.92
PVVPVP-m5-e120-h250,PVVPVP,5,120,250,valid,3853,1944,1909,0,-4947.16,-1.28
PVVPVP-m5-e120-h300,PVVPVP,5,120,300,train,9542,4797,4745,0,-18367.34,-1.92
PVVPVP-m5-e120-h300,PVVPVP,5,120,300,valid,3853,1944,1909,0,-4947.16,-1.28
PVVPVP-m5-e130-h200,PVVPVP,5,130,200,train,9542,4756,4786,0,-15279.22,-1.6
PVVPVP-m5-e130-h200,PVVPVP,5,130,200,valid,3853,1922,1931,0,-5254.3,-1.36
PVVPVP-m5-e130-h250,PVVPVP,5,130,250,train,9542,4756,4786,0,-15279.22,-1.6
PVVPVP-m5-e130-h250,PVVPVP,5,130,250,valid,3853,1922,1931,0,-5254.3,-1.36
PVVPVP-m5-e130-h300,PVVPVP,5,130,300,train,9542,4756,4786,0,-15279.22,-1.6
PVVPVP-m5-e130-h300,PVVPVP,5,130,300,valid,3853,1922,1931,0,-5254.3,-1.36
PVVPVP-m5-e140-h200,PVVPVP,5,140,200,train,9542,4685,4857,0,-18506.11,-1.94
PVVPVP-m5-e140-h200,PVVPVP,5,140,200,valid,3853,1900,1953,0,-5088.69,-1.32
PVVPVP-m5-e140-h250,PVVPVP,5,140,250,train,9542,4685,4857,0,-18506.11,-1.94
PVVPVP-m5-e140-h250,PVVPVP,5,140,250,valid,3853,1900,1953,0,-5088.69,-1.32
PVVPVP-m5-e140-h300,PVVPVP,5,140,300,train,9542,4685,4857,0,-18506.11,-1.94
PVVPVP-m5-e140-h300,PVVPVP,5,140,300,valid,3853,1900,1953,0,-5088.69,-1.32
PVVPVP-m10-e120-h200,PVVPVP,10,120,200,train,8653,4407,4246,0,-14107.1,-1.63
PVVPVP-m10-e120-h200,PVVPVP,10,120,200,valid,3505,1786,1719,0,-7537.34,-2.15
PVVPVP-m10-e120-h250,PVVPVP,10,120,250,train,8653,4407,4246,0,-14107.1,-1.63
PVVPVP-m10-e120-h250,PVVPVP,10,120,250,valid,3505,1786,1719,0,-7537.34,-2.15
PVVPVP-m10-e120-h300,PVVPVP,10,120,300,train,8653,4407,4246,0,-14107.1,-1.63
PVVPVP-m10-e120-h300,PVVPVP,10,120,300,valid,3505,1786,1719,0,-7537.34,-2.15
PVVPVP-m10-e130-h200,PVVPVP,10,130,200,train,8653,4381,4272,0,-10002.04,-1.16
PVVPVP-m10-e130-h200,PVVPVP,10,130,200,valid,3505,1766,1739,0,-8118.44,-2.32
PVVPVP-m10-e130-h250,PVVPVP,10,130,250,train,8653,4381,4272,0,-10002.04,-1.16
PVVPVP-m10-e130-h250,PVVPVP,10,130,250,valid,3505,1766,1739,0,-8118.44,-2.32
PVVPVP-m10-e130-h300,PVVPVP,10,130,300,train,8653,4381,4272,0,-10002.04,-1.16
PVVPVP-m10-e130-h300,PVVPVP,10,130,300,valid,3505,1766,1739,0,-8118.44,-2.32
PVVPVP-m10-e140-h200,PVVPVP,10,140,200,train,8653,4323,4330,0,-12446.46,-1.44
PVVPVP-m10-e140-h200,PVVPVP,10,140,200,valid,3505,1744,1761,0,-9053.97,-2.58
PVVPVP-m10-e140-h250,PVVPVP,10,140,250,train,8653,4323,4330,0,-12446.46,-1.44
PVVPVP-m10-e140-h250,PVVPVP,10,140,250,valid,3505,1744,1761,0,-9053.97,-2.58
PVVPVP-m10-e140-h300,PVVPVP,10,140,300,train,8653,4323,4330,0,-12446.46,-1.44
PVVPVP-m10-e140-h300,PVVPVP,10,140,300,valid,3505,1744,1761,0,-9053.97,-2.58
PVVPVP-m15-e120-h200,PVVPVP,15,120,200,train,7900,4078,3822,0,-8843.65,-1.12
PVVPVP-m15-e120-h200,PVVPVP,15,120,200,valid,3236,1666,1570,0,-10744.65,-3.32
PVVPVP-m15-e120-h250,PVVPVP,15,120,250,train,7900,4078,3822,0,-8843.65,-1.12
PVVPVP-m15-e120-h250,PVVPVP,15,120,250,valid,3236,1666,1570,0,-10744.65,-3.32
PVVPVP-m15-e120-h300,PVVPVP,15,120,300,train,7900,4078,3822,0,-8843.65,-1.12
PVVPVP-m15-e120-h300,PVVPVP,15,120,300,valid,3236,1666,1570,0,-10744.65,-3.32
PVVPVP-m15-e130-h200,PVVPVP,15,130,200,train,7900,4074,3826,0,-2191.38,-0.28
PVVPVP-m15-e130-h200,PVVPVP,15,130,200,valid,3236,1648,1588,0,-11434.82,-3.53
PVVPVP-m15-e130-h250,PVVPVP,15,130,250,train,7900,4074,3826,0,-2191.38,-0.28
PVVPVP-m15-e130-h250,PVVPVP,15,130,250,valid,3236,1648,1588,0,-11434.82,-3.53
PVVPVP-m15-e130-h300,PVVPVP,15,130,300,train,7900,4074,3826,0,-2191.38,-0.28
PVVPVP-m15-e130-h300,PVVPVP,15,130,300,valid,3236,1648,1588,0,-11434.82,-3.53
PVVPVP-m15-e140-h200,PVVPVP,15,140,200,train,7900,4027,3873,0,-3950.3,-0.5
PVVPVP-m15-e140-h200,PVVPVP,15,140,200,valid,3236,1628,1608,0,-12632.49,-3.9
PVVPVP-m15-e140-h250,PVVPVP,15,140,250,train,7900,4027,3873,0,-3950.3,-0.5
PVVPVP-m15-e140-h250,PVVPVP,15,140,250,valid,3236,1628,1608,0,-12632.49,-3.9
PVVPVP-m15-e140-h300,PVVPVP,15,140,300,train,7900,4027,3873,0,-3950.3,-0.5
PVVPVP-m15-e140-h300,PVVPVP,15,140,300,valid,3236,1628,1608,0,-12632.49,-3.9
PVVPVP-m20-e120-h200,PVVPVP,20,120,200,train,7378,3802,3576,0,-17000.98,-2.3
PVVPVP-m20-e120-h200,PVVPVP,20,120,200,valid,3044,1595,1449,0,-8313.39,-2.73
PVVPVP-m20-e120-h250,PVVPVP,20,120,250,train,7378,3802,3576,0,-17000.98,-2.3
PVVPVP-m20-e120-h250,PVVPVP,20,120,250,valid,3044,1595,1449,0,-8313.39,-2.73
PVVPVP-m20-e120-h300,PVVPVP,20,120,300,train,7378,3802,3576,0,-17000.98,-2.3
PVVPVP-m20-e120-h300,PVVPVP,20,120,300,valid,3044,1595,1449,0,-8313.39,-2.73
PVVPVP-m20-e130-h200,PVVPVP,20,130,200,train,7378,3803,3575,0,-10431.35,-1.41
PVVPVP-m20-e130-h200,PVVPVP,20,130,200,valid,3044,1586,1458,0,-7731.24,-2.54
PVVPVP-m20-e130-h250,PVVPVP,20,130,250,train,7378,3803,3575,0,-10431.35,-1.41
PVVPVP-m20-e130-h250,PVVPVP,20,130,250,valid,3044,1586,1458,0,-7731.24,-2.54
PVVPVP-m20-e130-h300,PVVPVP,20,130,300,train,7378,3803,3575,0,-10431.35,-1.41
PVVPVP-m20-e130-h300,PVVPVP,20,130,300,valid,3044,1586,1458,0,-7731.24,-2.54
PVVPVP-m20-e140-h200,PVVPVP,20,140,200,train,7378,3759,3619,0,-12922.58,-1.75
PVVPVP-m20-e140-h200,PVVPVP,20,140,200,valid,3044,1570,1474,0,-8344.45,-2.74
PVVPVP-m20-e140-h250,PVVPVP,20,140,250,train,7378,3759,3619,0,-12922.58,-1.75
PVVPVP-m20-e140-h250,PVVPVP,20,140,250,valid,3044,1570,1474,0,-8344.45,-2.74
PVVPVP-m20-e140-h300,PVVPVP,20,140,300,train,7378,3759,3619,0,-12922.58,-1.75
PVVPVP-m20-e140-h300,PVVPVP,20,140,300,valid,3044,1570,1474,0,-8344.45,-2.74
PVVPVV-m5-e120-h200,PVVPVV,5,120,200,train,9542,4554,4988,0,-19678.22,-2.06
PVVPVV-m5-e120-h200,PVVPVV,5,120,200,valid,3853,1814,2039,0,-6933.85,-1.8
PVVPVV-m5-e120-h250,PVVPVV,5,120,250,train,9542,4554,4988,0,-19678.22,-2.06
PVVPVV-m5-e120-h250,PVVPVV,5,120,250,valid,3853,1814,2039,0,-6933.85,-1.8
PVVPVV-m5-e120-h300,PVVPVV,5,120,300,train,9542,4554,4988,0,-19678.22,-2.06
PVVPVV-m5-e120-h300,PVVPVV,5,120,300,valid,3853,1814,2039,0,-6933.85,-1.8
PVVPVV-m5-e130-h200,PVVPVV,5,130,200,train,9542,4518,5024,0,-19737.62,-2.07
PVVPVV-m5-e130-h200,PVVPVV,5,130,200,valid,3853,1809,2044,0,-5451.94,-1.41
PVVPVV-m5-e130-h250,PVVPVV,5,130,250,train,9542,4518,5024,0,-19737.62,-2.07
PVVPVV-m5-e130-h250,PVVPVV,5,130,250,valid,3853,1809,2044,0,-5451.94,-1.41
PVVPVV-m5-e130-h300,PVVPVV,5,130,300,train,9542,4518,5024,0,-19737.62,-2.07
PVVPVV-m5-e130-h300,PVVPVV,5,130,300,valid,3853,1809,2044,0,-5451.94,-1.41
PVVPVV-m5-e140-h200,PVVPVV,5,140,200,train,9542,4478,5064,0,-20689.54,-2.17
PVVPVV-m5-e140-h200,PVVPVV,5,140,200,valid,3853,1791,2062,0,-6393.14,-1.66
PVVPVV-m5-e140-h250,PVVPVV,5,140,250,train,9542,4478,5064,0,-20689.54,-2.17
PVVPVV-m5-e140-h250,PVVPVV,5,140,250,valid,3853,1791,2062,0,-6393.14,-1.66
PVVPVV-m5-e140-h300,PVVPVV,5,140,300,train,9542,4478,5064,0,-20689.54,-2.17
PVVPVV-m5-e140-h300,PVVPVV,5,140,300,valid,3853,1791,2062,0,-6393.14,-1.66
PVVPVV-m10-e120-h200,PVVPVV,10,120,200,train,8653,4204,4449,0,-17402.89,-2.01
PVVPVV-m10-e120-h200,PVVPVV,10,120,200,valid,3505,1675,1830,0,-10888.8,-3.11
PVVPVV-m10-e120-h250,PVVPVV,10,120,250,train,8653,4204,4449,0,-17402.89,-2.01
PVVPVV-m10-e120-h250,PVVPVV,10,120,250,valid,3505,1675,1830,0,-10888.8,-3.11
PVVPVV-m10-e120-h300,PVVPVV,10,120,300,train,8653,4204,4449,0,-17402.89,-2.01
PVVPVV-m10-e120-h300,PVVPVV,10,120,300,valid,3505,1675,1830,0,-10888.8,-3.11
PVVPVV-m10-e130-h200,PVVPVV,10,130,200,train,8653,4176,4477,0,-17193.31,-1.99
PVVPVV-m10-e130-h200,PVVPVV,10,130,200,valid,3505,1671,1834,0,-9678.9,-2.76
PVVPVV-m10-e130-h250,PVVPVV,10,130,250,train,8653,4176,4477,0,-17193.31,-1.99
PVVPVV-m10-e130-h250,PVVPVV,10,130,250,valid,3505,1671,1834,0,-9678.9,-2.76
PVVPVV-m10-e130-h300,PVVPVV,10,130,300,train,8653,4176,4477,0,-17193.31,-1.99
PVVPVV-m10-e130-h300,PVVPVV,10,130,300,valid,3505,1671,1834,0,-9678.9,-2.76
PVVPVV-m10-e140-h200,PVVPVV,10,140,200,train,8653,4144,4509,0,-17764.03,-2.05
PVVPVV-m10-e140-h200,PVVPVV,10,140,200,valid,3505,1655,1850,0,-10905.92,-3.11
PVVPVV-m10-e140-h250,PVVPVV,10,140,250,train,8653,4144,4509,0,-17764.03,-2.05
PVVPVV-m10-e140-h250,PVVPVV,10,140,250,valid,3505,1655,1850,0,-10905.92,-3.11
PVVPVV-m10-e140-h300,PVVPVV,10,140,300,train,8653,4144,4509,0,-17764.03,-2.05
PVVPVV-m10-e140-h300,PVVPVV,10,140,300,valid,3505,1655,1850,0,-10905.92,-3.11
PVVPVV-m15-e120-h200,PVVPVV,15,120,200,train,7900,3920,3980,0,-13485.92,-1.71
PVVPVV-m15-e120-h200,PVVPVV,15,120,200,valid,3236,1569,1667,0,-15379.59,-4.75
PVVPVV-m15-e120-h250,PVVPVV,15,120,250,train,7900,3920,3980,0,-13485.92,-1.71
PVVPVV-m15-e120-h250,PVVPVV,15,120,250,valid,3236,1569,1667,0,-15379.59,-4.75
PVVPVV-m15-e120-h300,PVVPVV,15,120,300,train,7900,3920,3980,0,-13485.92,-1.71
PVVPVV-m15-e120-h300,PVVPVV,15,120,300,valid,3236,1569,1667,0,-15379.59,-4.75
PVVPVV-m15-e130-h200,PVVPVV,15,130,200,train,7900,3909,3991,0,-11051.83,-1.4
PVVPVV-m15-e130-h200,PVVPVV,15,130,200,valid,3236,1567,1669,0,-14139.75,-4.37
PVVPVV-m15-e130-h250,PVVPVV,15,130,250,train,7900,3909,3991,0,-11051.83,-1.4
PVVPVV-m15-e130-h250,PVVPVV,15,130,250,valid,3236,1567,1669,0,-14139.75,-4.37
PVVPVV-m15-e130-h300,PVVPVV,15,130,300,train,7900,3909,3991,0,-11051.83,-1.4
PVVPVV-m15-e130-h300,PVVPVV,15,130,300,valid,3236,1567,1669,0,-14139.75,-4.37
PVVPVV-m15-e140-h200,PVVPVV,15,140,200,train,7900,3888,4012,0,-10513.4,-1.33
PVVPVV-m15-e140-h200,PVVPVV,15,140,200,valid,3236,1555,1681,0,-15023.27,-4.64
PVVPVV-m15-e140-h250,PVVPVV,15,140,250,train,7900,3888,4012,0,-10513.4,-1.33
PVVPVV-m15-e140-h250,PVVPVV,15,140,250,valid,3236,1555,1681,0,-15023.27,-4.64
PVVPVV-m15-e140-h300,PVVPVV,15,140,300,train,7900,3888,4012,0,-10513.4,-1.33
PVVPVV-m15-e140-h300,PVVPVV,15,140,300,valid,3236,1555,1681,0,-15023.27,-4.64
PVVPVV-m20-e120-h200,PVVPVV,20,120,200,train,7378,3686,3692,0,-20725.13,-2.81
PVVPVV-m20-e120-h200,PVVPVV,20,120,200,valid,3044,1517,1527,0,-12857.13,-4.22
PVVPVV-m20-e120-h250,PVVPVV,20,120,250,train,7378,3686,3692,0,-20725.13,-2.81
PVVPVV-m20-e120-h250,PVVPVV,20,120,250,valid,3044,1517,1527,0,-12857.13,-4.22
PVVPVV-m20-e120-h300,PVVPVV,20,120,300,train,7378,3686,3692,0,-20725.13,-2.81
PVVPVV-m20-e120-h300,PVVPVV,20,120,300,valid,3044,1517,1527,0,-12857.13,-4.22
PVVPVV-m20-e130-h200,PVVPVV,20,130,200,train,7378,3683,3695,0,-17451.24,-2.37
PVVPVV-m20-e130-h200,PVVPVV,20,130,200,valid,3044,1518,1526,0,-11300.3,-3.71
PVVPVV-m20-e130-h250,PVVPVV,20,130,250,train,7378,3683,3695,0,-17451.24,-2.37
PVVPVV-m20-e130-h250,PVVPVV,20,130,250,valid,3044,1518,1526,0,-11300.3,-3.71
PVVPVV-m20-e130-h300,PVVPVV,20,130,300,train,7378,3683,3695,0,-17451.24,-2.37
PVVPVV-m20-e130-h300,PVVPVV,20,130,300,valid,3044,1518,1526,0,-11300.3,-3.71
PVVPVV-m20-e140-h200,PVVPVV,20,140,200,train,7378,3661,3717,0,-17874.22,-2.42
PVVPVV-m20-e140-h200,PVVPVV,20,140,200,valid,3044,1507,1537,0,-12061.29,-3.96
PVVPVV-m20-e140-h250,PVVPVV,20,140,250,train,7378,3661,3717,0,-17874.22,-2.42
PVVPVV-m20-e140-h250,PVVPVV,20,140,250,valid,3044,1507,1537,0,-12061.29,-3.96
PVVPVV-m20-e140-h300,PVVPVV,20,140,300,train,7378,3661,3717,0,-17874.22,-2.42
PVVPVV-m20-e140-h300,PVVPVV,20,140,300,valid,3044,1507,1537,0,-12061.29,-3.96
PVVVPP-m5-e120-h200,PVVVPP,5,120,200,train,9542,4766,4776,0,-24911.39,-2.61
PVVVPP-m5-e120-h200,PVVVPP,5,120,200,valid,3853,1948,1905,0,-5619.91,-1.46
PVVVPP-m5-e120-h250,PVVVPP,5,120,250,train,9542,4766,4776,0,-24911.39,-2.61
PVVVPP-m5-e120-h250,PVVVPP,5,120,250,valid,3853,1948,1905,0,-5619.91,-1.46
PVVVPP-m5-e120-h300,PVVVPP,5,120,300,train,9542,4766,4776,0,-24911.39,-2.61
PVVVPP-m5-e120-h300,PVVVPP,5,120,300,valid,3853,1948,1905,0,-5619.91,-1.46
PVVVPP-m5-e130-h200,PVVVPP,5,130,200,train,9542,4752,4790,0,-16472.03,-1.73
PVVVPP-m5-e130-h200,PVVVPP,5,130,200,valid,3853,1914,1939,0,-8169.69,-2.12
PVVVPP-m5-e130-h250,PVVVPP,5,130,250,train,9542,4752,4790,0,-16472.03,-1.73
PVVVPP-m5-e130-h250,PVVVPP,5,130,250,valid,3853,1914,1939,0,-8169.69,-2.12
PVVVPP-m5-e130-h300,PVVVPP,5,130,300,train,9542,4752,4790,0,-16472.03,-1.73
PVVVPP-m5-e130-h300,PVVVPP,5,130,300,valid,3853,1914,1939,0,-8169.69,-2.12
PVVVPP-m5-e140-h200,PVVVPP,5,140,200,train,9542,4701,4841,0,-15890.85,-1.67
PVVVPP-m5-e140-h200,PVVVPP,5,140,200,valid,3853,1893,1960,0,-7625.0,-1.98
PVVVPP-m5-e140-h250,PVVVPP,5,140,250,train,9542,4701,4841,0,-15890.85,-1.67
PVVVPP-m5-e140-h250,PVVVPP,5,140,250,valid,3853,1893,1960,0,-7625.0,-1.98
PVVVPP-m5-e140-h300,PVVVPP,5,140,300,train,9542,4701,4841,0,-15890.85,-1.67
PVVVPP-m5-e140-h300,PVVVPP,5,140,300,valid,3853,1893,1960,0,-7625.0,-1.98
PVVVPP-m10-e120-h200,PVVVPP,10,120,200,train,8653,4381,4272,0,-21047.96,-2.43
PVVVPP-m10-e120-h200,PVVVPP,10,120,200,valid,3505,1818,1687,0,-2074.32,-0.59
PVVVPP-m10-e120-h250,PVVVPP,10,120,250,train,8653,4381,4272,0,-21047.96,-2.43
PVVVPP-m10-e120-h250,PVVVPP,10,120,250,valid,3505,1818,1687,0,-2074.32,-0.59
PVVVPP-m10-e120-h300,PVVVPP,10,120,300,train,8653,4381,4272,0,-21047.96,-2.43
PVVVPP-m10-e120-h300,PVVVPP,10,120,300,valid,3505,1818,1687,0,-2074.32,-0.59
PVVVPP-m10-e130-h200,PVVVPP,10,130,200,train,8653,4374,4279,0,-13143.75,-1.52
PVVVPP-m10-e130-h200,PVVVPP,10,130,200,valid,3505,1788,1717,0,-4431.75,-1.26
PVVVPP-m10-e130-h250,PVVVPP,10,130,250,train,8653,4374,4279,0,-13143.75,-1.52
PVVVPP-m10-e130-h250,PVVVPP,10,130,250,valid,3505,1788,1717,0,-4431.75,-1.26
PVVVPP-m10-e130-h300,PVVVPP,10,130,300,train,8653,4374,4279,0,-13143.75,-1.52
PVVVPP-m10-e130-h300,PVVVPP,10,130,300,valid,3505,1788,1717,0,-4431.75,-1.26
PVVVPP-m10-e140-h200,PVVVPP,10,140,200,train,8653,4340,4313,0,-10791.7,-1.25
PVVVPP-m10-e140-h200,PVVVPP,10,140,200,valid,3505,1765,1740,0,-5188.1,-1.48
PVVVPP-m10-e140-h250,PVVVPP,10,140,250,train,8653,4340,4313,0,-10791.7,-1.25
PVVVPP-m10-e140-h250,PVVVPP,10,140,250,valid,3505,1765,1740,0,-5188.1,-1.48
PVVVPP-m10-e140-h300,PVVVPP,10,140,300,train,8653,4340,4313,0,-10791.7,-1.25
PVVVPP-m10-e140-h300,PVVVPP,10,140,300,valid,3505,1765,1740,0,-5188.1,-1.48
PVVVPP-m15-e120-h200,PVVVPP,15,120,200,train,7900,4068,3832,0,-12821.09,-1.62
PVVVPP-m15-e120-h200,PVVVPP,15,120,200,valid,3236,1695,1541,0,-5495.97,-1.7
PVVVPP-m15-e120-h250,PVVVPP,15,120,250,train,7900,4068,3832,0,-12821.09,-1.62
PVVVPP-m15-e120-h250,PVVVPP,15,120,250,valid,3236,1695,1541,0,-5495.97,-1.7
PVVVPP-m15-e120-h300,PVVVPP,15,120,300,train,7900,4068,3832,0,-12821.09,-1.62
PVVVPP-m15-e120-h300,PVVVPP,15,120,300,valid,3236,1695,1541,0,-5495.97,-1.7
PVVVPP-m15-e130-h200,PVVVPP,15,130,200,train,7900,4077,3823,0,-3538.01,-0.45
PVVVPP-m15-e130-h200,PVVVPP,15,130,200,valid,3236,1668,1568,0,-7747.22,-2.39
PVVVPP-m15-e130-h250,PVVVPP,15,130,250,train,7900,4077,3823,0,-3538.01,-0.45
PVVVPP-m15-e130-h250,PVVVPP,15,130,250,valid,3236,1668,1568,0,-7747.22,-2.39
PVVVPP-m15-e130-h300,PVVVPP,15,130,300,train,7900,4077,3823,0,-3538.01,-0.45
PVVVPP-m15-e130-h300,PVVVPP,15,130,300,valid,3236,1668,1568,0,-7747.22,-2.39
PVVVPP-m15-e140-h200,PVVVPP,15,140,200,train,7900,4039,3861,0,-3360.25,-0.43
PVVVPP-m15-e140-h200,PVVVPP,15,140,200,valid,3236,1645,1591,0,-9174.04,-2.83
PVVVPP-m15-e140-h250,PVVVPP,15,140,250,train,7900,4039,3861,0,-3360.25,-0.43
PVVVPP-m15-e140-h250,PVVVPP,15,140,250,valid,3236,1645,1591,0,-9174.04,-2.83
PVVVPP-m15-e140-h300,PVVVPP,15,140,300,train,7900,4039,3861,0,-3360.25,-0.43
PVVVPP-m15-e140-h300,PVVVPP,15,140,300,valid,3236,1645,1591,0,-9174.04,-2.83
PVVVPP-m20-e120-h200,PVVVPP,20,120,200,train,7378,3800,3578,0,-19178.97,-2.6
PVVVPP-m20-e120-h200,PVVVPP,20,120,200,valid,3044,1615,1429,0,-4198.29,-1.38
PVVVPP-m20-e120-h250,PVVVPP,20,120,250,train,7378,3800,3578,0,-19178.97,-2.6
PVVVPP-m20-e120-h250,PVVVPP,20,120,250,valid,3044,1615,1429,0,-4198.29,-1.38
PVVVPP-m20-e120-h300,PVVVPP,20,120,300,train,7378,3800,3578,0,-19178.97,-2.6
PVVVPP-m20-e120-h300,PVVVPP,20,120,300,valid,3044,1615,1429,0,-4198.29,-1.38
PVVVPP-m20-e130-h200,PVVVPP,20,130,200,train,7378,3814,3564,0,-10025.85,-1.36
PVVVPP-m20-e130-h200,PVVVPP,20,130,200,valid,3044,1599,1445,0,-4776.36,-1.57
PVVVPP-m20-e130-h250,PVVVPP,20,130,250,train,7378,3814,3564,0,-10025.85,-1.36
PVVVPP-m20-e130-h250,PVVVPP,20,130,250,valid,3044,1599,1445,0,-4776.36,-1.57
PVVVPP-m20-e130-h300,PVVVPP,20,130,300,train,7378,3814,3564,0,-10025.85,-1.36
PVVVPP-m20-e130-h300,PVVVPP,20,130,300,valid,3044,1599,1445,0,-4776.36,-1.57
PVVVPP-m20-e140-h200,PVVVPP,20,140,200,train,7378,3780,3598,0,-10265.38,-1.39
PVVVPP-m20-e140-h200,PVVVPP,20,140,200,valid,3044,1583,1461,0,-5306.62,-1.74
PVVVPP-m20-e140-h250,PVVVPP,20,140,250,train,7378,3780,3598,0,-10265.38,-1.39
PVVVPP-m20-e140-h250,PVVVPP,20,140,250,valid,3044,1583,1461,0,-5306.62,-1.74
PVVVPP-m20-e140-h300,PVVVPP,20,140,300,train,7378,3780,3598,0,-10265.38,-1.39
PVVVPP-m20-e140-h300,PVVVPP,20,140,300,valid,3044,1583,1461,0,-5306.62,-1.74
PVVVPV-m5-e120-h200,PVVVPV,5,120,200,train,9542,4523,5019,0,-26222.27,-2.75
PVVVPV-m5-e120-h200,PVVVPV,5,120,200,valid,3853,1818,2035,0,-7606.6,-1.97
PVVVPV-m5-e120-h250,PVVVPV,5,120,250,train,9542,4523,5019,0,-26222.27,-2.75
PVVVPV-m5-e120-h250,PVVVPV,5,120,250,valid,3853,1818,2035,0,-7606.6,-1.97
PVVVPV-m5-e120-h300,PVVVPV,5,120,300,train,9542,4523,5019,0,-26222.27,-2.75
PVVVPV-m5-e120-h300,PVVVPV,5,120,300,valid,3853,1818,2035,0,-7606.6,-1.97
PVVVPV-m5-e130-h200,PVVVPV,5,130,200,train,9542,4514,5028,0,-20930.43,-2.19
PVVVPV-m5-e130-h200,PVVVPV,5,130,200,valid,3853,1801,2052,0,-8367.33,-2.17
PVVVPV-m5-e130-h250,PVVVPV,5,130,250,train,9542,4514,5028,0,-20930.43,-2.19
PVVVPV-m5-e130-h250,PVVVPV,5,130,250,valid,3853,1801,2052,0,-8367.33,-2.17
PVVVPV-m5-e130-h300,PVVVPV,5,130,300,train,9542,4514,5028,0,-20930.43,-2.19
PVVVPV-m5-e130-h300,PVVVPV,5,130,300,valid,3853,1801,2052,0,-8367.33,-2.17
PVVVPV-m5-e140-h200,PVVVPV,5,140,200,train,9542,4494,5048,0,-18074.28,-1.89
PVVVPV-m5-e140-h200,PVVVPV,5,140,200,valid,3853,1784,2069,0,-8929.45,-2.32
PVVVPV-m5-e140-h250,PVVVPV,5,140,250,train,9542,4494,5048,0,-18074.28,-1.89
PVVVPV-m5-e140-h250,PVVVPV,5,140,250,valid,3853,1784,2069,0,-8929.45,-2.32
PVVVPV-m5-e140-h300,PVVVPV,5,140,300,train,9542,4494,5048,0,-18074.28,-1.89
PVVVPV-m5-e140-h300,PVVVPV,5,140,300,valid,3853,1784,2069,0,-8929.45,-2.32
PVVVPV-m10-e120-h200,PVVVPV,10,120,200,train,8653,4178,4475,0,-24343.75,-2.81
PVVVPV-m10-e120-h200,PVVVPV,10,120,200,valid,3505,1707,1798,0,-5425.78,-1.55
PVVVPV-m10-e120-h250,PVVVPV,10,120,250,train,8653,4178,4475,0,-24343.75,-2.81
PVVVPV-m10-e120-h250,PVVVPV,10,120,250,valid,3505,1707,1798,0,-5425.78,-1.55
PVVVPV-m10-e120-h300,PVVVPV,10,120,300,train,8653,4178,4475,0,-24343.75,-2.81
PVVVPV-m10-e120-h300,PVVVPV,10,120,300,valid,3505,1707,1798,0,-5425.78,-1.55
PVVVPV-m10-e130-h200,PVVVPV,10,130,200,train,8653,4169,4484,0,-20335.02,-2.35
PVVVPV-m10-e130-h200,PVVVPV,10,130,200,valid,3505,1693,1812,0,-5992.21,-1.71
PVVVPV-m10-e130-h250,PVVVPV,10,130,250,train,8653,4169,4484,0,-20335.02,-2.35
PVVVPV-m10-e130-h250,PVVVPV,10,130,250,valid,3505,1693,1812,0,-5992.21,-1.71
PVVVPV-m10-e130-h300,PVVVPV,10,130,300,train,8653,4169,4484,0,-20335.02,-2.35
PVVVPV-m10-e130-h300,PVVVPV,10,130,300,valid,3505,1693,1812,0,-5992.21,-1.71
PVVVPV-m10-e140-h200,PVVVPV,10,140,200,train,8653,4161,4492,0,-16109.27,-1.86
PVVVPV-m10-e140-h200,PVVVPV,10,140,200,valid,3505,1676,1829,0,-7040.05,-2.01
PVVVPV-m10-e140-h250,PVVVPV,10,140,250,train,8653,4161,4492,0,-16109.27,-1.86
PVVVPV-m10-e140-h250,PVVVPV,10,140,250,valid,3505,1676,1829,0,-7040.05,-2.01
PVVVPV-m10-e140-h300,PVVVPV,10,140,300,train,8653,4161,4492,0,-16109.27,-1.86
PVVVPV-m10-e140-h300,PVVVPV,10,140,300,valid,3505,1676,1829,0,-7040.05,-2.01
PVVVPV-m15-e120-h200,PVVVPV,15,120,200,train,7900,3910,3990,0,-17463.36,-2.21
PVVVPV-m15-e120-h200,PVVVPV,15,120,200,valid,3236,1598,1638,0,-10130.91,-3.13
PVVVPV-m15-e120-h250,PVVVPV,15,120,250,train,7900,3910,3990,0,-17463.36,-2.21
PVVVPV-m15-e120-h250,PVVVPV,15,120,250,valid,3236,1598,1638,0,-10130.91,-3.13
PVVVPV-m15-e120-h300,PVVVPV,15,120,300,train,7900,3910,3990,0,-17463.36,-2.21
PVVVPV-m15-e120-h300,PVVVPV,15,120,300,valid,3236,1598,1638,0,-10130.91,-3.13
PVVVPV-m15-e130-h200,PVVVPV,15,130,200,train,7900,3912,3988,0,-12398.46,-1.57
PVVVPV-m15-e130-h200,PVVVPV,15,130,200,valid,3236,1587,1649,0,-10452.15,-3.23
PVVVPV-m15-e130-h250,PVVVPV,15,130,250,train,7900,3912,3988,0,-12398.46,-1.57
PVVVPV-m15-e130-h250,PVVVPV,15,130,250,valid,3236,1587,1649,0,-10452.15,-3.23
PVVVPV-m15-e130-h300,PVVVPV,15,130,300,train,7900,3912,3988,0,-12398.46,-1.57
PVVVPV-m15-e130-h300,PVVVPV,15,130,300,valid,3236,1587,1649,0,-10452.15,-3.23
PVVVPV-m15-e140-h200,PVVVPV,15,140,200,train,7900,3900,4000,0,-9923.35,-1.26
PVVVPV-m15-e140-h200,PVVVPV,15,140,200,valid,3236,1572,1664,0,-11564.82,-3.57
PVVVPV-m15-e140-h250,PVVVPV,15,140,250,train,7900,3900,4000,0,-9923.35,-1.26
PVVVPV-m15-e140-h250,PVVVPV,15,140,250,valid,3236,1572,1664,0,-11564.82,-3.57
PVVVPV-m15-e140-h300,PVVVPV,15,140,300,train,7900,3900,4000,0,-9923.35,-1.26
PVVVPV-m15-e140-h300,PVVVPV,15,140,300,valid,3236,1572,1664,0,-11564.82,-3.57
PVVVPV-m20-e120-h200,PVVVPV,20,120,200,train,7378,3684,3694,0,-22903.12,-3.1
PVVVPV-m20-e120-h200,PVVVPV,20,120,200,valid,3044,1537,1507,0,-8742.03,-2.87
PVVVPV-m20-e120-h250,PVVVPV,20,120,250,train,7378,3684,3694,0,-22903.12,-3.1
PVVVPV-m20-e120-h250,PVVVPV,20,120,250,valid,3044,1537,1507,0,-8742.03,-2.87
PVVVPV-m20-e120-h300,PVVVPV,20,120,300,train,7378,3684,3694,0,-22903.12,-3.1
PVVVPV-m20-e120-h300,PVVVPV,20,120,300,valid,3044,1537,1507,0,-8742.03,-2.87
PVVVPV-m20-e130-h200,PVVVPV,20,130,200,train,7378,3694,3684,0,-17045.74,-2.31
PVVVPV-m20-e130-h200,PVVVPV,20,130,200,valid,3044,1531,1513,0,-8345.42,-2.74
PVVVPV-m20-e130-h250,PVVVPV,20,130,250,train,7378,3694,3684,0,-17045.74,-2.31
PVVVPV-m20-e130-h250,PVVVPV,20,130,250,valid,3044,1531,1513,0,-8345.42,-2.74
PVVVPV-m20-e130-h300,PVVVPV,20,130,300,train,7378,3694,3684,0,-17045.74,-2.31
PVVVPV-m20-e130-h300,PVVVPV,20,130,300,valid,3044,1531,1513,0,-8345.42,-2.74
PVVVPV-m20-e140-h200,PVVVPV,20,140,200,train,7378,3682,3696,0,-15217.02,-2.06
PVVVPV-m20-e140-h200,PVVVPV,20,140,200,valid,3044,1520,1524,0,-9023.46,-2.96
PVVVPV-m20-e140-h250,PVVVPV,20,140,250,train,7378,3682,3696,0,-15217.02,-2.06
PVVVPV-m20-e140-h250,PVVVPV,20,140,250,valid,3044,1520,1524,0,-9023.46,-2.96
PVVVPV-m20-e140-h300,PVVVPV,20,140,300,train,7378,3682,3696,0,-15217.02,-2.06
PVVVPV-m20-e140-h300,PVVVPV,20,140,300,valid,3044,1520,1524,0,-9023.46,-2.96
PVVVVP-m5-e120-h200,PVVVVP,5,120,200,train,9542,4541,5001,0,-21217.57,-2.22
PVVVVP-m5-e120-h200,PVVVVP,5,120,200,valid,3853,1798,2055,0,-10926.25,-2.84
PVVVVP-m5-e120-h250,PVVVVP,5,120,250,train,9542,4541,5001,0,-21217.57,-2.22
PVVVVP-m5-e120-h250,PVVVVP,5,120,250,valid,3853,1798,2055,0,-10926.25,-2.84
PVVVVP-m5-e120-h300,PVVVVP,5,120,300,train,9542,4541,5001,0,-21217.57,-2.22
PVVVVP-m5-e120-h300,PVVVVP,5,120,300,valid,3853,1798,2055,0,-10926.25,-2.84
PVVVVP-m5-e130-h200,PVVVVP,5,130,200,train,9542,4524,5018,0,-17644.08,-1.85
PVVVVP-m5-e130-h200,PVVVVP,5,130,200,valid,3853,1779,2074,0,-12213.09,-3.17
PVVVVP-m5-e130-h250,PVVVVP,5,130,250,train,9542,4524,5018,0,-17644.08,-1.85
PVVVVP-m5-e130-h250,PVVVVP,5,130,250,valid,3853,1779,2074,0,-12213.09,-3.17
PVVVVP-m5-e130-h300,PVVVVP,5,130,300,train,9542,4524,5018,0,-17644.08,-1.85
PVVVVP-m5-e130-h300,PVVVVP,5,130,300,valid,3853,1779,2074,0,-12213.09,-3.17
PVVVVP-m5-e140-h200,PVVVVP,5,140,200,train,9542,4474,5068,0,-20927.52,-2.19
PVVVVP-m5-e140-h200,PVVVVP,5,140,200,valid,3853,1776,2077,0,-9847.89,-2.56
PVVVVP-m5-e140-h250,PVVVVP,5,140,250,train,9542,4474,5068,0,-20927.52,-2.19
PVVVVP-m5-e140-h250,PVVVVP,5,140,250,valid,3853,1776,2077,0,-9847.89,-2.56
PVVVVP-m5-e140-h300,PVVVVP,5,140,300,train,9542,4474,5068,0,-20927.52,-2.19
PVVVVP-m5-e140-h300,PVVVVP,5,140,300,valid,3853,1776,2077,0,-9847.89,-2.56
PVVVVP-m10-e120-h200,PVVVVP,10,120,200,train,8653,4208,4445,0,-15677.99,-1.81
PVVVVP-m10-e120-h200,PVVVVP,10,120,200,valid,3505,1693,1812,0,-8407.69,-2.4
PVVVVP-m10-e120-h250,PVVVVP,10,120,250,train,8653,4208,4445,0,-15677.99,-1.81
PVVVVP-m10-e120-h250,PVVVVP,10,120,250,valid,3505,1693,1812,0,-8407.69,-2.4
PVVVVP-m10-e120-h300,PVVVVP,10,120,300,train,8653,4208,4445,0,-15677.99,-1.81
PVVVVP-m10-e120-h300,PVVVVP,10,120,300,valid,3505,1693,1812,0,-8407.69,-2.4
PVVVVP-m10-e130-h200,PVVVVP,10,130,200,train,8653,4193,4460,0,-12878.38,-1.49
PVVVVP-m10-e130-h200,PVVVVP,10,130,200,valid,3505,1675,1830,0,-9773.36,-2.79
PVVVVP-m10-e130-h250,PVVVVP,10,130,250,train,8653,4193,4460,0,-12878.38,-1.49
PVVVVP-m10-e130-h250,PVVVVP,10,130,250,valid,3505,1675,1830,0,-9773.36,-2.79
PVVVVP-m10-e130-h300,PVVVVP,10,130,300,train,8653,4193,4460,0,-12878.38,-1.49
PVVVVP-m10-e130-h300,PVVVVP,10,130,300,valid,3505,1675,1830,0,-9773.36,-2.79
PVVVVP-m10-e140-h200,PVVVVP,10,140,200,train,8653,4153,4500,0,-15197.87,-1.76
PVVVVP-m10-e140-h200,PVVVVP,10,140,200,valid,3505,1669,1836,0,-8664.52,-2.47
PVVVVP-m10-e140-h250,PVVVVP,10,140,250,train,8653,4153,4500,0,-15197.87,-1.76
PVVVVP-m10-e140-h250,PVVVVP,10,140,250,valid,3505,1669,1836,0,-8664.52,-2.47
PVVVVP-m10-e140-h300,PVVVVP,10,140,300,train,8653,4153,4500,0,-15197.87,-1.76
PVVVVP-m10-e140-h300,PVVVVP,10,140,300,valid,3505,1669,1836,0,-8664.52,-2.47
PVVVVP-m15-e120-h200,PVVVVP,15,120,200,train,7900,3943,3957,0,-7529.35,-0.95
PVVVVP-m15-e120-h200,PVVVVP,15,120,200,valid,3236,1594,1642,0,-11673.17,-3.61
PVVVVP-m15-e120-h250,PVVVVP,15,120,250,train,7900,3943,3957,0,-7529.35,-0.95
PVVVVP-m15-e120-h250,PVVVVP,15,120,250,valid,3236,1594,1642,0,-11673.17,-3.61
PVVVVP-m15-e120-h300,PVVVVP,15,120,300,train,7900,3943,3957,0,-7529.35,-0.95
PVVVVP-m15-e120-h300,PVVVVP,15,120,300,valid,3236,1594,1642,0,-11673.17,-3.61
PVVVVP-m15-e130-h200,PVVVVP,15,130,200,train,7900,3937,3963,0,-3972.82,-0.5
PVVVVP-m15-e130-h200,PVVVVP,15,130,200,valid,3236,1579,1657,0,-12750.44,-3.94
PVVVVP-m15-e130-h250,PVVVVP,15,130,250,train,7900,3937,3963,0,-3972.82,-0.5
PVVVVP-m15-e130-h250,PVVVVP,15,130,250,valid,3236,1579,1657,0,-12750.44,-3.94
PVVVVP-m15-e130-h300,PVVVVP,15,130,300,train,7900,3937,3963,0,-3972.82,-0.5
PVVVVP-m15-e130-h300,PVVVVP,15,130,300,valid,3236,1579,1657,0,-12750.44,-3.94
PVVVVP-m15-e140-h200,PVVVVP,15,140,200,train,7900,3894,4006,0,-7668.87,-0.97
PVVVVP-m15-e140-h200,PVVVVP,15,140,200,valid,3236,1571,1665,0,-12444.73,-3.85
PVVVVP-m15-e140-h250,PVVVVP,15,140,250,train,7900,3894,4006,0,-7668.87,-0.97
PVVVVP-m15-e140-h250,PVVVVP,15,140,250,valid,3236,1571,1665,0,-12444.73,-3.85
PVVVVP-m15-e140-h300,PVVVVP,15,140,300,train,7900,3894,4006,0,-7668.87,-0.97
PVVVVP-m15-e140-h300,PVVVVP,15,140,300,valid,3236,1571,1665,0,-12444.73,-3.85
PVVVVP-m20-e120-h200,PVVVVP,20,120,200,train,7378,3693,3685,0,-17348.1,-2.35
PVVVVP-m20-e120-h200,PVVVVP,20,120,200,valid,3044,1546,1498,0,-7455.02,-2.45
PVVVVP-m20-e120-h250,PVVVVP,20,120,250,train,7378,3693,3685,0,-17348.1,-2.35
PVVVVP-m20-e120-h250,PVVVVP,20,120,250,valid,3044,1546,1498,0,-7455.02,-2.45
PVVVVP-m20-e120-h300,PVVVVP,20,120,300,train,7378,3693,3685,0,-17348.1,-2.35
PVVVVP-m20-e120-h300,PVVVVP,20,120,300,valid,3044,1546,1498,0,-7455.02,-2.45
PVVVVP-m20-e130-h200,PVVVVP,20,130,200,train,7378,3689,3689,0,-13955.01,-1.89
PVVVVP-m20-e130-h200,PVVVVP,20,130,200,valid,3044,1538,1506,0,-7464.69,-2.45
PVVVVP-m20-e130-h250,PVVVVP,20,130,250,train,7378,3689,3689,0,-13955.01,-1.89
PVVVVP-m20-e130-h250,PVVVVP,20,130,250,valid,3044,1538,1506,0,-7464.69,-2.45
PVVVVP-m20-e130-h300,PVVVVP,20,130,300,train,7378,3689,3689,0,-13955.01,-1.89
PVVVVP-m20-e130-h300,PVVVVP,20,130,300,valid,3044,1538,1506,0,-7464.69,-2.45
PVVVVP-m20-e140-h200,PVVVVP,20,140,200,train,7378,3652,3726,0,-17254.78,-2.34
PVVVVP-m20-e140-h200,PVVVVP,20,140,200,valid,3044,1533,1511,0,-6746.98,-2.22
PVVVVP-m20-e140-h250,PVVVVP,20,140,250,train,7378,3652,3726,0,-17254.78,-2.34
PVVVVP-m20-e140-h250,PVVVVP,20,140,250,valid,3044,1533,1511,0,-6746.98,-2.22
PVVVVP-m20-e140-h300,PVVVVP,20,140,300,train,7378,3652,3726,0,-17254.78,-2.34
PVVVVP-m20-e140-h300,PVVVVP,20,140,300,valid,3044,1533,1511,0,-6746.98,-2.22
PVVVVV-m5-e120-h200,PVVVVV,5,120,200,train,9542,4298,5244,0,-22528.45,-2.36
PVVVVV-m5-e120-h200,PVVVVV,5,120,200,valid,3853,1668,2185,0,-12912.94,-3.35
PVVVVV-m5-e120-h250,PVVVVV,5,120,250,train,9542,4298,5244,0,-22528.45,-2.36
PVVVVV-m5-e120-h250,PVVVVV,5,120,250,valid,3853,1668,2185,0,-12912.94,-3.35
PVVVVV-m5-e120-h300,PVVVVV,5,120,300,train,9542,4298,5244,0,-22528.45,-2.36
PVVVVV-m5-e120-h300,PVVVVV,5,120,300,valid,3853,1668,2185,0,-12912.94,-3.35
PVVVVV-m5-e130-h200,PVVVVV,5,130,200,train,9542,4286,5256,0,-22102.48,-2.32
PVVVVV-m5-e130-h200,PVVVVV,5,130,200,valid,3853,1666,2187,0,-12410.73,-3.22
PVVVVV-m5-e130-h250,PVVVVV,5,130,250,train,9542,4286,5256,0,-22102.48,-2.32
PVVVVV-m5-e130-h250,PVVVVV,5,130,250,valid,3853,1666,2187,0,-12410.73,-3.22
PVVVVV-m5-e130-h300,PVVVVV,5,130,300,train,9542,4286,5256,0,-22102.48,-2.32
PVVVVV-m5-e130-h300,PVVVVV,5,130,300,valid,3853,1666,2187,0,-12410.73,-3.22
PVVVVV-m5-e140-h200,PVVVVV,5,140,200,train,9542,4267,5275,0,-23110.95,-2.42
PVVVVV-m5-e140-h200,PVVVVV,5,140,200,valid,3853,1667,2186,0,-11152.34,-2.89
PVVVVV-m5-e140-h250,PVVVVV,5,140,250,train,9542,4267,5275,0,-23110.95,-2.42
PVVVVV-m5-e140-h250,PVVVVV,5,140,250,valid,3853,1667,2186,0,-11152.34,-2.89
PVVVVV-m5-e140-h300,PVVVVV,5,140,300,train,9542,4267,5275,0,-23110.95,-2.42
PVVVVV-m5-e140-h300,PVVVVV,5,140,300,valid,3853,1667,2186,0,-11152.34,-2.89
PVVVVV-m10-e120-h200,PVVVVV,10,120,200,train,8653,4005,4648,0,-18973.78,-2.19
PVVVVV-m10-e120-h200,PVVVVV,10,120,200,valid,3505,1582,1923,0,-11759.15,-3.35
PVVVVV-m10-e120-h250,PVVVVV,10,120,250,train,8653,4005,4648,0,-18973.78,-2.19
PVVVVV-m10-e120-h250,PVVVVV,10,120,250,valid,3505,1582,1923,0,-11759.15,-3.35
PVVVVV-m10-e120-h300,PVVVVV,10,120,300,train,8653,4005,4648,0,-18973.78,-2.19
PVVVVV-m10-e120-h300,PVVVVV,10,120,300,valid,3505,1582,1923,0,-11759.15,-3.35
PVVVVV-m10-e130-h200,PVVVVV,10,130,200,train,8653,3988,4665,0,-20069.65,-2.32
PVVVVV-m10-e130-h200,PVVVVV,10,130,200,valid,3505,1580,1925,0,-11333.82,-3.23
PVVVVV-m10-e130-h250,PVVVVV,10,130,250,train,8653,3988,4665,0,-20069.65,-2.32
PVVVVV-m10-e130-h250,PVVVVV,10,130,250,valid,3505,1580,1925,0,-11333.82,-3.23
PVVVVV-m10-e130-h300,PVVVVV,10,130,300,train,8653,3988,4665,0,-20069.65,-2.32
PVVVVV-m10-e130-h300,PVVVVV,10,130,300,valid,3505,1580,1925,0,-11333.82,-3.23
PVVVVV-m10-e140-h200,PVVVVV,10,140,200,train,8653,3974,4679,0,-20515.44,-2.37
PVVVVV-m10-e140-h200,PVVVVV,10,140,200,valid,3505,1580,1925,0,-10516.47,-3.0
PVVVVV-m10-e140-h250,PVVVVV,10,140,250,train,8653,3974,4679,0,-20515.44,-2.37
PVVVVV-m10-e140-h250,PVVVVV,10,140,250,valid,3505,1580,1925,0,-10516.47,-3.0
PVVVVV-m10-e140-h300,PVVVVV,10,140,300,train,8653,3974,4679,0,-20515.44,-2.37
PVVVVV-m10-e140-h300,PVVVVV,10,140,300,valid,3505,1580,1925,0,-10516.47,-3.0
PVVVVV-m15-e120-h200,PVVVVV,15,120,200,train,7900,3785,4115,0,-12171.62,-1.54
PVVVVV-m15-e120-h200,PVVVVV,15,120,200,valid,3236,1497,1739,0,-16308.11,-5.04
PVVVVV-m15-e120-h250,PVVVVV,15,120,250,train,7900,3785,4115,0,-12171.62,-1.54
PVVVVV-m15-e120-h250,PVVVVV,15,120,250,valid,3236,1497,1739,0,-16308.11,-5.04
PVVVVV-m15-e120-h300,PVVVVV,15,120,300,train,7900,3785,4115,0,-12171.62,-1.54
PVVVVV-m15-e120-h300,PVVVVV,15,120,300,valid,3236,1497,1739,0,-16308.11,-5.04
PVVVVV-m15-e130-h200,PVVVVV,15,130,200,train,7900,3772,4128,0,-12833.27,-1.62
PVVVVV-m15-e130-h200,PVVVVV,15,130,200,valid,3236,1498,1738,0,-15455.37,-4.78
PVVVVV-m15-e130-h250,PVVVVV,15,130,250,train,7900,3772,4128,0,-12833.27,-1.62
PVVVVV-m15-e130-h250,PVVVVV,15,130,250,valid,3236,1498,1738,0,-15455.37,-4.78
PVVVVV-m15-e130-h300,PVVVVV,15,130,300,train,7900,3772,4128,0,-12833.27,-1.62
PVVVVV-m15-e130-h300,PVVVVV,15,130,300,valid,3236,1498,1738,0,-15455.37,-4.78
PVVVVV-m15-e140-h200,PVVVVV,15,140,200,train,7900,3755,4145,0,-14231.97,-1.8
PVVVVV-m15-e140-h200,PVVVVV,15,140,200,valid,3236,1498,1738,0,-14835.51,-4.58
PVVVVV-m15-e140-h250,PVVVVV,15,140,250,train,7900,3755,4145,0,-14231.97,-1.8
PVVVVV-m15-e140-h250,PVVVVV,15,140,250,valid,3236,1498,1738,0,-14835.51,-4.58
PVVVVV-m15-e140-h300,PVVVVV,15,140,300,train,7900,3755,4145,0,-14231.97,-1.8
PVVVVV-m15-e140-h300,PVVVVV,15,140,300,valid,3236,1498,1738,0,-14835.51,-4.58
PVVVVV-m20-e120-h200,PVVVVV,20,120,200,train,7378,3577,3801,0,-21072.25,-2.86
PVVVVV-m20-e120-h200,PVVVVV,20,120,200,valid,3044,1468,1576,0,-11998.76,-3.94
PVVVVV-m20-e120-h250,PVVVVV,20,120,250,train,7378,3577,3801,0,-21072.25,-2.86
PVVVVV-m20-e120-h250,PVVVVV,20,120,250,valid,3044,1468,1576,0,-11998.76,-3.94
PVVVVV-m20-e120-h300,PVVVVV,20,120,300,train,7378,3577,3801,0,-21072.25,-2.86
PVVVVV-m20-e120-h300,PVVVVV,20,120,300,valid,3044,1468,1576,0,-11998.76,-3.94
PVVVVV-m20-e130-h200,PVVVVV,20,130,200,train,7378,3569,3809,0,-20974.9,-2.84
PVVVVV-m20-e130-h200,PVVVVV,20,130,200,valid,3044,1470,1574,0,-11033.75,-3.62
PVVVVV-m20-e130-h250,PVVVVV,20,130,250,train,7378,3569,3809,0,-20974.9,-2.84
PVVVVV-m20-e130-h250,PVVVVV,20,130,250,valid,3044,1470,1574,0,-11033.75,-3.62
PVVVVV-m20-e130-h300,PVVVVV,20,130,300,train,7378,3569,3809,0,-20974.9,-2.84
PVVVVV-m20-e130-h300,PVVVVV,20,130,300,valid,3044,1470,1574,0,-11033.75,-3.62
PVVVVV-m20-e140-h200,PVVVVV,20,140,200,train,7378,3554,3824,0,-22206.42,-3.01
PVVVVV-m20-e140-h200,PVVVVV,20,140,200,valid,3044,1470,1574,0,-10463.82,-3.44
PVVVVV-m20-e140-h250,PVVVVV,20,140,250,train,7378,3554,3824,0,-22206.42,-3.01
PVVVVV-m20-e140-h250,PVVVVV,20,140,250,valid,3044,1470,1574,0,-10463.82,-3.44
PVVVVV-m20-e140-h300,PVVVVV,20,140,300,train,7378,3554,3824,0,-22206.42,-3.01
PVVVVV-m20-e140-h300,PVVVVV,20,140,300,valid,3044,1470,1574,0,-10463.82,-3.44
VPPPPP-m5-e120-h200,VPPPPP,5,120,200,train,9542,5234,4308,0,-23361.92,-2.45
VPPPPP-m5-e120-h200,VPPPPP,5,120,200,valid,3853,2210,1643,0,-884.99,-0.23
VPPPPP-m5-e120-h250,VPPPPP,5,120,250,train,9542,5234,4308,0,-23361.92,-2.45
VPPPPP-m5-e120-h250,VPPPPP,5,120,250,valid,3853,2210,1643,0,-884.99,-0.23
VPPPPP-m5-e120-h300,VPPPPP,5,120,300,train,9542,5234,4308,0,-23361.92,-2.45
VPPPPP-m5-e120-h300,VPPPPP,5,120,300,valid,3853,2210,1643,0,-884.99,-0.23
VPPPPP-m5-e130-h200,VPPPPP,5,130,200,train,9542,5140,4402,0,-22732.36,-2.38
VPPPPP-m5-e130-h200,VPPPPP,5,130,200,valid,3853,2158,1695,0,-4030.63,-1.05
VPPPPP-m5-e130-h250,VPPPPP,5,130,250,train,9542,5140,4402,0,-22732.36,-2.38
VPPPPP-m5-e130-h250,VPPPPP,5,130,250,valid,3853,2158,1695,0,-4030.63,-1.05
VPPPPP-m5-e130-h300,VPPPPP,5,130,300,train,9542,5140,4402,0,-22732.36,-2.38
VPPPPP-m5-e130-h300,VPPPPP,5,130,300,valid,3853,2158,1695,0,-4030.63,-1.05
VPPPPP-m5-e140-h200,VPPPPP,5,140,200,train,9542,5056,4486,0,-20562.85,-2.15
VPPPPP-m5-e140-h200,VPPPPP,5,140,200,valid,3853,2096,1757,0,-8172.04,-2.12
VPPPPP-m5-e140-h250,VPPPPP,5,140,250,train,9542,5056,4486,0,-20562.85,-2.15
VPPPPP-m5-e140-h250,VPPPPP,5,140,250,valid,3853,2096,1757,0,-8172.04,-2.12
VPPPPP-m5-e140-h300,VPPPPP,5,140,300,train,9542,5056,4486,0,-20562.85,-2.15
VPPPPP-m5-e140-h300,VPPPPP,5,140,300,valid,3853,2096,1757,0,-8172.04,-2.12
VPPPPP-m10-e120-h200,VPPPPP,10,120,200,train,8653,4730,3923,0,-22332.22,-2.58
VPPPPP-m10-e120-h200,VPPPPP,10,120,200,valid,3505,2008,1497,0,-1921.92,-0.55
VPPPPP-m10-e120-h250,VPPPPP,10,120,250,train,8653,4730,3923,0,-22332.22,-2.58
VPPPPP-m10-e120-h250,VPPPPP,10,120,250,valid,3505,2008,1497,0,-1921.92,-0.55
VPPPPP-m10-e120-h300,VPPPPP,10,120,300,train,8653,4730,3923,0,-22332.22,-2.58
VPPPPP-m10-e120-h300,VPPPPP,10,120,300,valid,3505,2008,1497,0,-1921.92,-0.55
VPPPPP-m10-e130-h200,VPPPPP,10,130,200,train,8653,4675,3978,0,-17336.66,-2.0
VPPPPP-m10-e130-h200,VPPPPP,10,130,200,valid,3505,1967,1538,0,-4205.81,-1.2
VPPPPP-m10-e130-h250,VPPPPP,10,130,250,train,8653,4675,3978,0,-17336.66,-2.0
VPPPPP-m10-e130-h250,VPPPPP,10,130,250,valid,3505,1967,1538,0,-4205.81,-1.2
VPPPPP-m10-e130-h300,VPPPPP,10,130,300,train,8653,4675,3978,0,-17336.66,-2.0
VPPPPP-m10-e130-h300,VPPPPP,10,130,300,valid,3505,1967,1538,0,-4205.81,-1.2
VPPPPP-m10-e140-h200,VPPPPP,10,140,200,train,8653,4609,4044,0,-14743.19,-1.7
VPPPPP-m10-e140-h200,VPPPPP,10,140,200,valid,3505,1908,1597,0,-9309.96,-2.66
VPPPPP-m10-e140-h250,VPPPPP,10,140,250,train,8653,4609,4044,0,-14743.19,-1.7
VPPPPP-m10-e140-h250,VPPPPP,10,140,250,valid,3505,1908,1597,0,-9309.96,-2.66
VPPPPP-m10-e140-h300,VPPPPP,10,140,300,train,8653,4609,4044,0,-14743.19,-1.7
VPPPPP-m10-e140-h300,VPPPPP,10,140,300,valid,3505,1908,1597,0,-9309.96,-2.66
VPPPPP-m15-e120-h200,VPPPPP,15,120,200,train,7900,4285,3615,0,-23146.69,-2.93
VPPPPP-m15-e120-h200,VPPPPP,15,120,200,valid,3236,1858,1378,0,-1074.75,-0.33
VPPPPP-m15-e120-h250,VPPPPP,15,120,250,train,7900,4285,3615,0,-23146.69,-2.93
VPPPPP-m15-e120-h250,VPPPPP,15,120,250,valid,3236,1858,1378,0,-1074.75,-0.33
VPPPPP-m15-e120-h300,VPPPPP,15,120,300,train,7900,4285,3615,0,-23146.69,-2.93
VPPPPP-m15-e120-h300,VPPPPP,15,120,300,valid,3236,1858,1378,0,-1074.75,-0.33
VPPPPP-m15-e130-h200,VPPPPP,15,130,200,train,7900,4261,3639,0,-15121.49,-1.91
VPPPPP-m15-e130-h200,VPPPPP,15,130,200,valid,3236,1816,1420,0,-4406.32,-1.36
VPPPPP-m15-e130-h250,VPPPPP,15,130,250,train,7900,4261,3639,0,-15121.49,-1.91
VPPPPP-m15-e130-h250,VPPPPP,15,130,250,valid,3236,1816,1420,0,-4406.32,-1.36
VPPPPP-m15-e130-h300,VPPPPP,15,130,300,train,7900,4261,3639,0,-15121.49,-1.91
VPPPPP-m15-e130-h300,VPPPPP,15,130,300,valid,3236,1816,1420,0,-4406.32,-1.36
VPPPPP-m15-e140-h200,VPPPPP,15,140,200,train,7900,4210,3690,0,-12302.97,-1.56
VPPPPP-m15-e140-h200,VPPPPP,15,140,200,valid,3236,1769,1467,0,-8372.82,-2.59
VPPPPP-m15-e140-h250,VPPPPP,15,140,250,train,7900,4210,3690,0,-12302.97,-1.56
VPPPPP-m15-e140-h250,VPPPPP,15,140,250,valid,3236,1769,1467,0,-8372.82,-2.59
VPPPPP-m15-e140-h300,VPPPPP,15,140,300,train,7900,4210,3690,0,-12302.97,-1.56
VPPPPP-m15-e140-h300,VPPPPP,15,140,300,valid,3236,1769,1467,0,-8372.82,-2.59
VPPPPP-m20-e120-h200,VPPPPP,20,120,200,train,7378,3992,3386,0,-20180.55,-2.74
VPPPPP-m20-e120-h200,VPPPPP,20,120,200,valid,3044,1733,1311,0,-2043.15,-0.67
VPPPPP-m20-e120-h250,VPPPPP,20,120,250,train,7378,3992,3386,0,-20180.55,-2.74
VPPPPP-m20-e120-h250,VPPPPP,20,120,250,valid,3044,1733,1311,0,-2043.15,-0.67
VPPPPP-m20-e120-h300,VPPPPP,20,120,300,train,7378,3992,3386,0,-20180.55,-2.74
VPPPPP-m20-e120-h300,VPPPPP,20,120,300,valid,3044,1733,1311,0,-2043.15,-0.67
VPPPPP-m20-e130-h200,VPPPPP,20,130,200,train,7378,3975,3403,0,-12977.98,-1.76
VPPPPP-m20-e130-h200,VPPPPP,20,130,200,valid,3044,1703,1341,0,-3899.96,-1.28
VPPPPP-m20-e130-h250,VPPPPP,20,130,250,train,7378,3975,3403,0,-12977.98,-1.76
VPPPPP-m20-e130-h250,VPPPPP,20,130,250,valid,3044,1703,1341,0,-3899.96,-1.28
VPPPPP-m20-e130-h300,VPPPPP,20,130,300,train,7378,3975,3403,0,-12977.98,-1.76
VPPPPP-m20-e130-h300,VPPPPP,20,130,300,valid,3044,1703,1341,0,-3899.96,-1.28
VPPPPP-m20-e140-h200,VPPPPP,20,140,200,train,7378,3921,3457,0,-12870.47,-1.74
VPPPPP-m20-e140-h200,VPPPPP,20,140,200,valid,3044,1665,1379,0,-6737.1,-2.21
VPPPPP-m20-e140-h250,VPPPPP,20,140,250,train,7378,3921,3457,0,-12870.47,-1.74
VPPPPP-m20-e140-h250,VPPPPP,20,140,250,valid,3044,1665,1379,0,-6737.1,-2.21
VPPPPP-m20-e140-h300,VPPPPP,20,140,300,train,7378,3921,3457,0,-12870.47,-1.74
VPPPPP-m20-e140-h300,VPPPPP,20,140,300,valid,3044,1665,1379,0,-6737.1,-2.21
VPPPPV-m5-e120-h200,VPPPPV,5,120,200,train,9542,4991,4551,0,-24672.8,-2.59
VPPPPV-m5-e120-h200,VPPPPV,5,120,200,valid,3853,2080,1773,0,-2871.68,-0.75
VPPPPV-m5-e120-h250,VPPPPV,5,120,250,train,9542,4991,4551,0,-24672.8,-2.59
VPPPPV-m5-e120-h250,VPPPPV,5,120,250,valid,3853,2080,1773,0,-2871.68,-0.75
VPPPPV-m5-e120-h300,VPPPPV,5,120,300,train,9542,4991,4551,0,-24672.8,-2.59
VPPPPV-m5-e120-h300,VPPPPV,5,120,300,valid,3853,2080,1773,0,-2871.68,-0.75
VPPPPV-m5-e130-h200,VPPPPV,5,130,200,train,9542,4902,4640,0,-27190.76,-2.85
VPPPPV-m5-e130-h200,VPPPPV,5,130,200,valid,3853,2045,1808,0,-4228.27,-1.1
VPPPPV-m5-e130-h250,VPPPPV,5,130,250,train,9542,4902,4640,0,-27190.76,-2.85
VPPPPV-m5-e130-h250,VPPPPV,5,130,250,valid,3853,2045,1808,0,-4228.27,-1.1
VPPPPV-m5-e130-h300,VPPPPV,5,130,300,train,9542,4902,4640,0,-27190.76,-2.85
VPPPPV-m5-e130-h300,VPPPPV,5,130,300,valid,3853,2045,1808,0,-4228.27,-1.1
VPPPPV-m5-e140-h200,VPPPPV,5,140,200,train,9542,4849,4693,0,-22746.28,-2.38
VPPPPV-m5-e140-h200,VPPPPV,5,140,200,valid,3853,1987,1866,0,-9476.49,-2.46
VPPPPV-m5-e140-h250,VPPPPV,5,140,250,train,9542,4849,4693,0,-22746.28,-2.38
VPPPPV-m5-e140-h250,VPPPPV,5,140,250,valid,3853,1987,1866,0,-9476.49,-2.46
VPPPPV-m5-e140-h300,VPPPPV,5,140,300,train,9542,4849,4693,0,-22746.28,-2.38
VPPPPV-m5-e140-h300,VPPPPV,5,140,300,valid,3853,1987,1866,0,-9476.49,-2.46
VPPPPV-m10-e120-h200,VPPPPV,10,120,200,train,8653,4527,4126,0,-25628.01,-2.96
VPPPPV-m10-e120-h200,VPPPPV,10,120,200,valid,3505,1897,1608,0,-5273.38,-1.5
VPPPPV-m10-e120-h250,VPPPPV,10,120,250,train,8653,4527,4126,0,-25628.01,-2.96
VPPPPV-m10-e120-h250,VPPPPV,10,120,250,valid,3505,1897,1608,0,-5273.38,-1.5
VPPPPV-m10-e120-h300,VPPPPV,10,120,300,train,8653,4527,4126,0,-25628.01,-2.96
VPPPPV-m10-e120-h300,VPPPPV,10,120,300,valid,3505,1897,1608,0,-5273.38,-1.5
VPPPPV-m10-e130-h200,VPPPPV,10,130,200,train,8653,4470,4183,0,-24527.93,-2.83
VPPPPV-m10-e130-h200,VPPPPV,10,130,200,valid,3505,1872,1633,0,-5766.27,-1.65
VPPPPV-m10-e130-h250,VPPPPV,10,130,250,train,8653,4470,4183,0,-24527.93,-2.83
VPPPPV-m10-e130-h250,VPPPPV,10,130,250,valid,3505,1872,1633,0,-5766.27,-1.65
VPPPPV-m10-e130-h300,VPPPPV,10,130,300,train,8653,4470,4183,0,-24527.93,-2.83
VPPPPV-m10-e130-h300,VPPPPV,10,130,300,valid,3505,1872,1633,0,-5766.27,-1.65
VPPPPV-m10-e140-h200,VPPPPV,10,140,200,train,8653,4430,4223,0,-20060.76,-2.32
VPPPPV-m10-e140-h200,VPPPPV,10,140,200,valid,3505,1819,1686,0,-11161.91,-3.18
VPPPPV-m10-e140-h250,VPPPPV,10,140,250,train,8653,4430,4223,0,-20060.76,-2.32
VPPPPV-m10-e140-h250,VPPPPV,10,140,250,valid,3505,1819,1686,0,-11161.91,-3.18
VPPPPV-m10-e140-h300,VPPPPV,10,140,300,train,8653,4430,4223,0,-20060.76,-2.32
VPPPPV-m10-e140-h300,VPPPPV,10,140,300,valid,3505,1819,1686,0,-11161.91,-3.18
VPPPPV-m15-e120-h200,VPPPPV,15,120,200,train,7900,4127,3773,0,-27788.96,-3.52
VPPPPV-m15-e120-h200,VPPPPV,15,120,200,valid,3236,1761,1475,0,-5709.69,-1.76
VPPPPV-m15-e120-h250,VPPPPV,15,120,250,train,7900,4127,3773,0,-27788.96,-3.52
VPPPPV-m15-e120-h250,VPPPPV,15,120,250,valid,3236,1761,1475,0,-5709.69,-1.76
VPPPPV-m15-e120-h300,VPPPPV,15,120,300,train,7900,4127,3773,0,-27788.96,-3.52
VPPPPV-m15-e120-h300,VPPPPV,15,120,300,valid,3236,1761,1475,0,-5709.69,-1.76
VPPPPV-m15-e130-h200,VPPPPV,15,130,200,train,7900,4096,3804,0,-23981.94,-3.04
VPPPPV-m15-e130-h200,VPPPPV,15,130,200,valid,3236,1735,1501,0,-7111.25,-2.2
VPPPPV-m15-e130-h250,VPPPPV,15,130,250,train,7900,4096,3804,0,-23981.94,-3.04
VPPPPV-m15-e130-h250,VPPPPV,15,130,250,valid,3236,1735,1501,0,-7111.25,-2.2
VPPPPV-m15-e130-h300,VPPPPV,15,130,300,train,7900,4096,3804,0,-23981.94,-3.04
VPPPPV-m15-e130-h300,VPPPPV,15,130,300,valid,3236,1735,1501,0,-7111.25,-2.2
VPPPPV-m15-e140-h200,VPPPPV,15,140,200,train,7900,4071,3829,0,-18866.07,-2.39
VPPPPV-m15-e140-h200,VPPPPV,15,140,200,valid,3236,1696,1540,0,-10763.6,-3.33
VPPPPV-m15-e140-h250,VPPPPV,15,140,250,train,7900,4071,3829,0,-18866.07,-2.39
VPPPPV-m15-e140-h250,VPPPPV,15,140,250,valid,3236,1696,1540,0,-10763.6,-3.33
VPPPPV-m15-e140-h300,VPPPPV,15,140,300,train,7900,4071,3829,0,-18866.07,-2.39
VPPPPV-m15-e140-h300,VPPPPV,15,140,300,valid,3236,1696,1540,0,-10763.6,-3.33
VPPPPV-m20-e120-h200,VPPPPV,20,120,200,train,7378,3876,3502,0,-23904.7,-3.24
VPPPPV-m20-e120-h200,VPPPPV,20,120,200,valid,3044,1655,1389,0,-6586.89,-2.16
VPPPPV-m20-e120-h250,VPPPPV,20,120,250,train,7378,3876,3502,0,-23904.7,-3.24
VPPPPV-m20-e120-h250,VPPPPV,20,120,250,valid,3044,1655,1389,0,-6586.89,-2.16
VPPPPV-m20-e120-h300,VPPPPV,20,120,300,train,7378,3876,3502,0,-23904.7,-3.24
VPPPPV-m20-e120-h300,VPPPPV,20,120,300,valid,3044,1655,1389,0,-6586.89,-2.16
VPPPPV-m20-e130-h200,VPPPPV,20,130,200,train,7378,3855,3523,0,-19997.87,-2.71
VPPPPV-m20-e130-h200,VPPPPV,20,130,200,valid,3044,1635,1409,0,-7469.02,-2.45
VPPPPV-m20-e130-h250,VPPPPV,20,130,250,train,7378,3855,3523,0,-19997.87,-2.71
VPPPPV-m20-e130-h250,VPPPPV,20,130,250,valid,3044,1635,1409,0,-7469.02,-2.45
VPPPPV-m20-e130-h300,VPPPPV,20,130,300,train,7378,3855,3523,0,-19997.87,-2.71
VPPPPV-m20-e130-h300,VPPPPV,20,130,300,valid,3044,1635,1409,0,-7469.02,-2.45
VPPPPV-m20-e140-h200,VPPPPV,20,140,200,train,7378,3823,3555,0,-17822.11,-2.42
VPPPPV-m20-e140-h200,VPPPPV,20,140,200,valid,3044,1602,1442,0,-10453.94,-3.43
VPPPPV-m20-e140-h250,VPPPPV,20,140,250,train,7378,3823,3555,0,-17822.11,-2.42
VPPPPV-m20-e140-h250,VPPPPV,20,140,250,valid,3044,1602,1442,0,-10453.94,-3.43
VPPPPV-m20-e140-h300,VPPPPV,20,140,300,train,7378,3823,3555,0,-17822.11,-2.42
VPPPPV-m20-e140-h300,VPPPPV,20,140,300,valid,3044,1602,1442,0,-10453.94,-3.43
VPPPVP-m5-e120-h200,VPPPVP,5,120,200,train,9542,5009,4533,0,-19668.1,-2.06
VPPPVP-m5-e120-h200,VPPPVP,5,120,200,valid,3853,2060,1793,0,-6191.33,-1.61
VPPPVP-m5-e120-h250,VPPPVP,5,120,250,train,9542,5009,4533,0,-19668.1,-2.06
VPPPVP-m5-e120-h250,VPPPVP,5,120,250,valid,3853,2060,1793,0,-6191.33,-1.61
VPPPVP-m5-e120-h300,VPPPVP,5,120,300,train,9542,5009,4533,0,-19668.1,-2.06
VPPPVP-m5-e120-h300,VPPPVP,5,120,300,valid,3853,2060,1793,0,-6191.33,-1.61
VPPPVP-m5-e130-h200,VPPPVP,5,130,200,train,9542,4912,4630,0,-23904.41,-2.51
VPPPVP-m5-e130-h200,VPPPVP,5,130,200,valid,3853,2023,1830,0,-8074.03,-2.1
VPPPVP-m5-e130-h250,VPPPVP,5,130,250,train,9542,4912,4630,0,-23904.41,-2.51
VPPPVP-m5-e130-h250,VPPPVP,5,130,250,valid,3853,2023,1830,0,-8074.03,-2.1
VPPPVP-m5-e130-h300,VPPPVP,5,130,300,train,9542,4912,4630,0,-23904.41,-2.51
VPPPVP-m5-e130-h300,VPPPVP,5,130,300,valid,3853,2023,1830,0,-8074.03,-2.1
VPPPVP-m5-e140-h200,VPPPVP,5,140,200,train,9542,4829,4713,0,-25599.52,-2.68
VPPPVP-m5-e140-h200,VPPPVP,5,140,200,valid,3853,1979,1874,0,-10394.93,-2.7
VPPPVP-m5-e140-h250,VPPPVP,5,140,250,train,9542,4829,4713,0,-25599.52,-2.68
VPPPVP-m5-e140-h250,VPPPVP,5,140,250,valid,3853,1979,1874,0,-10394.93,-2.7
VPPPVP-m5-e140-h300,VPPPVP,5,140,300,train,9542,4829,4713,0,-25599.52,-2.68
VPPPVP-m5-e140-h300,VPPPVP,5,140,300,valid,3853,1979,1874,0,-10394.93,-2.7
VPPPVP-m10-e120-h200,VPPPVP,10,120,200,train,8653,4557,4096,0,-16962.25,-1.96
VPPPVP-m10-e120-h200,VPPPVP,10,120,200,valid,3505,1883,1622,0,-8255.29,-2.36
VPPPVP-m10-e120-h250,VPPPVP,10,120,250,train,8653,4557,4096,0,-16962.25,-1.96
VPPPVP-m10-e120-h250,VPPPVP,10,120,250,valid,3505,1883,1622,0,-8255.29,-2.36
VPPPVP-m10-e120-h300,VPPPVP,10,120,300,train,8653,4557,4096,0,-16962.25,-1.96
VPPPVP-m10-e120-h300,VPPPVP,10,120,300,valid,3505,1883,1622,0,-8255.29,-2.36
VPPPVP-m10-e130-h200,VPPPVP,10,130,200,train,8653,4494,4159,0,-17071.29,-1.97
VPPPVP-m10-e130-h200,VPPPVP,10,130,200,valid,3505,1854,1651,0,-9547.42,-2.72
VPPPVP-m10-e130-h250,VPPPVP,10,130,250,train,8653,4494,4159,0,-17071.29,-1.97
VPPPVP-m10-e130-h250,VPPPVP,10,130,250,valid,3505,1854,1651,0,-9547.42,-2.72
VPPPVP-m10-e130-h300,VPPPVP,10,130,300,train,8653,4494,4159,0,-17071.29,-1.97
VPPPVP-m10-e130-h300,VPPPVP,10,130,300,valid,3505,1854,1651,0,-9547.42,-2.72
VPPPVP-m10-e140-h200,VPPPVP,10,140,200,train,8653,4422,4231,0,-19149.36,-2.21
VPPPVP-m10-e140-h200,VPPPVP,10,140,200,valid,3505,1812,1693,0,-12786.38,-3.65
VPPPVP-m10-e140-h250,VPPPVP,10,140,250,train,8653,4422,4231,0,-19149.36,-2.21
VPPPVP-m10-e140-h250,VPPPVP,10,140,250,valid,3505,1812,1693,0,-12786.38,-3.65
VPPPVP-m10-e140-h300,VPPPVP,10,140,300,train,8653,4422,4231,0,-19149.36,-2.21
VPPPVP-m10-e140-h300,VPPPVP,10,140,300,valid,3505,1812,1693,0,-12786.38,-3.65
VPPPVP-m15-e120-h200,VPPPVP,15,120,200,train,7900,4160,3740,0,-17854.95,-2.26
VPPPVP-m15-e120-h200,VPPPVP,15,120,200,valid,3236,1757,1479,0,-7251.95,-2.24
VPPPVP-m15-e120-h250,VPPPVP,15,120,250,train,7900,4160,3740,0,-17854.95,-2.26
VPPPVP-m15-e120-h250,VPPPVP,15,120,250,valid,3236,1757,1479,0,-7251.95,-2.24
VPPPVP-m15-e120-h300,VPPPVP,15,120,300,train,7900,4160,3740,0,-17854.95,-2.26
VPPPVP-m15-e120-h300,VPPPVP,15,120,300,valid,3236,1757,1479,0,-7251.95,-2.24
VPPPVP-m15-e130-h200,VPPPVP,15,130,200,train,7900,4121,3779,0,-15556.3,-1.97
VPPPVP-m15-e130-h200,VPPPVP,15,130,200,valid,3236,1727,1509,0,-9409.54,-2.91
VPPPVP-m15-e130-h250,VPPPVP,15,130,250,train,7900,4121,3779,0,-15556.3,-1.97
VPPPVP-m15-e130-h250,VPPPVP,15,130,250,valid,3236,1727,1509,0,-9409.54,-2.91
VPPPVP-m15-e130-h300,VPPPVP,15,130,300,train,7900,4121,3779,0,-15556.3,-1.97
VPPPVP-m15-e130-h300,VPPPVP,15,130,300,valid,3236,1727,1509,0,-9409.54,-2.91
VPPPVP-m15-e140-h200,VPPPVP,15,140,200,train,7900,4065,3835,0,-16611.59,-2.1
VPPPVP-m15-e140-h200,VPPPVP,15,140,200,valid,3236,1695,1541,0,-11643.51,-3.6
VPPPVP-m15-e140-h250,VPPPVP,15,140,250,train,7900,4065,3835,0,-16611.59,-2.1
VPPPVP-m15-e140-h250,VPPPVP,15,140,250,valid,3236,1695,1541,0,-11643.51,-3.6
VPPPVP-m15-e140-h300,VPPPVP,15,140,300,train,7900,4065,3835,0,-16611.59,-2.1
VPPPVP-m15-e140-h300,VPPPVP,15,140,300,valid,3236,1695,1541,0,-11643.51,-3.6
VPPPVP-m20-e120-h200,VPPPVP,20,120,200,train,7378,3885,3493,0,-18349.68,-2.49
VPPPVP-m20-e120-h200,VPPPVP,20,120,200,valid,3044,1664,1380,0,-5299.88,-1.74
VPPPVP-m20-e120-h250,VPPPVP,20,120,250,train,7378,3885,3493,0,-18349.68,-2.49
VPPPVP-m20-e120-h250,VPPPVP,20,120,250,valid,3044,1664,1380,0,-5299.88,-1.74
VPPPVP-m20-e120-h300,VPPPVP,20,120,300,train,7378,3885,3493,0,-18349.68,-2.49
VPPPVP-m20-e120-h300,VPPPVP,20,120,300,valid,3044,1664,1380,0,-5299.88,-1.74
VPPPVP-m20-e130-h200,VPPPVP,20,130,200,train,7378,3850,3528,0,-16907.14,-2.29
VPPPVP-m20-e130-h200,VPPPVP,20,130,200,valid,3044,1642,1402,0,-6588.29,-2.16
VPPPVP-m20-e130-h250,VPPPVP,20,130,250,train,7378,3850,3528,0,-16907.14,-2.29
VPPPVP-m20-e130-h250,VPPPVP,20,130,250,valid,3044,1642,1402,0,-6588.29,-2.16
VPPPVP-m20-e130-h300,VPPPVP,20,130,300,train,7378,3850,3528,0,-16907.14,-2.29
VPPPVP-m20-e130-h300,VPPPVP,20,130,300,valid,3044,1642,1402,0,-6588.29,-2.16
VPPPVP-m20-e140-h200,VPPPVP,20,140,200,train,7378,3793,3585,0,-19859.87,-2.69
VPPPVP-m20-e140-h200,VPPPVP,20,140,200,valid,3044,1615,1429,0,-8177.46,-2.69
VPPPVP-m20-e140-h250,VPPPVP,20,140,250,train,7378,3793,3585,0,-19859.87,-2.69
VPPPVP-m20-e140-h250,VPPPVP,20,140,250,valid,3044,1615,1429,0,-8177.46,-2.69
VPPPVP-m20-e140-h300,VPPPVP,20,140,300,train,7378,3793,3585,0,-19859.87,-2.69
VPPPVP-m20-e140-h300,VPPPVP,20,140,300,valid,3044,1615,1429,0,-8177.46,-2.69
VPPPVV-m5-e120-h200,VPPPVV,5,120,200,train,9542,4766,4776,0,-20978.98,-2.2
VPPPVV-m5-e120-h200,VPPPVV,5,120,200,valid,3853,1930,1923,0,-8178.02,-2.12
VPPPVV-m5-e120-h250,VPPPVV,5,120,250,train,9542,4766,4776,0,-20978.98,-2.2
VPPPVV-m5-e120-h250,VPPPVV,5,120,250,valid,3853,1930,1923,0,-8178.02,-2.12
VPPPVV-m5-e120-h300,VPPPVV,5,120,300,train,9542,4766,4776,0,-20978.98,-2.2
VPPPVV-m5-e120-h300,VPPPVV,5,120,300,valid,3853,1930,1923,0,-8178.02,-2.12
VPPPVV-m5-e130-h200,VPPPVV,5,130,200,train,9542,4674,4868,0,-28362.81,-2.97
VPPPVV-m5-e130-h200,VPPPVV,5,130,200,valid,3853,1910,1943,0,-8271.67,-2.15
VPPPVV-m5-e130-h250,VPPPVV,5,130,250,train,9542,4674,4868,0,-28362.81,-2.97
VPPPVV-m5-e130-h250,VPPPVV,5,130,250,valid,3853,1910,1943,0,-8271.67,-2.15
VPPPVV-m5-e130-h300,VPPPVV,5,130,300,train,9542,4674,4868,0,-28362.81,-2.97
VPPPVV-m5-e130-h300,VPPPVV,5,130,300,valid,3853,1910,1943,0,-8271.67,-2.15
VPPPVV-m5-e140-h200,VPPPVV,5,140,200,train,9542,4622,4920,0,-27782.95,-2.91
VPPPVV-m5-e140-h200,VPPPVV,5,140,200,valid,3853,1870,1983,0,-11699.38,-3.04
VPPPVV-m5-e140-h250,VPPPVV,5,140,250,train,9542,4622,4920,0,-27782.95,-2.91
VPPPVV-m5-e140-h250,VPPPVV,5,140,250,valid,3853,1870,1983,0,-11699.38,-3.04
VPPPVV-m5-e140-h300,VPPPVV,5,140,300,train,9542,4622,4920,0,-27782.95,-2.91
VPPPVV-m5-e140-h300,VPPPVV,5,140,300,valid,3853,1870,1983,0,-11699.38,-3.04
VPPPVV-m10-e120-h200,VPPPVV,10,120,200,train,8653,4354,4299,0,-20258.04,-2.34
VPPPVV-m10-e120-h200,VPPPVV,10,120,200,valid,3505,1772,1733,0,-11606.75,-3.31
VPPPVV-m10-e120-h250,VPPPVV,10,120,250,train,8653,4354,4299,0,-20258.04,-2.34
VPPPVV-m10-e120-h250,VPPPVV,10,120,250,valid,3505,1772,1733,0,-11606.75,-3.31
VPPPVV-m10-e120-h300,VPPPVV,10,120,300,train,8653,4354,4299,0,-20258.04,-2.34
VPPPVV-m10-e120-h300,VPPPVV,10,120,300,valid,3505,1772,1733,0,-11606.75,-3.31
VPPPVV-m10-e130-h200,VPPPVV,10,130,200,train,8653,4289,4364,0,-24262.56,-2.8
VPPPVV-m10-e130-h200,VPPPVV,10,130,200,valid,3505,1759,1746,0,-11107.88,-3.17
VPPPVV-m10-e130-h250,VPPPVV,10,130,250,train,8653,4289,4364,0,-24262.56,-2.8
VPPPVV-m10-e130-h250,VPPPVV,10,130,250,valid,3505,1759,1746,0,-11107.88,-3.17
VPPPVV-m10-e130-h300,VPPPVV,10,130,300,train,8653,4289,4364,0,-24262.56,-2.8
VPPPVV-m10-e130-h300,VPPPVV,10,130,300,valid,3505,1759,1746,0,-11107.88,-3.17
VPPPVV-m10-e140-h200,VPPPVV,10,140,200,train,8653,4243,4410,0,-24466.93,-2.83
VPPPVV-m10-e140-h200,VPPPVV,10,140,200,valid,3505,1723,1782,0,-14638.33,-4.18
VPPPVV-m10-e140-h250,VPPPVV,10,140,250,train,8653,4243,4410,0,-24466.93,-2.83
VPPPVV-m10-e140-h250,VPPPVV,10,140,250,valid,3505,1723,1782,0,-14638.33,-4.18
VPPPVV-m10-e140-h300,VPPPVV,10,140,300,train,8653,4243,4410,0,-24466.93,-2.83
VPPPVV-m10-e140-h300,VPPPVV,10,140,300,valid,3505,1723,1782,0,-14638.33,-4.18
VPPPVV-m15-e120-h200,VPPPVV,15,120,200,train,7900,4002,3898,0,-22497.22,-2.85
VPPPVV-m15-e120-h200,VPPPVV,15,120,200,valid,3236,1660,1576,0,-11886.89,-3.67
VPPPVV-m15-e120-h250,VPPPVV,15,120,250,train,7900,4002,3898,0,-22497.22,-2.85
VPPPVV-m15-e120-h250,VPPPVV,15,120,250,valid,3236,1660,1576,0,-11886.89,-3.67
VPPPVV-m15-e120-h300,VPPPVV,15,120,300,train,7900,4002,3898,0,-22497.22,-2.85
VPPPVV-m15-e120-h300,VPPPVV,15,120,300,valid,3236,1660,1576,0,-11886.89,-3.67
VPPPVV-m15-e130-h200,VPPPVV,15,130,200,train,7900,3956,3944,0,-24416.75,-3.09
VPPPVV-m15-e130-h200,VPPPVV,15,130,200,valid,3236,1646,1590,0,-12114.47,-3.74
VPPPVV-m15-e130-h250,VPPPVV,15,130,250,train,7900,3956,3944,0,-24416.75,-3.09
VPPPVV-m15-e130-h250,VPPPVV,15,130,250,valid,3236,1646,1590,0,-12114.47,-3.74
VPPPVV-m15-e130-h300,VPPPVV,15,130,300,train,7900,3956,3944,0,-24416.75,-3.09
VPPPVV-m15-e130-h300,VPPPVV,15,130,300,valid,3236,1646,1590,0,-12114.47,-3.74
VPPPVV-m15-e140-h200,VPPPVV,15,140,200,train,7900,3926,3974,0,-23174.69,-2.93
VPPPVV-m15-e140-h200,VPPPVV,15,140,200,valid,3236,1622,1614,0,-14034.29,-4.34
VPPPVV-m15-e140-h250,VPPPVV,15,140,250,train,7900,3926,3974,0,-23174.69,-2.93
VPPPVV-m15-e140-h250,VPPPVV,15,140,250,valid,3236,1622,1614,0,-14034.29,-4.34
VPPPVV-m15-e140-h300,VPPPVV,15,140,300,train,7900,3926,3974,0,-23174.69,-2.93
VPPPVV-m15-e140-h300,VPPPVV,15,140,300,valid,3236,1622,1614,0,-14034.29,-4.34
VPPPVV-m20-e120-h200,VPPPVV,20,120,200,train,7378,3769,3609,0,-22073.83,-2.99
VPPPVV-m20-e120-h200,VPPPVV,20,120,200,valid,3044,1586,1458,0,-9843.62,-3.23
VPPPVV-m20-e120-h250,VPPPVV,20,120,250,train,7378,3769,3609,0,-22073.83,-2.99
VPPPVV-m20-e120-h250,VPPPVV,20,120,250,valid,3044,1586,1458,0,-9843.62,-3.23
VPPPVV-m20-e120-h300,VPPPVV,20,120,300,train,7378,3769,3609,0,-22073.83,-2.99
VPPPVV-m20-e120-h300,VPPPVV,20,120,300,valid,3044,1586,1458,0,-9843.62,-3.23
VPPPVV-m20-e130-h200,VPPPVV,20,130,200,train,7378,3730,3648,0,-23927.03,-3.24
VPPPVV-m20-e130-h200,VPPPVV,20,130,200,valid,3044,1574,1470,0,-10157.35,-3.34
VPPPVV-m20-e130-h250,VPPPVV,20,130,250,train,7378,3730,3648,0,-23927.03,-3.24
VPPPVV-m20-e130-h250,VPPPVV,20,130,250,valid,3044,1574,1470,0,-10157.35,-3.34
VPPPVV-m20-e130-h300,VPPPVV,20,130,300,train,7378,3730,3648,0,-23927.03,-3.24
VPPPVV-m20-e130-h300,VPPPVV,20,130,300,valid,3044,1574,1470,0,-10157.35,-3.34
VPPPVV-m20-e140-h200,VPPPVV,20,140,200,train,7378,3695,3683,0,-24811.51,-3.36
VPPPVV-m20-e140-h200,VPPPVV,20,140,200,valid,3044,1552,1492,0,-11894.3,-3.91
VPPPVV-m20-e140-h250,VPPPVV,20,140,250,train,7378,3695,3683,0,-24811.51,-3.36
VPPPVV-m20-e140-h250,VPPPVV,20,140,250,valid,3044,1552,1492,0,-11894.3,-3.91
VPPPVV-m20-e140-h300,VPPPVV,20,140,300,train,7378,3695,3683,0,-24811.51,-3.36
VPPPVV-m20-e140-h300,VPPPVV,20,140,300,valid,3044,1552,1492,0,-11894.3,-3.91
VPPVPP-m5-e120-h200,VPPVPP,5,120,200,train,9542,4978,4564,0,-26212.15,-2.75
VPPVPP-m5-e120-h200,VPPVPP,5,120,200,valid,3853,2064,1789,0,-6864.08,-1.78
VPPVPP-m5-e120-h250,VPPVPP,5,120,250,train,9542,4978,4564,0,-26212.15,-2.75
VPPVPP-m5-e120-h250,VPPVPP,5,120,250,valid,3853,2064,1789,0,-6864.08,-1.78
VPPVPP-m5-e120-h300,VPPVPP,5,120,300,train,9542,4978,4564,0,-26212.15,-2.75
VPPVPP-m5-e120-h300,VPPVPP,5,120,300,valid,3853,2064,1789,0,-6864.08,-1.78
VPPVPP-m5-e130-h200,VPPVPP,5,130,200,train,9542,4908,4634,0,-25097.22,-2.63
VPPVPP-m5-e130-h200,VPPVPP,5,130,200,valid,3853,2015,1838,0,-10989.42,-2.85
VPPVPP-m5-e130-h250,VPPVPP,5,130,250,train,9542,4908,4634,0,-25097.22,-2.63
VPPVPP-m5-e130-h250,VPPVPP,5,130,250,valid,3853,2015,1838,0,-10989.42,-2.85
VPPVPP-m5-e130-h300,VPPVPP,5,130,300,train,9542,4908,4634,0,-25097.22,-2.63
VPPVPP-m5-e130-h300,VPPVPP,5,130,300,valid,3853,2015,1838,0,-10989.42,-2.85
VPPVPP-m5-e140-h200,VPPVPP,5,140,200,train,9542,4845,4697,0,-22984.26,-2.41
VPPVPP-m5-e140-h200,VPPVPP,5,140,200,valid,3853,1972,1881,0,-12931.24,-3.36
VPPVPP-m5-e140-h250,VPPVPP,5,140,250,train,9542,4845,4697,0,-22984.26,-2.41
VPPVPP-m5-e140-h250,VPPVPP,5,140,250,valid,3853,1972,1881,0,-12931.24,-3.36
VPPVPP-m5-e140-h300,VPPVPP,5,140,300,train,9542,4845,4697,0,-22984.26,-2.41
VPPVPP-m5-e140-h300,VPPVPP,5,140,300,valid,3853,1972,1881,0,-12931.24,-3.36
VPPVPP-m10-e120-h200,VPPVPP,10,120,200,train,8653,4531,4122,0,-23903.11,-2.76
VPPVPP-m10-e120-h200,VPPVPP,10,120,200,valid,3505,1915,1590,0,-2792.27,-0.8
VPPVPP-m10-e120-h250,VPPVPP,10,120,250,train,8653,4531,4122,0,-23903.11,-2.76
VPPVPP-m10-e120-h250,VPPVPP,10,120,250,valid,3505,1915,1590,0,-2792.27,-0.8
VPPVPP-m10-e120-h300,VPPVPP,10,120,300,train,8653,4531,4122,0,-23903.11,-2.76
VPPVPP-m10-e120-h300,VPPVPP,10,120,300,valid,3505,1915,1590,0,-2792.27,-0.8
VPPVPP-m10-e130-h200,VPPVPP,10,130,200,train,8653,4487,4166,0,-20213.0,-2.34
VPPVPP-m10-e130-h200,VPPVPP,10,130,200,valid,3505,1876,1629,0,-5860.73,-1.67
VPPVPP-m10-e130-h250,VPPVPP,10,130,250,train,8653,4487,4166,0,-20213.0,-2.34
VPPVPP-m10-e130-h250,VPPVPP,10,130,250,valid,3505,1876,1629,0,-5860.73,-1.67
VPPVPP-m10-e130-h300,VPPVPP,10,130,300,train,8653,4487,4166,0,-20213.0,-2.34
VPPVPP-m10-e130-h300,VPPVPP,10,130,300,valid,3505,1876,1629,0,-5860.73,-1.67
VPPVPP-m10-e140-h200,VPPVPP,10,140,200,train,8653,4439,4214,0,-17494.6,-2.02
VPPVPP-m10-e140-h200,VPPVPP,10,140,200,valid,3505,1833,1672,0,-8920.51,-2.55
VPPVPP-m10-e140-h250,VPPVPP,10,140,250,train,8653,4439,4214,0,-17494.6,-2.02
VPPVPP-m10-e140-h250,VPPVPP,10,140,250,valid,3505,1833,1672,0,-8920.51,-2.55
VPPVPP-m10-e140-h300,VPPVPP,10,140,300,train,8653,4439,4214,0,-17494.6,-2.02
VPPVPP-m10-e140-h300,VPPVPP,10,140,300,valid,3505,1833,1672,0,-8920.51,-2.55
VPPVPP-m15-e120-h200,VPPVPP,15,120,200,train,7900,4150,3750,0,-21832.39,-2.76
VPPVPP-m15-e120-h200,VPPVPP,15,120,200,valid,3236,1786,1450,0,-2003.27,-0.62
VPPVPP-m15-e120-h250,VPPVPP,15,120,250,train,7900,4150,3750,0,-21832.39,-2.76
VPPVPP-m15-e120-h250,VPPVPP,15,120,250,valid,3236,1786,1450,0,-2003.27,-0.62
VPPVPP-m15-e120-h300,VPPVPP,15,120,300,train,7900,4150,3750,0,-21832.39,-2.76
VPPVPP-m15-e120-h300,VPPVPP,15,120,300,valid,3236,1786,1450,0,-2003.27,-0.62
VPPVPP-m15-e130-h200,VPPVPP,15,130,200,train,7900,4124,3776,0,-16902.93,-2.14
VPPVPP-m15-e130-h200,VPPVPP,15,130,200,valid,3236,1747,1489,0,-5721.94,-1.77
VPPVPP-m15-e130-h250,VPPVPP,15,130,250,train,7900,4124,3776,0,-16902.93,-2.14
VPPVPP-m15-e130-h250,VPPVPP,15,130,250,valid,3236,1747,1489,0,-5721.94,-1.77
VPPVPP-m15-e130-h300,VPPVPP,15,130,300,train,7900,4124,3776,0,-16902.93,-2.14
VPPVPP-m15-e130-h300,VPPVPP,15,130,300,valid,3236,1747,1489,0,-5721.94,-1.77
VPPVPP-m15-e140-h200,VPPVPP,15,140,200,train,7900,4077,3823,0,-16021.54,-2.03
VPPVPP-m15-e140-h200,VPPVPP,15,140,200,valid,3236,1712,1524,0,-8185.06,-2.53
VPPVPP-m15-e140-h250,VPPVPP,15,140,250,train,7900,4077,3823,0,-16021.54,-2.03
VPPVPP-m15-e140-h250,VPPVPP,15,140,250,valid,3236,1712,1524,0,-8185.06,-2.53
VPPVPP-m15-e140-h300,VPPVPP,15,140,300,train,7900,4077,3823,0,-16021.54,-2.03
VPPVPP-m15-e140-h300,VPPVPP,15,140,300,valid,3236,1712,1524,0,-8185.06,-2.53
VPPVPP-m20-e120-h200,VPPVPP,20,120,200,train,7378,3883,3495,0,-20527.67,-2.78
VPPVPP-m20-e120-h200,VPPVPP,20,120,200,valid,3044,1684,1360,0,-1184.78,-0.39
VPPVPP-m20-e120-h250,VPPVPP,20,120,250,train,7378,3883,3495,0,-20527.67,-2.78
VPPVPP-m20-e120-h250,VPPVPP,20,120,250,valid,3044,1684,1360,0,-1184.78,-0.39
VPPVPP-m20-e120-h300,VPPVPP,20,120,300,train,7378,3883,3495,0,-20527.67,-2.78
VPPVPP-m20-e120-h300,VPPVPP,20,120,300,valid,3044,1684,1360,0,-1184.78,-0.39
VPPVPP-m20-e130-h200,VPPVPP,20,130,200,train,7378,3861,3517,0,-16501.64,-2.24
VPPVPP-m20-e130-h200,VPPVPP,20,130,200,valid,3044,1655,1389,0,-3633.41,-1.19
VPPVPP-m20-e130-h250,VPPVPP,20,130,250,train,7378,3861,3517,0,-16501.64,-2.24
VPPVPP-m20-e130-h250,VPPVPP,20,130,250,valid,3044,1655,1389,0,-3633.41,-1.19
VPPVPP-m20-e130-h300,VPPVPP,20,130,300,train,7378,3861,3517,0,-16501.64,-2.24
VPPVPP-m20-e130-h300,VPPVPP,20,130,300,valid,3044,1655,1389,0,-3633.41,-1.19
VPPVPP-m20-e140-h200,VPPVPP,20,140,200,train,7378,3814,3564,0,-17202.67,-2.33
VPPVPP-m20-e140-h200,VPPVPP,20,140,200,valid,3044,1628,1416,0,-5139.63,-1.69
VPPVPP-m20-e140-h250,VPPVPP,20,140,250,train,7378,3814,3564,0,-17202.67,-2.33
VPPVPP-m20-e140-h250,VPPVPP,20,140,250,valid,3044,1628,1416,0,-5139.63,-1.69
VPPVPP-m20-e140-h300,VPPVPP,20,140,300,train,7378,3814,3564,0,-17202.67,-2.33
VPPVPP-m20-e140-h300,VPPVPP,20,140,300,valid,3044,1628,1416,0,-5139.63,-1.69
VPPVPV-m5-e120-h200,VPPVPV,5,120,200,train,9542,4735,4807,0,-27523.03,-2.88
VPPVPV-m5-e120-h200,VPPVPV,5,120,200,valid,3853,1934,1919,0,-8850.77,-2.3
VPPVPV-m5-e120-h250,VPPVPV,5,120,250,train,9542,4735,4807,0,-27523.03,-2.88
VPPVPV-m5-e120-h250,VPPVPV,5,120,250,valid,3853,1934,1919,0,-8850.77,-2.3
VPPVPV-m5-e120-h300,VPPVPV,5,120,300,train,9542,4735,4807,0,-27523.03,-2.88
VPPVPV-m5-e120-h300,VPPVPV,5,120,300,valid,3853,1934,1919,0,-8850.77,-2.3
VPPVPV-m5-e130-h200,VPPVPV,5,130,200,train,9542,4670,4872,0,-29555.62,-3.1
VPPVPV-m5-e130-h200,VPPVPV,5,130,200,valid,3853,1902,1951,0,-11187.06,-2.9
VPPVPV-m5-e130-h250,VPPVPV,5,130,250,train,9542,4670,4872,0,-29555.62,-3.1
VPPVPV-m5-e130-h250,VPPVPV,5,130,250,valid,3853,1902,1951,0,-11187.06,-2.9
VPPVPV-m5-e130-h300,VPPVPV,5,130,300,train,9542,4670,4872,0,-29555.62,-3.1
VPPVPV-m5-e130-h300,VPPVPV,5,130,300,valid,3853,1902,1951,0,-11187.06,-2.9
VPPVPV-m5-e140-h200,VPPVPV,5,140,200,train,9542,4638,4904,0,-25167.69,-2.64
VPPVPV-m5-e140-h200,VPPVPV,5,140,200,valid,3853,1863,1990,0,-14235.69,-3.69
VPPVPV-m5-e140-h250,VPPVPV,5,140,250,train,9542,4638,4904,0,-25167.69,-2.64
VPPVPV-m5-e140-h250,VPPVPV,5,140,250,valid,3853,1863,1990,0,-14235.69,-3.69
VPPVPV-m5-e140-h300,VPPVPV,5,140,300,train,9542,4638,4904,0,-25167.69,-2.64
VPPVPV-m5-e140-h300,VPPVPV,5,140,300,valid,3853,1863,1990,0,-14235.69,-3.69
VPPVPV-m10-e120-h200,VPPVPV,10,120,200,train,8653,4328,4325,0,-27198.9,-3.14
VPPVPV-m10-e120-h200,VPPVPV,10,120,200,valid,3505,1804,1701,0,-6143.73,-1.75
VPPVPV-m10-e120-h250,VPPVPV,10,120,250,train,8653,4328,4325,0,-27198.9,-3.14
VPPVPV-m10-e120-h250,VPPVPV,10,120,250,valid,3505,1804,1701,0,-6143.73,-1.75
VPPVPV-m10-e120-h300,VPPVPV,10,120,300,train,8653,4328,4325,0,-27198.9,-3.14
VPPVPV-m10-e120-h300,VPPVPV,10,120,300,valid,3505,1804,1701,0,-6143.73,-1.75
VPPVPV-m10-e130-h200,VPPVPV,10,130,200,train,8653,4282,4371,0,-27404.27,-3.17
VPPVPV-m10-e130-h200,VPPVPV,10,130,200,valid,3505,1781,1724,0,-7421.19,-2.12
VPPVPV-m10-e130-h250,VPPVPV,10,130,250,train,8653,4282,4371,0,-27404.27,-3.17
VPPVPV-m10-e130-h250,VPPVPV,10,130,250,valid,3505,1781,1724,0,-7421.19,-2.12
VPPVPV-m10-e130-h300,VPPVPV,10,130,300,train,8653,4282,4371,0,-27404.27,-3.17
VPPVPV-m10-e130-h300,VPPVPV,10,130,300,valid,3505,1781,1724,0,-7421.19,-2.12
VPPVPV-m10-e140-h200,VPPVPV,10,140,200,train,8653,4260,4393,0,-22812.17,-2.64
VPPVPV-m10-e140-h200,VPPVPV,10,140,200,valid,3505,1744,1761,0,-10772.46,-3.07
VPPVPV-m10-e140-h250,VPPVPV,10,140,250,train,8653,4260,4393,0,-22812.17,-2.64
VPPVPV-m10-e140-h250,VPPVPV,10,140,250,valid,3505,1744,1761,0,-10772.46,-3.07
VPPVPV-m10-e140-h300,VPPVPV,10,140,300,train,8653,4260,4393,0,-22812.17,-2.64
VPPVPV-m10-e140-h300,VPPVPV,10,140,300,valid,3505,1744,1761,0,-10772.46,-3.07
VPPVPV-m15-e120-h200,VPPVPV,15,120,200,train,7900,3992,3908,0,-26474.66,-3.35
VPPVPV-m15-e120-h200,VPPVPV,15,120,200,valid,3236,1689,1547,0,-6638.21,-2.05
VPPVPV-m15-e120-h250,VPPVPV,15,120,250,train,7900,3992,3908,0,-26474.66,-3.35
VPPVPV-m15-e120-h250,VPPVPV,15,120,250,valid,3236,1689,1547,0,-6638.21,-2.05
VPPVPV-m15-e120-h300,VPPVPV,15,120,300,train,7900,3992,3908,0,-26474.66,-3.35
VPPVPV-m15-e120-h300,VPPVPV,15,120,300,valid,3236,1689,1547,0,-6638.21,-2.05
VPPVPV-m15-e130-h200,VPPVPV,15,130,200,train,7900,3959,3941,0,-25763.38,-3.26
VPPVPV-m15-e130-h200,VPPVPV,15,130,200,valid,3236,1666,1570,0,-8426.87,-2.6
VPPVPV-m15-e130-h250,VPPVPV,15,130,250,train,7900,3959,3941,0,-25763.38,-3.26
VPPVPV-m15-e130-h250,VPPVPV,15,130,250,valid,3236,1666,1570,0,-8426.87,-2.6
VPPVPV-m15-e130-h300,VPPVPV,15,130,300,train,7900,3959,3941,0,-25763.38,-3.26
VPPVPV-m15-e130-h300,VPPVPV,15,130,300,valid,3236,1666,1570,0,-8426.87,-2.6
VPPVPV-m15-e140-h200,VPPVPV,15,140,200,train,7900,3938,3962,0,-22584.64,-2.86
VPPVPV-m15-e140-h200,VPPVPV,15,140,200,valid,3236,1639,1597,0,-10575.84,-3.27
VPPVPV-m15-e140-h250,VPPVPV,15,140,250,train,7900,3938,3962,0,-22584.64,-2.86
VPPVPV-m15-e140-h250,VPPVPV,15,140,250,valid,3236,1639,1597,0,-10575.84,-3.27
VPPVPV-m15-e140-h300,VPPVPV,15,140,300,train,7900,3938,3962,0,-22584.64,-2.86
VPPVPV-m15-e140-h300,VPPVPV,15,140,300,valid,3236,1639,1597,0,-10575.84,-3.27
VPPVPV-m20-e120-h200,VPPVPV,20,120,200,train,7378,3767,3611,0,-24251.82,-3.29
VPPVPV-m20-e120-h200,VPPVPV,20,120,200,valid,3044,1606,1438,0,-5728.52,-1.88
VPPVPV-m20-e120-h250,VPPVPV,20,120,250,train,7378,3767,3611,0,-24251.82,-3.29
VPPVPV-m20-e120-h250,VPPVPV,20,120,250,valid,3044,1606,1438,0,-5728.52,-1.88
VPPVPV-m20-e120-h300,VPPVPV,20,120,300,train,7378,3767,3611,0,-24251.82,-3.29
VPPVPV-m20-e120-h300,VPPVPV,20,120,300,valid,3044,1606,1438,0,-5728.52,-1.88
VPPVPV-m20-e130-h200,VPPVPV,20,130,200,train,7378,3741,3637,0,-23521.53,-3.19
VPPVPV-m20-e130-h200,VPPVPV,20,130,200,valid,3044,1587,1457,0,-7202.47,-2.37
VPPVPV-m20-e130-h250,VPPVPV,20,130,250,train,7378,3741,3637,0,-23521.53,-3.19
VPPVPV-m20-e130-h250,VPPVPV,20,130,250,valid,3044,1587,1457,0,-7202.47,-2.37
VPPVPV-m20-e130-h300,VPPVPV,20,130,300,train,7378,3741,3637,0,-23521.53,-3.19
VPPVPV-m20-e130-h300,VPPVPV,20,130,300,valid,3044,1587,1457,0,-7202.47,-2.37
VPPVPV-m20-e140-h200,VPPVPV,20,140,200,train,7378,3716,3662,0,-22154.31,-3.0
VPPVPV-m20-e140-h200,VPPVPV,20,140,200,valid,3044,1565,1479,0,-8856.47,-2.91
VPPVPV-m20-e140-h250,VPPVPV,20,140,250,train,7378,3716,3662,0,-22154.31,-3.0
VPPVPV-m20-e140-h250,VPPVPV,20,140,250,valid,3044,1565,1479,0,-8856.47,-2.91
VPPVPV-m20-e140-h300,VPPVPV,20,140,300,train,7378,3716,3662,0,-22154.31,-3.0
VPPVPV-m20-e140-h300,VPPVPV,20,140,300,valid,3044,1565,1479,0,-8856.47,-2.91
VPPVVP-m5-e120-h200,VPPVVP,5,120,200,train,9542,4753,4789,0,-22518.33,-2.36
VPPVVP-m5-e120-h200,VPPVVP,5,120,200,valid,3853,1914,1939,0,-12170.42,-3.16
VPPVVP-m5-e120-h250,VPPVVP,5,120,250,train,9542,4753,4789,0,-22518.33,-2.36
VPPVVP-m5-e120-h250,VPPVVP,5,120,250,valid,3853,1914,1939,0,-12170.42,-3.16
VPPVVP-m5-e120-h300,VPPVVP,5,120,300,train,9542,4753,4789,0,-22518.33,-2.36
VPPVVP-m5-e120-h300,VPPVVP,5,120,300,valid,3853,1914,1939,0,-12170.42,-3.16
VPPVVP-m5-e130-h200,VPPVVP,5,130,200,train,9542,4680,4862,0,-26269.27,-2.75
VPPVVP-m5-e130-h200,VPPVVP,5,130,200,valid,3853,1880,1973,0,-15032.82,-3.9
VPPVVP-m5-e130-h250,VPPVVP,5,130,250,train,9542,4680,4862,0,-26269.27,-2.75
VPPVVP-m5-e130-h250,VPPVVP,5,130,250,valid,3853,1880,1973,0,-15032.82,-3.9
VPPVVP-m5-e130-h300,VPPVVP,5,130,300,train,9542,4680,4862,0,-26269.27,-2.75
VPPVVP-m5-e130-h300,VPPVVP,5,130,300,valid,3853,1880,1973,0,-15032.82,-3.9
VPPVVP-m5-e140-h200,VPPVVP,5,140,200,train,9542,4618,4924,0,-28020.93,-2.94
VPPVVP-m5-e140-h200,VPPVVP,5,140,200,valid,3853,1855,1998,0,-15154.13,-3.93
VPPVVP-m5-e140-h250,VPPVVP,5,140,250,train,9542,4618,4924,0,-28020.93,-2.94
VPPVVP-m5-e140-h250,VPPVVP,5,140,250,valid,3853,1855,1998,0,-15154.13,-3.93
VPPVVP-m5-e140-h300,VPPVVP,5,140,300,train,9542,4618,4924,0,-28020.93,-2.94
VPPVVP-m5-e140-h300,VPPVVP,5,140,300,valid,3853,1855,1998,0,-15154.13,-3.93
VPPVVP-m10-e120-h200,VPPVVP,10,120,200,train,8653,4358,4295,0,-18533.14,-2.14
VPPVVP-m10-e120-h200,VPPVVP,10,120,200,valid,3505,1790,1715,0,-9125.64,-2.6
VPPVVP-m10-e120-h250,VPPVVP,10,120,250,train,8653,4358,4295,0,-18533.14,-2.14
VPPVVP-m10-e120-h250,VPPVVP,10,120,250,valid,3505,1790,1715,0,-9125.64,-2.6
VPPVVP-m10-e120-h300,VPPVVP,10,120,300,train,8653,4358,4295,0,-18533.14,-2.14
VPPVVP-m10-e120-h300,VPPVVP,10,120,300,valid,3505,1790,1715,0,-9125.64,-2.6
VPPVVP-m10-e130-h200,VPPVVP,10,130,200,train,8653,4306,4347,0,-19947.63,-2.31
VPPVVP-m10-e130-h200,VPPVVP,10,130,200,valid,3505,1763,1742,0,-11202.34,-3.2
VPPVVP-m10-e130-h250,VPPVVP,10,130,250,train,8653,4306,4347,0,-19947.63,-2.31
VPPVVP-m10-e130-h250,VPPVVP,10,130,250,valid,3505,1763,1742,0,-11202.34,-3.2
VPPVVP-m10-e130-h300,VPPVVP,10,130,300,train,8653,4306,4347,0,-19947.63,-2.31
VPPVVP-m10-e130-h300,VPPVVP,10,130,300,valid,3505,1763,1742,0,-11202.34,-3.2
VPPVVP-m10-e140-h200,VPPVVP,10,140,200,train,8653,4252,4401,0,-21900.77,-2.53
VPPVVP-m10-e140-h200,VPPVVP,10,140,200,valid,3505,1737,1768,0,-12396.93,-3.54
VPPVVP-m10-e140-h250,VPPVVP,10,140,250,train,8653,4252,4401,0,-21900.77,-2.53
VPPVVP-m10-e140-h250,VPPVVP,10,140,250,valid,3505,1737,1768,0,-12396.93,-3.54
VPPVVP-m10-e140-h300,VPPVVP,10,140,300,train,8653,4252,4401,0,-21900.77,-2.53
VPPVVP-m10-e140-h300,VPPVVP,10,140,300,valid,3505,1737,1768,0,-12396.93,-3.54
VPPVVP-m15-e120-h200,VPPVVP,15,120,200,train,7900,4025,3875,0,-16540.65,-2.09
VPPVVP-m15-e120-h200,VPPVVP,15,120,200,valid,3236,1685,1551,0,-8180.47,-2.53
VPPVVP-m15-e120-h250,VPPVVP,15,120,250,train,7900,4025,3875,0,-16540.65,-2.09
VPPVVP-m15-e120-h250,VPPVVP,15,120,250,valid,3236,1685,1551,0,-8180.47,-2.53
VPPVVP-m15-e120-h300,VPPVVP,15,120,300,train,7900,4025,3875,0,-16540.65,-2.09
VPPVVP-m15-e120-h300,VPPVVP,15,120,300,valid,3236,1685,1551,0,-8180.47,-2.53
VPPVVP-m15-e130-h200,VPPVVP,15,130,200,train,7900,3984,3916,0,-17337.74,-2.19
VPPVVP-m15-e130-h200,VPPVVP,15,130,200,valid,3236,1658,1578,0,-10725.16,-3.31
VPPVVP-m15-e130-h250,VPPVVP,15,130,250,train,7900,3984,3916,0,-17337.74,-2.19
VPPVVP-m15-e130-h250,VPPVVP,15,130,250,valid,3236,1658,1578,0,-10725.16,-3.31
VPPVVP-m15-e130-h300,VPPVVP,15,130,300,train,7900,3984,3916,0,-17337.74,-2.19
VPPVVP-m15-e130-h300,VPPVVP,15,130,300,valid,3236,1658,1578,0,-10725.16,-3.31
VPPVVP-m15-e140-h200,VPPVVP,15,140,200,train,7900,3932,3968,0,-20330.16,-2.57
VPPVVP-m15-e140-h200,VPPVVP,15,140,200,valid,3236,1638,1598,0,-11455.75,-3.54
VPPVVP-m15-e140-h250,VPPVVP,15,140,250,train,7900,3932,3968,0,-20330.16,-2.57
VPPVVP-m15-e140-h250,VPPVVP,15,140,250,valid,3236,1638,1598,0,-11455.75,-3.54
VPPVVP-m15-e140-h300,VPPVVP,15,140,300,train,7900,3932,3968,0,-20330.16,-2.57
VPPVVP-m15-e140-h300,VPPVVP,15,140,300,valid,3236,1638,1598,0,-11455.75,-3.54
VPPVVP-m20-e120-h200,VPPVVP,20,120,200,train,7378,3776,3602,0,-18696.8,-2.53
VPPVVP-m20-e120-h200,VPPVVP,20,120,200,valid,3044,1615,1429,0,-4441.51,-1.46
VPPVVP-m20-e120-h250,VPPVVP,20,120,250,train,7378,3776,3602,0,-18696.8,-2.53
VPPVVP-m20-e120-h250,VPPVVP,20,120,250,valid,3044,1615,1429,0,-4441.51,-1.46
VPPVVP-m20-e120-h300,VPPVVP,20,120,300,train,7378,3776,3602,0,-18696.8,-2.53
VPPVVP-m20-e120-h300,VPPVVP,20,120,300,valid,3044,1615,1429,0,-4441.51,-1.46
VPPVVP-m20-e130-h200,VPPVVP,20,130,200,train,7378,3736,3642,0,-20430.8,-2.77
VPPVVP-m20-e130-h200,VPPVVP,20,130,200,valid,3044,1594,1450,0,-6321.74,-2.08
VPPVVP-m20-e130-h250,VPPVVP,20,130,250,train,7378,3736,3642,0,-20430.8,-2.77
VPPVVP-m20-e130-h250,VPPVVP,20,130,250,valid,3044,1594,1450,0,-6321.74,-2.08
VPPVVP-m20-e130-h300,VPPVVP,20,130,300,train,7378,3736,3642,0,-20430.8,-2.77
VPPVVP-m20-e130-h300,VPPVVP,20,130,300,valid,3044,1594,1450,0,-6321.74,-2.08
VPPVVP-m20-e140-h200,VPPVVP,20,140,200,train,7378,3686,3692,0,-24192.07,-3.28
VPPVVP-m20-e140-h200,VPPVVP,20,140,200,valid,3044,1578,1466,0,-6579.99,-2.16
VPPVVP-m20-e140-h250,VPPVVP,20,140,250,train,7378,3686,3692,0,-24192.07,-3.28
VPPVVP-m20-e140-h250,VPPVVP,20,140,250,valid,3044,1578,1466,0,-6579.99,-2.16
VPPVVP-m20-e140-h300,VPPVVP,20,140,300,train,7378,3686,3692,0,-24192.07,-3.28
VPPVVP-m20-e140-h300,VPPVVP,20,140,300,valid,3044,1578,1466,0,-6579.99,-2.16
VPPVVV-m5-e120-h200,VPPVVV,5,120,200,train,9542,4510,5032,0,-23829.21,-2.5
VPPVVV-m5-e120-h200,VPPVVV,5,120,200,valid,3853,1784,2069,0,-14157.11,-3.67
VPPVVV-m5-e120-h250,VPPVVV,5,120,250,train,9542,4510,5032,0,-23829.21,-2.5
VPPVVV-m5-e120-h250,VPPVVV,5,120,250,valid,3853,1784,2069,0,-14157.11,-3.67
VPPVVV-m5-e120-h300,VPPVVV,5,120,300,train,9542,4510,5032,0,-23829.21,-2.5
VPPVVV-m5-e120-h300,VPPVVV,5,120,300,valid,3853,1784,2069,0,-14157.11,-3.67
VPPVVV-m5-e130-h200,VPPVVV,5,130,200,train,9542,4442,5100,0,-30727.67,-3.22
VPPVVV-m5-e130-h200,VPPVVV,5,130,200,valid,3853,1767,2086,0,-15230.46,-3.95
VPPVVV-m5-e130-h250,VPPVVV,5,130,250,train,9542,4442,5100,0,-30727.67,-3.22
VPPVVV-m5-e130-h250,VPPVVV,5,130,250,valid,3853,1767,2086,0,-15230.46,-3.95
VPPVVV-m5-e130-h300,VPPVVV,5,130,300,train,9542,4442,5100,0,-30727.67,-3.22
VPPVVV-m5-e130-h300,VPPVVV,5,130,300,valid,3853,1767,2086,0,-15230.46,-3.95
VPPVVV-m5-e140-h200,VPPVVV,5,140,200,train,9542,4411,5131,0,-30204.36,-3.17
VPPVVV-m5-e140-h200,VPPVVV,5,140,200,valid,3853,1746,2107,0,-16458.58,-4.27
VPPVVV-m5-e140-h250,VPPVVV,5,140,250,train,9542,4411,5131,0,-30204.36,-3.17
VPPVVV-m5-e140-h250,VPPVVV,5,140,250,valid,3853,1746,2107,0,-16458.58,-4.27
VPPVVV-m5-e140-h300,VPPVVV,5,140,300,train,9542,4411,5131,0,-30204.36,-3.17
VPPVVV-m5-e140-h300,VPPVVV,5,140,300,valid,3853,1746,2107,0,-16458.58,-4.27
VPPVVV-m10-e120-h200,VPPVVV,10,120,200,train,8653,4155,4498,0,-21828.93,-2.52
VPPVVV-m10-e120-h200,VPPVVV,10,120,200,valid,3505,1679,1826,0,-12477.1,-3.56
VPPVVV-m10-e120-h250,VPPVVV,10,120,250,train,8653,4155,4498,0,-21828.93,-2.52
VPPVVV-m10-e120-h250,VPPVVV,10,120,250,valid,3505,1679,1826,0,-12477.1,-3.56
VPPVVV-m10-e120-h300,VPPVVV,10,120,300,train,8653,4155,4498,0,-21828.93,-2.52
VPPVVV-m10-e120-h300,VPPVVV,10,120,300,valid,3505,1679,1826,0,-12477.1,-3.56
VPPVVV-m10-e130-h200,VPPVVV,10,130,200,train,8653,4101,4552,0,-27138.9,-3.14
VPPVVV-m10-e130-h200,VPPVVV,10,130,200,valid,3505,1668,1837,0,-12762.8,-3.64
VPPVVV-m10-e130-h250,VPPVVV,10,130,250,train,8653,4101,4552,0,-27138.9,-3.14
VPPVVV-m10-e130-h250,VPPVVV,10,130,250,valid,3505,1668,1837,0,-12762.8,-3.64
VPPVVV-m10-e130-h300,VPPVVV,10,130,300,train,8653,4101,4552,0,-27138.9,-3.14
VPPVVV-m10-e130-h300,VPPVVV,10,130,300,valid,3505,1668,1837,0,-12762.8,-3.64
VPPVVV-m10-e140-h200,VPPVVV,10,140,200,train,8653,4073,4580,0,-27218.34,-3.15
VPPVVV-m10-e140-h200,VPPVVV,10,140,200,valid,3505,1648,1857,0,-14248.88,-4.07
VPPVVV-m10-e140-h250,VPPVVV,10,140,250,train,8653,4073,4580,0,-27218.34,-3.15
VPPVVV-m10-e140-h250,VPPVVV,10,140,250,valid,3505,1648,1857,0,-14248.88,-4.07
VPPVVV-m10-e140-h300,VPPVVV,10,140,300,train,8653,4073,4580,0,-27218.34,-3.15
VPPVVV-m10-e140-h300,VPPVVV,10,140,300,valid,3505,1648,1857,0,-14248.88,-4.07
VPPVVV-m15-e120-h200,VPPVVV,15,120,200,train,7900,3867,4033,0,-21182.92,-2.68
VPPVVV-m15-e120-h200,VPPVVV,15,120,200,valid,3236,1588,1648,0,-12815.41,-3.96
VPPVVV-m15-e120-h250,VPPVVV,15,120,250,train,7900,3867,4033,0,-21182.92,-2.68
VPPVVV-m15-e120-h250,VPPVVV,15,120,250,valid,3236,1588,1648,0,-12815.41,-3.96
VPPVVV-m15-e120-h300,VPPVVV,15,120,300,train,7900,3867,4033,0,-21182.92,-2.68
VPPVVV-m15-e120-h300,VPPVVV,15,120,300,valid,3236,1588,1648,0,-12815.41,-3.96
VPPVVV-m15-e130-h200,VPPVVV,15,130,200,train,7900,3819,4081,0,-26198.19,-3.32
VPPVVV-m15-e130-h200,VPPVVV,15,130,200,valid,3236,1577,1659,0,-13430.09,-4.15
VPPVVV-m15-e130-h250,VPPVVV,15,130,250,train,7900,3819,4081,0,-26198.19,-3.32
VPPVVV-m15-e130-h250,VPPVVV,15,130,250,valid,3236,1577,1659,0,-13430.09,-4.15
VPPVVV-m15-e130-h300,VPPVVV,15,130,300,train,7900,3819,4081,0,-26198.19,-3.32
VPPVVV-m15-e130-h300,VPPVVV,15,130,300,valid,3236,1577,1659,0,-13430.09,-4.15
VPPVVV-m15-e140-h200,VPPVVV,15,140,200,train,7900,3793,4107,0,-26893.26,-3.4
VPPVVV-m15-e140-h200,VPPVVV,15,140,200,valid,3236,1565,1671,0,-13846.53,-4.28
VPPVVV-m15-e140-h250,VPPVVV,15,140,250,train,7900,3793,4107,0,-26893.26,-3.4
VPPVVV-m15-e140-h250,VPPVVV,15,140,250,valid,3236,1565,1671,0,-13846.53,-4.28
VPPVVV-m15-e140-h300,VPPVVV,15,140,300,train,7900,3793,4107,0,-26893.26,-3.4
VPPVVV-m15-e140-h300,VPPVVV,15,140,300,valid,3236,1565,1671,0,-13846.53,-4.28
VPPVVV-m20-e120-h200,VPPVVV,20,120,200,train,7378,3660,3718,0,-22420.95,-3.04
VPPVVV-m20-e120-h200,VPPVVV,20,120,200,valid,3044,1537,1507,0,-8985.25,-2.95
VPPVVV-m20-e120-h250,VPPVVV,20,120,250,train,7378,3660,3718,0,-22420.95,-3.04
VPPVVV-m20-e120-h250,VPPVVV,20,120,250,valid,3044,1537,1507,0,-8985.25,-2.95
VPPVVV-m20-e120-h300,VPPVVV,20,120,300,train,7378,3660,3718,0,-22420.95,-3.04
VPPVVV-m20-e120-h300,VPPVVV,20,120,300,valid,3044,1537,1507,0,-8985.25,-2.95
VPPVVV-m20-e130-h200,VPPVVV,20,130,200,train,7378,3616,3762,0,-27450.69,-3.72
VPPVVV-m20-e130-h200,VPPVVV,20,130,200,valid,3044,1526,1518,0,-9890.8,-3.25
VPPVVV-m20-e130-h250,VPPVVV,20,130,250,train,7378,3616,3762,0,-27450.69,-3.72
VPPVVV-m20-e130-h250,VPPVVV,20,130,250,valid,3044,1526,1518,0,-9890.8,-3.25
VPPVVV-m20-e130-h300,VPPVVV,20,130,300,train,7378,3616,3762,0,-27450.69,-3.72
VPPVVV-m20-e130-h300,VPPVVV,20,130,300,valid,3044,1526,1518,0,-9890.8,-3.25
VPPVVV-m20-e140-h200,VPPVVV,20,140,200,train,7378,3588,3790,0,-29143.71,-3.95
VPPVVV-m20-e140-h200,VPPVVV,20,140,200,valid,3044,1515,1529,0,-10296.83,-3.38
VPPVVV-m20-e140-h250,VPPVVV,20,140,250,train,7378,3588,3790,0,-29143.71,-3.95
VPPVVV-m20-e140-h250,VPPVVV,20,140,250,valid,3044,1515,1529,0,-10296.83,-3.38
VPPVVV-m20-e140-h300,VPPVVV,20,140,300,train,7378,3588,3790,0,-29143.71,-3.95
VPPVVV-m20-e140-h300,VPPVVV,20,140,300,valid,3044,1515,1529,0,-10296.83,-3.38
VPVPPP-m5-e120-h200,VPVPPP,5,120,200,train,9542,5070,4472,0,-24757.66,-2.59
VPVPPP-m5-e120-h200,VPVPPP,5,120,200,valid,3853,2119,1734,0,-3592.67,-0.93
VPVPPP-m5-e120-h250,VPVPPP,5,120,250,train,9542,5070,4472,0,-24757.66,-2.59
VPVPPP-m5-e120-h250,VPVPPP,5,120,250,valid,3853,2119,1734,0,-3592.67,-0.93
VPVPPP-m5-e120-h300,VPVPPP,5,120,300,train,9542,5070,4472,0,-24757.66,-2.59
VPVPPP-m5-e120-h300,VPVPPP,5,120,300,valid,3853,2119,1734,0,-3592.67,-0.93
VPVPPP-m5-e130-h200,VPVPPP,5,130,200,train,9542,5002,4540,0,-21775.13,-2.28
VPVPPP-m5-e130-h200,VPVPPP,5,130,200,valid,3853,2082,1771,0,-4649.93,-1.21
VPVPPP-m5-e130-h250,VPVPPP,5,130,250,train,9542,5002,4540,0,-21775.13,-2.28
VPVPPP-m5-e130-h250,VPVPPP,5,130,250,valid,3853,2082,1771,0,-4649.93,-1.21
VPVPPP-m5-e130-h300,VPVPPP,5,130,300,train,9542,5002,4540,0,-21775.13,-2.28
VPVPPP-m5-e130-h300,VPVPPP,5,130,300,valid,3853,2082,1771,0,-4649.93,-1.21
VPVPPP-m5-e140-h200,VPVPPP,5,140,200,train,9542,4951,4591,0,-16508.62,-1.73
VPVPPP-m5-e140-h200,VPVPPP,5,140,200,valid,3853,2034,1819,0,-7185.88,-1.87
VPVPPP-m5-e140-h250,VPVPPP,5,140,250,train,9542,4951,4591,0,-16508.62,-1.73
VPVPPP-m5-e140-h250,VPVPPP,5,140,250,valid,3853,2034,1819,0,-7185.88,-1.87
VPVPPP-m5-e140-h300,VPVPPP,5,140,300,train,9542,4951,4591,0,-16508.62,-1.73
VPVPPP-m5-e140-h300,VPVPPP,5,140,300,valid,3853,2034,1819,0,-7185.88,-1.87
VPVPPP-m10-e120-h200,VPVPPP,10,120,200,train,8653,4593,4060,0,-25108.19,-2.9
VPVPPP-m10-e120-h200,VPVPPP,10,120,200,valid,3505,1926,1579,0,-5999.51,-1.71
VPVPPP-m10-e120-h250,VPVPPP,10,120,250,train,8653,4593,4060,0,-25108.19,-2.9
VPVPPP-m10-e120-h250,VPVPPP,10,120,250,valid,3505,1926,1579,0,-5999.51,-1.71
VPVPPP-m10-e120-h300,VPVPPP,10,120,300,train,8653,4593,4060,0,-25108.19,-2.9
VPVPPP-m10-e120-h300,VPVPPP,10,120,300,valid,3505,1926,1579,0,-5999.51,-1.71
VPVPPP-m10-e130-h200,VPVPPP,10,130,200,train,8653,4557,4096,0,-18595.92,-2.15
VPVPPP-m10-e130-h200,VPVPPP,10,130,200,valid,3505,1898,1607,0,-6485.4,-1.85
VPVPPP-m10-e130-h250,VPVPPP,10,130,250,train,8653,4557,4096,0,-18595.92,-2.15
VPVPPP-m10-e130-h250,VPVPPP,10,130,250,valid,3505,1898,1607,0,-6485.4,-1.85
VPVPPP-m10-e130-h300,VPVPPP,10,130,300,train,8653,4557,4096,0,-18595.92,-2.15
VPVPPP-m10-e130-h300,VPVPPP,10,130,300,valid,3505,1898,1607,0,-6485.4,-1.85
VPVPPP-m10-e140-h200,VPVPPP,10,140,200,train,8653,4521,4132,0,-12843.19,-1.48
VPVPPP-m10-e140-h200,VPVPPP,10,140,200,valid,3505,1852,1653,0,-9950.08,-2.84
VPVPPP-m10-e140-h250,VPVPPP,10,140,250,train,8653,4521,4132,0,-12843.19,-1.48
VPVPPP-m10-e140-h250,VPVPPP,10,140,250,valid,3505,1852,1653,0,-9950.08,-2.84
VPVPPP-m10-e140-h300,VPVPPP,10,140,300,train,8653,4521,4132,0,-12843.19,-1.48
VPVPPP-m10-e140-h300,VPVPPP,10,140,300,valid,3505,1852,1653,0,-9950.08,-2.84
VPVPPP-m15-e120-h200,VPVPPP,15,120,200,train,7900,4170,3730,0,-27539.04,-3.49
VPVPPP-m15-e120-h200,VPVPPP,15,120,200,valid,3236,1791,1445,0,-5665.31,-1.75
VPVPPP-m15-e120-h250,VPVPPP,15,120,250,train,7900,4170,3730,0,-27539.04,-3.49
VPVPPP-m15-e120-h250,VPVPPP,15,120,250,valid,3236,1791,1445,0,-5665.31,-1.75
VPVPPP-m15-e120-h300,VPVPPP,15,120,300,train,7900,4170,3730,0,-27539.04,-3.49
VPVPPP-m15-e120-h300,VPVPPP,15,120,300,valid,3236,1791,1445,0,-5665.31,-1.75
VPVPPP-m15-e130-h200,VPVPPP,15,130,200,train,7900,4161,3739,0,-18436.73,-2.33
VPVPPP-m15-e130-h200,VPVPPP,15,130,200,valid,3236,1763,1473,0,-6949.25,-2.15
VPVPPP-m15-e130-h250,VPVPPP,15,130,250,train,7900,4161,3739,0,-18436.73,-2.33
VPVPPP-m15-e130-h250,VPVPPP,15,130,250,valid,3236,1763,1473,0,-6949.25,-2.15
VPVPPP-m15-e130-h300,VPVPPP,15,130,300,train,7900,4161,3739,0,-18436.73,-2.33
VPVPPP-m15-e130-h300,VPVPPP,15,130,300,valid,3236,1763,1473,0,-6949.25,-2.15
VPVPPP-m15-e140-h200,VPVPPP,15,140,200,train,7900,4138,3762,0,-12462.88,-1.58
VPVPPP-m15-e140-h200,VPVPPP,15,140,200,valid,3236,1728,1508,0,-9297.21,-2.87
VPVPPP-m15-e140-h250,VPVPPP,15,140,250,train,7900,4138,3762,0,-12462.88,-1.58
VPVPPP-m15-e140-h250,VPVPPP,15,140,250,valid,3236,1728,1508,0,-9297.21,-2.87
VPVPPP-m15-e140-h300,VPVPPP,15,140,300,train,7900,4138,3762,0,-12462.88,-1.58
VPVPPP-m15-e140-h300,VPVPPP,15,140,300,valid,3236,1728,1508,0,-9297.21,-2.87
VPVPPP-m20-e120-h200,VPVPPP,20,120,200,train,7378,3884,3494,0,-27989.47,-3.79
VPVPPP-m20-e120-h200,VPVPPP,20,120,200,valid,3044,1684,1360,0,-5344.28,-1.76
VPVPPP-m20-e120-h250,VPVPPP,20,120,250,train,7378,3884,3494,0,-27989.47,-3.79
VPVPPP-m20-e120-h250,VPVPPP,20,120,250,valid,3044,1684,1360,0,-5344.28,-1.76
VPVPPP-m20-e120-h300,VPVPPP,20,120,300,train,7378,3884,3494,0,-27989.47,-3.79
VPVPPP-m20-e120-h300,VPVPPP,20,120,300,valid,3044,1684,1360,0,-5344.28,-1.76
VPVPPP-m20-e130-h200,VPVPPP,20,130,200,train,7378,3884,3494,0,-18936.18,-2.57
VPVPPP-m20-e130-h200,VPVPPP,20,130,200,valid,3044,1666,1378,0,-5438.5,-1.79
VPVPPP-m20-e130-h250,VPVPPP,20,130,250,train,7378,3884,3494,0,-18936.18,-2.57
VPVPPP-m20-e130-h250,VPVPPP,20,130,250,valid,3044,1666,1378,0,-5438.5,-1.79
VPVPPP-m20-e130-h300,VPVPPP,20,130,300,train,7378,3884,3494,0,-18936.18,-2.57
VPVPPP-m20-e130-h300,VPVPPP,20,130,300,valid,3044,1666,1378,0,-5438.5,-1.79
VPVPPP-m20-e140-h200,VPVPPP,20,140,200,train,7378,3857,3521,0,-15610.09,-2.12
VPVPPP-m20-e140-h200,VPVPPP,20,140,200,valid,3044,1640,1404,0,-6657.1,-2.19
VPVPPP-m20-e140-h250,VPVPPP,20,140,250,train,7378,3857,3521,0,-15610.09,-2.12
VPVPPP-m20-e140-h250,VPVPPP,20,140,250,valid,3044,1640,1404,0,-6657.1,-2.19
VPVPPP-m20-e140-h300,VPVPPP,20,140,300,train,7378,3857,3521,0,-15610.09,-2.12
VPVPPP-m20-e140-h300,VPVPPP,20,140,300,valid,3044,1640,1404,0,-6657.1,-2.19
VPVPPV-m5-e120-h200,VPVPPV,5,120,200,train,9542,4827,4715,0,-26068.54,-2.73
VPVPPV-m5-e120-h200,VPVPPV,5,120,200,valid,3853,1989,1864,0,-5579.36,-1.45
VPVPPV-m5-e120-h250,VPVPPV,5,120,250,train,9542,4827,4715,0,-26068.54,-2.73
VPVPPV-m5-e120-h250,VPVPPV,5,120,250,valid,3853,1989,1864,0,-5579.36,-1.45
VPVPPV-m5-e120-h300,VPVPPV,5,120,300,train,9542,4827,4715,0,-26068.54,-2.73
VPVPPV-m5-e120-h300,VPVPPV,5,120,300,valid,3853,1989,1864,0,-5579.36,-1.45
VPVPPV-m5-e130-h200,VPVPPV,5,130,200,train,9542,4764,4778,0,-26233.53,-2.75
VPVPPV-m5-e130-h200,VPVPPV,5,130,200,valid,3853,1969,1884,0,-4847.57,-1.26
VPVPPV-m5-e130-h250,VPVPPV,5,130,250,train,9542,4764,4778,0,-26233.53,-2.75
VPVPPV-m5-e130-h250,VPVPPV,5,130,250,valid,3853,1969,1884,0,-4847.57,-1.26
VPVPPV-m5-e130-h300,VPVPPV,5,130,300,train,9542,4764,4778,0,-26233.53,-2.75
VPVPPV-m5-e130-h300,VPVPPV,5,130,300,valid,3853,1969,1884,0,-4847.57,-1.26
VPVPPV-m5-e140-h200,VPVPPV,5,140,200,train,9542,4744,4798,0,-18692.05,-1.96
VPVPPV-m5-e140-h200,VPVPPV,5,140,200,valid,3853,1925,1928,0,-8490.33,-2.2
VPVPPV-m5-e140-h250,VPVPPV,5,140,250,train,9542,4744,4798,0,-18692.05,-1.96
VPVPPV-m5-e140-h250,VPVPPV,5,140,250,valid,3853,1925,1928,0,-8490.33,-2.2
VPVPPV-m5-e140-h300,VPVPPV,5,140,300,train,9542,4744,4798,0,-18692.05,-1.96
VPVPPV-m5-e140-h300,VPVPPV,5,140,300,valid,3853,1925,1928,0,-8490.33,-2.2
VPVPPV-m10-e120-h200,VPVPPV,10,120,200,train,8653,4390,4263,0,-28403.98,-3.28
VPVPPV-m10-e120-h200,VPVPPV,10,120,200,valid,3505,1815,1690,0,-9350.97,-2.67
VPVPPV-m10-e120-h250,VPVPPV,10,120,250,train,8653,4390,4263,0,-28403.98,-3.28
VPVPPV-m10-e120-h250,VPVPPV,10,120,250,valid,3505,1815,1690,0,-9350.97,-2.67
VPVPPV-m10-e120-h300,VPVPPV,10,120,300,train,8653,4390,4263,0,-28403.98,-3.28
VPVPPV-m10-e120-h300,VPVPPV,10,120,300,valid,3505,1815,1690,0,-9350.97,-2.67
VPVPPV-m10-e130-h200,VPVPPV,10,130,200,train,8653,4352,4301,0,-25787.19,-2.98
VPVPPV-m10-e130-h200,VPVPPV,10,130,200,valid,3505,1803,1702,0,-8045.86,-2.3
VPVPPV-m10-e130-h250,VPVPPV,10,130,250,train,8653,4352,4301,0,-25787.19,-2.98
VPVPPV-m10-e130-h250,VPVPPV,10,130,250,valid,3505,1803,1702,0,-8045.86,-2.3
VPVPPV-m10-e130-h300,VPVPPV,10,130,300,train,8653,4352,4301,0,-25787.19,-2.98
VPVPPV-m10-e130-h300,VPVPPV,10,130,300,valid,3505,1803,1702,0,-8045.86,-2.3
VPVPPV-m10-e140-h200,VPVPPV,10,140,200,train,8653,4342,4311,0,-18160.76,-2.1
VPVPPV-m10-e140-h200,VPVPPV,10,140,200,valid,3505,1763,1742,0,-11802.03,-3.37
VPVPPV-m10-e140-h250,VPVPPV,10,140,250,train,8653,4342,4311,0,-18160.76,-2.1
VPVPPV-m10-e140-h250,VPVPPV,10,140,250,valid,3505,1763,1742,0,-11802.03,-3.37
VPVPPV-m10-e140-h300,VPVPPV,10,140,300,train,8653,4342,4311,0,-18160.76,-2.1
VPVPPV-m10-e140-h300,VPVPPV,10,140,300,valid,3505,1763,1742,0,-11802.03,-3.37
VPVPPV-m15-e120-h200,VPVPPV,15,120,200,train,7900,4012,3888,0,-32181.31,-4.07
VPVPPV-m15-e120-h200,VPVPPV,15,120,200,valid,3236,1694,1542,0,-10300.25,-3.18
VPVPPV-m15-e120-h250,VPVPPV,15,120,250,train,7900,4012,3888,0,-32181.31,-4.07
VPVPPV-m15-e120-h250,VPVPPV,15,120,250,valid,3236,1694,1542,0,-10300.25,-3.18
VPVPPV-m15-e120-h300,VPVPPV,15,120,300,train,7900,4012,3888,0,-32181.31,-4.07
VPVPPV-m15-e120-h300,VPVPPV,15,120,300,valid,3236,1694,1542,0,-10300.25,-3.18
VPVPPV-m15-e130-h200,VPVPPV,15,130,200,train,7900,3996,3904,0,-27297.18,-3.46
VPVPPV-m15-e130-h200,VPVPPV,15,130,200,valid,3236,1682,1554,0,-9654.18,-2.98
VPVPPV-m15-e130-h250,VPVPPV,15,130,250,train,7900,3996,3904,0,-27297.18,-3.46
VPVPPV-m15-e130-h250,VPVPPV,15,130,250,valid,3236,1682,1554,0,-9654.18,-2.98
VPVPPV-m15-e130-h300,VPVPPV,15,130,300,train,7900,3996,3904,0,-27297.18,-3.46
VPVPPV-m15-e130-h300,VPVPPV,15,130,300,valid,3236,1682,1554,0,-9654.18,-2.98
VPVPPV-m15-e140-h200,VPVPPV,15,140,200,train,7900,3999,3901,0,-19025.98,-2.41
VPVPPV-m15-e140-h200,VPVPPV,15,140,200,valid,3236,1655,1581,0,-11687.99,-3.61
VPVPPV-m15-e140-h250,VPVPPV,15,140,250,train,7900,3999,3901,0,-19025.98,-2.41
VPVPPV-m15-e140-h250,VPVPPV,15,140,250,valid,3236,1655,1581,0,-11687.99,-3.61
VPVPPV-m15-e140-h300,VPVPPV,15,140,300,train,7900,3999,3901,0,-19025.98,-2.41
VPVPPV-m15-e140-h300,VPVPPV,15,140,300,valid,3236,1655,1581,0,-11687.99,-3.61
VPVPPV-m20-e120-h200,VPVPPV,20,120,200,train,7378,3768,3610,0,-31713.62,-4.3
VPVPPV-m20-e120-h200,VPVPPV,20,120,200,valid,3044,1606,1438,0,-9888.02,-3.25
VPVPPV-m20-e120-h250,VPVPPV,20,120,250,train,7378,3768,3610,0,-31713.62,-4.3
VPVPPV-m20-e120-h250,VPVPPV,20,120,250,valid,3044,1606,1438,0,-9888.02,-3.25
VPVPPV-m20-e120-h300,VPVPPV,20,120,300,train,7378,3768,3610,0,-31713.62,-4.3
VPVPPV-m20-e120-h300,VPVPPV,20,120,300,valid,3044,1606,1438,0,-9888.02,-3.25
VPVPPV-m20-e130-h200,VPVPPV,20,130,200,train,7378,3764,3614,0,-25956.07,-3.52
VPVPPV-m20-e130-h200,VPVPPV,20,130,200,valid,3044,1598,1446,0,-9007.56,-2.96
VPVPPV-m20-e130-h250,VPVPPV,20,130,250,train,7378,3764,3614,0,-25956.07,-3.52
VPVPPV-m20-e130-h250,VPVPPV,20,130,250,valid,3044,1598,1446,0,-9007.56,-2.96
VPVPPV-m20-e130-h300,VPVPPV,20,130,300,train,7378,3764,3614,0,-25956.07,-3.52
VPVPPV-m20-e130-h300,VPVPPV,20,130,300,valid,3044,1598,1446,0,-9007.56,-2.96
VPVPPV-m20-e140-h200,VPVPPV,20,140,200,train,7378,3759,3619,0,-20561.73,-2.79
VPVPPV-m20-e140-h200,VPVPPV,20,140,200,valid,3044,1577,1467,0,-10373.94,-3.41
VPVPPV-m20-e140-h250,VPVPPV,20,140,250,train,7378,3759,3619,0,-20561.73,-2.79
VPVPPV-m20-e140-h250,VPVPPV,20,140,250,valid,3044,1577,1467,0,-10373.94,-3.41
VPVPPV-m20-e140-h300,VPVPPV,20,140,300,train,7378,3759,3619,0,-20561.73,-2.79
VPVPPV-m20-e140-h300,VPVPPV,20,140,300,valid,3044,1577,1467,0,-10373.94,-3.41
VPVPVP-m5-e120-h200,VPVPVP,5,120,200,train,9542,4845,4697,0,-21063.84,-2.21
VPVPVP-m5-e120-h200,VPVPVP,5,120,200,valid,3853,1969,1884,0,-8899.01,-2.31
VPVPVP-m5-e120-h250,VPVPVP,5,120,250,train,9542,4845,4697,0,-21063.84,-2.21
VPVPVP-m5-e120-h250,VPVPVP,5,120,250,valid,3853,1969,1884,0,-8899.01,-2.31
VPVPVP-m5-e120-h300,VPVPVP,5,120,300,train,9542,4845,4697,0,-21063.84,-2.21
VPVPVP-m5-e120-h300,VPVPVP,5,120,300,valid,3853,1969,1884,0,-8899.01,-2.31
VPVPVP-m5-e130-h200,VPVPVP,5,130,200,train,9542,4774,4768,0,-22947.18,-2.4
VPVPVP-m5-e130-h200,VPVPVP,5,130,200,valid,3853,1947,1906,0,-8693.33,-2.26
VPVPVP-m5-e130-h250,VPVPVP,5,130,250,train,9542,4774,4768,0,-22947.18,-2.4
VPVPVP-m5-e130-h250,VPVPVP,5,130,250,valid,3853,1947,1906,0,-8693.33,-2.26
VPVPVP-m5-e130-h300,VPVPVP,5,130,300,train,9542,4774,4768,0,-22947.18,-2.4
VPVPVP-m5-e130-h300,VPVPVP,5,130,300,valid,3853,1947,1906,0,-8693.33,-2.26
VPVPVP-m5-e140-h200,VPVPVP,5,140,200,train,9542,4724,4818,0,-21545.29,-2.26
VPVPVP-m5-e140-h200,VPVPVP,5,140,200,valid,3853,1917,1936,0,-9408.77,-2.44
VPVPVP-m5-e140-h250,VPVPVP,5,140,250,train,9542,4724,4818,0,-21545.29,-2.26
VPVPVP-m5-e140-h250,VPVPVP,5,140,250,valid,3853,1917,1936,0,-9408.77,-2.44
VPVPVP-m5-e140-h300,VPVPVP,5,140,300,train,9542,4724,4818,0,-21545.29,-2.26
VPVPVP-m5-e140-h300,VPVPVP,5,140,300,valid,3853,1917,1936,0,-9408.77,-2.44
VPVPVP-m10-e120-h200,VPVPVP,10,120,200,train,8653,4420,4233,0,-19738.22,-2.28
VPVPVP-m10-e120-h200,VPVPVP,10,120,200,valid,3505,1801,1704,0,-12332.88,-3.52
VPVPVP-m10-e120-h250,VPVPVP,10,120,250,train,8653,4420,4233,0,-19738.22,-2.28
VPVPVP-m10-e120-h250,VPVPVP,10,120,250,valid,3505,1801,1704,0,-12332.88,-3.52
VPVPVP-m10-e120-h300,VPVPVP,10,120,300,train,8653,4420,4233,0,-19738.22,-2.28
VPVPVP-m10-e120-h300,VPVPVP,10,120,300,valid,3505,1801,1704,0,-12332.88,-3.52
VPVPVP-m10-e130-h200,VPVPVP,10,130,200,train,8653,4376,4277,0,-18330.55,-2.12
VPVPVP-m10-e130-h200,VPVPVP,10,130,200,valid,3505,1785,1720,0,-11827.01,-3.37
VPVPVP-m10-e130-h250,VPVPVP,10,130,250,train,8653,4376,4277,0,-18330.55,-2.12
VPVPVP-m10-e130-h250,VPVPVP,10,130,250,valid,3505,1785,1720,0,-11827.01,-3.37
VPVPVP-m10-e130-h300,VPVPVP,10,130,300,train,8653,4376,4277,0,-18330.55,-2.12
VPVPVP-m10-e130-h300,VPVPVP,10,130,300,valid,3505,1785,1720,0,-11827.01,-3.37
VPVPVP-m10-e140-h200,VPVPVP,10,140,200,train,8653,4334,4319,0,-17249.36,-1.99
VPVPVP-m10-e140-h200,VPVPVP,10,140,200,valid,3505,1756,1749,0,-13426.5,-3.83
VPVPVP-m10-e140-h250,VPVPVP,10,140,250,train,8653,4334,4319,0,-17249.36,-1.99
VPVPVP-m10-e140-h250,VPVPVP,10,140,250,valid,3505,1756,1749,0,-13426.5,-3.83
VPVPVP-m10-e140-h300,VPVPVP,10,140,300,train,8653,4334,4319,0,-17249.36,-1.99
VPVPVP-m10-e140-h300,VPVPVP,10,140,300,valid,3505,1756,1749,0,-13426.5,-3.83
VPVPVP-m15-e120-h200,VPVPVP,15,120,200,train,7900,4045,3855,0,-22247.3,-2.82
VPVPVP-m15-e120-h200,VPVPVP,15,120,200,valid,3236,1690,1546,0,-11842.51,-3.66
VPVPVP-m15-e120-h250,VPVPVP,15,120,250,train,7900,4045,3855,0,-22247.3,-2.82
VPVPVP-m15-e120-h250,VPVPVP,15,120,250,valid,3236,1690,1546,0,-11842.51,-3.66
VPVPVP-m15-e120-h300,VPVPVP,15,120,300,train,7900,4045,3855,0,-22247.3,-2.82
VPVPVP-m15-e120-h300,VPVPVP,15,120,300,valid,3236,1690,1546,0,-11842.51,-3.66
VPVPVP-m15-e130-h200,VPVPVP,15,130,200,train,7900,4021,3879,0,-18871.54,-2.39
VPVPVP-m15-e130-h200,VPVPVP,15,130,200,valid,3236,1674,1562,0,-11952.47,-3.69
VPVPVP-m15-e130-h250,VPVPVP,15,130,250,train,7900,4021,3879,0,-18871.54,-2.39
VPVPVP-m15-e130-h250,VPVPVP,15,130,250,valid,3236,1674,1562,0,-11952.47,-3.69
VPVPVP-m15-e130-h300,VPVPVP,15,130,300,train,7900,4021,3879,0,-18871.54,-2.39
VPVPVP-m15-e130-h300,VPVPVP,15,130,300,valid,3236,1674,1562,0,-11952.47,-3.69
VPVPVP-m15-e140-h200,VPVPVP,15,140,200,train,7900,3993,3907,0,-16771.5,-2.12
VPVPVP-m15-e140-h200,VPVPVP,15,140,200,valid,3236,1654,1582,0,-12567.9,-3.88
VPVPVP-m15-e140-h250,VPVPVP,15,140,250,train,7900,3993,3907,0,-16771.5,-2.12
VPVPVP-m15-e140-h250,VPVPVP,15,140,250,valid,3236,1654,1582,0,-12567.9,-3.88
VPVPVP-m15-e140-h300,VPVPVP,15,140,300,train,7900,3993,3907,0,-16771.5,-2.12
VPVPVP-m15-e140-h300,VPVPVP,15,140,300,valid,3236,1654,1582,0,-12567.9,-3.88
VPVPVP-m20-e120-h200,VPVPVP,20,120,200,train,7378,3777,3601,0,-26158.6,-3.55
VPVPVP-m20-e120-h200,VPVPVP,20,120,200,valid,3044,1615,1429,0,-8601.01,-2.83
VPVPVP-m20-e120-h250,VPVPVP,20,120,250,train,7378,3777,3601,0,-26158.6,-3.55
VPVPVP-m20-e120-h250,VPVPVP,20,120,250,valid,3044,1615,1429,0,-8601.01,-2.83
VPVPVP-m20-e120-h300,VPVPVP,20,120,300,train,7378,3777,3601,0,-26158.6,-3.55
VPVPVP-m20-e120-h300,VPVPVP,20,120,300,valid,3044,1615,1429,0,-8601.01,-2.83
VPVPVP-m20-e130-h200,VPVPVP,20,130,200,train,7378,3759,3619,0,-22865.34,-3.1
VPVPVP-m20-e130-h200,VPVPVP,20,130,200,valid,3044,1605,1439,0,-8126.83,-2.67
VPVPVP-m20-e130-h250,VPVPVP,20,130,250,train,7378,3759,3619,0,-22865.34,-3.1
VPVPVP-m20-e130-h250,VPVPVP,20,130,250,valid,3044,1605,1439,0,-8126.83,-2.67
VPVPVP-m20-e130-h300,VPVPVP,20,130,300,train,7378,3759,3619,0,-22865.34,-3.1
VPVPVP-m20-e130-h300,VPVPVP,20,130,300,valid,3044,1605,1439,0,-8126.83,-2.67
VPVPVP-m20-e140-h200,VPVPVP,20,140,200,train,7378,3729,3649,0,-22599.49,-3.06
VPVPVP-m20-e140-h200,VPVPVP,20,140,200,valid,3044,1590,1454,0,-8097.46,-2.66
VPVPVP-m20-e140-h250,VPVPVP,20,140,250,train,7378,3729,3649,0,-22599.49,-3.06
VPVPVP-m20-e140-h250,VPVPVP,20,140,250,valid,3044,1590,1454,0,-8097.46,-2.66
VPVPVP-m20-e140-h300,VPVPVP,20,140,300,train,7378,3729,3649,0,-22599.49,-3.06
VPVPVP-m20-e140-h300,VPVPVP,20,140,300,valid,3044,1590,1454,0,-8097.46,-2.66
VPVPVV-m5-e120-h200,VPVPVV,5,120,200,train,9542,4602,4940,0,-22374.72,-2.34
VPVPVV-m5-e120-h200,VPVPVV,5,120,200,valid,3853,1839,2014,0,-10885.7,-2.83
VPVPVV-m5-e120-h250,VPVPVV,5,120,250,train,9542,4602,4940,0,-22374.72,-2.34
VPVPVV-m5-e120-h250,VPVPVV,5,120,250,valid,3853,1839,2014,0,-10885.7,-2.83
VPVPVV-m5-e120-h300,VPVPVV,5,120,300,train,9542,4602,4940,0,-22374.72,-2.34
VPVPVV-m5-e120-h300,VPVPVV,5,120,300,valid,3853,1839,2014,0,-10885.7,-2.83
VPVPVV-m5-e130-h200,VPVPVV,5,130,200,train,9542,4536,5006,0,-27405.58,-2.87
VPVPVV-m5-e130-h200,VPVPVV,5,130,200,valid,3853,1834,2019,0,-8890.97,-2.31
VPVPVV-m5-e130-h250,VPVPVV,5,130,250,train,9542,4536,5006,0,-27405.58,-2.87
VPVPVV-m5-e130-h250,VPVPVV,5,130,250,valid,3853,1834,2019,0,-8890.97,-2.31
VPVPVV-m5-e130-h300,VPVPVV,5,130,300,train,9542,4536,5006,0,-27405.58,-2.87
VPVPVV-m5-e130-h300,VPVPVV,5,130,300,valid,3853,1834,2019,0,-8890.97,-2.31
VPVPVV-m5-e140-h200,VPVPVV,5,140,200,train,9542,4517,5025,0,-23728.72,-2.49
VPVPVV-m5-e140-h200,VPVPVV,5,140,200,valid,3853,1808,2045,0,-10713.22,-2.78
VPVPVV-m5-e140-h250,VPVPVV,5,140,250,train,9542,4517,5025,0,-23728.72,-2.49
VPVPVV-m5-e140-h250,VPVPVV,5,140,250,valid,3853,1808,2045,0,-10713.22,-2.78
VPVPVV-m5-e140-h300,VPVPVV,5,140,300,train,9542,4517,5025,0,-23728.72,-2.49
VPVPVV-m5-e140-h300,VPVPVV,5,140,300,valid,3853,1808,2045,0,-10713.22,-2.78
VPVPVV-m10-e120-h200,VPVPVV,10,120,200,train,8653,4217,4436,0,-23034.01,-2.66
VPVPVV-m10-e120-h200,VPVPVV,10,120,200,valid,3505,1690,1815,0,-15684.34,-4.47
VPVPVV-m10-e120-h250,VPVPVV,10,120,250,train,8653,4217,4436,0,-23034.01,-2.66
VPVPVV-m10-e120-h250,VPVPVV,10,120,250,valid,3505,1690,1815,0,-15684.34,-4.47
VPVPVV-m10-e120-h300,VPVPVV,10,120,300,train,8653,4217,4436,0,-23034.01,-2.66
VPVPVV-m10-e120-h300,VPVPVV,10,120,300,valid,3505,1690,1815,0,-15684.34,-4.47
VPVPVV-m10-e130-h200,VPVPVV,10,130,200,train,8653,4171,4482,0,-25521.82,-2.95
VPVPVV-m10-e130-h200,VPVPVV,10,130,200,valid,3505,1690,1815,0,-13387.47,-3.82
VPVPVV-m10-e130-h250,VPVPVV,10,130,250,train,8653,4171,4482,0,-25521.82,-2.95
VPVPVV-m10-e130-h250,VPVPVV,10,130,250,valid,3505,1690,1815,0,-13387.47,-3.82
VPVPVV-m10-e130-h300,VPVPVV,10,130,300,train,8653,4171,4482,0,-25521.82,-2.95
VPVPVV-m10-e130-h300,VPVPVV,10,130,300,valid,3505,1690,1815,0,-13387.47,-3.82
VPVPVV-m10-e140-h200,VPVPVV,10,140,200,train,8653,4155,4498,0,-22566.93,-2.61
VPVPVV-m10-e140-h200,VPVPVV,10,140,200,valid,3505,1667,1838,0,-15278.45,-4.36
VPVPVV-m10-e140-h250,VPVPVV,10,140,250,train,8653,4155,4498,0,-22566.93,-2.61
VPVPVV-m10-e140-h250,VPVPVV,10,140,250,valid,3505,1667,1838,0,-15278.45,-4.36
VPVPVV-m10-e140-h300,VPVPVV,10,140,300,train,8653,4155,4498,0,-22566.93,-2.61
VPVPVV-m10-e140-h300,VPVPVV,10,140,300,valid,3505,1667,1838,0,-15278.45,-4.36
VPVPVV-m15-e120-h200,VPVPVV,15,120,200,train,7900,3887,4013,0,-26889.57,-3.4
VPVPVV-m15-e120-h200,VPVPVV,15,120,200,valid,3236,1593,1643,0,-16477.45,-5.09
VPVPVV-m15-e120-h250,VPVPVV,15,120,250,train,7900,3887,4013,0,-26889.57,-3.4
VPVPVV-m15-e120-h250,VPVPVV,15,120,250,valid,3236,1593,1643,0,-16477.45,-5.09
VPVPVV-m15-e120-h300,VPVPVV,15,120,300,train,7900,3887,4013,0,-26889.57,-3.4
VPVPVV-m15-e120-h300,VPVPVV,15,120,300,valid,3236,1593,1643,0,-16477.45,-5.09
VPVPVV-m15-e130-h200,VPVPVV,15,130,200,train,7900,3856,4044,0,-27731.99,-3.51
VPVPVV-m15-e130-h200,VPVPVV,15,130,200,valid,3236,1593,1643,0,-14657.4,-4.53
VPVPVV-m15-e130-h250,VPVPVV,15,130,250,train,7900,3856,4044,0,-27731.99,-3.51
VPVPVV-m15-e130-h250,VPVPVV,15,130,250,valid,3236,1593,1643,0,-14657.4,-4.53
VPVPVV-m15-e130-h300,VPVPVV,15,130,300,train,7900,3856,4044,0,-27731.99,-3.51
VPVPVV-m15-e130-h300,VPVPVV,15,130,300,valid,3236,1593,1643,0,-14657.4,-4.53
VPVPVV-m15-e140-h200,VPVPVV,15,140,200,train,7900,3854,4046,0,-23334.6,-2.95
VPVPVV-m15-e140-h200,VPVPVV,15,140,200,valid,3236,1581,1655,0,-14958.68,-4.62
VPVPVV-m15-e140-h250,VPVPVV,15,140,250,train,7900,3854,4046,0,-23334.6,-2.95
VPVPVV-m15-e140-h250,VPVPVV,15,140,250,valid,3236,1581,1655,0,-14958.68,-4.62
VPVPVV-m15-e140-h300,VPVPVV,15,140,300,train,7900,3854,4046,0,-23334.6,-2.95
VPVPVV-m15-e140-h300,VPVPVV,15,140,300,valid,3236,1581,1655,0,-14958.68,-4.62
VPVPVV-m20-e120-h200,VPVPVV,20,120,200,train,7378,3661,3717,0,-29882.75,-4.05
VPVPVV-m20-e120-h200,VPVPVV,20,120,200,valid,3044,1537,1507,0,-13144.75,-4.32
VPVPVV-m20-e120-h250,VPVPVV,20,120,250,train,7378,3661,3717,0,-29882.75,-4.05
VPVPVV-m20-e120-h250,VPVPVV,20,120,250,valid,3044,1537,1507,0,-13144.75,-4.32
VPVPVV-m20-e120-h300,VPVPVV,20,120,300,train,7378,3661,3717,0,-29882.75,-4.05
VPVPVV-m20-e120-h300,VPVPVV,20,120,300,valid,3044,1537,1507,0,-13144.75,-4.32
VPVPVV-m20-e130-h200,VPVPVV,20,130,200,train,7378,3639,3739,0,-29885.23,-4.05
VPVPVV-m20-e130-h200,VPVPVV,20,130,200,valid,3044,1537,1507,0,-11695.89,-3.84
VPVPVV-m20-e130-h250,VPVPVV,20,130,250,train,7378,3639,3739,0,-29885.23,-4.05
VPVPVV-m20-e130-h250,VPVPVV,20,130,250,valid,3044,1537,1507,0,-11695.89,-3.84
VPVPVV-m20-e130-h300,VPVPVV,20,130,300,train,7378,3639,3739,0,-29885.23,-4.05
VPVPVV-m20-e130-h300,VPVPVV,20,130,300,valid,3044,1537,1507,0,-11695.89,-3.84
VPVPVV-m20-e140-h200,VPVPVV,20,140,200,train,7378,3631,3747,0,-27551.13,-3.73
VPVPVV-m20-e140-h200,VPVPVV,20,140,200,valid,3044,1527,1517,0,-11814.3,-3.88
VPVPVV-m20-e140-h250,VPVPVV,20,140,250,train,7378,3631,3747,0,-27551.13,-3.73
VPVPVV-m20-e140-h250,VPVPVV,20,140,250,valid,3044,1527,1517,0,-11814.3,-3.88
VPVPVV-m20-e140-h300,VPVPVV,20,140,300,train,7378,3631,3747,0,-27551.13,-3.73
VPVPVV-m20-e140-h300,VPVPVV,20,140,300,valid,3044,1527,1517,0,-11814.3,-3.88
VPVVPP-m5-e120-h200,VPVVPP,5,120,200,train,9542,4814,4728,0,-27607.89,-2.89
VPVVPP-m5-e120-h200,VPVVPP,5,120,200,valid,3853,1973,1880,0,-9571.76,-2.48
VPVVPP-m5-e120-h250,VPVVPP,5,120,250,train,9542,4814,4728,0,-27607.89,-2.89
VPVVPP-m5-e120-h250,VPVVPP,5,120,250,valid,3853,1973,1880,0,-9571.76,-2.48
VPVVPP-m5-e120-h300,VPVVPP,5,120,300,train,9542,4814,4728,0,-27607.89,-2.89
VPVVPP-m5-e120-h300,VPVVPP,5,120,300,valid,3853,1973,1880,0,-9571.76,-2.48
VPVVPP-m5-e130-h200,VPVVPP,5,130,200,train,9542,4770,4772,0,-24139.99,-2.53
VPVVPP-m5-e130-h200,VPVVPP,5,130,200,valid,3853,1939,1914,0,-11608.72,-3.01
VPVVPP-m5-e130-h250,VPVVPP,5,130,250,train,9542,4770,4772,0,-24139.99,-2.53
VPVVPP-m5-e130-h250,VPVVPP,5,130,250,valid,3853,1939,1914,0,-11608.72,-3.01
VPVVPP-m5-e130-h300,VPVVPP,5,130,300,train,9542,4770,4772,0,-24139.99,-2.53
VPVVPP-m5-e130-h300,VPVVPP,5,130,300,valid,3853,1939,1914,0,-11608.72,-3.01
VPVVPP-m5-e140-h200,VPVVPP,5,140,200,train,9542,4740,4802,0,-18930.03,-1.98
VPVVPP-m5-e140-h200,VPVVPP,5,140,200,valid,3853,1910,1943,0,-11945.08,-3.1
VPVVPP-m5-e140-h250,VPVVPP,5,140,250,train,9542,4740,4802,0,-18930.03,-1.98
VPVVPP-m5-e140-h250,VPVVPP,5,140,250,valid,3853,1910,1943,0,-11945.08,-3.1
VPVVPP-m5-e140-h300,VPVVPP,5,140,300,train,9542,4740,4802,0,-18930.03,-1.98
VPVVPP-m5-e140-h300,VPVVPP,5,140,300,valid,3853,1910,1943,0,-11945.08,-3.1
VPVVPP-m10-e120-h200,VPVVPP,10,120,200,train,8653,4394,4259,0,-26679.08,-3.08
VPVVPP-m10-e120-h200,VPVVPP,10,120,200,valid,3505,1833,1672,0,-6869.86,-1.96
VPVVPP-m10-e120-h250,VPVVPP,10,120,250,train,8653,4394,4259,0,-26679.08,-3.08
VPVVPP-m10-e120-h250,VPVVPP,10,120,250,valid,3505,1833,1672,0,-6869.86,-1.96
VPVVPP-m10-e120-h300,VPVVPP,10,120,300,train,8653,4394,4259,0,-26679.08,-3.08
VPVVPP-m10-e120-h300,VPVVPP,10,120,300,valid,3505,1833,1672,0,-6869.86,-1.96
VPVVPP-m10-e130-h200,VPVVPP,10,130,200,train,8653,4369,4284,0,-21472.26,-2.48
VPVVPP-m10-e130-h200,VPVVPP,10,130,200,valid,3505,1807,1698,0,-8140.32,-2.32
VPVVPP-m10-e130-h250,VPVVPP,10,130,250,train,8653,4369,4284,0,-21472.26,-2.48
VPVVPP-m10-e130-h250,VPVVPP,10,130,250,valid,3505,1807,1698,0,-8140.32,-2.32
VPVVPP-m10-e130-h300,VPVVPP,10,130,300,train,8653,4369,4284,0,-21472.26,-2.48
VPVVPP-m10-e130-h300,VPVVPP,10,130,300,valid,3505,1807,1698,0,-8140.32,-2.32
VPVVPP-m10-e140-h200,VPVVPP,10,140,200,train,8653,4351,4302,0,-15594.6,-1.8
VPVVPP-m10-e140-h200,VPVVPP,10,140,200,valid,3505,1777,1728,0,-9560.63,-2.73
VPVVPP-m10-e140-h250,VPVVPP,10,140,250,train,8653,4351,4302,0,-15594.6,-1.8
VPVVPP-m10-e140-h250,VPVVPP,10,140,250,valid,3505,1777,1728,0,-9560.63,-2.73
VPVVPP-m10-e140-h300,VPVVPP,10,140,300,train,8653,4351,4302,0,-15594.6,-1.8
VPVVPP-m10-e140-h300,VPVVPP,10,140,300,valid,3505,1777,1728,0,-9560.63,-2.73
VPVVPP-m15-e120-h200,VPVVPP,15,120,200,train,7900,4035,3865,0,-26224.74,-3.32
VPVVPP-m15-e120-h200,VPVVPP,15,120,200,valid,3236,1719,1517,0,-6593.83,-2.04
VPVVPP-m15-e120-h250,VPVVPP,15,120,250,train,7900,4035,3865,0,-26224.74,-3.32
VPVVPP-m15-e120-h250,VPVVPP,15,120,250,valid,3236,1719,1517,0,-6593.83,-2.04
VPVVPP-m15-e120-h300,VPVVPP,15,120,300,train,7900,4035,3865,0,-26224.74,-3.32
VPVVPP-m15-e120-h300,VPVVPP,15,120,300,valid,3236,1719,1517,0,-6593.83,-2.04
VPVVPP-m15-e130-h200,VPVVPP,15,130,200,train,7900,4024,3876,0,-20218.17,-2.56
VPVVPP-m15-e130-h200,VPVVPP,15,130,200,valid,3236,1694,1542,0,-8264.87,-2.55
VPVVPP-m15-e130-h250,VPVVPP,15,130,250,train,7900,4024,3876,0,-20218.17,-2.56
VPVVPP-m15-e130-h250,VPVVPP,15,130,250,valid,3236,1694,1542,0,-8264.87,-2.55
VPVVPP-m15-e130-h300,VPVVPP,15,130,300,train,7900,4024,3876,0,-20218.17,-2.56
VPVVPP-m15-e130-h300,VPVVPP,15,130,300,valid,3236,1694,1542,0,-8264.87,-2.55
VPVVPP-m15-e140-h200,VPVVPP,15,140,200,train,7900,4005,3895,0,-16181.45,-2.05
VPVVPP-m15-e140-h200,VPVVPP,15,140,200,valid,3236,1671,1565,0,-9109.45,-2.82
VPVVPP-m15-e140-h250,VPVVPP,15,140,250,train,7900,4005,3895,0,-16181.45,-2.05
VPVVPP-m15-e140-h250,VPVVPP,15,140,250,valid,3236,1671,1565,0,-9109.45,-2.82
VPVVPP-m15-e140-h300,VPVVPP,15,140,300,train,7900,4005,3895,0,-16181.45,-2.05
VPVVPP-m15-e140-h300,VPVVPP,15,140,300,valid,3236,1671,1565,0,-9109.45,-2.82
VPVVPP-m20-e120-h200,VPVVPP,20,120,200,train,7378,3775,3603,0,-28336.59,-3.84
VPVVPP-m20-e120-h200,VPVVPP,20,120,200,valid,3044,1635,1409,0,-4485.91,-1.47
VPVVPP-m20-e120-h250,VPVVPP,20,120,250,train,7378,3775,3603,0,-28336.59,-3.84
VPVVPP-m20-e120-h250,VPVVPP,20,120,250,valid,3044,1635,1409,0,-4485.91,-1.47
VPVVPP-m20-e120-h300,VPVVPP,20,120,300,train,7378,3775,3603,0,-28336.59,-3.84
VPVVPP-m20-e120-h300,VPVVPP,20,120,300,valid,3044,1635,1409,0,-4485.91,-1.47
VPVVPP-m20-e130-h200,VPVVPP,20,130,200,train,7378,3770,3608,0,-22459.84,-3.04
VPVVPP-m20-e130-h200,VPVVPP,20,130,200,valid,3044,1618,1426,0,-5171.95,-1.7
VPVVPP-m20-e130-h250,VPVVPP,20,130,250,train,7378,3770,3608,0,-22459.84,-3.04
VPVVPP-m20-e130-h250,VPVVPP,20,130,250,valid,3044,1618,1426,0,-5171.95,-1.7
VPVVPP-m20-e130-h300,VPVVPP,20,130,300,train,7378,3770,3608,0,-22459.84,-3.04
VPVVPP-m20-e130-h300,VPVVPP,20,130,300,valid,3044,1618,1426,0,-5171.95,-1.7
VPVVPP-m20-e140-h200,VPVVPP,20,140,200,train,7378,3750,3628,0,-19942.29,-2.7
VPVVPP-m20-e140-h200,VPVVPP,20,140,200,valid,3044,1603,1441,0,-5059.63,-1.66
VPVVPP-m20-e140-h250,VPVVPP,20,140,250,train,7378,3750,3628,0,-19942.29,-2.7
VPVVPP-m20-e140-h250,VPVVPP,20,140,250,valid,3044,1603,1441,0,-5059.63,-1.66
VPVVPP-m20-e140-h300,VPVVPP,20,140,300,train,7378,3750,3628,0,-19942.29,-2.7
VPVVPP-m20-e140-h300,VPVVPP,20,140,300,valid,3044,1603,1441,0,-5059.63,-1.66
VPVVPV-m5-e120-h200,VPVVPV,5,120,200,train,9542,4571,4971,0,-28918.77,-3.03
VPVVPV-m5-e120-h200,VPVVPV,5,120,200,valid,3853,1843,2010,0,-11558.45,-3.0
VPVVPV-m5-e120-h250,VPVVPV,5,120,250,train,9542,4571,4971,0,-28918.77,-3.03
VPVVPV-m5-e120-h250,VPVVPV,5,120,250,valid,3853,1843,2010,0,-11558.45,-3.0
VPVVPV-m5-e120-h300,VPVVPV,5,120,300,train,9542,4571,4971,0,-28918.77,-3.03
VPVVPV-m5-e120-h300,VPVVPV,5,120,300,valid,3853,1843,2010,0,-11558.45,-3.0
VPVVPV-m5-e130-h200,VPVVPV,5,130,200,train,9542,4532,5010,0,-28598.39,-3.0
VPVVPV-m5-e130-h200,VPVVPV,5,130,200,valid,3853,1826,2027,0,-11806.36,-3.06
VPVVPV-m5-e130-h250,VPVVPV,5,130,250,train,9542,4532,5010,0,-28598.39,-3.0
VPVVPV-m5-e130-h250,VPVVPV,5,130,250,valid,3853,1826,2027,0,-11806.36,-3.06
VPVVPV-m5-e130-h300,VPVVPV,5,130,300,train,9542,4532,5010,0,-28598.39,-3.0
VPVVPV-m5-e130-h300,VPVVPV,5,130,300,valid,3853,1826,2027,0,-11806.36,-3.06
VPVVPV-m5-e140-h200,VPVVPV,5,140,200,train,9542,4533,5009,0,-21113.46,-2.21
VPVVPV-m5-e140-h200,VPVVPV,5,140,200,valid,3853,1801,2052,0,-13249.53,-3.44
VPVVPV-m5-e140-h250,VPVVPV,5,140,250,train,9542,4533,5009,0,-21113.46,-2.21
VPVVPV-m5-e140-h250,VPVVPV,5,140,250,valid,3853,1801,2052,0,-13249.53,-3.44
VPVVPV-m5-e140-h300,VPVVPV,5,140,300,train,9542,4533,5009,0,-21113.46,-2.21
VPVVPV-m5-e140-h300,VPVVPV,5,140,300,valid,3853,1801,2052,0,-13249.53,-3.44
VPVVPV-m10-e120-h200,VPVVPV,10,120,200,train,8653,4191,4462,0,-29974.87,-3.46
VPVVPV-m10-e120-h200,VPVVPV,10,120,200,valid,3505,1722,1783,0,-10221.32,-2.92
VPVVPV-m10-e120-h250,VPVVPV,10,120,250,train,8653,4191,4462,0,-29974.87,-3.46
VPVVPV-m10-e120-h250,VPVVPV,10,120,250,valid,3505,1722,1783,0,-10221.32,-2.92
VPVVPV-m10-e120-h300,VPVVPV,10,120,300,train,8653,4191,4462,0,-29974.87,-3.46
VPVVPV-m10-e120-h300,VPVVPV,10,120,300,valid,3505,1722,1783,0,-10221.32,-2.92
VPVVPV-m10-e130-h200,VPVVPV,10,130,200,train,8653,4164,4489,0,-28663.53,-3.31
VPVVPV-m10-e130-h200,VPVVPV,10,130,200,valid,3505,1712,1793,0,-9700.78,-2.77
VPVVPV-m10-e130-h250,VPVVPV,10,130,250,train,8653,4164,4489,0,-28663.53,-3.31
VPVVPV-m10-e130-h250,VPVVPV,10,130,250,valid,3505,1712,1793,0,-9700.78,-2.77
VPVVPV-m10-e130-h300,VPVVPV,10,130,300,train,8653,4164,4489,0,-28663.53,-3.31
VPVVPV-m10-e130-h300,VPVVPV,10,130,300,valid,3505,1712,1793,0,-9700.78,-2.77
VPVVPV-m10-e140-h200,VPVVPV,10,140,200,train,8653,4172,4481,0,-20912.17,-2.42
VPVVPV-m10-e140-h200,VPVVPV,10,140,200,valid,3505,1688,1817,0,-11412.58,-3.26
VPVVPV-m10-e140-h250,VPVVPV,10,140,250,train,8653,4172,4481,0,-20912.17,-2.42
VPVVPV-m10-e140-h250,VPVVPV,10,140,250,valid,3505,1688,1817,0,-11412.58,-3.26
VPVVPV-m10-e140-h300,VPVVPV,10,140,300,train,8653,4172,4481,0,-20912.17,-2.42
VPVVPV-m10-e140-h300,VPVVPV,10,140,300,valid,3505,1688,1817,0,-11412.58,-3.26
VPVVPV-m15-e120-h200,VPVVPV,15,120,200,train,7900,3877,4023,0,-30867.01,-3.91
VPVVPV-m15-e120-h200,VPVVPV,15,120,200,valid,3236,1622,1614,0,-11228.77,-3.47
VPVVPV-m15-e120-h250,VPVVPV,15,120,250,train,7900,3877,4023,0,-30867.01,-3.91
VPVVPV-m15-e120-h250,VPVVPV,15,120,250,valid,3236,1622,1614,0,-11228.77,-3.47
VPVVPV-m15-e120-h300,VPVVPV,15,120,300,train,7900,3877,4023,0,-30867.01,-3.91
VPVVPV-m15-e120-h300,VPVVPV,15,120,300,valid,3236,1622,1614,0,-11228.77,-3.47
VPVVPV-m15-e130-h200,VPVVPV,15,130,200,train,7900,3859,4041,0,-29078.62,-3.68
VPVVPV-m15-e130-h200,VPVVPV,15,130,200,valid,3236,1613,1623,0,-10969.8,-3.39
VPVVPV-m15-e130-h250,VPVVPV,15,130,250,train,7900,3859,4041,0,-29078.62,-3.68
VPVVPV-m15-e130-h250,VPVVPV,15,130,250,valid,3236,1613,1623,0,-10969.8,-3.39
VPVVPV-m15-e130-h300,VPVVPV,15,130,300,train,7900,3859,4041,0,-29078.62,-3.68
VPVVPV-m15-e130-h300,VPVVPV,15,130,300,valid,3236,1613,1623,0,-10969.8,-3.39
VPVVPV-m15-e140-h200,VPVVPV,15,140,200,train,7900,3866,4034,0,-22744.55,-2.88
VPVVPV-m15-e140-h200,VPVVPV,15,140,200,valid,3236,1598,1638,0,-11500.23,-3.55
VPVVPV-m15-e140-h250,VPVVPV,15,140,250,train,7900,3866,4034,0,-22744.55,-2.88
VPVVPV-m15-e140-h250,VPVVPV,15,140,250,valid,3236,1598,1638,0,-11500.23,-3.55
VPVVPV-m15-e140-h300,VPVVPV,15,140,300,train,7900,3866,4034,0,-22744.55,-2.88
VPVVPV-m15-e140-h300,VPVVPV,15,140,300,valid,3236,1598,1638,0,-11500.23,-3.55
VPVVPV-m20-e120-h200,VPVVPV,20,120,200,train,7378,3659,3719,0,-32060.74,-4.35
VPVVPV-m20-e120-h200,VPVVPV,20,120,200,valid,3044,1557,1487,0,-9029.65,-2.97
VPVVPV-m20-e120-h250,VPVVPV,20,120,250,train,7378,3659,3719,0,-32060.74,-4.35
VPVVPV-m20-e120-h250,VPVVPV,20,120,250,valid,3044,1557,1487,0,-9029.65,-2.97
VPVVPV-m20-e120-h300,VPVVPV,20,120,300,train,7378,3659,3719,0,-32060.74,-4.35
VPVVPV-m20-e120-h300,VPVVPV,20,120,300,valid,3044,1557,1487,0,-9029.65,-2.97
VPVVPV-m20-e130-h200,VPVVPV,20,130,200,train,7378,3650,3728,0,-29479.73,-4.0
VPVVPV-m20-e130-h200,VPVVPV,20,130,200,valid,3044,1550,1494,0,-8741.01,-2.87
VPVVPV-m20-e130-h250,VPVVPV,20,130,250,train,7378,3650,3728,0,-29479.73,-4.0
VPVVPV-m20-e130-h250,VPVVPV,20,130,250,valid,3044,1550,1494,0,-8741.01,-2.87
VPVVPV-m20-e130-h300,VPVVPV,20,130,300,train,7378,3650,3728,0,-29479.73,-4.0
VPVVPV-m20-e130-h300,VPVVPV,20,130,300,valid,3044,1550,1494,0,-8741.01,-2.87
VPVVPV-m20-e140-h200,VPVVPV,20,140,200,train,7378,3652,3726,0,-24893.93,-3.37
VPVVPV-m20-e140-h200,VPVVPV,20,140,200,valid,3044,1540,1504,0,-8776.47,-2.88
VPVVPV-m20-e140-h250,VPVVPV,20,140,250,train,7378,3652,3726,0,-24893.93,-3.37
VPVVPV-m20-e140-h250,VPVVPV,20,140,250,valid,3044,1540,1504,0,-8776.47,-2.88
VPVVPV-m20-e140-h300,VPVVPV,20,140,300,train,7378,3652,3726,0,-24893.93,-3.37
VPVVPV-m20-e140-h300,VPVVPV,20,140,300,valid,3044,1540,1504,0,-8776.47,-2.88
VPVVVP-m5-e120-h200,VPVVVP,5,120,200,train,9542,4589,4953,0,-23914.07,-2.51
VPVVVP-m5-e120-h200,VPVVVP,5,120,200,valid,3853,1823,2030,0,-14878.1,-3.86
VPVVVP-m5-e120-h250,VPVVVP,5,120,250,train,9542,4589,4953,0,-23914.07,-2.51
VPVVVP-m5-e120-h250,VPVVVP,5,120,250,valid,3853,1823,2030,0,-14878.1,-3.86
VPVVVP-m5-e120-h300,VPVVVP,5,120,300,train,9542,4589,4953,0,-23914.07,-2.51
VPVVVP-m5-e120-h300,VPVVVP,5,120,300,valid,3853,1823,2030,0,-14878.1,-3.86
VPVVVP-m5-e130-h200,VPVVVP,5,130,200,train,9542,4542,5000,0,-25312.04,-2.65
VPVVVP-m5-e130-h200,VPVVVP,5,130,200,valid,3853,1804,2049,0,-15652.12,-4.06
VPVVVP-m5-e130-h250,VPVVVP,5,130,250,train,9542,4542,5000,0,-25312.04,-2.65
VPVVVP-m5-e130-h250,VPVVVP,5,130,250,valid,3853,1804,2049,0,-15652.12,-4.06
VPVVVP-m5-e130-h300,VPVVVP,5,130,300,train,9542,4542,5000,0,-25312.04,-2.65
VPVVVP-m5-e130-h300,VPVVVP,5,130,300,valid,3853,1804,2049,0,-15652.12,-4.06
VPVVVP-m5-e140-h200,VPVVVP,5,140,200,train,9542,4513,5029,0,-23966.7,-2.51
VPVVVP-m5-e140-h200,VPVVVP,5,140,200,valid,3853,1793,2060,0,-14167.97,-3.68
VPVVVP-m5-e140-h250,VPVVVP,5,140,250,train,9542,4513,5029,0,-23966.7,-2.51
VPVVVP-m5-e140-h250,VPVVVP,5,140,250,valid,3853,1793,2060,0,-14167.97,-3.68
VPVVVP-m5-e140-h300,VPVVVP,5,140,300,train,9542,4513,5029,0,-23966.7,-2.51
VPVVVP-m5-e140-h300,VPVVVP,5,140,300,valid,3853,1793,2060,0,-14167.97,-3.68
VPVVVP-m10-e120-h200,VPVVVP,10,120,200,train,8653,4221,4432,0,-21309.11,-2.46
VPVVVP-m10-e120-h200,VPVVVP,10,120,200,valid,3505,1708,1797,0,-13203.23,-3.77
VPVVVP-m10-e120-h250,VPVVVP,10,120,250,train,8653,4221,4432,0,-21309.11,-2.46
VPVVVP-m10-e120-h250,VPVVVP,10,120,250,valid,3505,1708,1797,0,-13203.23,-3.77
VPVVVP-m10-e120-h300,VPVVVP,10,120,300,train,8653,4221,4432,0,-21309.11,-2.46
VPVVVP-m10-e120-h300,VPVVVP,10,120,300,valid,3505,1708,1797,0,-13203.23,-3.77
VPVVVP-m10-e130-h200,VPVVVP,10,130,200,train,8653,4188,4465,0,-21206.89,-2.45
VPVVVP-m10-e130-h200,VPVVVP,10,130,200,valid,3505,1694,1811,0,-13481.93,-3.85
VPVVVP-m10-e130-h250,VPVVVP,10,130,250,train,8653,4188,4465,0,-21206.89,-2.45
VPVVVP-m10-e130-h250,VPVVVP,10,130,250,valid,3505,1694,1811,0,-13481.93,-3.85
VPVVVP-m10-e130-h300,VPVVVP,10,130,300,train,8653,4188,4465,0,-21206.89,-2.45
VPVVVP-m10-e130-h300,VPVVVP,10,130,300,valid,3505,1694,1811,0,-13481.93,-3.85
VPVVVP-m10-e140-h200,VPVVVP,10,140,200,train,8653,4164,4489,0,-20000.77,-2.31
VPVVVP-m10-e140-h200,VPVVVP,10,140,200,valid,3505,1681,1824,0,-13037.05,-3.72
VPVVVP-m10-e140-h250,VPVVVP,10,140,250,train,8653,4164,4489,0,-20000.77,-2.31
VPVVVP-m10-e140-h250,VPVVVP,10,140,250,valid,3505,1681,1824,0,-13037.05,-3.72
VPVVVP-m10-e140-h300,VPVVVP,10,140,300,train,8653,4164,4489,0,-20000.77,-2.31
VPVVVP-m10-e140-h300,VPVVVP,10,140,300,valid,3505,1681,1824,0,-13037.05,-3.72
VPVVVP-m15-e120-h200,VPVVVP,15,120,200,train,7900,3910,3990,0,-20933.0,-2.65
VPVVVP-m15-e120-h200,VPVVVP,15,120,200,valid,3236,1618,1618,0,-12771.03,-3.95
VPVVVP-m15-e120-h250,VPVVVP,15,120,250,train,7900,3910,3990,0,-20933.0,-2.65
VPVVVP-m15-e120-h250,VPVVVP,15,120,250,valid,3236,1618,1618,0,-12771.03,-3.95
VPVVVP-m15-e120-h300,VPVVVP,15,120,300,train,7900,3910,3990,0,-20933.0,-2.65
VPVVVP-m15-e120-h300,VPVVVP,15,120,300,valid,3236,1618,1618,0,-12771.03,-3.95
VPVVVP-m15-e130-h200,VPVVVP,15,130,200,train,7900,3884,4016,0,-20652.98,-2.61
VPVVVP-m15-e130-h200,VPVVVP,15,130,200,valid,3236,1605,1631,0,-13268.09,-4.1
VPVVVP-m15-e130-h250,VPVVVP,15,130,250,train,7900,3884,4016,0,-20652.98,-2.61
VPVVVP-m15-e130-h250,VPVVVP,15,130,250,valid,3236,1605,1631,0,-13268.09,-4.1
VPVVVP-m15-e130-h300,VPVVVP,15,130,300,train,7900,3884,4016,0,-20652.98,-2.61
VPVVVP-m15-e130-h300,VPVVVP,15,130,300,valid,3236,1605,1631,0,-13268.09,-4.1
VPVVVP-m15-e140-h200,VPVVVP,15,140,200,train,7900,3860,4040,0,-20490.07,-2.59
VPVVVP-m15-e140-h200,VPVVVP,15,140,200,valid,3236,1597,1639,0,-12380.14,-3.83
VPVVVP-m15-e140-h250,VPVVVP,15,140,250,train,7900,3860,4040,0,-20490.07,-2.59
VPVVVP-m15-e140-h250,VPVVVP,15,140,250,valid,3236,1597,1639,0,-12380.14,-3.83
VPVVVP-m15-e140-h300,VPVVVP,15,140,300,train,7900,3860,4040,0,-20490.07,-2.59
VPVVVP-m15-e140-h300,VPVVVP,15,140,300,valid,3236,1597,1639,0,-12380.14,-3.83
VPVVVP-m20-e120-h200,VPVVVP,20,120,200,train,7378,3668,3710,0,-26505.72,-3.59
VPVVVP-m20-e120-h200,VPVVVP,20,120,200,valid,3044,1566,1478,0,-7742.64,-2.54
VPVVVP-m20-e120-h250,VPVVVP,20,120,250,train,7378,3668,3710,0,-26505.72,-3.59
VPVVVP-m20-e120-h250,VPVVVP,20,120,250,valid,3044,1566,1478,0,-7742.64,-2.54
VPVVVP-m20-e120-h300,VPVVVP,20,120,300,train,7378,3668,3710,0,-26505.72,-3.59
VPVVVP-m20-e120-h300,VPVVVP,20,120,300,valid,3044,1566,1478,0,-7742.64,-2.54
VPVVVP-m20-e130-h200,VPVVVP,20,130,200,train,7378,3645,3733,0,-26389.0,-3.58
VPVVVP-m20-e130-h200,VPVVVP,20,130,200,valid,3044,1557,1487,0,-7860.28,-2.58
VPVVVP-m20-e130-h250,VPVVVP,20,130,250,train,7378,3645,3733,0,-26389.0,-3.58
VPVVVP-m20-e130-h250,VPVVVP,20,130,250,valid,3044,1557,1487,0,-7860.28,-2.58
VPVVVP-m20-e130-h300,VPVVVP,20,130,300,train,7378,3645,3733,0,-26389.0,-3.58
VPVVVP-m20-e130-h300,VPVVVP,20,130,300,valid,3044,1557,1487,0,-7860.28,-2.58
VPVVVP-m20-e140-h200,VPVVVP,20,140,200,train,7378,3622,3756,0,-26931.69,-3.65
VPVVVP-m20-e140-h200,VPVVVP,20,140,200,valid,3044,1553,1491,0,-6499.99,-2.14
VPVVVP-m20-e140-h250,VPVVVP,20,140,250,train,7378,3622,3756,0,-26931.69,-3.65
VPVVVP-m20-e140-h250,VPVVVP,20,140,250,valid,3044,1553,1491,0,-6499.99,-2.14
VPVVVP-m20-e140-h300,VPVVVP,20,140,300,train,7378,3622,3756,0,-26931.69,-3.65
VPVVVP-m20-e140-h300,VPVVVP,20,140,300,valid,3044,1553,1491,0,-6499.99,-2.14
VPVVVV-m5-e120-h200,VPVVVV,5,120,200,train,9542,4346,5196,0,-25224.95,-2.64
VPVVVV-m5-e120-h200,VPVVVV,5,120,200,valid,3853,1693,2160,0,-16864.79,-4.38
VPVVVV-m5-e120-h250,VPVVVV,5,120,250,train,9542,4346,5196,0,-25224.95,-2.64
VPVVVV-m5-e120-h250,VPVVVV,5,120,250,valid,3853,1693,2160,0,-16864.79,-4.38
VPVVVV-m5-e120-h300,VPVVVV,5,120,300,train,9542,4346,5196,0,-25224.95,-2.64
VPVVVV-m5-e120-h300,VPVVVV,5,120,300,valid,3853,1693,2160,0,-16864.79,-4.38
VPVVVV-m5-e130-h200,VPVVVV,5,130,200,train,9542,4304,5238,0,-29770.44,-3.12
VPVVVV-m5-e130-h200,VPVVVV,5,130,200,valid,3853,1691,2162,0,-15849.76,-4.11
VPVVVV-m5-e130-h250,VPVVVV,5,130,250,train,9542,4304,5238,0,-29770.44,-3.12
VPVVVV-m5-e130-h250,VPVVVV,5,130,250,valid,3853,1691,2162,0,-15849.76,-4.11
VPVVVV-m5-e130-h300,VPVVVV,5,130,300,train,9542,4304,5238,0,-29770.44,-3.12
VPVVVV-m5-e130-h300,VPVVVV,5,130,300,valid,3853,1691,2162,0,-15849.76,-4.11
VPVVVV-m5-e140-h200,VPVVVV,5,140,200,train,9542,4306,5236,0,-26150.13,-2.74
VPVVVV-m5-e140-h200,VPVVVV,5,140,200,valid,3853,1684,2169,0,-15472.42,-4.02
VPVVVV-m5-e140-h250,VPVVVV,5,140,250,train,9542,4306,5236,0,-26150.13,-2.74
VPVVVV-m5-e140-h250,VPVVVV,5,140,250,valid,3853,1684,2169,0,-15472.42,-4.02
VPVVVV-m5-e140-h300,VPVVVV,5,140,300,train,9542,4306,5236,0,-26150.13,-2.74
VPVVVV-m5-e140-h300,VPVVVV,5,140,300,valid,3853,1684,2169,0,-15472.42,-4.02
VPVVVV-m10-e120-h200,VPVVVV,10,120,200,train,8653,4018,4635,0,-24604.9,-2.84
VPVVVV-m10-e120-h200,VPVVVV,10,120,200,valid,3505,1597,1908,0,-16554.69,-4.72
VPVVVV-m10-e120-h250,VPVVVV,10,120,250,train,8653,4018,4635,0,-24604.9,-2.84
VPVVVV-m10-e120-h250,VPVVVV,10,120,250,valid,3505,1597,1908,0,-16554.69,-4.72
VPVVVV-m10-e120-h300,VPVVVV,10,120,300,train,8653,4018,4635,0,-24604.9,-2.84
VPVVVV-m10-e120-h300,VPVVVV,10,120,300,valid,3505,1597,1908,0,-16554.69,-4.72
VPVVVV-m10-e130-h200,VPVVVV,10,130,200,train,8653,3983,4670,0,-28398.16,-3.28
VPVVVV-m10-e130-h200,VPVVVV,10,130,200,valid,3505,1599,1906,0,-15042.39,-4.29
VPVVVV-m10-e130-h250,VPVVVV,10,130,250,train,8653,3983,4670,0,-28398.16,-3.28
VPVVVV-m10-e130-h250,VPVVVV,10,130,250,valid,3505,1599,1906,0,-15042.39,-4.29
VPVVVV-m10-e130-h300,VPVVVV,10,130,300,train,8653,3983,4670,0,-28398.16,-3.28
VPVVVV-m10-e130-h300,VPVVVV,10,130,300,valid,3505,1599,1906,0,-15042.39,-4.29
VPVVVV-m10-e140-h200,VPVVVV,10,140,200,train,8653,3985,4668,0,-25318.34,-2.93
VPVVVV-m10-e140-h200,VPVVVV,10,140,200,valid,3505,1592,1913,0,-14889.0,-4.25
VPVVVV-m10-e140-h250,VPVVVV,10,140,250,train,8653,3985,4668,0,-25318.34,-2.93
VPVVVV-m10-e140-h250,VPVVVV,10,140,250,valid,3505,1592,1913,0,-14889.0,-4.25
VPVVVV-m10-e140-h300,VPVVVV,10,140,300,train,8653,3985,4668,0,-25318.34,-2.93
VPVVVV-m10-e140-h300,VPVVVV,10,140,300,valid,3505,1592,1913,0,-14889.0,-4.25
VPVVVV-m15-e120-h200,VPVVVV,15,120,200,train,7900,3752,4148,0,-25575.27,-3.24
VPVVVV-m15-e120-h200,VPVVVV,15,120,200,valid,3236,1521,1715,0,-17405.97,-5.38
VPVVVV-m15-e120-h250,VPVVVV,15,120,250,train,7900,3752,4148,0,-25575.27,-3.24
VPVVVV-m15-e120-h250,VPVVVV,15,120,250,valid,3236,1521,1715,0,-17405.97,-5.38
VPVVVV-m15-e120-h300,VPVVVV,15,120,300,train,7900,3752,4148,0,-25575.27,-3.24
VPVVVV-m15-e120-h300,VPVVVV,15,120,300,valid,3236,1521,1715,0,-17405.97,-5.38
VPVVVV-m15-e130-h200,VPVVVV,15,130,200,train,7900,3719,4181,0,-29513.43,-3.74
VPVVVV-m15-e130-h200,VPVVVV,15,130,200,valid,3236,1524,1712,0,-15973.02,-4.94
VPVVVV-m15-e130-h250,VPVVVV,15,130,250,train,7900,3719,4181,0,-29513.43,-3.74
VPVVVV-m15-e130-h250,VPVVVV,15,130,250,valid,3236,1524,1712,0,-15973.02,-4.94
VPVVVV-m15-e130-h300,VPVVVV,15,130,300,train,7900,3719,4181,0,-29513.43,-3.74
VPVVVV-m15-e130-h300,VPVVVV,15,130,300,valid,3236,1524,1712,0,-15973.02,-4.94
VPVVVV-m15-e140-h200,VPVVVV,15,140,200,train,7900,3721,4179,0,-27053.17,-3.42
VPVVVV-m15-e140-h200,VPVVVV,15,140,200,valid,3236,1524,1712,0,-14770.92,-4.56
VPVVVV-m15-e140-h250,VPVVVV,15,140,250,train,7900,3721,4179,0,-27053.17,-3.42
VPVVVV-m15-e140-h250,VPVVVV,15,140,250,valid,3236,1524,1712,0,-14770.92,-4.56
VPVVVV-m15-e140-h300,VPVVVV,15,140,300,train,7900,3721,4179,0,-27053.17,-3.42
VPVVVV-m15-e140-h300,VPVVVV,15,140,300,valid,3236,1524,1712,0,-14770.92,-4.56
VPVVVV-m20-e120-h200,VPVVVV,20,120,200,train,7378,3552,3826,0,-30229.87,-4.1
VPVVVV-m20-e120-h200,VPVVVV,20,120,200,valid,3044,1488,1556,0,-12286.38,-4.04
VPVVVV-m20-e120-h250,VPVVVV,20,120,250,train,7378,3552,3826,0,-30229.87,-4.1
VPVVVV-m20-e120-h250,VPVVVV,20,120,250,valid,3044,1488,1556,0,-12286.38,-4.04
VPVVVV-m20-e120-h300,VPVVVV,20,120,300,train,7378,3552,3826,0,-30229.87,-4.1
VPVVVV-m20-e120-h300,VPVVVV,20,120,300,valid,3044,1488,1556,0,-12286.38,-4.04
VPVVVV-m20-e130-h200,VPVVVV,20,130,200,train,7378,3525,3853,0,-33408.89,-4.53
VPVVVV-m20-e130-h200,VPVVVV,20,130,200,valid,3044,1489,1555,0,-11429.34,-3.75
VPVVVV-m20-e130-h250,VPVVVV,20,130,250,train,7378,3525,3853,0,-33408.89,-4.53
VPVVVV-m20-e130-h250,VPVVVV,20,130,250,valid,3044,1489,1555,0,-11429.34,-3.75
VPVVVV-m20-e130-h300,VPVVVV,20,130,300,train,7378,3525,3853,0,-33408.89,-4.53
VPVVVV-m20-e130-h300,VPVVVV,20,130,300,valid,3044,1489,1555,0,-11429.34,-3.75
VPVVVV-m20-e140-h200,VPVVVV,20,140,200,train,7378,3524,3854,0,-31883.33,-4.32
VPVVVV-m20-e140-h200,VPVVVV,20,140,200,valid,3044,1490,1554,0,-10216.83,-3.36
VPVVVV-m20-e140-h250,VPVVVV,20,140,250,train,7378,3524,3854,0,-31883.33,-4.32
VPVVVV-m20-e140-h250,VPVVVV,20,140,250,valid,3044,1490,1554,0,-10216.83,-3.36
VPVVVV-m20-e140-h300,VPVVVV,20,140,300,train,7378,3524,3854,0,-31883.33,-4.32
VPVVVV-m20-e140-h300,VPVVVV,20,140,300,valid,3044,1490,1554,0,-10216.83,-3.36
VVPPPP-m5-e120-h200,VVPPPP,5,120,200,train,9542,5038,4504,0,-17419.43,-1.83
VVPPPP-m5-e120-h200,VVPPPP,5,120,200,valid,3853,2126,1727,0,5406.09,1.4
VVPPPP-m5-e120-h250,VVPPPP,5,120,250,train,9542,5038,4504,0,-17419.43,-1.83
VVPPPP-m5-e120-h250,VVPPPP,5,120,250,valid,3853,2126,1727,0,5406.09,1.4
VVPPPP-m5-e120-h300,VVPPPP,5,120,300,train,9542,5038,4504,0,-17419.43,-1.83
VVPPPP-m5-e120-h300,VVPPPP,5,120,300,valid,3853,2126,1727,0,5406.09,1.4
VVPPPP-m5-e130-h200,VVPPPP,5,130,200,train,9542,4986,4556,0,-12244.38,-1.28
VVPPPP-m5-e130-h200,VVPPPP,5,130,200,valid,3853,2076,1777,0,1245.42,0.32
VVPPPP-m5-e130-h250,VVPPPP,5,130,250,train,9542,4986,4556,0,-12244.38,-1.28
VVPPPP-m5-e130-h250,VVPPPP,5,130,250,valid,3853,2076,1777,0,1245.42,0.32
VVPPPP-m5-e130-h300,VVPPPP,5,130,300,train,9542,4986,4556,0,-12244.38,-1.28
VVPPPP-m5-e130-h300,VVPPPP,5,130,300,valid,3853,2076,1777,0,1245.42,0.32
VVPPPP-m5-e140-h200,VVPPPP,5,140,200,train,9542,4900,4642,0,-13695.18,-1.44
VVPPPP-m5-e140-h200,VVPPPP,5,140,200,valid,3853,2021,1832,0,-3273.33,-0.85
VVPPPP-m5-e140-h250,VVPPPP,5,140,250,train,9542,4900,4642,0,-13695.18,-1.44
VVPPPP-m5-e140-h250,VVPPPP,5,140,250,valid,3853,2021,1832,0,-3273.33,-0.85
VVPPPP-m5-e140-h300,VVPPPP,5,140,300,train,9542,4900,4642,0,-13695.18,-1.44
VVPPPP-m5-e140-h300,VVPPPP,5,140,300,valid,3853,2021,1832,0,-3273.33,-0.85
VVPPPP-m10-e120-h200,VVPPPP,10,120,200,train,8653,4581,4072,0,-16811.48,-1.94
VVPPPP-m10-e120-h200,VVPPPP,10,120,200,valid,3505,1935,1570,0,2042.86,0.58
VVPPPP-m10-e120-h250,VVPPPP,10,120,250,train,8653,4581,4072,0,-16811.48,-1.94
VVPPPP-m10-e120-h250,VVPPPP,10,120,250,valid,3505,1935,1570,0,2042.86,0.58
VVPPPP-m10-e120-h300,VVPPPP,10,120,300,train,8653,4581,4072,0,-16811.48,-1.94
VVPPPP-m10-e120-h300,VVPPPP,10,120,300,valid,3505,1935,1570,0,2042.86,0.58
VVPPPP-m10-e130-h200,VVPPPP,10,130,200,train,8653,4561,4092,0,-8022.66,-0.93
VVPPPP-m10-e130-h200,VVPPPP,10,130,200,valid,3505,1892,1613,0,-1753.33,-0.5
VVPPPP-m10-e130-h250,VVPPPP,10,130,250,train,8653,4561,4092,0,-8022.66,-0.93
VVPPPP-m10-e130-h250,VVPPPP,10,130,250,valid,3505,1892,1613,0,-1753.33,-0.5
VVPPPP-m10-e130-h300,VVPPPP,10,130,300,train,8653,4561,4092,0,-8022.66,-0.93
VVPPPP-m10-e130-h300,VVPPPP,10,130,300,valid,3505,1892,1613,0,-1753.33,-0.5
VVPPPP-m10-e140-h200,VVPPPP,10,140,200,train,8653,4493,4160,0,-8509.01,-0.98
VVPPPP-m10-e140-h200,VVPPPP,10,140,200,valid,3505,1840,1665,0,-7010.87,-2.0
VVPPPP-m10-e140-h250,VVPPPP,10,140,250,train,8653,4493,4160,0,-8509.01,-0.98
VVPPPP-m10-e140-h250,VVPPPP,10,140,250,valid,3505,1840,1665,0,-7010.87,-2.0
VVPPPP-m10-e140-h300,VVPPPP,10,140,300,train,8653,4493,4160,0,-8509.01,-0.98
VVPPPP-m10-e140-h300,VVPPPP,10,140,300,valid,3505,1840,1665,0,-7010.87,-2.0
VVPPPP-m15-e120-h200,VVPPPP,15,120,200,train,7900,4201,3699,0,-13073.47,-1.65
VVPPPP-m15-e120-h200,VVPPPP,15,120,200,valid,3236,1790,1446,0,-1018.46,-0.31
VVPPPP-m15-e120-h250,VVPPPP,15,120,250,train,7900,4201,3699,0,-13073.47,-1.65
VVPPPP-m15-e120-h250,VVPPPP,15,120,250,valid,3236,1790,1446,0,-1018.46,-0.31
VVPPPP-m15-e120-h300,VVPPPP,15,120,300,train,7900,4201,3699,0,-13073.47,-1.65
VVPPPP-m15-e120-h300,VVPPPP,15,120,300,valid,3236,1790,1446,0,-1018.46,-0.31
VVPPPP-m15-e130-h200,VVPPPP,15,130,200,train,7900,4210,3690,0,-1110.11,-0.14
VVPPPP-m15-e130-h200,VVPPPP,15,130,200,valid,3236,1745,1491,0,-5782.98,-1.79
VVPPPP-m15-e130-h250,VVPPPP,15,130,250,train,7900,4210,3690,0,-1110.11,-0.14
VVPPPP-m15-e130-h250,VVPPPP,15,130,250,valid,3236,1745,1491,0,-5782.98,-1.79
VVPPPP-m15-e130-h300,VVPPPP,15,130,300,train,7900,4210,3690,0,-1110.11,-0.14
VVPPPP-m15-e130-h300,VVPPPP,15,130,300,valid,3236,1745,1491,0,-5782.98,-1.79
VVPPPP-m15-e140-h200,VVPPPP,15,140,200,train,7900,4157,3743,0,-751.85,-0.1
VVPPPP-m15-e140-h200,VVPPPP,15,140,200,valid,3236,1698,1538,0,-10951.58,-3.38
VVPPPP-m15-e140-h250,VVPPPP,15,140,250,train,7900,4157,3743,0,-751.85,-0.1
VVPPPP-m15-e140-h250,VVPPPP,15,140,250,valid,3236,1698,1538,0,-10951.58,-3.38
VVPPPP-m15-e140-h300,VVPPPP,15,140,300,train,7900,4157,3743,0,-751.85,-0.1
VVPPPP-m15-e140-h300,VVPPPP,15,140,300,valid,3236,1698,1538,0,-10951.58,-3.38
VVPPPP-m20-e120-h200,VVPPPP,20,120,200,train,7378,3921,3457,0,-14635.53,-1.98
VVPPPP-m20-e120-h200,VVPPPP,20,120,200,valid,3044,1679,1365,0,-2523.4,-0.83
VVPPPP-m20-e120-h250,VVPPPP,20,120,250,train,7378,3921,3457,0,-14635.53,-1.98
VVPPPP-m20-e120-h250,VVPPPP,20,120,250,valid,3044,1679,1365,0,-2523.4,-0.83
VVPPPP-m20-e120-h300,VVPPPP,20,120,300,train,7378,3921,3457,0,-14635.53,-1.98
VVPPPP-m20-e120-h300,VVPPPP,20,120,300,valid,3044,1679,1365,0,-2523.4,-0.83
VVPPPP-m20-e130-h200,VVPPPP,20,130,200,train,7378,3931,3447,0,-4253.94,-0.58
VVPPPP-m20-e130-h200,VVPPPP,20,130,200,valid,3044,1648,1396,0,-5237.25,-1.72
VVPPPP-m20-e130-h250,VVPPPP,20,130,250,train,7378,3931,3447,0,-4253.94,-0.58
VVPPPP-m20-e130-h250,VVPPPP,20,130,250,valid,3044,1648,1396,0,-5237.25,-1.72
VVPPPP-m20-e130-h300,VVPPPP,20,130,300,train,7378,3931,3447,0,-4253.94,-0.58
VVPPPP-m20-e130-h300,VVPPPP,20,130,300,valid,3044,1648,1396,0,-5237.25,-1.72
VVPPPP-m20-e140-h200,VVPPPP,20,140,200,train,7378,3878,3500,0,-5671.99,-0.77
VVPPPP-m20-e140-h200,VVPPPP,20,140,200,valid,3044,1609,1435,0,-9286.9,-3.05
VVPPPP-m20-e140-h250,VVPPPP,20,140,250,train,7378,3878,3500,0,-5671.99,-0.77
VVPPPP-m20-e140-h250,VVPPPP,20,140,250,valid,3044,1609,1435,0,-9286.9,-3.05
VVPPPP-m20-e140-h300,VVPPPP,20,140,300,train,7378,3878,3500,0,-5671.99,-0.77
VVPPPP-m20-e140-h300,VVPPPP,20,140,300,valid,3044,1609,1435,0,-9286.9,-3.05
VVPPPV-m5-e120-h200,VVPPPV,5,120,200,train,9542,4795,4747,0,-18730.31,-1.96
VVPPPV-m5-e120-h200,VVPPPV,5,120,200,valid,3853,1996,1857,0,3419.4,0.89
VVPPPV-m5-e120-h250,VVPPPV,5,120,250,train,9542,4795,4747,0,-18730.31,-1.96
VVPPPV-m5-e120-h250,VVPPPV,5,120,250,valid,3853,1996,1857,0,3419.4,0.89
VVPPPV-m5-e120-h300,VVPPPV,5,120,300,train,9542,4795,4747,0,-18730.31,-1.96
VVPPPV-m5-e120-h300,VVPPPV,5,120,300,valid,3853,1996,1857,0,3419.4,0.89
VVPPPV-m5-e130-h200,VVPPPV,5,130,200,train,9542,4748,4794,0,-16702.78,-1.75
VVPPPV-m5-e130-h200,VVPPPV,5,130,200,valid,3853,1963,1890,0,1047.78,0.27
VVPPPV-m5-e130-h250,VVPPPV,5,130,250,train,9542,4748,4794,0,-16702.78,-1.75
VVPPPV-m5-e130-h250,VVPPPV,5,130,250,valid,3853,1963,1890,0,1047.78,0.27
VVPPPV-m5-e130-h300,VVPPPV,5,130,300,train,9542,4748,4794,0,-16702.78,-1.75
VVPPPV-m5-e130-h300,VVPPPV,5,130,300,valid,3853,1963,1890,0,1047.78,0.27
VVPPPV-m5-e140-h200,VVPPPV,5,140,200,train,9542,4693,4849,0,-15878.61,-1.66
VVPPPV-m5-e140-h200,VVPPPV,5,140,200,valid,3853,1912,1941,0,-4577.78,-1.19
VVPPPV-m5-e140-h250,VVPPPV,5,140,250,train,9542,4693,4849,0,-15878.61,-1.66
VVPPPV-m5-e140-h250,VVPPPV,5,140,250,valid,3853,1912,1941,0,-4577.78,-1.19
VVPPPV-m5-e140-h300,VVPPPV,5,140,300,train,9542,4693,4849,0,-15878.61,-1.66
VVPPPV-m5-e140-h300,VVPPPV,5,140,300,valid,3853,1912,1941,0,-4577.78,-1.19
VVPPPV-m10-e120-h200,VVPPPV,10,120,200,train,8653,4378,4275,0,-20107.27,-2.32
VVPPPV-m10-e120-h200,VVPPPV,10,120,200,valid,3505,1824,1681,0,-1308.6,-0.37
VVPPPV-m10-e120-h250,VVPPPV,10,120,250,train,8653,4378,4275,0,-20107.27,-2.32
VVPPPV-m10-e120-h250,VVPPPV,10,120,250,valid,3505,1824,1681,0,-1308.6,-0.37
VVPPPV-m10-e120-h300,VVPPPV,10,120,300,train,8653,4378,4275,0,-20107.27,-2.32
VVPPPV-m10-e120-h300,VVPPPV,10,120,300,valid,3505,1824,1681,0,-1308.6,-0.37
VVPPPV-m10-e130-h200,VVPPPV,10,130,200,train,8653,4356,4297,0,-15213.93,-1.76
VVPPPV-m10-e130-h200,VVPPPV,10,130,200,valid,3505,1797,1708,0,-3313.79,-0.95
VVPPPV-m10-e130-h250,VVPPPV,10,130,250,train,8653,4356,4297,0,-15213.93,-1.76
VVPPPV-m10-e130-h250,VVPPPV,10,130,250,valid,3505,1797,1708,0,-3313.79,-0.95
VVPPPV-m10-e130-h300,VVPPPV,10,130,300,train,8653,4356,4297,0,-15213.93,-1.76
VVPPPV-m10-e130-h300,VVPPPV,10,130,300,valid,3505,1797,1708,0,-3313.79,-0.95
VVPPPV-m10-e140-h200,VVPPPV,10,140,200,train,8653,4314,4339,0,-13826.58,-1.6
VVPPPV-m10-e140-h200,VVPPPV,10,140,200,valid,3505,1751,1754,0,-8862.82,-2.53
VVPPPV-m10-e140-h250,VVPPPV,10,140,250,train,8653,4314,4339,0,-13826.58,-1.6
VVPPPV-m10-e140-h250,VVPPPV,10,140,250,valid,3505,1751,1754,0,-8862.82,-2.53
VVPPPV-m10-e140-h300,VVPPPV,10,140,300,train,8653,4314,4339,0,-13826.58,-1.6
VVPPPV-m10-e140-h300,VVPPPV,10,140,300,valid,3505,1751,1754,0,-8862.82,-2.53
VVPPPV-m15-e120-h200,VVPPPV,15,120,200,train,7900,4043,3857,0,-17715.74,-2.24
VVPPPV-m15-e120-h200,VVPPPV,15,120,200,valid,3236,1693,1543,0,-5653.4,-1.75
VVPPPV-m15-e120-h250,VVPPPV,15,120,250,train,7900,4043,3857,0,-17715.74,-2.24
VVPPPV-m15-e120-h250,VVPPPV,15,120,250,valid,3236,1693,1543,0,-5653.4,-1.75
VVPPPV-m15-e120-h300,VVPPPV,15,120,300,train,7900,4043,3857,0,-17715.74,-2.24
VVPPPV-m15-e120-h300,VVPPPV,15,120,300,valid,3236,1693,1543,0,-5653.4,-1.75
VVPPPV-m15-e130-h200,VVPPPV,15,130,200,train,7900,4045,3855,0,-9970.56,-1.26
VVPPPV-m15-e130-h200,VVPPPV,15,130,200,valid,3236,1664,1572,0,-8487.91,-2.62
VVPPPV-m15-e130-h250,VVPPPV,15,130,250,train,7900,4045,3855,0,-9970.56,-1.26
VVPPPV-m15-e130-h250,VVPPPV,15,130,250,valid,3236,1664,1572,0,-8487.91,-2.62
VVPPPV-m15-e130-h300,VVPPPV,15,130,300,train,7900,4045,3855,0,-9970.56,-1.26
VVPPPV-m15-e130-h300,VVPPPV,15,130,300,valid,3236,1664,1572,0,-8487.91,-2.62
VVPPPV-m15-e140-h200,VVPPPV,15,140,200,train,7900,4018,3882,0,-7314.95,-0.93
VVPPPV-m15-e140-h200,VVPPPV,15,140,200,valid,3236,1625,1611,0,-13342.36,-4.12
VVPPPV-m15-e140-h250,VVPPPV,15,140,250,train,7900,4018,3882,0,-7314.95,-0.93
VVPPPV-m15-e140-h250,VVPPPV,15,140,250,valid,3236,1625,1611,0,-13342.36,-4.12
VVPPPV-m15-e140-h300,VVPPPV,15,140,300,train,7900,4018,3882,0,-7314.95,-0.93
VVPPPV-m15-e140-h300,VVPPPV,15,140,300,valid,3236,1625,1611,0,-13342.36,-4.12
VVPPPV-m20-e120-h200,VVPPPV,20,120,200,train,7378,3805,3573,0,-18359.68,-2.49
VVPPPV-m20-e120-h200,VVPPPV,20,120,200,valid,3044,1601,1443,0,-7067.14,-2.32
VVPPPV-m20-e120-h250,VVPPPV,20,120,250,train,7378,3805,3573,0,-18359.68,-2.49
VVPPPV-m20-e120-h250,VVPPPV,20,120,250,valid,3044,1601,1443,0,-7067.14,-2.32
VVPPPV-m20-e120-h300,VVPPPV,20,120,300,train,7378,3805,3573,0,-18359.68,-2.49
VVPPPV-m20-e120-h300,VVPPPV,20,120,300,valid,3044,1601,1443,0,-7067.14,-2.32
VVPPPV-m20-e130-h200,VVPPPV,20,130,200,train,7378,3811,3567,0,-11273.83,-1.53
VVPPPV-m20-e130-h200,VVPPPV,20,130,200,valid,3044,1580,1464,0,-8806.31,-2.89
VVPPPV-m20-e130-h250,VVPPPV,20,130,250,train,7378,3811,3567,0,-11273.83,-1.53
VVPPPV-m20-e130-h250,VVPPPV,20,130,250,valid,3044,1580,1464,0,-8806.31,-2.89
VVPPPV-m20-e130-h300,VVPPPV,20,130,300,train,7378,3811,3567,0,-11273.83,-1.53
VVPPPV-m20-e130-h300,VVPPPV,20,130,300,valid,3044,1580,1464,0,-8806.31,-2.89
VVPPPV-m20-e140-h200,VVPPPV,20,140,200,train,7378,3780,3598,0,-10623.63,-1.44
VVPPPV-m20-e140-h200,VVPPPV,20,140,200,valid,3044,1546,1498,0,-13003.74,-4.27
VVPPPV-m20-e140-h250,VVPPPV,20,140,250,train,7378,3780,3598,0,-10623.63,-1.44
VVPPPV-m20-e140-h250,VVPPPV,20,140,250,valid,3044,1546,1498,0,-13003.74,-4.27
VVPPPV-m20-e140-h300,VVPPPV,20,140,300,train,7378,3780,3598,0,-10623.63,-1.44
VVPPPV-m20-e140-h300,VVPPPV,20,140,300,valid,3044,1546,1498,0,-13003.74,-4.27
VVPPVP-m5-e120-h200,VVPPVP,5,120,200,train,9542,4813,4729,0,-13725.61,-1.44
VVPPVP-m5-e120-h200,VVPPVP,5,120,200,valid,3853,1976,1877,0,99.75,0.03
VVPPVP-m5-e120-h250,VVPPVP,5,120,250,train,9542,4813,4729,0,-13725.61,-1.44
VVPPVP-m5-e120-h250,VVPPVP,5,120,250,valid,3853,1976,1877,0,99.75,0.03
VVPPVP-m5-e120-h300,VVPPVP,5,120,300,train,9542,4813,4729,0,-13725.61,-1.44
VVPPVP-m5-e120-h300,VVPPVP,5,120,300,valid,3853,1976,1877,0,99.75,0.03
VVPPVP-m5-e130-h200,VVPPVP,5,130,200,train,9542,4758,4784,0,-13416.43,-1.41
VVPPVP-m5-e130-h200,VVPPVP,5,130,200,valid,3853,1941,1912,0,-2797.98,-0.73
VVPPVP-m5-e130-h250,VVPPVP,5,130,250,train,9542,4758,4784,0,-13416.43,-1.41
VVPPVP-m5-e130-h250,VVPPVP,5,130,250,valid,3853,1941,1912,0,-2797.98,-0.73
VVPPVP-m5-e130-h300,VVPPVP,5,130,300,train,9542,4758,4784,0,-13416.43,-1.41
VVPPVP-m5-e130-h300,VVPPVP,5,130,300,valid,3853,1941,1912,0,-2797.98,-0.73
VVPPVP-m5-e140-h200,VVPPVP,5,140,200,train,9542,4673,4869,0,-18731.85,-1.96
VVPPVP-m5-e140-h200,VVPPVP,5,140,200,valid,3853,1904,1949,0,-5496.22,-1.43
VVPPVP-m5-e140-h250,VVPPVP,5,140,250,train,9542,4673,4869,0,-18731.85,-1.96
VVPPVP-m5-e140-h250,VVPPVP,5,140,250,valid,3853,1904,1949,0,-5496.22,-1.43
VVPPVP-m5-e140-h300,VVPPVP,5,140,300,train,9542,4673,4869,0,-18731.85,-1.96
VVPPVP-m5-e140-h300,VVPPVP,5,140,300,valid,3853,1904,1949,0,-5496.22,-1.43
VVPPVP-m10-e120-h200,VVPPVP,10,120,200,train,8653,4408,4245,0,-11441.51,-1.32
VVPPVP-m10-e120-h200,VVPPVP,10,120,200,valid,3505,1810,1695,0,-4290.51,-1.22
VVPPVP-m10-e120-h250,VVPPVP,10,120,250,train,8653,4408,4245,0,-11441.51,-1.32
VVPPVP-m10-e120-h250,VVPPVP,10,120,250,valid,3505,1810,1695,0,-4290.51,-1.22
VVPPVP-m10-e120-h300,VVPPVP,10,120,300,train,8653,4408,4245,0,-11441.51,-1.32
VVPPVP-m10-e120-h300,VVPPVP,10,120,300,valid,3505,1810,1695,0,-4290.51,-1.22
VVPPVP-m10-e130-h200,VVPPVP,10,130,200,train,8653,4380,4273,0,-7757.29,-0.9
VVPPVP-m10-e130-h200,VVPPVP,10,130,200,valid,3505,1779,1726,0,-7094.94,-2.02
VVPPVP-m10-e130-h250,VVPPVP,10,130,250,train,8653,4380,4273,0,-7757.29,-0.9
VVPPVP-m10-e130-h250,VVPPVP,10,130,250,valid,3505,1779,1726,0,-7094.94,-2.02
VVPPVP-m10-e130-h300,VVPPVP,10,130,300,train,8653,4380,4273,0,-7757.29,-0.9
VVPPVP-m10-e130-h300,VVPPVP,10,130,300,valid,3505,1779,1726,0,-7094.94,-2.02
VVPPVP-m10-e140-h200,VVPPVP,10,140,200,train,8653,4306,4347,0,-12915.18,-1.49
VVPPVP-m10-e140-h200,VVPPVP,10,140,200,valid,3505,1744,1761,0,-10487.29,-2.99
VVPPVP-m10-e140-h250,VVPPVP,10,140,250,train,8653,4306,4347,0,-12915.18,-1.49
VVPPVP-m10-e140-h250,VVPPVP,10,140,250,valid,3505,1744,1761,0,-10487.29,-2.99
VVPPVP-m10-e140-h300,VVPPVP,10,140,300,train,8653,4306,4347,0,-12915.18,-1.49
VVPPVP-m10-e140-h300,VVPPVP,10,140,300,valid,3505,1744,1761,0,-10487.29,-2.99
VVPPVP-m15-e120-h200,VVPPVP,15,120,200,train,7900,4076,3824,0,-7781.73,-0.99
VVPPVP-m15-e120-h200,VVPPVP,15,120,200,valid,3236,1689,1547,0,-7195.66,-2.22
VVPPVP-m15-e120-h250,VVPPVP,15,120,250,train,7900,4076,3824,0,-7781.73,-0.99
VVPPVP-m15-e120-h250,VVPPVP,15,120,250,valid,3236,1689,1547,0,-7195.66,-2.22
VVPPVP-m15-e120-h300,VVPPVP,15,120,300,train,7900,4076,3824,0,-7781.73,-0.99
VVPPVP-m15-e120-h300,VVPPVP,15,120,300,valid,3236,1689,1547,0,-7195.66,-2.22
VVPPVP-m15-e130-h200,VVPPVP,15,130,200,train,7900,4070,3830,0,-1544.92,-0.2
VVPPVP-m15-e130-h200,VVPPVP,15,130,200,valid,3236,1656,1580,0,-10786.2,-3.33
VVPPVP-m15-e130-h250,VVPPVP,15,130,250,train,7900,4070,3830,0,-1544.92,-0.2
VVPPVP-m15-e130-h250,VVPPVP,15,130,250,valid,3236,1656,1580,0,-10786.2,-3.33
VVPPVP-m15-e130-h300,VVPPVP,15,130,300,train,7900,4070,3830,0,-1544.92,-0.2
VVPPVP-m15-e130-h300,VVPPVP,15,130,300,valid,3236,1656,1580,0,-10786.2,-3.33
VVPPVP-m15-e140-h200,VVPPVP,15,140,200,train,7900,4012,3888,0,-5060.47,-0.64
VVPPVP-m15-e140-h200,VVPPVP,15,140,200,valid,3236,1624,1612,0,-14222.27,-4.4
VVPPVP-m15-e140-h250,VVPPVP,15,140,250,train,7900,4012,3888,0,-5060.47,-0.64
VVPPVP-m15-e140-h250,VVPPVP,15,140,250,valid,3236,1624,1612,0,-14222.27,-4.4
VVPPVP-m15-e140-h300,VVPPVP,15,140,300,train,7900,4012,3888,0,-5060.47,-0.64
VVPPVP-m15-e140-h300,VVPPVP,15,140,300,valid,3236,1624,1612,0,-14222.27,-4.4
VVPPVP-m20-e120-h200,VVPPVP,20,120,200,train,7378,3814,3564,0,-12804.66,-1.74
VVPPVP-m20-e120-h200,VVPPVP,20,120,200,valid,3044,1610,1434,0,-5780.13,-1.9
VVPPVP-m20-e120-h250,VVPPVP,20,120,250,train,7378,3814,3564,0,-12804.66,-1.74
VVPPVP-m20-e120-h250,VVPPVP,20,120,250,valid,3044,1610,1434,0,-5780.13,-1.9
VVPPVP-m20-e120-h300,VVPPVP,20,120,300,train,7378,3814,3564,0,-12804.66,-1.74
VVPPVP-m20-e120-h300,VVPPVP,20,120,300,valid,3044,1610,1434,0,-5780.13,-1.9
VVPPVP-m20-e130-h200,VVPPVP,20,130,200,train,7378,3806,3572,0,-8183.1,-1.11
VVPPVP-m20-e130-h200,VVPPVP,20,130,200,valid,3044,1587,1457,0,-7925.58,-2.6
VVPPVP-m20-e130-h250,VVPPVP,20,130,250,train,7378,3806,3572,0,-8183.1,-1.11
VVPPVP-m20-e130-h250,VVPPVP,20,130,250,valid,3044,1587,1457,0,-7925.58,-2.6
VVPPVP-m20-e130-h300,VVPPVP,20,130,300,train,7378,3806,3572,0,-8183.1,-1.11
VVPPVP-m20-e130-h300,VVPPVP,20,130,300,valid,3044,1587,1457,0,-7925.58,-2.6
VVPPVP-m20-e140-h200,VVPPVP,20,140,200,train,7378,3750,3628,0,-12661.39,-1.72
VVPPVP-m20-e140-h200,VVPPVP,20,140,200,valid,3044,1559,1485,0,-10727.26,-3.52
VVPPVP-m20-e140-h250,VVPPVP,20,140,250,train,7378,3750,3628,0,-12661.39,-1.72
VVPPVP-m20-e140-h250,VVPPVP,20,140,250,valid,3044,1559,1485,0,-10727.26,-3.52
VVPPVP-m20-e140-h300,VVPPVP,20,140,300,train,7378,3750,3628,0,-12661.39,-1.72
VVPPVP-m20-e140-h300,VVPPVP,20,140,300,valid,3044,1559,1485,0,-10727.26,-3.52
VVPPVV-m5-e120-h200,VVPPVV,5,120,200,train,9542,4570,4972,0,-15036.49,-1.58
VVPPVV-m5-e120-h200,VVPPVV,5,120,200,valid,3853,1846,2007,0,-1886.94,-0.49
VVPPVV-m5-e120-h250,VVPPVV,5,120,250,train,9542,4570,4972,0,-15036.49,-1.58
VVPPVV-m5-e120-h250,VVPPVV,5,120,250,valid,3853,1846,2007,0,-1886.94,-0.49
VVPPVV-m5-e120-h300,VVPPVV,5,120,300,train,9542,4570,4972,0,-15036.49,-1.58
VVPPVV-m5-e120-h300,VVPPVV,5,120,300,valid,3853,1846,2007,0,-1886.94,-0.49
VVPPVV-m5-e130-h200,VVPPVV,5,130,200,train,9542,4520,5022,0,-17874.83,-1.87
VVPPVV-m5-e130-h200,VVPPVV,5,130,200,valid,3853,1828,2025,0,-2995.62,-0.78
VVPPVV-m5-e130-h250,VVPPVV,5,130,250,train,9542,4520,5022,0,-17874.83,-1.87
VVPPVV-m5-e130-h250,VVPPVV,5,130,250,valid,3853,1828,2025,0,-2995.62,-0.78
VVPPVV-m5-e130-h300,VVPPVV,5,130,300,train,9542,4520,5022,0,-17874.83,-1.87
VVPPVV-m5-e130-h300,VVPPVV,5,130,300,valid,3853,1828,2025,0,-2995.62,-0.78
VVPPVV-m5-e140-h200,VVPPVV,5,140,200,train,9542,4466,5076,0,-20915.28,-2.19
VVPPVV-m5-e140-h200,VVPPVV,5,140,200,valid,3853,1795,2058,0,-6800.67,-1.77
VVPPVV-m5-e140-h250,VVPPVV,5,140,250,train,9542,4466,5076,0,-20915.28,-2.19
VVPPVV-m5-e140-h250,VVPPVV,5,140,250,valid,3853,1795,2058,0,-6800.67,-1.77
VVPPVV-m5-e140-h300,VVPPVV,5,140,300,train,9542,4466,5076,0,-20915.28,-2.19
VVPPVV-m5-e140-h300,VVPPVV,5,140,300,valid,3853,1795,2058,0,-6800.67,-1.77
VVPPVV-m10-e120-h200,VVPPVV,10,120,200,train,8653,4205,4448,0,-14737.3,-1.7
VVPPVV-m10-e120-h200,VVPPVV,10,120,200,valid,3505,1699,1806,0,-7641.97,-2.18
VVPPVV-m10-e120-h250,VVPPVV,10,120,250,train,8653,4205,4448,0,-14737.3,-1.7
VVPPVV-m10-e120-h250,VVPPVV,10,120,250,valid,3505,1699,1806,0,-7641.97,-2.18
VVPPVV-m10-e120-h300,VVPPVV,10,120,300,train,8653,4205,4448,0,-14737.3,-1.7
VVPPVV-m10-e120-h300,VVPPVV,10,120,300,valid,3505,1699,1806,0,-7641.97,-2.18
VVPPVV-m10-e130-h200,VVPPVV,10,130,200,train,8653,4175,4478,0,-14948.56,-1.73
VVPPVV-m10-e130-h200,VVPPVV,10,130,200,valid,3505,1684,1821,0,-8655.4,-2.47
VVPPVV-m10-e130-h250,VVPPVV,10,130,250,train,8653,4175,4478,0,-14948.56,-1.73
VVPPVV-m10-e130-h250,VVPPVV,10,130,250,valid,3505,1684,1821,0,-8655.4,-2.47
VVPPVV-m10-e130-h300,VVPPVV,10,130,300,train,8653,4175,4478,0,-14948.56,-1.73
VVPPVV-m10-e130-h300,VVPPVV,10,130,300,valid,3505,1684,1821,0,-8655.4,-2.47
VVPPVV-m10-e140-h200,VVPPVV,10,140,200,train,8653,4127,4526,0,-18232.75,-2.11
VVPPVV-m10-e140-h200,VVPPVV,10,140,200,valid,3505,1655,1850,0,-12339.24,-3.52
VVPPVV-m10-e140-h250,VVPPVV,10,140,250,train,8653,4127,4526,0,-18232.75,-2.11
VVPPVV-m10-e140-h250,VVPPVV,10,140,250,valid,3505,1655,1850,0,-12339.24,-3.52
VVPPVV-m10-e140-h300,VVPPVV,10,140,300,train,8653,4127,4526,0,-18232.75,-2.11
VVPPVV-m10-e140-h300,VVPPVV,10,140,300,valid,3505,1655,1850,0,-12339.24,-3.52
VVPPVV-m15-e120-h200,VVPPVV,15,120,200,train,7900,3918,3982,0,-12424.0,-1.57
VVPPVV-m15-e120-h200,VVPPVV,15,120,200,valid,3236,1592,1644,0,-11830.6,-3.66
VVPPVV-m15-e120-h250,VVPPVV,15,120,250,train,7900,3918,3982,0,-12424.0,-1.57
VVPPVV-m15-e120-h250,VVPPVV,15,120,250,valid,3236,1592,1644,0,-11830.6,-3.66
VVPPVV-m15-e120-h300,VVPPVV,15,120,300,train,7900,3918,3982,0,-12424.0,-1.57
VVPPVV-m15-e120-h300,VVPPVV,15,120,300,valid,3236,1592,1644,0,-11830.6,-3.66
VVPPVV-m15-e130-h200,VVPPVV,15,130,200,train,7900,3905,3995,0,-10405.37,-1.32
VVPPVV-m15-e130-h200,VVPPVV,15,130,200,valid,3236,1575,1661,0,-13491.13,-4.17
VVPPVV-m15-e130-h250,VVPPVV,15,130,250,train,7900,3905,3995,0,-10405.37,-1.32
VVPPVV-m15-e130-h250,VVPPVV,15,130,250,valid,3236,1575,1661,0,-13491.13,-4.17
VVPPVV-m15-e130-h300,VVPPVV,15,130,300,train,7900,3905,3995,0,-10405.37,-1.32
VVPPVV-m15-e130-h300,VVPPVV,15,130,300,valid,3236,1575,1661,0,-13491.13,-4.17
VVPPVV-m15-e140-h200,VVPPVV,15,140,200,train,7900,3873,4027,0,-11623.57,-1.47
VVPPVV-m15-e140-h200,VVPPVV,15,140,200,valid,3236,1551,1685,0,-16613.05,-5.13
VVPPVV-m15-e140-h250,VVPPVV,15,140,250,train,7900,3873,4027,0,-11623.57,-1.47
VVPPVV-m15-e140-h250,VVPPVV,15,140,250,valid,3236,1551,1685,0,-16613.05,-5.13
VVPPVV-m15-e140-h300,VVPPVV,15,140,300,train,7900,3873,4027,0,-11623.57,-1.47
VVPPVV-m15-e140-h300,VVPPVV,15,140,300,valid,3236,1551,1685,0,-16613.05,-5.13
VVPPVV-m20-e120-h200,VVPPVV,20,120,200,train,7378,3698,3680,0,-16528.81,-2.24
VVPPVV-m20-e120-h200,VVPPVV,20,120,200,valid,3044,1532,1512,0,-10323.87,-3.39
VVPPVV-m20-e120-h250,VVPPVV,20,120,250,train,7378,3698,3680,0,-16528.81,-2.24
VVPPVV-m20-e120-h250,VVPPVV,20,120,250,valid,3044,1532,1512,0,-10323.87,-3.39
VVPPVV-m20-e120-h300,VVPPVV,20,120,300,train,7378,3698,3680,0,-16528.81,-2.24
VVPPVV-m20-e120-h300,VVPPVV,20,120,300,valid,3044,1532,1512,0,-10323.87,-3.39
VVPPVV-m20-e130-h200,VVPPVV,20,130,200,train,7378,3686,3692,0,-15202.99,-2.06
VVPPVV-m20-e130-h200,VVPPVV,20,130,200,valid,3044,1519,1525,0,-11494.64,-3.78
VVPPVV-m20-e130-h250,VVPPVV,20,130,250,train,7378,3686,3692,0,-15202.99,-2.06
VVPPVV-m20-e130-h250,VVPPVV,20,130,250,valid,3044,1519,1525,0,-11494.64,-3.78
VVPPVV-m20-e130-h300,VVPPVV,20,130,300,train,7378,3686,3692,0,-15202.99,-2.06
VVPPVV-m20-e130-h300,VVPPVV,20,130,300,valid,3044,1519,1525,0,-11494.64,-3.78
VVPPVV-m20-e140-h200,VVPPVV,20,140,200,train,7378,3652,3726,0,-17613.03,-2.39
VVPPVV-m20-e140-h200,VVPPVV,20,140,200,valid,3044,1496,1548,0,-14444.1,-4.75
VVPPVV-m20-e140-h250,VVPPVV,20,140,250,train,7378,3652,3726,0,-17613.03,-2.39
VVPPVV-m20-e140-h250,VVPPVV,20,140,250,valid,3044,1496,1548,0,-14444.1,-4.75
VVPPVV-m20-e140-h300,VVPPVV,20,140,300,train,7378,3652,3726,0,-17613.03,-2.39
VVPPVV-m20-e140-h300,VVPPVV,20,140,300,valid,3044,1496,1548,0,-14444.1,-4.75
VVPVPP-m5-e120-h200,VVPVPP,5,120,200,train,9542,4782,4760,0,-20269.66,-2.12
VVPVPP-m5-e120-h200,VVPVPP,5,120,200,valid,3853,1980,1873,0,-573.0,-0.15
VVPVPP-m5-e120-h250,VVPVPP,5,120,250,train,9542,4782,4760,0,-20269.66,-2.12
VVPVPP-m5-e120-h250,VVPVPP,5,120,250,valid,3853,1980,1873,0,-573.0,-0.15
VVPVPP-m5-e120-h300,VVPVPP,5,120,300,train,9542,4782,4760,0,-20269.66,-2.12
VVPVPP-m5-e120-h300,VVPVPP,5,120,300,valid,3853,1980,1873,0,-573.0,-0.15
VVPVPP-m5-e130-h200,VVPVPP,5,130,200,train,9542,4754,4788,0,-14609.24,-1.53
VVPVPP-m5-e130-h200,VVPVPP,5,130,200,valid,3853,1933,1920,0,-5713.37,-1.48
VVPVPP-m5-e130-h250,VVPVPP,5,130,250,train,9542,4754,4788,0,-14609.24,-1.53
VVPVPP-m5-e130-h250,VVPVPP,5,130,250,valid,3853,1933,1920,0,-5713.37,-1.48
VVPVPP-m5-e130-h300,VVPVPP,5,130,300,train,9542,4754,4788,0,-14609.24,-1.53
VVPVPP-m5-e130-h300,VVPVPP,5,130,300,valid,3853,1933,1920,0,-5713.37,-1.48
VVPVPP-m5-e140-h200,VVPVPP,5,140,200,train,9542,4689,4853,0,-16116.59,-1.69
VVPVPP-m5-e140-h200,VVPVPP,5,140,200,valid,3853,1897,1956,0,-8032.53,-2.08
VVPVPP-m5-e140-h250,VVPVPP,5,140,250,train,9542,4689,4853,0,-16116.59,-1.69
VVPVPP-m5-e140-h250,VVPVPP,5,140,250,valid,3853,1897,1956,0,-8032.53,-2.08
VVPVPP-m5-e140-h300,VVPVPP,5,140,300,train,9542,4689,4853,0,-16116.59,-1.69
VVPVPP-m5-e140-h300,VVPVPP,5,140,300,valid,3853,1897,1956,0,-8032.53,-2.08
VVPVPP-m10-e120-h200,VVPVPP,10,120,200,train,8653,4382,4271,0,-18382.37,-2.12
VVPVPP-m10-e120-h200,VVPVPP,10,120,200,valid,3505,1842,1663,0,1172.51,0.33
VVPVPP-m10-e120-h250,VVPVPP,10,120,250,train,8653,4382,4271,0,-18382.37,-2.12
VVPVPP-m10-e120-h250,VVPVPP,10,120,250,valid,3505,1842,1663,0,1172.51,0.33
VVPVPP-m10-e120-h300,VVPVPP,10,120,300,train,8653,4382,4271,0,-18382.37,-2.12
VVPVPP-m10-e120-h300,VVPVPP,10,120,300,valid,3505,1842,1663,0,1172.51,0.33
VVPVPP-m10-e130-h200,VVPVPP,10,130,200,train,8653,4373,4280,0,-10899.0,-1.26
VVPVPP-m10-e130-h200,VVPVPP,10,130,200,valid,3505,1801,1704,0,-3408.25,-0.97
VVPVPP-m10-e130-h250,VVPVPP,10,130,250,train,8653,4373,4280,0,-10899.0,-1.26
VVPVPP-m10-e130-h250,VVPVPP,10,130,250,valid,3505,1801,1704,0,-3408.25,-0.97
VVPVPP-m10-e130-h300,VVPVPP,10,130,300,train,8653,4373,4280,0,-10899.0,-1.26
VVPVPP-m10-e130-h300,VVPVPP,10,130,300,valid,3505,1801,1704,0,-3408.25,-0.97
VVPVPP-m10-e140-h200,VVPVPP,10,140,200,train,8653,4323,4330,0,-11260.42,-1.3
VVPVPP-m10-e140-h200,VVPVPP,10,140,200,valid,3505,1765,1740,0,-6621.42,-1.89
VVPVPP-m10-e140-h250,VVPVPP,10,140,250,train,8653,4323,4330,0,-11260.42,-1.3
VVPVPP-m10-e140-h250,VVPVPP,10,140,250,valid,3505,1765,1740,0,-6621.42,-1.89
VVPVPP-m10-e140-h300,VVPVPP,10,140,300,train,8653,4323,4330,0,-11260.42,-1.3
VVPVPP-m10-e140-h300,VVPVPP,10,140,300,valid,3505,1765,1740,0,-6621.42,-1.89
VVPVPP-m15-e120-h200,VVPVPP,15,120,200,train,7900,4066,3834,0,-11759.17,-1.49
VVPVPP-m15-e120-h200,VVPVPP,15,120,200,valid,3236,1718,1518,0,-1946.98,-0.6
VVPVPP-m15-e120-h250,VVPVPP,15,120,250,train,7900,4066,3834,0,-11759.17,-1.49
VVPVPP-m15-e120-h250,VVPVPP,15,120,250,valid,3236,1718,1518,0,-1946.98,-0.6
VVPVPP-m15-e120-h300,VVPVPP,15,120,300,train,7900,4066,3834,0,-11759.17,-1.49
VVPVPP-m15-e120-h300,VVPVPP,15,120,300,valid,3236,1718,1518,0,-1946.98,-0.6
VVPVPP-m15-e130-h200,VVPVPP,15,130,200,train,7900,4073,3827,0,-2891.55,-0.37
VVPVPP-m15-e130-h200,VVPVPP,15,130,200,valid,3236,1676,1560,0,-7098.6,-2.19
VVPVPP-m15-e130-h250,VVPVPP,15,130,250,train,7900,4073,3827,0,-2891.55,-0.37
VVPVPP-m15-e130-h250,VVPVPP,15,130,250,valid,3236,1676,1560,0,-7098.6,-2.19
VVPVPP-m15-e130-h300,VVPVPP,15,130,300,train,7900,4073,3827,0,-2891.55,-0.37
VVPVPP-m15-e130-h300,VVPVPP,15,130,300,valid,3236,1676,1560,0,-7098.6,-2.19
VVPVPP-m15-e140-h200,VVPVPP,15,140,200,train,7900,4024,3876,0,-4470.42,-0.57
VVPVPP-m15-e140-h200,VVPVPP,15,140,200,valid,3236,1641,1595,0,-10763.82,-3.33
VVPVPP-m15-e140-h250,VVPVPP,15,140,250,train,7900,4024,3876,0,-4470.42,-0.57
VVPVPP-m15-e140-h250,VVPVPP,15,140,250,valid,3236,1641,1595,0,-10763.82,-3.33
VVPVPP-m15-e140-h300,VVPVPP,15,140,300,train,7900,4024,3876,0,-4470.42,-0.57
VVPVPP-m15-e140-h300,VVPVPP,15,140,300,valid,3236,1641,1595,0,-10763.82,-3.33
VVPVPP-m20-e120-h200,VVPVPP,20,120,200,train,7378,3812,3566,0,-14982.65,-2.03
VVPVPP-m20-e120-h200,VVPVPP,20,120,200,valid,3044,1630,1414,0,-1665.03,-0.55
VVPVPP-m20-e120-h250,VVPVPP,20,120,250,train,7378,3812,3566,0,-14982.65,-2.03
VVPVPP-m20-e120-h250,VVPVPP,20,120,250,valid,3044,1630,1414,0,-1665.03,-0.55
VVPVPP-m20-e120-h300,VVPVPP,20,120,300,train,7378,3812,3566,0,-14982.65,-2.03
VVPVPP-m20-e120-h300,VVPVPP,20,120,300,valid,3044,1630,1414,0,-1665.03,-0.55
VVPVPP-m20-e130-h200,VVPVPP,20,130,200,train,7378,3817,3561,0,-7777.6,-1.05
VVPVPP-m20-e130-h200,VVPVPP,20,130,200,valid,3044,1600,1444,0,-4970.7,-1.63
VVPVPP-m20-e130-h250,VVPVPP,20,130,250,train,7378,3817,3561,0,-7777.6,-1.05
VVPVPP-m20-e130-h250,VVPVPP,20,130,250,valid,3044,1600,1444,0,-4970.7,-1.63
VVPVPP-m20-e130-h300,VVPVPP,20,130,300,train,7378,3817,3561,0,-7777.6,-1.05
VVPVPP-m20-e130-h300,VVPVPP,20,130,300,valid,3044,1600,1444,0,-4970.7,-1.63
VVPVPP-m20-e140-h200,VVPVPP,20,140,200,train,7378,3771,3607,0,-10004.19,-1.36
VVPVPP-m20-e140-h200,VVPVPP,20,140,200,valid,3044,1572,1472,0,-7689.43,-2.53
VVPVPP-m20-e140-h250,VVPVPP,20,140,250,train,7378,3771,3607,0,-10004.19,-1.36
VVPVPP-m20-e140-h250,VVPVPP,20,140,250,valid,3044,1572,1472,0,-7689.43,-2.53
VVPVPP-m20-e140-h300,VVPVPP,20,140,300,train,7378,3771,3607,0,-10004.19,-1.36
VVPVPP-m20-e140-h300,VVPVPP,20,140,300,valid,3044,1572,1472,0,-7689.43,-2.53
VVPVPV-m5-e120-h200,VVPVPV,5,120,200,train,9542,4539,5003,0,-21580.54,-2.26
VVPVPV-m5-e120-h200,VVPVPV,5,120,200,valid,3853,1850,2003,0,-2559.69,-0.66
VVPVPV-m5-e120-h250,VVPVPV,5,120,250,train,9542,4539,5003,0,-21580.54,-2.26
VVPVPV-m5-e120-h250,VVPVPV,5,120,250,valid,3853,1850,2003,0,-2559.69,-0.66
VVPVPV-m5-e120-h300,VVPVPV,5,120,300,train,9542,4539,5003,0,-21580.54,-2.26
VVPVPV-m5-e120-h300,VVPVPV,5,120,300,valid,3853,1850,2003,0,-2559.69,-0.66
VVPVPV-m5-e130-h200,VVPVPV,5,130,200,train,9542,4516,5026,0,-19067.64,-2.0
VVPVPV-m5-e130-h200,VVPVPV,5,130,200,valid,3853,1820,2033,0,-5911.01,-1.53
VVPVPV-m5-e130-h250,VVPVPV,5,130,250,train,9542,4516,5026,0,-19067.64,-2.0
VVPVPV-m5-e130-h250,VVPVPV,5,130,250,valid,3853,1820,2033,0,-5911.01,-1.53
VVPVPV-m5-e130-h300,VVPVPV,5,130,300,train,9542,4516,5026,0,-19067.64,-2.0
VVPVPV-m5-e130-h300,VVPVPV,5,130,300,valid,3853,1820,2033,0,-5911.01,-1.53
VVPVPV-m5-e140-h200,VVPVPV,5,140,200,train,9542,4482,5060,0,-18300.02,-1.92
VVPVPV-m5-e140-h200,VVPVPV,5,140,200,valid,3853,1788,2065,0,-9336.98,-2.42
VVPVPV-m5-e140-h250,VVPVPV,5,140,250,train,9542,4482,5060,0,-18300.02,-1.92
VVPVPV-m5-e140-h250,VVPVPV,5,140,250,valid,3853,1788,2065,0,-9336.98,-2.42
VVPVPV-m5-e140-h300,VVPVPV,5,140,300,train,9542,4482,5060,0,-18300.02,-1.92
VVPVPV-m5-e140-h300,VVPVPV,5,140,300,valid,3853,1788,2065,0,-9336.98,-2.42
VVPVPV-m10-e120-h200,VVPVPV,10,120,200,train,8653,4179,4474,0,-21678.16,-2.51
VVPVPV-m10-e120-h200,VVPVPV,10,120,200,valid,3505,1731,1774,0,-2178.95,-0.62
VVPVPV-m10-e120-h250,VVPVPV,10,120,250,train,8653,4179,4474,0,-21678.16,-2.51
VVPVPV-m10-e120-h250,VVPVPV,10,120,250,valid,3505,1731,1774,0,-2178.95,-0.62
VVPVPV-m10-e120-h300,VVPVPV,10,120,300,train,8653,4179,4474,0,-21678.16,-2.51
VVPVPV-m10-e120-h300,VVPVPV,10,120,300,valid,3505,1731,1774,0,-2178.95,-0.62
VVPVPV-m10-e130-h200,VVPVPV,10,130,200,train,8653,4168,4485,0,-18090.27,-2.09
VVPVPV-m10-e130-h200,VVPVPV,10,130,200,valid,3505,1706,1799,0,-4968.71,-1.42
VVPVPV-m10-e130-h250,VVPVPV,10,130,250,train,8653,4168,4485,0,-18090.27,-2.09
VVPVPV-m10-e130-h250,VVPVPV,10,130,250,valid,3505,1706,1799,0,-4968.71,-1.42
VVPVPV-m10-e130-h300,VVPVPV,10,130,300,train,8653,4168,4485,0,-18090.27,-2.09
VVPVPV-m10-e130-h300,VVPVPV,10,130,300,valid,3505,1706,1799,0,-4968.71,-1.42
VVPVPV-m10-e140-h200,VVPVPV,10,140,200,train,8653,4144,4509,0,-16577.99,-1.92
VVPVPV-m10-e140-h200,VVPVPV,10,140,200,valid,3505,1676,1829,0,-8473.37,-2.42
VVPVPV-m10-e140-h250,VVPVPV,10,140,250,train,8653,4144,4509,0,-16577.99,-1.92
VVPVPV-m10-e140-h250,VVPVPV,10,140,250,valid,3505,1676,1829,0,-8473.37,-2.42
VVPVPV-m10-e140-h300,VVPVPV,10,140,300,train,8653,4144,4509,0,-16577.99,-1.92
VVPVPV-m10-e140-h300,VVPVPV,10,140,300,valid,3505,1676,1829,0,-8473.37,-2.42
VVPVPV-m15-e120-h200,VVPVPV,15,120,200,train,7900,3908,3992,0,-16401.44,-2.08
VVPVPV-m15-e120-h200,VVPVPV,15,120,200,valid,3236,1621,1615,0,-6581.92,-2.03
VVPVPV-m15-e120-h250,VVPVPV,15,120,250,train,7900,3908,3992,0,-16401.44,-2.08
VVPVPV-m15-e120-h250,VVPVPV,15,120,250,valid,3236,1621,1615,0,-6581.92,-2.03
VVPVPV-m15-e120-h300,VVPVPV,15,120,300,train,7900,3908,3992,0,-16401.44,-2.08
VVPVPV-m15-e120-h300,VVPVPV,15,120,300,valid,3236,1621,1615,0,-6581.92,-2.03
VVPVPV-m15-e130-h200,VVPVPV,15,130,200,train,7900,3908,3992,0,-11752.0,-1.49
VVPVPV-m15-e130-h200,VVPVPV,15,130,200,valid,3236,1595,1641,0,-9803.53,-3.03
VVPVPV-m15-e130-h250,VVPVPV,15,130,250,train,7900,3908,3992,0,-11752.0,-1.49
VVPVPV-m15-e130-h250,VVPVPV,15,130,250,valid,3236,1595,1641,0,-9803.53,-3.03
VVPVPV-m15-e130-h300,VVPVPV,15,130,300,train,7900,3908,3992,0,-11752.0,-1.49
VVPVPV-m15-e130-h300,VVPVPV,15,130,300,valid,3236,1595,1641,0,-9803.53,-3.03
VVPVPV-m15-e140-h200,VVPVPV,15,140,200,train,7900,3885,4015,0,-11033.52,-1.4
VVPVPV-m15-e140-h200,VVPVPV,15,140,200,valid,3236,1568,1668,0,-13154.6,-4.07
VVPVPV-m15-e140-h250,VVPVPV,15,140,250,train,7900,3885,4015,0,-11033.52,-1.4
VVPVPV-m15-e140-h250,VVPVPV,15,140,250,valid,3236,1568,1668,0,-13154.6,-4.07
VVPVPV-m15-e140-h300,VVPVPV,15,140,300,train,7900,3885,4015,0,-11033.52,-1.4
VVPVPV-m15-e140-h300,VVPVPV,15,140,300,valid,3236,1568,1668,0,-13154.6,-4.07
VVPVPV-m20-e120-h200,VVPVPV,20,120,200,train,7378,3696,3682,0,-18706.8,-2.54
VVPVPV-m20-e120-h200,VVPVPV,20,120,200,valid,3044,1552,1492,0,-6208.77,-2.04
VVPVPV-m20-e120-h250,VVPVPV,20,120,250,train,7378,3696,3682,0,-18706.8,-2.54
VVPVPV-m20-e120-h250,VVPVPV,20,120,250,valid,3044,1552,1492,0,-6208.77,-2.04
VVPVPV-m20-e120-h300,VVPVPV,20,120,300,train,7378,3696,3682,0,-18706.8,-2.54
VVPVPV-m20-e120-h300,VVPVPV,20,120,300,valid,3044,1552,1492,0,-6208.77,-2.04
VVPVPV-m20-e130-h200,VVPVPV,20,130,200,train,7378,3697,3681,0,-14797.49,-2.01
VVPVPV-m20-e130-h200,VVPVPV,20,130,200,valid,3044,1532,1512,0,-8539.76,-2.81
VVPVPV-m20-e130-h250,VVPVPV,20,130,250,train,7378,3697,3681,0,-14797.49,-2.01
VVPVPV-m20-e130-h250,VVPVPV,20,130,250,valid,3044,1532,1512,0,-8539.76,-2.81
VVPVPV-m20-e130-h300,VVPVPV,20,130,300,train,7378,3697,3681,0,-14797.49,-2.01
VVPVPV-m20-e130-h300,VVPVPV,20,130,300,valid,3044,1532,1512,0,-8539.76,-2.81
VVPVPV-m20-e140-h200,VVPVPV,20,140,200,train,7378,3673,3705,0,-14955.83,-2.03
VVPVPV-m20-e140-h200,VVPVPV,20,140,200,valid,3044,1509,1535,0,-11406.27,-3.75
VVPVPV-m20-e140-h250,VVPVPV,20,140,250,train,7378,3673,3705,0,-14955.83,-2.03
VVPVPV-m20-e140-h250,VVPVPV,20,140,250,valid,3044,1509,1535,0,-11406.27,-3.75
VVPVPV-m20-e140-h300,VVPVPV,20,140,300,train,7378,3673,3705,0,-14955.83,-2.03
VVPVPV-m20-e140-h300,VVPVPV,20,140,300,valid,3044,1509,1535,0,-11406.27,-3.75
VVPVVP-m5-e120-h200,VVPVVP,5,120,200,train,9542,4557,4985,0,-16575.84,-1.74
VVPVVP-m5-e120-h200,VVPVVP,5,120,200,valid,3853,1830,2023,0,-5879.34,-1.53
VVPVVP-m5-e120-h250,VVPVVP,5,120,250,train,9542,4557,4985,0,-16575.84,-1.74
VVPVVP-m5-e120-h250,VVPVVP,5,120,250,valid,3853,1830,2023,0,-5879.34,-1.53
VVPVVP-m5-e120-h300,VVPVVP,5,120,300,train,9542,4557,4985,0,-16575.84,-1.74
VVPVVP-m5-e120-h300,VVPVVP,5,120,300,valid,3853,1830,2023,0,-5879.34,-1.53
VVPVVP-m5-e130-h200,VVPVVP,5,130,200,train,9542,4526,5016,0,-15781.29,-1.65
VVPVVP-m5-e130-h200,VVPVVP,5,130,200,valid,3853,1798,2055,0,-9756.77,-2.53
VVPVVP-m5-e130-h250,VVPVVP,5,130,250,train,9542,4526,5016,0,-15781.29,-1.65
VVPVVP-m5-e130-h250,VVPVVP,5,130,250,valid,3853,1798,2055,0,-9756.77,-2.53
VVPVVP-m5-e130-h300,VVPVVP,5,130,300,train,9542,4526,5016,0,-15781.29,-1.65
VVPVVP-m5-e130-h300,VVPVVP,5,130,300,valid,3853,1798,2055,0,-9756.77,-2.53
VVPVVP-m5-e140-h200,VVPVVP,5,140,200,train,9542,4462,5080,0,-21153.26,-2.22
VVPVVP-m5-e140-h200,VVPVVP,5,140,200,valid,3853,1780,2073,0,-10255.42,-2.66
VVPVVP-m5-e140-h250,VVPVVP,5,140,250,train,9542,4462,5080,0,-21153.26,-2.22
VVPVVP-m5-e140-h250,VVPVVP,5,140,250,valid,3853,1780,2073,0,-10255.42,-2.66
VVPVVP-m5-e140-h300,VVPVVP,5,140,300,train,9542,4462,5080,0,-21153.26,-2.22
VVPVVP-m5-e140-h300,VVPVVP,5,140,300,valid,3853,1780,2073,0,-10255.42,-2.66
VVPVVP-m10-e120-h200,VVPVVP,10,120,200,train,8653,4209,4444,0,-13012.4,-1.5
VVPVVP-m10-e120-h200,VVPVVP,10,120,200,valid,3505,1717,1788,0,-5160.86,-1.47
VVPVVP-m10-e120-h250,VVPVVP,10,120,250,train,8653,4209,4444,0,-13012.4,-1.5
VVPVVP-m10-e120-h250,VVPVVP,10,120,250,valid,3505,1717,1788,0,-5160.86,-1.47
VVPVVP-m10-e120-h300,VVPVVP,10,120,300,train,8653,4209,4444,0,-13012.4,-1.5
VVPVVP-m10-e120-h300,VVPVVP,10,120,300,valid,3505,1717,1788,0,-5160.86,-1.47
VVPVVP-m10-e130-h200,VVPVVP,10,130,200,train,8653,4192,4461,0,-10633.63,-1.23
VVPVVP-m10-e130-h200,VVPVVP,10,130,200,valid,3505,1688,1817,0,-8749.86,-2.5
VVPVVP-m10-e130-h250,VVPVVP,10,130,250,train,8653,4192,4461,0,-10633.63,-1.23
VVPVVP-m10-e130-h250,VVPVVP,10,130,250,valid,3505,1688,1817,0,-8749.86,-2.5
VVPVVP-m10-e130-h300,VVPVVP,10,130,300,train,8653,4192,4461,0,-10633.63,-1.23
VVPVVP-m10-e130-h300,VVPVVP,10,130,300,valid,3505,1688,1817,0,-8749.86,-2.5
VVPVVP-m10-e140-h200,VVPVVP,10,140,200,train,8653,4136,4517,0,-15666.59,-1.81
VVPVVP-m10-e140-h200,VVPVVP,10,140,200,valid,3505,1669,1836,0,-10097.84,-2.88
VVPVVP-m10-e140-h250,VVPVVP,10,140,250,train,8653,4136,4517,0,-15666.59,-1.81
VVPVVP-m10-e140-h250,VVPVVP,10,140,250,valid,3505,1669,1836,0,-10097.84,-2.88
VVPVVP-m10-e140-h300,VVPVVP,10,140,300,train,8653,4136,4517,0,-15666.59,-1.81
VVPVVP-m10-e140-h300,VVPVVP,10,140,300,valid,3505,1669,1836,0,-10097.84,-2.88
VVPVVP-m15-e120-h200,VVPVVP,15,120,200,train,7900,3941,3959,0,-6467.43,-0.82
VVPVVP-m15-e120-h200,VVPVVP,15,120,200,valid,3236,1617,1619,0,-8124.18,-2.51
VVPVVP-m15-e120-h250,VVPVVP,15,120,250,train,7900,3941,3959,0,-6467.43,-0.82
VVPVVP-m15-e120-h250,VVPVVP,15,120,250,valid,3236,1617,1619,0,-8124.18,-2.51
VVPVVP-m15-e120-h300,VVPVVP,15,120,300,train,7900,3941,3959,0,-6467.43,-0.82
VVPVVP-m15-e120-h300,VVPVVP,15,120,300,valid,3236,1617,1619,0,-8124.18,-2.51
VVPVVP-m15-e130-h200,VVPVVP,15,130,200,train,7900,3933,3967,0,-3326.36,-0.42
VVPVVP-m15-e130-h200,VVPVVP,15,130,200,valid,3236,1587,1649,0,-12101.82,-3.74
VVPVVP-m15-e130-h250,VVPVVP,15,130,250,train,7900,3933,3967,0,-3326.36,-0.42
VVPVVP-m15-e130-h250,VVPVVP,15,130,250,valid,3236,1587,1649,0,-12101.82,-3.74
VVPVVP-m15-e130-h300,VVPVVP,15,130,300,train,7900,3933,3967,0,-3326.36,-0.42
VVPVVP-m15-e130-h300,VVPVVP,15,130,300,valid,3236,1587,1649,0,-12101.82,-3.74
VVPVVP-m15-e140-h200,VVPVVP,15,140,200,train,7900,3879,4021,0,-8779.04,-1.11
VVPVVP-m15-e140-h200,VVPVVP,15,140,200,valid,3236,1567,1669,0,-14034.51,-4.34
VVPVVP-m15-e140-h250,VVPVVP,15,140,250,train,7900,3879,4021,0,-8779.04,-1.11
VVPVVP-m15-e140-h250,VVPVVP,15,140,250,valid,3236,1567,1669,0,-14034.51,-4.34
VVPVVP-m15-e140-h300,VVPVVP,15,140,300,train,7900,3879,4021,0,-8779.04,-1.11
VVPVVP-m15-e140-h300,VVPVVP,15,140,300,valid,3236,1567,1669,0,-14034.51,-4.34
VVPVVP-m20-e120-h200,VVPVVP,20,120,200,train,7378,3705,3673,0,-13151.78,-1.78
VVPVVP-m20-e120-h200,VVPVVP,20,120,200,valid,3044,1561,1483,0,-4921.76,-1.62
VVPVVP-m20-e120-h250,VVPVVP,20,120,250,train,7378,3705,3673,0,-13151.78,-1.78
VVPVVP-m20-e120-h250,VVPVVP,20,120,250,valid,3044,1561,1483,0,-4921.76,-1.62
VVPVVP-m20-e120-h300,VVPVVP,20,120,300,train,7378,3705,3673,0,-13151.78,-1.78
VVPVVP-m20-e120-h300,VVPVVP,20,120,300,valid,3044,1561,1483,0,-4921.76,-1.62
VVPVVP-m20-e130-h200,VVPVVP,20,130,200,train,7378,3692,3686,0,-11706.76,-1.59
VVPVVP-m20-e130-h200,VVPVVP,20,130,200,valid,3044,1539,1505,0,-7659.03,-2.52
VVPVVP-m20-e130-h250,VVPVVP,20,130,250,train,7378,3692,3686,0,-11706.76,-1.59
VVPVVP-m20-e130-h250,VVPVVP,20,130,250,valid,3044,1539,1505,0,-7659.03,-2.52
VVPVVP-m20-e130-h300,VVPVVP,20,130,300,train,7378,3692,3686,0,-11706.76,-1.59
VVPVVP-m20-e130-h300,VVPVVP,20,130,300,valid,3044,1539,1505,0,-7659.03,-2.52
VVPVVP-m20-e140-h200,VVPVVP,20,140,200,train,7378,3643,3735,0,-16993.59,-2.3
VVPVVP-m20-e140-h200,VVPVVP,20,140,200,valid,3044,1522,1522,0,-9129.79,-3.0
VVPVVP-m20-e140-h250,VVPVVP,20,140,250,train,7378,3643,3735,0,-16993.59,-2.3
VVPVVP-m20-e140-h250,VVPVVP,20,140,250,valid,3044,1522,1522,0,-9129.79,-3.0
VVPVVP-m20-e140-h300,VVPVVP,20,140,300,train,7378,3643,3735,0,-16993.59,-2.3
VVPVVP-m20-e140-h300,VVPVVP,20,140,300,valid,3044,1522,1522,0,-9129.79,-3.0
VVPVVV-m5-e120-h200,VVPVVV,5,120,200,train,9542,4314,5228,0,-17886.72,-1.87
VVPVVV-m5-e120-h200,VVPVVV,5,120,200,valid,3853,1700,2153,0,-7866.03,-2.04
VVPVVV-m5-e120-h250,VVPVVV,5,120,250,train,9542,4314,5228,0,-17886.72,-1.87
VVPVVV-m5-e120-h250,VVPVVV,5,120,250,valid,3853,1700,2153,0,-7866.03,-2.04
VVPVVV-m5-e120-h300,VVPVVV,5,120,300,train,9542,4314,5228,0,-17886.72,-1.87
VVPVVV-m5-e120-h300,VVPVVV,5,120,300,valid,3853,1700,2153,0,-7866.03,-2.04
VVPVVV-m5-e130-h200,VVPVVV,5,130,200,train,9542,4288,5254,0,-20239.69,-2.12
VVPVVV-m5-e130-h200,VVPVVV,5,130,200,valid,3853,1685,2168,0,-9954.41,-2.58
VVPVVV-m5-e130-h250,VVPVVV,5,130,250,train,9542,4288,5254,0,-20239.69,-2.12
VVPVVV-m5-e130-h250,VVPVVV,5,130,250,valid,3853,1685,2168,0,-9954.41,-2.58
VVPVVV-m5-e130-h300,VVPVVV,5,130,300,train,9542,4288,5254,0,-20239.69,-2.12
VVPVVV-m5-e130-h300,VVPVVV,5,130,300,valid,3853,1685,2168,0,-9954.41,-2.58
VVPVVV-m5-e140-h200,VVPVVV,5,140,200,train,9542,4255,5287,0,-23336.69,-2.45
VVPVVV-m5-e140-h200,VVPVVV,5,140,200,valid,3853,1671,2182,0,-11559.87,-3.0
VVPVVV-m5-e140-h250,VVPVVV,5,140,250,train,9542,4255,5287,0,-23336.69,-2.45
VVPVVV-m5-e140-h250,VVPVVV,5,140,250,valid,3853,1671,2182,0,-11559.87,-3.0
VVPVVV-m5-e140-h300,VVPVVV,5,140,300,train,9542,4255,5287,0,-23336.69,-2.45
VVPVVV-m5-e140-h300,VVPVVV,5,140,300,valid,3853,1671,2182,0,-11559.87,-3.0
VVPVVV-m10-e120-h200,VVPVVV,10,120,200,train,8653,4006,4647,0,-16308.19,-1.88
VVPVVV-m10-e120-h200,VVPVVV,10,120,200,valid,3505,1606,1899,0,-8512.32,-2.43
VVPVVV-m10-e120-h250,VVPVVV,10,120,250,train,8653,4006,4647,0,-16308.19,-1.88
VVPVVV-m10-e120-h250,VVPVVV,10,120,250,valid,3505,1606,1899,0,-8512.32,-2.43
VVPVVV-m10-e120-h300,VVPVVV,10,120,300,train,8653,4006,4647,0,-16308.19,-1.88
VVPVVV-m10-e120-h300,VVPVVV,10,120,300,valid,3505,1606,1899,0,-8512.32,-2.43
VVPVVV-m10-e130-h200,VVPVVV,10,130,200,train,8653,3987,4666,0,-17824.9,-2.06
VVPVVV-m10-e130-h200,VVPVVV,10,130,200,valid,3505,1593,1912,0,-10310.32,-2.94
VVPVVV-m10-e130-h250,VVPVVV,10,130,250,train,8653,3987,4666,0,-17824.9,-2.06
VVPVVV-m10-e130-h250,VVPVVV,10,130,250,valid,3505,1593,1912,0,-10310.32,-2.94
VVPVVV-m10-e130-h300,VVPVVV,10,130,300,train,8653,3987,4666,0,-17824.9,-2.06
VVPVVV-m10-e130-h300,VVPVVV,10,130,300,valid,3505,1593,1912,0,-10310.32,-2.94
VVPVVV-m10-e140-h200,VVPVVV,10,140,200,train,8653,3957,4696,0,-20984.16,-2.43
VVPVVV-m10-e140-h200,VVPVVV,10,140,200,valid,3505,1580,1925,0,-11949.79,-3.41
VVPVVV-m10-e140-h250,VVPVVV,10,140,250,train,8653,3957,4696,0,-20984.16,-2.43
VVPVVV-m10-e140-h250,VVPVVV,10,140,250,valid,3505,1580,1925,0,-11949.79,-3.41
VVPVVV-m10-e140-h300,VVPVVV,10,140,300,train,8653,3957,4696,0,-20984.16,-2.43
VVPVVV-m10-e140-h300,VVPVVV,10,140,300,valid,3505,1580,1925,0,-11949.79,-3.41
VVPVVV-m15-e120-h200,VVPVVV,15,120,200,train,7900,3783,4117,0,-11109.7,-1.41
VVPVVV-m15-e120-h200,VVPVVV,15,120,200,valid,3236,1520,1716,0,-12759.12,-3.94
VVPVVV-m15-e120-h250,VVPVVV,15,120,250,train,7900,3783,4117,0,-11109.7,-1.41
VVPVVV-m15-e120-h250,VVPVVV,15,120,250,valid,3236,1520,1716,0,-12759.12,-3.94
VVPVVV-m15-e120-h300,VVPVVV,15,120,300,train,7900,3783,4117,0,-11109.7,-1.41
VVPVVV-m15-e120-h300,VVPVVV,15,120,300,valid,3236,1520,1716,0,-12759.12,-3.94
VVPVVV-m15-e130-h200,VVPVVV,15,130,200,train,7900,3768,4132,0,-12186.81,-1.54
VVPVVV-m15-e130-h200,VVPVVV,15,130,200,valid,3236,1506,1730,0,-14806.75,-4.58
VVPVVV-m15-e130-h250,VVPVVV,15,130,250,train,7900,3768,4132,0,-12186.81,-1.54
VVPVVV-m15-e130-h250,VVPVVV,15,130,250,valid,3236,1506,1730,0,-14806.75,-4.58
VVPVVV-m15-e130-h300,VVPVVV,15,130,300,train,7900,3768,4132,0,-12186.81,-1.54
VVPVVV-m15-e130-h300,VVPVVV,15,130,300,valid,3236,1506,1730,0,-14806.75,-4.58
VVPVVV-m15-e140-h200,VVPVVV,15,140,200,train,7900,3740,4160,0,-15342.14,-1.94
VVPVVV-m15-e140-h200,VVPVVV,15,140,200,valid,3236,1494,1742,0,-16425.29,-5.08
VVPVVV-m15-e140-h250,VVPVVV,15,140,250,train,7900,3740,4160,0,-15342.14,-1.94
VVPVVV-m15-e140-h250,VVPVVV,15,140,250,valid,3236,1494,1742,0,-16425.29,-5.08
VVPVVV-m15-e140-h300,VVPVVV,15,140,300,train,7900,3740,4160,0,-15342.14,-1.94
VVPVVV-m15-e140-h300,VVPVVV,15,140,300,valid,3236,1494,1742,0,-16425.29,-5.08
VVPVVV-m20-e120-h200,VVPVVV,20,120,200,train,7378,3589,3789,0,-16875.93,-2.29
VVPVVV-m20-e120-h200,VVPVVV,20,120,200,valid,3044,1483,1561,0,-9465.5,-3.11
VVPVVV-m20-e120-h250,VVPVVV,20,120,250,train,7378,3589,3789,0,-16875.93,-2.29
VVPVVV-m20-e120-h250,VVPVVV,20,120,250,valid,3044,1483,1561,0,-9465.5,-3.11
VVPVVV-m20-e120-h300,VVPVVV,20,120,300,train,7378,3589,3789,0,-16875.93,-2.29
VVPVVV-m20-e120-h300,VVPVVV,20,120,300,valid,3044,1483,1561,0,-9465.5,-3.11
VVPVVV-m20-e130-h200,VVPVVV,20,130,200,train,7378,3572,3806,0,-18726.65,-2.54
VVPVVV-m20-e130-h200,VVPVVV,20,130,200,valid,3044,1471,1573,0,-11228.09,-3.69
VVPVVV-m20-e130-h250,VVPVVV,20,130,250,train,7378,3572,3806,0,-18726.65,-2.54
VVPVVV-m20-e130-h250,VVPVVV,20,130,250,valid,3044,1471,1573,0,-11228.09,-3.69
VVPVVV-m20-e130-h300,VVPVVV,20,130,300,train,7378,3572,3806,0,-18726.65,-2.54
VVPVVV-m20-e130-h300,VVPVVV,20,130,300,valid,3044,1471,1573,0,-11228.09,-3.69
VVPVVV-m20-e140-h200,VVPVVV,20,140,200,train,7378,3545,3833,0,-21945.23,-2.97
VVPVVV-m20-e140-h200,VVPVVV,20,140,200,valid,3044,1459,1585,0,-12846.63,-4.22
VVPVVV-m20-e140-h250,VVPVVV,20,140,250,train,7378,3545,3833,0,-21945.23,-2.97
VVPVVV-m20-e140-h250,VVPVVV,20,140,250,valid,3044,1459,1585,0,-12846.63,-4.22
VVPVVV-m20-e140-h300,VVPVVV,20,140,300,train,7378,3545,3833,0,-21945.23,-2.97
VVPVVV-m20-e140-h300,VVPVVV,20,140,300,valid,3044,1459,1585,0,-12846.63,-4.22
VVVPPP-m5-e120-h200,VVVPPP,5,120,200,train,9542,4874,4668,0,-18815.17,-1.97
VVVPPP-m5-e120-h200,VVVPPP,5,120,200,valid,3853,2035,1818,0,2698.41,0.7
VVVPPP-m5-e120-h250,VVVPPP,5,120,250,train,9542,4874,4668,0,-18815.17,-1.97
VVVPPP-m5-e120-h250,VVVPPP,5,120,250,valid,3853,2035,1818,0,2698.41,0.7
VVVPPP-m5-e120-h300,VVVPPP,5,120,300,train,9542,4874,4668,0,-18815.17,-1.97
VVVPPP-m5-e120-h300,VVVPPP,5,120,300,valid,3853,2035,1818,0,2698.41,0.7
VVVPPP-m5-e130-h200,VVVPPP,5,130,200,train,9542,4848,4694,0,-11287.15,-1.18
VVVPPP-m5-e130-h200,VVVPPP,5,130,200,valid,3853,2000,1853,0,626.12,0.16
VVVPPP-m5-e130-h250,VVVPPP,5,130,250,train,9542,4848,4694,0,-11287.15,-1.18
VVVPPP-m5-e130-h250,VVVPPP,5,130,250,valid,3853,2000,1853,0,626.12,0.16
VVVPPP-m5-e130-h300,VVVPPP,5,130,300,train,9542,4848,4694,0,-11287.15,-1.18
VVVPPP-m5-e130-h300,VVVPPP,5,130,300,valid,3853,2000,1853,0,626.12,0.16
VVVPPP-m5-e140-h200,VVVPPP,5,140,200,train,9542,4795,4747,0,-9640.95,-1.01
VVVPPP-m5-e140-h200,VVVPPP,5,140,200,valid,3853,1959,1894,0,-2287.17,-0.59
VVVPPP-m5-e140-h250,VVVPPP,5,140,250,train,9542,4795,4747,0,-9640.95,-1.01
VVVPPP-m5-e140-h250,VVVPPP,5,140,250,valid,3853,1959,1894,0,-2287.17,-0.59
VVVPPP-m5-e140-h300,VVVPPP,5,140,300,train,9542,4795,4747,0,-9640.95,-1.01
VVVPPP-m5-e140-h300,VVVPPP,5,140,300,valid,3853,1959,1894,0,-2287.17,-0.59
VVVPPP-m10-e120-h200,VVVPPP,10,120,200,train,8653,4444,4209,0,-19587.45,-2.26
VVVPPP-m10-e120-h200,VVVPPP,10,120,200,valid,3505,1853,1652,0,-2034.73,-0.58
VVVPPP-m10-e120-h250,VVVPPP,10,120,250,train,8653,4444,4209,0,-19587.45,-2.26
VVVPPP-m10-e120-h250,VVVPPP,10,120,250,valid,3505,1853,1652,0,-2034.73,-0.58
VVVPPP-m10-e120-h300,VVVPPP,10,120,300,train,8653,4444,4209,0,-19587.45,-2.26
VVVPPP-m10-e120-h300,VVVPPP,10,120,300,valid,3505,1853,1652,0,-2034.73,-0.58
VVVPPP-m10-e130-h200,VVVPPP,10,130,200,train,8653,4443,4210,0,-9281.92,-1.07
VVVPPP-m10-e130-h200,VVVPPP,10,130,200,valid,3505,1823,1682,0,-4032.92,-1.15
VVVPPP-m10-e130-h250,VVVPPP,10,130,250,train,8653,4443,4210,0,-9281.92,-1.07
VVVPPP-m10-e130-h250,VVVPPP,10,130,250,valid,3505,1823,1682,0,-4032.92,-1.15
VVVPPP-m10-e130-h300,VVVPPP,10,130,300,train,8653,4443,4210,0,-9281.92,-1.07
VVVPPP-m10-e130-h300,VVVPPP,10,130,300,valid,3505,1823,1682,0,-4032.92,-1.15
VVVPPP-m10-e140-h200,VVVPPP,10,140,200,train,8653,4405,4248,0,-6609.01,-0.76
VVVPPP-m10-e140-h200,VVVPPP,10,140,200,valid,3505,1784,1721,0,-7650.99,-2.18
VVVPPP-m10-e140-h250,VVVPPP,10,140,250,train,8653,4405,4248,0,-6609.01,-0.76
VVVPPP-m10-e140-h250,VVVPPP,10,140,250,valid,3505,1784,1721,0,-7650.99,-2.18
VVVPPP-m10-e140-h300,VVVPPP,10,140,300,train,8653,4405,4248,0,-6609.01,-0.76
VVVPPP-m10-e140-h300,VVVPPP,10,140,300,valid,3505,1784,1721,0,-7650.99,-2.18
VVVPPP-m15-e120-h200,VVVPPP,15,120,200,train,7900,4086,3814,0,-17465.82,-2.21
VVVPPP-m15-e120-h200,VVVPPP,15,120,200,valid,3236,1723,1513,0,-5609.02,-1.73
VVVPPP-m15-e120-h250,VVVPPP,15,120,250,train,7900,4086,3814,0,-17465.82,-2.21
VVVPPP-m15-e120-h250,VVVPPP,15,120,250,valid,3236,1723,1513,0,-5609.02,-1.73
VVVPPP-m15-e120-h300,VVVPPP,15,120,300,train,7900,4086,3814,0,-17465.82,-2.21
VVVPPP-m15-e120-h300,VVVPPP,15,120,300,valid,3236,1723,1513,0,-5609.02,-1.73
VVVPPP-m15-e130-h200,VVVPPP,15,130,200,train,7900,4110,3790,0,-4425.35,-0.56
VVVPPP-m15-e130-h200,VVVPPP,15,130,200,valid,3236,1692,1544,0,-8325.91,-2.57
VVVPPP-m15-e130-h250,VVVPPP,15,130,250,train,7900,4110,3790,0,-4425.35,-0.56
VVVPPP-m15-e130-h250,VVVPPP,15,130,250,valid,3236,1692,1544,0,-8325.91,-2.57
VVVPPP-m15-e130-h300,VVVPPP,15,130,300,train,7900,4110,3790,0,-4425.35,-0.56
VVVPPP-m15-e130-h300,VVVPPP,15,130,300,valid,3236,1692,1544,0,-8325.91,-2.57
VVVPPP-m15-e140-h200,VVVPPP,15,140,200,train,7900,4085,3815,0,-911.76,-0.12
VVVPPP-m15-e140-h200,VVVPPP,15,140,200,valid,3236,1657,1579,0,-11875.97,-3.67
VVVPPP-m15-e140-h250,VVVPPP,15,140,250,train,7900,4085,3815,0,-911.76,-0.12
VVVPPP-m15-e140-h250,VVVPPP,15,140,250,valid,3236,1657,1579,0,-11875.97,-3.67
VVVPPP-m15-e140-h300,VVVPPP,15,140,300,train,7900,4085,3815,0,-911.76,-0.12
VVVPPP-m15-e140-h300,VVVPPP,15,140,300,valid,3236,1657,1579,0,-11875.97,-3.67
VVVPPP-m20-e120-h200,VVVPPP,20,120,200,train,7378,3813,3565,0,-22444.45,-3.04
VVVPPP-m20-e120-h200,VVVPPP,20,120,200,valid,3044,1630,1414,0,-5824.53,-1.91
VVVPPP-m20-e120-h250,VVVPPP,20,120,250,train,7378,3813,3565,0,-22444.45,-3.04
VVVPPP-m20-e120-h250,VVVPPP,20,120,250,valid,3044,1630,1414,0,-5824.53,-1.91
VVVPPP-m20-e120-h300,VVVPPP,20,120,300,train,7378,3813,3565,0,-22444.45,-3.04
VVVPPP-m20-e120-h300,VVVPPP,20,120,300,valid,3044,1630,1414,0,-5824.53,-1.91
VVVPPP-m20-e130-h200,VVVPPP,20,130,200,train,7378,3840,3538,0,-10212.14,-1.38
VVVPPP-m20-e130-h200,VVVPPP,20,130,200,valid,3044,1611,1433,0,-6775.79,-2.23
VVVPPP-m20-e130-h250,VVVPPP,20,130,250,train,7378,3840,3538,0,-10212.14,-1.38
VVVPPP-m20-e130-h250,VVVPPP,20,130,250,valid,3044,1611,1433,0,-6775.79,-2.23
VVVPPP-m20-e130-h300,VVVPPP,20,130,300,train,7378,3840,3538,0,-10212.14,-1.38
VVVPPP-m20-e130-h300,VVVPPP,20,130,300,valid,3044,1611,1433,0,-6775.79,-2.23
VVVPPP-m20-e140-h200,VVVPPP,20,140,200,train,7378,3814,3564,0,-8411.61,-1.14
VVVPPP-m20-e140-h200,VVVPPP,20,140,200,valid,3044,1584,1460,0,-9206.9,-3.02
VVVPPP-m20-e140-h250,VVVPPP,20,140,250,train,7378,3814,3564,0,-8411.61,-1.14
VVVPPP-m20-e140-h250,VVVPPP,20,140,250,valid,3044,1584,1460,0,-9206.9,-3.02
VVVPPP-m20-e140-h300,VVVPPP,20,140,300,train,7378,3814,3564,0,-8411.61,-1.14
VVVPPP-m20-e140-h300,VVVPPP,20,140,300,valid,3044,1584,1460,0,-9206.9,-3.02
VVVPPV-m5-e120-h200,VVVPPV,5,120,200,train,9542,4631,4911,0,-20126.05,-2.11
VVVPPV-m5-e120-h200,VVVPPV,5,120,200,valid,3853,1905,1948,0,711.72,0.18
VVVPPV-m5-e120-h250,VVVPPV,5,120,250,train,9542,4631,4911,0,-20126.05,-2.11
VVVPPV-m5-e120-h250,VVVPPV,5,120,250,valid,3853,1905,1948,0,711.72,0.18
VVVPPV-m5-e120-h300,VVVPPV,5,120,300,train,9542,4631,4911,0,-20126.05,-2.11
VVVPPV-m5-e120-h300,VVVPPV,5,120,300,valid,3853,1905,1948,0,711.72,0.18
VVVPPV-m5-e130-h200,VVVPPV,5,130,200,train,9542,4610,4932,0,-15745.55,-1.65
VVVPPV-m5-e130-h200,VVVPPV,5,130,200,valid,3853,1887,1966,0,428.48,0.11
VVVPPV-m5-e130-h250,VVVPPV,5,130,250,train,9542,4610,4932,0,-15745.55,-1.65
VVVPPV-m5-e130-h250,VVVPPV,5,130,250,valid,3853,1887,1966,0,428.48,0.11
VVVPPV-m5-e130-h300,VVVPPV,5,130,300,train,9542,4610,4932,0,-15745.55,-1.65
VVVPPV-m5-e130-h300,VVVPPV,5,130,300,valid,3853,1887,1966,0,428.48,0.11
VVVPPV-m5-e140-h200,VVVPPV,5,140,200,train,9542,4588,4954,0,-11824.38,-1.24
VVVPPV-m5-e140-h200,VVVPPV,5,140,200,valid,3853,1850,2003,0,-3591.62,-0.93
VVVPPV-m5-e140-h250,VVVPPV,5,140,250,train,9542,4588,4954,0,-11824.38,-1.24
VVVPPV-m5-e140-h250,VVVPPV,5,140,250,valid,3853,1850,2003,0,-3591.62,-0.93
VVVPPV-m5-e140-h300,VVVPPV,5,140,300,train,9542,4588,4954,0,-11824.38,-1.24
VVVPPV-m5-e140-h300,VVVPPV,5,140,300,valid,3853,1850,2003,0,-3591.62,-0.93
VVVPPV-m10-e120-h200,VVVPPV,10,120,200,train,8653,4241,4412,0,-22883.24,-2.64
VVVPPV-m10-e120-h200,VVVPPV,10,120,200,valid,3505,1742,1763,0,-5386.19,-1.54
VVVPPV-m10-e120-h250,VVVPPV,10,120,250,train,8653,4241,4412,0,-22883.24,-2.64
VVVPPV-m10-e120-h250,VVVPPV,10,120,250,valid,3505,1742,1763,0,-5386.19,-1.54
VVVPPV-m10-e120-h300,VVVPPV,10,120,300,train,8653,4241,4412,0,-22883.24,-2.64
VVVPPV-m10-e120-h300,VVVPPV,10,120,300,valid,3505,1742,1763,0,-5386.19,-1.54
VVVPPV-m10-e130-h200,VVVPPV,10,130,200,train,8653,4238,4415,0,-16473.19,-1.9
VVVPPV-m10-e130-h200,VVVPPV,10,130,200,valid,3505,1728,1777,0,-5593.38,-1.6
VVVPPV-m10-e130-h250,VVVPPV,10,130,250,train,8653,4238,4415,0,-16473.19,-1.9
VVVPPV-m10-e130-h250,VVVPPV,10,130,250,valid,3505,1728,1777,0,-5593.38,-1.6
VVVPPV-m10-e130-h300,VVVPPV,10,130,300,train,8653,4238,4415,0,-16473.19,-1.9
VVVPPV-m10-e130-h300,VVVPPV,10,130,300,valid,3505,1728,1777,0,-5593.38,-1.6
VVVPPV-m10-e140-h200,VVVPPV,10,140,200,train,8653,4226,4427,0,-11926.58,-1.38
VVVPPV-m10-e140-h200,VVVPPV,10,140,200,valid,3505,1695,1810,0,-9502.94,-2.71
VVVPPV-m10-e140-h250,VVVPPV,10,140,250,train,8653,4226,4427,0,-11926.58,-1.38
VVVPPV-m10-e140-h250,VVVPPV,10,140,250,valid,3505,1695,1810,0,-9502.94,-2.71
VVVPPV-m10-e140-h300,VVVPPV,10,140,300,train,8653,4226,4427,0,-11926.58,-1.38
VVVPPV-m10-e140-h300,VVVPPV,10,140,300,valid,3505,1695,1810,0,-9502.94,-2.71
VVVPPV-m15-e120-h200,VVVPPV,15,120,200,train,7900,3928,3972,0,-22108.09,-2.8
VVVPPV-m15-e120-h200,VVVPPV,15,120,200,valid,3236,1626,1610,0,-10243.96,-3.17
VVVPPV-m15-e120-h250,VVVPPV,15,120,250,train,7900,3928,3972,0,-22108.09,-2.8
VVVPPV-m15-e120-h250,VVVPPV,15,120,250,valid,3236,1626,1610,0,-10243.96,-3.17
VVVPPV-m15-e120-h300,VVVPPV,15,120,300,train,7900,3928,3972,0,-22108.09,-2.8
VVVPPV-m15-e120-h300,VVVPPV,15,120,300,valid,3236,1626,1610,0,-10243.96,-3.17
VVVPPV-m15-e130-h200,VVVPPV,15,130,200,train,7900,3945,3955,0,-13285.8,-1.68
VVVPPV-m15-e130-h200,VVVPPV,15,130,200,valid,3236,1611,1625,0,-11030.84,-3.41
VVVPPV-m15-e130-h250,VVVPPV,15,130,250,train,7900,3945,3955,0,-13285.8,-1.68
VVVPPV-m15-e130-h250,VVVPPV,15,130,250,valid,3236,1611,1625,0,-11030.84,-3.41
VVVPPV-m15-e130-h300,VVVPPV,15,130,300,train,7900,3945,3955,0,-13285.8,-1.68
VVVPPV-m15-e130-h300,VVVPPV,15,130,300,valid,3236,1611,1625,0,-11030.84,-3.41
VVVPPV-m15-e140-h200,VVVPPV,15,140,200,train,7900,3946,3954,0,-7474.86,-0.95
VVVPPV-m15-e140-h200,VVVPPV,15,140,200,valid,3236,1584,1652,0,-14266.75,-4.41
VVVPPV-m15-e140-h250,VVVPPV,15,140,250,train,7900,3946,3954,0,-7474.86,-0.95
VVVPPV-m15-e140-h250,VVVPPV,15,140,250,valid,3236,1584,1652,0,-14266.75,-4.41
VVVPPV-m15-e140-h300,VVVPPV,15,140,300,train,7900,3946,3954,0,-7474.86,-0.95
VVVPPV-m15-e140-h300,VVVPPV,15,140,300,valid,3236,1584,1652,0,-14266.75,-4.41
VVVPPV-m20-e120-h200,VVVPPV,20,120,200,train,7378,3697,3681,0,-26168.6,-3.55
VVVPPV-m20-e120-h200,VVVPPV,20,120,200,valid,3044,1552,1492,0,-10368.27,-3.41
VVVPPV-m20-e120-h250,VVVPPV,20,120,250,train,7378,3697,3681,0,-26168.6,-3.55
VVVPPV-m20-e120-h250,VVVPPV,20,120,250,valid,3044,1552,1492,0,-10368.27,-3.41
VVVPPV-m20-e120-h300,VVVPPV,20,120,300,train,7378,3697,3681,0,-26168.6,-3.55
VVVPPV-m20-e120-h300,VVVPPV,20,120,300,valid,3044,1552,1492,0,-10368.27,-3.41
VVVPPV-m20-e130-h200,VVVPPV,20,130,200,train,7378,3720,3658,0,-17232.03,-2.34
VVVPPV-m20-e130-h200,VVVPPV,20,130,200,valid,3044,1543,1501,0,-10344.85,-3.4
VVVPPV-m20-e130-h250,VVVPPV,20,130,250,train,7378,3720,3658,0,-17232.03,-2.34
VVVPPV-m20-e130-h250,VVVPPV,20,130,250,valid,3044,1543,1501,0,-10344.85,-3.4
VVVPPV-m20-e130-h300,VVVPPV,20,130,300,train,7378,3720,3658,0,-17232.03,-2.34
VVVPPV-m20-e130-h300,VVVPPV,20,130,300,valid,3044,1543,1501,0,-10344.85,-3.4
VVVPPV-m20-e140-h200,VVVPPV,20,140,200,train,7378,3716,3662,0,-13363.25,-1.81
VVVPPV-m20-e140-h200,VVVPPV,20,140,200,valid,3044,1521,1523,0,-12923.74,-4.25
VVVPPV-m20-e140-h250,VVVPPV,20,140,250,train,7378,3716,3662,0,-13363.25,-1.81
VVVPPV-m20-e140-h250,VVVPPV,20,140,250,valid,3044,1521,1523,0,-12923.74,-4.25
VVVPPV-m20-e140-h300,VVVPPV,20,140,300,train,7378,3716,3662,0,-13363.25,-1.81
VVVPPV-m20-e140-h300,VVVPPV,20,140,300,valid,3044,1521,1523,0,-12923.74,-4.25
VVVPVP-m5-e120-h200,VVVPVP,5,120,200,train,9542,4649,4893,0,-15121.35,-1.58
VVVPVP-m5-e120-h200,VVVPVP,5,120,200,valid,3853,1885,1968,0,-2607.93,-0.68
VVVPVP-m5-e120-h250,VVVPVP,5,120,250,train,9542,4649,4893,0,-15121.35,-1.58
VVVPVP-m5-e120-h250,VVVPVP,5,120,250,valid,3853,1885,1968,0,-2607.93,-0.68
VVVPVP-m5-e120-h300,VVVPVP,5,120,300,train,9542,4649,4893,0,-15121.35,-1.58
VVVPVP-m5-e120-h300,VVVPVP,5,120,300,valid,3853,1885,1968,0,-2607.93,-0.68
VVVPVP-m5-e130-h200,VVVPVP,5,130,200,train,9542,4620,4922,0,-12459.2,-1.31
VVVPVP-m5-e130-h200,VVVPVP,5,130,200,valid,3853,1865,1988,0,-3417.28,-0.89
VVVPVP-m5-e130-h250,VVVPVP,5,130,250,train,9542,4620,4922,0,-12459.2,-1.31
VVVPVP-m5-e130-h250,VVVPVP,5,130,250,valid,3853,1865,1988,0,-3417.28,-0.89
VVVPVP-m5-e130-h300,VVVPVP,5,130,300,train,9542,4620,4922,0,-12459.2,-1.31
VVVPVP-m5-e130-h300,VVVPVP,5,130,300,valid,3853,1865,1988,0,-3417.28,-0.89
VVVPVP-m5-e140-h200,VVVPVP,5,140,200,train,9542,4568,4974,0,-14677.62,-1.54
VVVPVP-m5-e140-h200,VVVPVP,5,140,200,valid,3853,1842,2011,0,-4510.06,-1.17
VVVPVP-m5-e140-h250,VVVPVP,5,140,250,train,9542,4568,4974,0,-14677.62,-1.54
VVVPVP-m5-e140-h250,VVVPVP,5,140,250,valid,3853,1842,2011,0,-4510.06,-1.17
VVVPVP-m5-e140-h300,VVVPVP,5,140,300,train,9542,4568,4974,0,-14677.62,-1.54
VVVPVP-m5-e140-h300,VVVPVP,5,140,300,valid,3853,1842,2011,0,-4510.06,-1.17
VVVPVP-m10-e120-h200,VVVPVP,10,120,200,train,8653,4271,4382,0,-14217.48,-1.64
VVVPVP-m10-e120-h200,VVVPVP,10,120,200,valid,3505,1728,1777,0,-8368.1,-2.39
VVVPVP-m10-e120-h250,VVVPVP,10,120,250,train,8653,4271,4382,0,-14217.48,-1.64
VVVPVP-m10-e120-h250,VVVPVP,10,120,250,valid,3505,1728,1777,0,-8368.1,-2.39
VVVPVP-m10-e120-h300,VVVPVP,10,120,300,train,8653,4271,4382,0,-14217.48,-1.64
VVVPVP-m10-e120-h300,VVVPVP,10,120,300,valid,3505,1728,1777,0,-8368.1,-2.39
VVVPVP-m10-e130-h200,VVVPVP,10,130,200,train,8653,4262,4391,0,-9016.55,-1.04
VVVPVP-m10-e130-h200,VVVPVP,10,130,200,valid,3505,1710,1795,0,-9374.53,-2.67
VVVPVP-m10-e130-h250,VVVPVP,10,130,250,train,8653,4262,4391,0,-9016.55,-1.04
VVVPVP-m10-e130-h250,VVVPVP,10,130,250,valid,3505,1710,1795,0,-9374.53,-2.67
VVVPVP-m10-e130-h300,VVVPVP,10,130,300,train,8653,4262,4391,0,-9016.55,-1.04
VVVPVP-m10-e130-h300,VVVPVP,10,130,300,valid,3505,1710,1795,0,-9374.53,-2.67
VVVPVP-m10-e140-h200,VVVPVP,10,140,200,train,8653,4218,4435,0,-11015.18,-1.27
VVVPVP-m10-e140-h200,VVVPVP,10,140,200,valid,3505,1688,1817,0,-11127.41,-3.17
VVVPVP-m10-e140-h250,VVVPVP,10,140,250,train,8653,4218,4435,0,-11015.18,-1.27
VVVPVP-m10-e140-h250,VVVPVP,10,140,250,valid,3505,1688,1817,0,-11127.41,-3.17
VVVPVP-m10-e140-h300,VVVPVP,10,140,300,train,8653,4218,4435,0,-11015.18,-1.27
VVVPVP-m10-e140-h300,VVVPVP,10,140,300,valid,3505,1688,1817,0,-11127.41,-3.17
VVVPVP-m15-e120-h200,VVVPVP,15,120,200,train,7900,3961,3939,0,-12174.08,-1.54
VVVPVP-m15-e120-h200,VVVPVP,15,120,200,valid,3236,1622,1614,0,-11786.22,-3.64
VVVPVP-m15-e120-h250,VVVPVP,15,120,250,train,7900,3961,3939,0,-12174.08,-1.54
VVVPVP-m15-e120-h250,VVVPVP,15,120,250,valid,3236,1622,1614,0,-11786.22,-3.64
VVVPVP-m15-e120-h300,VVVPVP,15,120,300,train,7900,3961,3939,0,-12174.08,-1.54
VVVPVP-m15-e120-h300,VVVPVP,15,120,300,valid,3236,1622,1614,0,-11786.22,-3.64
VVVPVP-m15-e130-h200,VVVPVP,15,130,200,train,7900,3970,3930,0,-4860.16,-0.62
VVVPVP-m15-e130-h200,VVVPVP,15,130,200,valid,3236,1603,1633,0,-13329.13,-4.12
VVVPVP-m15-e130-h250,VVVPVP,15,130,250,train,7900,3970,3930,0,-4860.16,-0.62
VVVPVP-m15-e130-h250,VVVPVP,15,130,250,valid,3236,1603,1633,0,-13329.13,-4.12
VVVPVP-m15-e130-h300,VVVPVP,15,130,300,train,7900,3970,3930,0,-4860.16,-0.62
VVVPVP-m15-e130-h300,VVVPVP,15,130,300,valid,3236,1603,1633,0,-13329.13,-4.12
VVVPVP-m15-e140-h200,VVVPVP,15,140,200,train,7900,3940,3960,0,-5220.38,-0.66
VVVPVP-m15-e140-h200,VVVPVP,15,140,200,valid,3236,1583,1653,0,-15146.66,-4.68
VVVPVP-m15-e140-h250,VVVPVP,15,140,250,train,7900,3940,3960,0,-5220.38,-0.66
VVVPVP-m15-e140-h250,VVVPVP,15,140,250,valid,3236,1583,1653,0,-15146.66,-4.68
VVVPVP-m15-e140-h300,VVVPVP,15,140,300,train,7900,3940,3960,0,-5220.38,-0.66
VVVPVP-m15-e140-h300,VVVPVP,15,140,300,valid,3236,1583,1653,0,-15146.66,-4.68
VVVPVP-m20-e120-h200,VVVPVP,20,120,200,train,7378,3706,3672,0,-20613.58,-2.79
VVVPVP-m20-e120-h200,VVVPVP,20,120,200,valid,3044,1561,1483,0,-9081.26,-2.98
VVVPVP-m20-e120-h250,VVVPVP,20,120,250,train,7378,3706,3672,0,-20613.58,-2.79
VVVPVP-m20-e120-h250,VVVPVP,20,120,250,valid,3044,1561,1483,0,-9081.26,-2.98
VVVPVP-m20-e120-h300,VVVPVP,20,120,300,train,7378,3706,3672,0,-20613.58,-2.79
VVVPVP-m20-e120-h300,VVVPVP,20,120,300,valid,3044,1561,1483,0,-9081.26,-2.98
VVVPVP-m20-e130-h200,VVVPVP,20,130,200,train,7378,3715,3663,0,-14141.3,-1.92
VVVPVP-m20-e130-h200,VVVPVP,20,130,200,valid,3044,1550,1494,0,-9464.12,-3.11
VVVPVP-m20-e130-h250,VVVPVP,20,130,250,train,7378,3715,3663,0,-14141.3,-1.92
VVVPVP-m20-e130-h250,VVVPVP,20,130,250,valid,3044,1550,1494,0,-9464.12,-3.11
VVVPVP-m20-e130-h300,VVVPVP,20,130,300,train,7378,3715,3663,0,-14141.3,-1.92
VVVPVP-m20-e130-h300,VVVPVP,20,130,300,valid,3044,1550,1494,0,-9464.12,-3.11
VVVPVP-m20-e140-h200,VVVPVP,20,140,200,train,7378,3686,3692,0,-15401.01,-2.09
VVVPVP-m20-e140-h200,VVVPVP,20,140,200,valid,3044,1534,1510,0,-10647.26,-3.5
VVVPVP-m20-e140-h250,VVVPVP,20,140,250,train,7378,3686,3692,0,-15401.01,-2.09
VVVPVP-m20-e140-h250,VVVPVP,20,140,250,valid,3044,1534,1510,0,-10647.26,-3.5
VVVPVP-m20-e140-h300,VVVPVP,20,140,300,train,7378,3686,3692,0,-15401.01,-2.09
VVVPVP-m20-e140-h300,VVVPVP,20,140,300,valid,3044,1534,1510,0,-10647.26,-3.5
VVVPVV-m5-e120-h200,VVVPVV,5,120,200,train,9542,4406,5136,0,-16432.23,-1.72
VVVPVV-m5-e120-h200,VVVPVV,5,120,200,valid,3853,1755,2098,0,-4594.62,-1.19
VVVPVV-m5-e120-h250,VVVPVV,5,120,250,train,9542,4406,5136,0,-16432.23,-1.72
VVVPVV-m5-e120-h250,VVVPVV,5,120,250,valid,3853,1755,2098,0,-4594.62,-1.19
VVVPVV-m5-e120-h300,VVVPVV,5,120,300,train,9542,4406,5136,0,-16432.23,-1.72
VVVPVV-m5-e120-h300,VVVPVV,5,120,300,valid,3853,1755,2098,0,-4594.62,-1.19
VVVPVV-m5-e130-h200,VVVPVV,5,130,200,train,9542,4382,5160,0,-16917.6,-1.77
VVVPVV-m5-e130-h200,VVVPVV,5,130,200,valid,3853,1752,2101,0,-3614.92,-0.94
VVVPVV-m5-e130-h250,VVVPVV,5,130,250,train,9542,4382,5160,0,-16917.6,-1.77
VVVPVV-m5-e130-h250,VVVPVV,5,130,250,valid,3853,1752,2101,0,-3614.92,-0.94
VVVPVV-m5-e130-h300,VVVPVV,5,130,300,train,9542,4382,5160,0,-16917.6,-1.77
VVVPVV-m5-e130-h300,VVVPVV,5,130,300,valid,3853,1752,2101,0,-3614.92,-0.94
VVVPVV-m5-e140-h200,VVVPVV,5,140,200,train,9542,4361,5181,0,-16861.05,-1.77
VVVPVV-m5-e140-h200,VVVPVV,5,140,200,valid,3853,1733,2120,0,-5814.51,-1.51
VVVPVV-m5-e140-h250,VVVPVV,5,140,250,train,9542,4361,5181,0,-16861.05,-1.77
VVVPVV-m5-e140-h250,VVVPVV,5,140,250,valid,3853,1733,2120,0,-5814.51,-1.51
VVVPVV-m5-e140-h300,VVVPVV,5,140,300,train,9542,4361,5181,0,-16861.05,-1.77
VVVPVV-m5-e140-h300,VVVPVV,5,140,300,valid,3853,1733,2120,0,-5814.51,-1.51
VVVPVV-m10-e120-h200,VVVPVV,10,120,200,train,8653,4068,4585,0,-17513.27,-2.02
VVVPVV-m10-e120-h200,VVVPVV,10,120,200,valid,3505,1617,1888,0,-11719.56,-3.34
VVVPVV-m10-e120-h250,VVVPVV,10,120,250,train,8653,4068,4585,0,-17513.27,-2.02
VVVPVV-m10-e120-h250,VVVPVV,10,120,250,valid,3505,1617,1888,0,-11719.56,-3.34
VVVPVV-m10-e120-h300,VVVPVV,10,120,300,train,8653,4068,4585,0,-17513.27,-2.02
VVVPVV-m10-e120-h300,VVVPVV,10,120,300,valid,3505,1617,1888,0,-11719.56,-3.34
VVVPVV-m10-e130-h200,VVVPVV,10,130,200,train,8653,4057,4596,0,-16207.82,-1.87
VVVPVV-m10-e130-h200,VVVPVV,10,130,200,valid,3505,1615,1890,0,-10934.99,-3.12
VVVPVV-m10-e130-h250,VVVPVV,10,130,250,train,8653,4057,4596,0,-16207.82,-1.87
VVVPVV-m10-e130-h250,VVVPVV,10,130,250,valid,3505,1615,1890,0,-10934.99,-3.12
VVVPVV-m10-e130-h300,VVVPVV,10,130,300,train,8653,4057,4596,0,-16207.82,-1.87
VVVPVV-m10-e130-h300,VVVPVV,10,130,300,valid,3505,1615,1890,0,-10934.99,-3.12
VVVPVV-m10-e140-h200,VVVPVV,10,140,200,train,8653,4039,4614,0,-16332.75,-1.89
VVVPVV-m10-e140-h200,VVVPVV,10,140,200,valid,3505,1599,1906,0,-12979.36,-3.7
VVVPVV-m10-e140-h250,VVVPVV,10,140,250,train,8653,4039,4614,0,-16332.75,-1.89
VVVPVV-m10-e140-h250,VVVPVV,10,140,250,valid,3505,1599,1906,0,-12979.36,-3.7
VVVPVV-m10-e140-h300,VVVPVV,10,140,300,train,8653,4039,4614,0,-16332.75,-1.89
VVVPVV-m10-e140-h300,VVVPVV,10,140,300,valid,3505,1599,1906,0,-12979.36,-3.7
VVVPVV-m15-e120-h200,VVVPVV,15,120,200,train,7900,3803,4097,0,-16816.35,-2.13
VVVPVV-m15-e120-h200,VVVPVV,15,120,200,valid,3236,1525,1711,0,-16421.16,-5.07
VVVPVV-m15-e120-h250,VVVPVV,15,120,250,train,7900,3803,4097,0,-16816.35,-2.13
VVVPVV-m15-e120-h250,VVVPVV,15,120,250,valid,3236,1525,1711,0,-16421.16,-5.07
VVVPVV-m15-e120-h300,VVVPVV,15,120,300,train,7900,3803,4097,0,-16816.35,-2.13
VVVPVV-m15-e120-h300,VVVPVV,15,120,300,valid,3236,1525,1711,0,-16421.16,-5.07
VVVPVV-m15-e130-h200,VVVPVV,15,130,200,train,7900,3805,4095,0,-13720.61,-1.74
VVVPVV-m15-e130-h200,VVVPVV,15,130,200,valid,3236,1522,1714,0,-16034.06,-4.95
VVVPVV-m15-e130-h250,VVVPVV,15,130,250,train,7900,3805,4095,0,-13720.61,-1.74
VVVPVV-m15-e130-h250,VVVPVV,15,130,250,valid,3236,1522,1714,0,-16034.06,-4.95
VVVPVV-m15-e130-h300,VVVPVV,15,130,300,train,7900,3805,4095,0,-13720.61,-1.74
VVVPVV-m15-e130-h300,VVVPVV,15,130,300,valid,3236,1522,1714,0,-16034.06,-4.95
VVVPVV-m15-e140-h200,VVVPVV,15,140,200,train,7900,3801,4099,0,-11783.48,-1.49
VVVPVV-m15-e140-h200,VVVPVV,15,140,200,valid,3236,1510,1726,0,-17537.44,-5.42
VVVPVV-m15-e140-h250,VVVPVV,15,140,250,train,7900,3801,4099,0,-11783.48,-1.49
VVVPVV-m15-e140-h250,VVVPVV,15,140,250,valid,3236,1510,1726,0,-17537.44,-5.42
VVVPVV-m15-e140-h300,VVVPVV,15,140,300,train,7900,3801,4099,0,-11783.48,-1.49
VVVPVV-m15-e140-h300,VVVPVV,15,140,300,valid,3236,1510,1726,0,-17537.44,-5.42
VVVPVV-m20-e120-h200,VVVPVV,20,120,200,train,7378,3590,3788,0,-24337.73,-3.3
VVVPVV-m20-e120-h200,VVVPVV,20,120,200,valid,3044,1483,1561,0,-13625.0,-4.48
VVVPVV-m20-e120-h250,VVVPVV,20,120,250,train,7378,3590,3788,0,-24337.73,-3.3
VVVPVV-m20-e120-h250,VVVPVV,20,120,250,valid,3044,1483,1561,0,-13625.0,-4.48
VVVPVV-m20-e120-h300,VVVPVV,20,120,300,train,7378,3590,3788,0,-24337.73,-3.3
VVVPVV-m20-e120-h300,VVVPVV,20,120,300,valid,3044,1483,1561,0,-13625.0,-4.48
VVVPVV-m20-e130-h200,VVVPVV,20,130,200,train,7378,3595,3783,0,-21161.19,-2.87
VVVPVV-m20-e130-h200,VVVPVV,20,130,200,valid,3044,1482,1562,0,-13033.18,-4.28
VVVPVV-m20-e130-h250,VVVPVV,20,130,250,train,7378,3595,3783,0,-21161.19,-2.87
VVVPVV-m20-e130-h250,VVVPVV,20,130,250,valid,3044,1482,1562,0,-13033.18,-4.28
VVVPVV-m20-e130-h300,VVVPVV,20,130,300,train,7378,3595,3783,0,-21161.19,-2.87
VVVPVV-m20-e130-h300,VVVPVV,20,130,300,valid,3044,1482,1562,0,-13033.18,-4.28
VVVPVV-m20-e140-h200,VVVPVV,20,140,200,train,7378,3588,3790,0,-20352.65,-2.76
VVVPVV-m20-e140-h200,VVVPVV,20,140,200,valid,3044,1471,1573,0,-14364.1,-4.72
VVVPVV-m20-e140-h250,VVVPVV,20,140,250,train,7378,3588,3790,0,-20352.65,-2.76
VVVPVV-m20-e140-h250,VVVPVV,20,140,250,valid,3044,1471,1573,0,-14364.1,-4.72
VVVPVV-m20-e140-h300,VVVPVV,20,140,300,train,7378,3588,3790,0,-20352.65,-2.76
VVVPVV-m20-e140-h300,VVVPVV,20,140,300,valid,3044,1471,1573,0,-14364.1,-4.72
VVVVPP-m5-e120-h200,VVVVPP,5,120,200,train,9542,4618,4924,0,-21665.4,-2.27
VVVVPP-m5-e120-h200,VVVVPP,5,120,200,valid,3853,1889,1964,0,-3280.68,-0.85
VVVVPP-m5-e120-h250,VVVVPP,5,120,250,train,9542,4618,4924,0,-21665.4,-2.27
VVVVPP-m5-e120-h250,VVVVPP,5,120,250,valid,3853,1889,1964,0,-3280.68,-0.85
VVVVPP-m5-e120-h300,VVVVPP,5,120,300,train,9542,4618,4924,0,-21665.4,-2.27
VVVVPP-m5-e120-h300,VVVVPP,5,120,300,valid,3853,1889,1964,0,-3280.68,-0.85
VVVVPP-m5-e130-h200,VVVVPP,5,130,200,train,9542,4616,4926,0,-13652.01,-1.43
VVVVPP-m5-e130-h200,VVVVPP,5,130,200,valid,3853,1857,1996,0,-6332.67,-1.64
VVVVPP-m5-e130-h250,VVVVPP,5,130,250,train,9542,4616,4926,0,-13652.01,-1.43
VVVVPP-m5-e130-h250,VVVVPP,5,130,250,valid,3853,1857,1996,0,-6332.67,-1.64
VVVVPP-m5-e130-h300,VVVVPP,5,130,300,train,9542,4616,4926,0,-13652.01,-1.43
VVVVPP-m5-e130-h300,VVVVPP,5,130,300,valid,3853,1857,1996,0,-6332.67,-1.64
VVVVPP-m5-e140-h200,VVVVPP,5,140,200,train,9542,4584,4958,0,-12062.36,-1.26
VVVVPP-m5-e140-h200,VVVVPP,5,140,200,valid,3853,1835,2018,0,-7046.37,-1.83
VVVVPP-m5-e140-h250,VVVVPP,5,140,250,train,9542,4584,4958,0,-12062.36,-1.26
VVVVPP-m5-e140-h250,VVVVPP,5,140,250,valid,3853,1835,2018,0,-7046.37,-1.83
VVVVPP-m5-e140-h300,VVVVPP,5,140,300,train,9542,4584,4958,0,-12062.36,-1.26
VVVVPP-m5-e140-h300,VVVVPP,5,140,300,valid,3853,1835,2018,0,-7046.37,-1.83
VVVVPP-m10-e120-h200,VVVVPP,10,120,200,train,8653,4245,4408,0,-21158.34,-2.45
VVVVPP-m10-e120-h200,VVVVPP,10,120,200,valid,3505,1760,1745,0,-2905.08,-0.83
VVVVPP-m10-e120-h250,VVVVPP,10,120,250,train,8653,4245,4408,0,-21158.34,-2.45
VVVVPP-m10-e120-h250,VVVVPP,10,120,250,valid,3505,1760,1745,0,-2905.08,-0.83
VVVVPP-m10-e120-h300,VVVVPP,10,120,300,train,8653,4245,4408,0,-21158.34,-2.45
VVVVPP-m10-e120-h300,VVVVPP,10,120,300,valid,3505,1760,1745,0,-2905.08,-0.83
VVVVPP-m10-e130-h200,VVVVPP,10,130,200,train,8653,4255,4398,0,-12158.26,-1.41
VVVVPP-m10-e130-h200,VVVVPP,10,130,200,valid,3505,1732,1773,0,-5687.84,-1.62
VVVVPP-m10-e130-h250,VVVVPP,10,130,250,train,8653,4255,4398,0,-12158.26,-1.41
VVVVPP-m10-e130-h250,VVVVPP,10,130,250,valid,3505,1732,1773,0,-5687.84,-1.62
VVVVPP-m10-e130-h300,VVVVPP,10,130,300,train,8653,4255,4398,0,-12158.26,-1.41
VVVVPP-m10-e130-h300,VVVVPP,10,130,300,valid,3505,1732,1773,0,-5687.84,-1.62
VVVVPP-m10-e140-h200,VVVVPP,10,140,200,train,8653,4235,4418,0,-9360.42,-1.08
VVVVPP-m10-e140-h200,VVVVPP,10,140,200,valid,3505,1709,1796,0,-7261.54,-2.07
VVVVPP-m10-e140-h250,VVVVPP,10,140,250,train,8653,4235,4418,0,-9360.42,-1.08
VVVVPP-m10-e140-h250,VVVVPP,10,140,250,valid,3505,1709,1796,0,-7261.54,-2.07
VVVVPP-m10-e140-h300,VVVVPP,10,140,300,train,8653,4235,4418,0,-9360.42,-1.08
VVVVPP-m10-e140-h300,VVVVPP,10,140,300,valid,3505,1709,1796,0,-7261.54,-2.07
VVVVPP-m15-e120-h200,VVVVPP,15,120,200,train,7900,3951,3949,0,-16151.52,-2.04
VVVVPP-m15-e120-h200,VVVVPP,15,120,200,valid,3236,1651,1585,0,-6537.54,-2.02
VVVVPP-m15-e120-h250,VVVVPP,15,120,250,train,7900,3951,3949,0,-16151.52,-2.04
VVVVPP-m15-e120-h250,VVVVPP,15,120,250,valid,3236,1651,1585,0,-6537.54,-2.02
VVVVPP-m15-e120-h300,VVVVPP,15,120,300,train,7900,3951,3949,0,-16151.52,-2.04
VVVVPP-m15-e120-h300,VVVVPP,15,120,300,valid,3236,1651,1585,0,-6537.54,-2.02
VVVVPP-m15-e130-h200,VVVVPP,15,130,200,train,7900,3973,3927,0,-6206.79,-0.79
VVVVPP-m15-e130-h200,VVVVPP,15,130,200,valid,3236,1623,1613,0,-9641.53,-2.98
VVVVPP-m15-e130-h250,VVVVPP,15,130,250,train,7900,3973,3927,0,-6206.79,-0.79
VVVVPP-m15-e130-h250,VVVVPP,15,130,250,valid,3236,1623,1613,0,-9641.53,-2.98
VVVVPP-m15-e130-h300,VVVVPP,15,130,300,train,7900,3973,3927,0,-6206.79,-0.79
VVVVPP-m15-e130-h300,VVVVPP,15,130,300,valid,3236,1623,1613,0,-9641.53,-2.98
VVVVPP-m15-e140-h200,VVVVPP,15,140,200,train,7900,3952,3948,0,-4630.33,-0.59
VVVVPP-m15-e140-h200,VVVVPP,15,140,200,valid,3236,1600,1636,0,-11688.21,-3.61
VVVVPP-m15-e140-h250,VVVVPP,15,140,250,train,7900,3952,3948,0,-4630.33,-0.59
VVVVPP-m15-e140-h250,VVVVPP,15,140,250,valid,3236,1600,1636,0,-11688.21,-3.61
VVVVPP-m15-e140-h300,VVVVPP,15,140,300,train,7900,3952,3948,0,-4630.33,-0.59
VVVVPP-m15-e140-h300,VVVVPP,15,140,300,valid,3236,1600,1636,0,-11688.21,-3.61
VVVVPP-m20-e120-h200,VVVVPP,20,120,200,train,7378,3704,3674,0,-22791.57,-3.09
VVVVPP-m20-e120-h200,VVVVPP,20,120,200,valid,3044,1581,1463,0,-4966.16,-1.63
VVVVPP-m20-e120-h250,VVVVPP,20,120,250,train,7378,3704,3674,0,-22791.57,-3.09
VVVVPP-m20-e120-h250,VVVVPP,20,120,250,valid,3044,1581,1463,0,-4966.16,-1.63
VVVVPP-m20-e120-h300,VVVVPP,20,120,300,train,7378,3704,3674,0,-22791.57,-3.09
VVVVPP-m20-e120-h300,VVVVPP,20,120,300,valid,3044,1581,1463,0,-4966.16,-1.63
VVVVPP-m20-e130-h200,VVVVPP,20,130,200,train,7378,3726,3652,0,-13735.8,-1.86
VVVVPP-m20-e130-h200,VVVVPP,20,130,200,valid,3044,1563,1481,0,-6509.24,-2.14
VVVVPP-m20-e130-h250,VVVVPP,20,130,250,train,7378,3726,3652,0,-13735.8,-1.86
VVVVPP-m20-e130-h250,VVVVPP,20,130,250,valid,3044,1563,1481,0,-6509.24,-2.14
VVVVPP-m20-e130-h300,VVVVPP,20,130,300,train,7378,3726,3652,0,-13735.8,-1.86
VVVVPP-m20-e130-h300,VVVVPP,20,130,300,valid,3044,1563,1481,0,-6509.24,-2.14
VVVVPP-m20-e140-h200,VVVVPP,20,140,200,train,7378,3707,3671,0,-12743.81,-1.73
VVVVPP-m20-e140-h200,VVVVPP,20,140,200,valid,3044,1547,1497,0,-7609.43,-2.5
VVVVPP-m20-e140-h250,VVVVPP,20,140,250,train,7378,3707,3671,0,-12743.81,-1.73
VVVVPP-m20-e140-h250,VVVVPP,20,140,250,valid,3044,1547,1497,0,-7609.43,-2.5
VVVVPP-m20-e140-h300,VVVVPP,20,140,300,train,7378,3707,3671,0,-12743.81,-1.73
VVVVPP-m20-e140-h300,VVVVPP,20,140,300,valid,3044,1547,1497,0,-7609.43,-2.5
VVVVPV-m5-e120-h200,VVVVPV,5,120,200,train,9542,4375,5167,0,-22976.28,-2.41
VVVVPV-m5-e120-h200,VVVVPV,5,120,200,valid,3853,1759,2094,0,-5267.37,-1.37
VVVVPV-m5-e120-h250,VVVVPV,5,120,250,train,9542,4375,5167,0,-22976.28,-2.41
VVVVPV-m5-e120-h250,VVVVPV,5,120,250,valid,3853,1759,2094,0,-5267.37,-1.37
VVVVPV-m5-e120-h300,VVVVPV,5,120,300,train,9542,4375,5167,0,-22976.28,-2.41
VVVVPV-m5-e120-h300,VVVVPV,5,120,300,valid,3853,1759,2094,0,-5267.37,-1.37
VVVVPV-m5-e130-h200,VVVVPV,5,130,200,train,9542,4378,5164,0,-18110.41,-1.9
VVVVPV-m5-e130-h200,VVVVPV,5,130,200,valid,3853,1744,2109,0,-6530.31,-1.69
VVVVPV-m5-e130-h250,VVVVPV,5,130,250,train,9542,4378,5164,0,-18110.41,-1.9
VVVVPV-m5-e130-h250,VVVVPV,5,130,250,valid,3853,1744,2109,0,-6530.31,-1.69
VVVVPV-m5-e130-h300,VVVVPV,5,130,300,train,9542,4378,5164,0,-18110.41,-1.9
VVVVPV-m5-e130-h300,VVVVPV,5,130,300,valid,3853,1744,2109,0,-6530.31,-1.69
VVVVPV-m5-e140-h200,VVVVPV,5,140,200,train,9542,4377,5165,0,-14245.79,-1.49
VVVVPV-m5-e140-h200,VVVVPV,5,140,200,valid,3853,1726,2127,0,-8350.82,-2.17
VVVVPV-m5-e140-h250,VVVVPV,5,140,250,train,9542,4377,5165,0,-14245.79,-1.49
VVVVPV-m5-e140-h250,VVVVPV,5,140,250,valid,3853,1726,2127,0,-8350.82,-2.17
VVVVPV-m5-e140-h300,VVVVPV,5,140,300,train,9542,4377,5165,0,-14245.79,-1.49
VVVVPV-m5-e140-h300,VVVVPV,5,140,300,valid,3853,1726,2127,0,-8350.82,-2.17
VVVVPV-m10-e120-h200,VVVVPV,10,120,200,train,8653,4042,4611,0,-24454.13,-2.83
VVVVPV-m10-e120-h200,VVVVPV,10,120,200,valid,3505,1649,1856,0,-6256.54,-1.79
VVVVPV-m10-e120-h250,VVVVPV,10,120,250,train,8653,4042,4611,0,-24454.13,-2.83
VVVVPV-m10-e120-h250,VVVVPV,10,120,250,valid,3505,1649,1856,0,-6256.54,-1.79
VVVVPV-m10-e120-h300,VVVVPV,10,120,300,train,8653,4042,4611,0,-24454.13,-2.83
VVVVPV-m10-e120-h300,VVVVPV,10,120,300,valid,3505,1649,1856,0,-6256.54,-1.79
VVVVPV-m10-e130-h200,VVVVPV,10,130,200,train,8653,4050,4603,0,-19349.53,-2.24
VVVVPV-m10-e130-h200,VVVVPV,10,130,200,valid,3505,1637,1868,0,-7248.3,-2.07
VVVVPV-m10-e130-h250,VVVVPV,10,130,250,train,8653,4050,4603,0,-19349.53,-2.24
VVVVPV-m10-e130-h250,VVVVPV,10,130,250,valid,3505,1637,1868,0,-7248.3,-2.07
VVVVPV-m10-e130-h300,VVVVPV,10,130,300,train,8653,4050,4603,0,-19349.53,-2.24
VVVVPV-m10-e130-h300,VVVVPV,10,130,300,valid,3505,1637,1868,0,-7248.3,-2.07
VVVVPV-m10-e140-h200,VVVVPV,10,140,200,train,8653,4056,4597,0,-14677.99,-1.7
VVVVPV-m10-e140-h200,VVVVPV,10,140,200,valid,3505,1620,1885,0,-9113.49,-2.6
VVVVPV-m10-e140-h250,VVVVPV,10,140,250,train,8653,4056,4597,0,-14677.99,-1.7
VVVVPV-m10-e140-h250,VVVVPV,10,140,250,valid,3505,1620,1885,0,-9113.49,-2.6
VVVVPV-m10-e140-h300,VVVVPV,10,140,300,train,8653,4056,4597,0,-14677.99,-1.7
VVVVPV-m10-e140-h300,VVVVPV,10,140,300,valid,3505,1620,1885,0,-9113.49,-2.6
VVVVPV-m15-e120-h200,VVVVPV,15,120,200,train,7900,3793,4107,0,-20793.79,-2.63
VVVVPV-m15-e120-h200,VVVVPV,15,120,200,valid,3236,1554,1682,0,-11172.48,-3.45
VVVVPV-m15-e120-h250,VVVVPV,15,120,250,train,7900,3793,4107,0,-20793.79,-2.63
VVVVPV-m15-e120-h250,VVVVPV,15,120,250,valid,3236,1554,1682,0,-11172.48,-3.45
VVVVPV-m15-e120-h300,VVVVPV,15,120,300,train,7900,3793,4107,0,-20793.79,-2.63
VVVVPV-m15-e120-h300,VVVVPV,15,120,300,valid,3236,1554,1682,0,-11172.48,-3.45
VVVVPV-m15-e130-h200,VVVVPV,15,130,200,train,7900,3808,4092,0,-15067.24,-1.91
VVVVPV-m15-e130-h200,VVVVPV,15,130,200,valid,3236,1542,1694,0,-12346.46,-3.82
VVVVPV-m15-e130-h250,VVVVPV,15,130,250,train,7900,3808,4092,0,-15067.24,-1.91
VVVVPV-m15-e130-h250,VVVVPV,15,130,250,valid,3236,1542,1694,0,-12346.46,-3.82
VVVVPV-m15-e130-h300,VVVVPV,15,130,300,train,7900,3808,4092,0,-15067.24,-1.91
VVVVPV-m15-e130-h300,VVVVPV,15,130,300,valid,3236,1542,1694,0,-12346.46,-3.82
VVVVPV-m15-e140-h200,VVVVPV,15,140,200,train,7900,3813,4087,0,-11193.43,-1.42
VVVVPV-m15-e140-h200,VVVVPV,15,140,200,valid,3236,1527,1709,0,-14078.99,-4.35
VVVVPV-m15-e140-h250,VVVVPV,15,140,250,train,7900,3813,4087,0,-11193.43,-1.42
VVVVPV-m15-e140-h250,VVVVPV,15,140,250,valid,3236,1527,1709,0,-14078.99,-4.35
VVVVPV-m15-e140-h300,VVVVPV,15,140,300,train,7900,3813,4087,0,-11193.43,-1.42
VVVVPV-m15-e140-h300,VVVVPV,15,140,300,valid,3236,1527,1709,0,-14078.99,-4.35
VVVVPV-m20-e120-h200,VVVVPV,20,120,200,train,7378,3588,3790,0,-26515.72,-3.59
VVVVPV-m20-e120-h200,VVVVPV,20,120,200,valid,3044,1503,1541,0,-9509.9,-3.12
VVVVPV-m20-e120-h250,VVVVPV,20,120,250,train,7378,3588,3790,0,-26515.72,-3.59
VVVVPV-m20-e120-h250,VVVVPV,20,120,250,valid,3044,1503,1541,0,-9509.9,-3.12
VVVVPV-m20-e120-h300,VVVVPV,20,120,300,train,7378,3588,3790,0,-26515.72,-3.59
VVVVPV-m20-e120-h300,VVVVPV,20,120,300,valid,3044,1503,1541,0,-9509.9,-3.12
VVVVPV-m20-e130-h200,VVVVPV,20,130,200,train,7378,3606,3772,0,-20755.69,-2.81
VVVVPV-m20-e130-h200,VVVVPV,20,130,200,valid,3044,1495,1549,0,-10078.3,-3.31
VVVVPV-m20-e130-h250,VVVVPV,20,130,250,train,7378,3606,3772,0,-20755.69,-2.81
VVVVPV-m20-e130-h250,VVVVPV,20,130,250,valid,3044,1495,1549,0,-10078.3,-3.31
VVVVPV-m20-e130-h300,VVVVPV,20,130,300,train,7378,3606,3772,0,-20755.69,-2.81
VVVVPV-m20-e130-h300,VVVVPV,20,130,300,valid,3044,1495,1549,0,-10078.3,-3.31
VVVVPV-m20-e140-h200,VVVVPV,20,140,200,train,7378,3609,3769,0,-17695.45,-2.4
VVVVPV-m20-e140-h200,VVVVPV,20,140,200,valid,3044,1484,1560,0,-11326.27,-3.72
VVVVPV-m20-e140-h250,VVVVPV,20,140,250,train,7378,3609,3769,0,-17695.45,-2.4
VVVVPV-m20-e140-h250,VVVVPV,20,140,250,valid,3044,1484,1560,0,-11326.27,-3.72
VVVVPV-m20-e140-h300,VVVVPV,20,140,300,train,7378,3609,3769,0,-17695.45,-2.4
VVVVPV-m20-e140-h300,VVVVPV,20,140,300,valid,3044,1484,1560,0,-11326.27,-3.72
VVVVVP-m5-e120-h200,VVVVVP,5,120,200,train,9542,4393,5149,0,-17971.58,-1.88
VVVVVP-m5-e120-h200,VVVVVP,5,120,200,valid,3853,1739,2114,0,-8587.02,-2.23
VVVVVP-m5-e120-h250,VVVVVP,5,120,250,train,9542,4393,5149,0,-17971.58,-1.88
VVVVVP-m5-e120-h250,VVVVVP,5,120,250,valid,3853,1739,2114,0,-8587.02,-2.23
VVVVVP-m5-e120-h300,VVVVVP,5,120,300,train,9542,4393,5149,0,-17971.58,-1.88
VVVVVP-m5-e120-h300,VVVVVP,5,120,300,valid,3853,1739,2114,0,-8587.02,-2.23
VVVVVP-m5-e130-h200,VVVVVP,5,130,200,train,9542,4388,5154,0,-14824.06,-1.55
VVVVVP-m5-e130-h200,VVVVVP,5,130,200,valid,3853,1722,2131,0,-10376.07,-2.69
VVVVVP-m5-e130-h250,VVVVVP,5,130,250,train,9542,4388,5154,0,-14824.06,-1.55
VVVVVP-m5-e130-h250,VVVVVP,5,130,250,valid,3853,1722,2131,0,-10376.07,-2.69
VVVVVP-m5-e130-h300,VVVVVP,5,130,300,train,9542,4388,5154,0,-14824.06,-1.55
VVVVVP-m5-e130-h300,VVVVVP,5,130,300,valid,3853,1722,2131,0,-10376.07,-2.69
VVVVVP-m5-e140-h200,VVVVVP,5,140,200,train,9542,4357,5185,0,-17099.03,-1.79
VVVVVP-m5-e140-h200,VVVVVP,5,140,200,valid,3853,1718,2135,0,-9269.26,-2.41
VVVVVP-m5-e140-h250,VVVVVP,5,140,250,train,9542,4357,5185,0,-17099.03,-1.79
VVVVVP-m5-e140-h250,VVVVVP,5,140,250,valid,3853,1718,2135,0,-9269.26,-2.41
VVVVVP-m5-e140-h300,VVVVVP,5,140,300,train,9542,4357,5185,0,-17099.03,-1.79
VVVVVP-m5-e140-h300,VVVVVP,5,140,300,valid,3853,1718,2135,0,-9269.26,-2.41
VVVVVP-m10-e120-h200,VVVVVP,10,120,200,train,8653,4072,4581,0,-15788.37,-1.82
VVVVVP-m10-e120-h200,VVVVVP,10,120,200,valid,3505,1635,1870,0,-9238.45,-2.64
VVVVVP-m10-e120-h250,VVVVVP,10,120,250,train,8653,4072,4581,0,-15788.37,-1.82
VVVVVP-m10-e120-h250,VVVVVP,10,120,250,valid,3505,1635,1870,0,-9238.45,-2.64
VVVVVP-m10-e120-h300,VVVVVP,10,120,300,train,8653,4072,4581,0,-15788.37,-1.82
VVVVVP-m10-e120-h300,VVVVVP,10,120,300,valid,3505,1635,1870,0,-9238.45,-2.64
VVVVVP-m10-e130-h200,VVVVVP,10,130,200,train,8653,4074,4579,0,-11892.89,-1.37
VVVVVP-m10-e130-h200,VVVVVP,10,130,200,valid,3505,1619,1886,0,-11029.45,-3.15
VVVVVP-m10-e130-h250,VVVVVP,10,130,250,train,8653,4074,4579,0,-11892.89,-1.37
VVVVVP-m10-e130-h250,VVVVVP,10,130,250,valid,3505,1619,1886,0,-11029.45,-3.15
VVVVVP-m10-e130-h300,VVVVVP,10,130,300,train,8653,4074,4579,0,-11892.89,-1.37
VVVVVP-m10-e130-h300,VVVVVP,10,130,300,valid,3505,1619,1886,0,-11029.45,-3.15
VVVVVP-m10-e140-h200,VVVVVP,10,140,200,train,8653,4048,4605,0,-13766.59,-1.59
VVVVVP-m10-e140-h200,VVVVVP,10,140,200,valid,3505,1613,1892,0,-10737.96,-3.06
VVVVVP-m10-e140-h250,VVVVVP,10,140,250,train,8653,4048,4605,0,-13766.59,-1.59
VVVVVP-m10-e140-h250,VVVVVP,10,140,250,valid,3505,1613,1892,0,-10737.96,-3.06
VVVVVP-m10-e140-h300,VVVVVP,10,140,300,train,8653,4048,4605,0,-13766.59,-1.59
VVVVVP-m10-e140-h300,VVVVVP,10,140,300,valid,3505,1613,1892,0,-10737.96,-3.06
VVVVVP-m15-e120-h200,VVVVVP,15,120,200,train,7900,3826,4074,0,-10859.78,-1.37
VVVVVP-m15-e120-h200,VVVVVP,15,120,200,valid,3236,1550,1686,0,-12714.74,-3.93
VVVVVP-m15-e120-h250,VVVVVP,15,120,250,train,7900,3826,4074,0,-10859.78,-1.37
VVVVVP-m15-e120-h250,VVVVVP,15,120,250,valid,3236,1550,1686,0,-12714.74,-3.93
VVVVVP-m15-e120-h300,VVVVVP,15,120,300,train,7900,3826,4074,0,-10859.78,-1.37
VVVVVP-m15-e120-h300,VVVVVP,15,120,300,valid,3236,1550,1686,0,-12714.74,-3.93
VVVVVP-m15-e130-h200,VVVVVP,15,130,200,train,7900,3833,4067,0,-6641.6,-0.84
VVVVVP-m15-e130-h200,VVVVVP,15,130,200,valid,3236,1534,1702,0,-14644.75,-4.53
VVVVVP-m15-e130-h250,VVVVVP,15,130,250,train,7900,3833,4067,0,-6641.6,-0.84
VVVVVP-m15-e130-h250,VVVVVP,15,130,250,valid,3236,1534,1702,0,-14644.75,-4.53
VVVVVP-m15-e130-h300,VVVVVP,15,130,300,train,7900,3833,4067,0,-6641.6,-0.84
VVVVVP-m15-e130-h300,VVVVVP,15,130,300,valid,3236,1534,1702,0,-14644.75,-4.53
VVVVVP-m15-e140-h200,VVVVVP,15,140,200,train,7900,3807,4093,0,-8938.95,-1.13
VVVVVP-m15-e140-h200,VVVVVP,15,140,200,valid,3236,1526,1710,0,-14958.9,-4.62
VVVVVP-m15-e140-h250,VVVVVP,15,140,250,train,7900,3807,4093,0,-8938.95,-1.13
VVVVVP-m15-e140-h250,VVVVVP,15,140,250,valid,3236,1526,1710,0,-14958.9,-4.62
VVVVVP-m15-e140-h300,VVVVVP,15,140,300,train,7900,3807,4093,0,-8938.95,-1.13
VVVVVP-m15-e140-h300,VVVVVP,15,140,300,valid,3236,1526,1710,0,-14958.9,-4.62
VVVVVP-m20-e120-h200,VVVVVP,20,120,200,train,7378,3597,3781,0,-20960.7,-2.84
VVVVVP-m20-e120-h200,VVVVVP,20,120,200,valid,3044,1512,1532,0,-8222.89,-2.7
VVVVVP-m20-e120-h250,VVVVVP,20,120,250,train,7378,3597,3781,0,-20960.7,-2.84
VVVVVP-m20-e120-h250,VVVVVP,20,120,250,valid,3044,1512,1532,0,-8222.89,-2.7
VVVVVP-m20-e120-h300,VVVVVP,20,120,300,train,7378,3597,3781,0,-20960.7,-2.84
VVVVVP-m20-e120-h300,VVVVVP,20,120,300,valid,3044,1512,1532,0,-8222.89,-2.7
VVVVVP-m20-e130-h200,VVVVVP,20,130,200,train,7378,3601,3777,0,-17664.96,-2.39
VVVVVP-m20-e130-h200,VVVVVP,20,130,200,valid,3044,1502,1542,0,-9197.57,-3.02
VVVVVP-m20-e130-h250,VVVVVP,20,130,250,train,7378,3601,3777,0,-17664.96,-2.39
VVVVVP-m20-e130-h250,VVVVVP,20,130,250,valid,3044,1502,1542,0,-9197.57,-3.02
VVVVVP-m20-e130-h300,VVVVVP,20,130,300,train,7378,3601,3777,0,-17664.96,-2.39
VVVVVP-m20-e130-h300,VVVVVP,20,130,300,valid,3044,1502,1542,0,-9197.57,-3.02
VVVVVP-m20-e140-h200,VVVVVP,20,140,200,train,7378,3579,3799,0,-19733.21,-2.67
VVVVVP-m20-e140-h200,VVVVVP,20,140,200,valid,3044,1497,1547,0,-9049.79,-2.97
VVVVVP-m20-e140-h250,VVVVVP,20,140,250,train,7378,3579,3799,0,-19733.21,-2.67
VVVVVP-m20-e140-h250,VVVVVP,20,140,250,valid,3044,1497,1547,0,-9049.79,-2.97
VVVVVP-m20-e140-h300,VVVVVP,20,140,300,train,7378,3579,3799,0,-19733.21,-2.67
VVVVVP-m20-e140-h300,VVVVVP,20,140,300,valid,3044,1497,1547,0,-9049.79,-2.97
VVVVVV-m5-e120-h200,VVVVVV,5,120,200,train,9542,4150,5392,0,-19282.46,-2.02
VVVVVV-m5-e120-h200,VVVVVV,5,120,200,valid,3853,1609,2244,0,-10573.71,-2.74
VVVVVV-m5-e120-h250,VVVVVV,5,120,250,train,9542,4150,5392,0,-19282.46,-2.02
VVVVVV-m5-e120-h250,VVVVVV,5,120,250,valid,3853,1609,2244,0,-10573.71,-2.74
VVVVVV-m5-e120-h300,VVVVVV,5,120,300,train,9542,4150,5392,0,-19282.46,-2.02
VVVVVV-m5-e120-h300,VVVVVV,5,120,300,valid,3853,1609,2244,0,-10573.71,-2.74
VVVVVV-m5-e130-h200,VVVVVV,5,130,200,train,9542,4150,5392,0,-19282.46,-2.02
VVVVVV-m5-e130-h200,VVVVVV,5,130,200,valid,3853,1609,2244,0,-10573.71,-2.74
VVVVVV-m5-e130-h250,VVVVVV,5,130,250,train,9542,4150,5392,0,-19282.46,-2.02
VVVVVV-m5-e130-h250,VVVVVV,5,130,250,valid,3853,1609,2244,0,-10573.71,-2.74
VVVVVV-m5-e130-h300,VVVVVV,5,130,300,train,9542,4150,5392,0,-19282.46,-2.02
VVVVVV-m5-e130-h300,VVVVVV,5,130,300,valid,3853,1609,2244,0,-10573.71,-2.74
VVVVVV-m5-e140-h200,VVVVVV,5,140,200,train,9542,4150,5392,0,-19282.46,-2.02
VVVVVV-m5-e140-h200,VVVVVV,5,140,200,valid,3853,1609,2244,0,-10573.71,-2.74
VVVVVV-m5-e140-h250,VVVVVV,5,140,250,train,9542,4150,5392,0,-19282.46,-2.02
VVVVVV-m5-e140-h250,VVVVVV,5,140,250,valid,3853,1609,2244,0,-10573.71,-2.74
VVVVVV-m5-e140-h300,VVVVVV,5,140,300,train,9542,4150,5392,0,-19282.46,-2.02
VVVVVV-m5-e140-h300,VVVVVV,5,140,300,valid,3853,1609,2244,0,-10573.71,-2.74
VVVVVV-m10-e120-h200,VVVVVV,10,120,200,train,8653,3869,4784,0,-19084.16,-2.21
VVVVVV-m10-e120-h200,VVVVVV,10,120,200,valid,3505,1524,1981,0,-12589.91,-3.59
VVVVVV-m10-e120-h250,VVVVVV,10,120,250,train,8653,3869,4784,0,-19084.16,-2.21
VVVVVV-m10-e120-h250,VVVVVV,10,120,250,valid,3505,1524,1981,0,-12589.91,-3.59
VVVVVV-m10-e120-h300,VVVVVV,10,120,300,train,8653,3869,4784,0,-19084.16,-2.21
VVVVVV-m10-e120-h300,VVVVVV,10,120,300,valid,3505,1524,1981,0,-12589.91,-3.59
VVVVVV-m10-e130-h200,VVVVVV,10,130,200,train,8653,3869,4784,0,-19084.16,-2.21
VVVVVV-m10-e130-h200,VVVVVV,10,130,200,valid,3505,1524,1981,0,-12589.91,-3.59
VVVVVV-m10-e130-h250,VVVVVV,10,130,250,train,8653,3869,4784,0,-19084.16,-2.21
VVVVVV-m10-e130-h250,VVVVVV,10,130,250,valid,3505,1524,1981,0,-12589.91,-3.59
VVVVVV-m10-e130-h300,VVVVVV,10,130,300,train,8653,3869,4784,0,-19084.16,-2.21
VVVVVV-m10-e130-h300,VVVVVV,10,130,300,valid,3505,1524,1981,0,-12589.91,-3.59
VVVVVV-m10-e140-h200,VVVVVV,10,140,200,train,8653,3869,4784,0,-19084.16,-2.21
VVVVVV-m10-e140-h200,VVVVVV,10,140,200,valid,3505,1524,1981,0,-12589.91,-3.59
VVVVVV-m10-e140-h250,VVVVVV,10,140,250,train,8653,3869,4784,0,-19084.16,-2.21
VVVVVV-m10-e140-h250,VVVVVV,10,140,250,valid,3505,1524,1981,0,-12589.91,-3.59
VVVVVV-m10-e140-h300,VVVVVV,10,140,300,train,8653,3869,4784,0,-19084.16,-2.21
VVVVVV-m10-e140-h300,VVVVVV,10,140,300,valid,3505,1524,1981,0,-12589.91,-3.59
VVVVVV-m15-e120-h200,VVVVVV,15,120,200,train,7900,3668,4232,0,-15502.05,-1.96
VVVVVV-m15-e120-h200,VVVVVV,15,120,200,valid,3236,1453,1783,0,-17349.68,-5.36
VVVVVV-m15-e120-h250,VVVVVV,15,120,250,train,7900,3668,4232,0,-15502.05,-1.96
VVVVVV-m15-e120-h250,VVVVVV,15,120,250,valid,3236,1453,1783,0,-17349.68,-5.36
VVVVVV-m15-e120-h300,VVVVVV,15,120,300,train,7900,3668,4232,0,-15502.05,-1.96
VVVVVV-m15-e120-h300,VVVVVV,15,120,300,valid,3236,1453,1783,0,-17349.68,-5.36
VVVVVV-m15-e130-h200,VVVVVV,15,130,200,train,7900,3668,4232,0,-15502.05,-1.96
VVVVVV-m15-e130-h200,VVVVVV,15,130,200,valid,3236,1453,1783,0,-17349.68,-5.36
VVVVVV-m15-e130-h250,VVVVVV,15,130,250,train,7900,3668,4232,0,-15502.05,-1.96
VVVVVV-m15-e130-h250,VVVVVV,15,130,250,valid,3236,1453,1783,0,-17349.68,-5.36
VVVVVV-m15-e130-h300,VVVVVV,15,130,300,train,7900,3668,4232,0,-15502.05,-1.96
VVVVVV-m15-e130-h300,VVVVVV,15,130,300,valid,3236,1453,1783,0,-17349.68,-5.36
VVVVVV-m15-e140-h200,VVVVVV,15,140,200,train,7900,3668,4232,0,-15502.05,-1.96
VVVVVV-m15-e140-h200,VVVVVV,15,140,200,valid,3236,1453,1783,0,-17349.68,-5.36
VVVVVV-m15-e140-h250,VVVVVV,15,140,250,train,7900,3668,4232,0,-15502.05,-1.96
VVVVVV-m15-e140-h250,VVVVVV,15,140,250,valid,3236,1453,1783,0,-17349.68,-5.36
VVVVVV-m15-e140-h300,VVVVVV,15,140,300,train,7900,3668,4232,0,-15502.05,-1.96
VVVVVV-m15-e140-h300,VVVVVV,15,140,300,valid,3236,1453,1783,0,-17349.68,-5.36
VVVVVV-m20-e120-h200,VVVVVV,20,120,200,train,7378,3481,3897,0,-24684.85,-3.35
VVVVVV-m20-e120-h200,VVVVVV,20,120,200,valid,3044,1434,1610,0,-12766.63,-4.19
VVVVVV-m20-e120-h250,VVVVVV,20,120,250,train,7378,3481,3897,0,-24684.85,-3.35
VVVVVV-m20-e120-h250,VVVVVV,20,120,250,valid,3044,1434,1610,0,-12766.63,-4.19
VVVVVV-m20-e120-h300,VVVVVV,20,120,300,train,7378,3481,3897,0,-24684.85,-3.35
VVVVVV-m20-e120-h300,VVVVVV,20,120,300,valid,3044,1434,1610,0,-12766.63,-4.19
VVVVVV-m20-e130-h200,VVVVVV,20,130,200,train,7378,3481,3897,0,-24684.85,-3.35
VVVVVV-m20-e130-h200,VVVVVV,20,130,200,valid,3044,1434,1610,0,-12766.63,-4.19
VVVVVV-m20-e130-h250,VVVVVV,20,130,250,train,7378,3481,3897,0,-24684.85,-3.35
VVVVVV-m20-e130-h250,VVVVVV,20,130,250,valid,3044,1434,1610,0,-12766.63,-4.19
VVVVVV-m20-e130-h300,VVVVVV,20,130,300,train,7378,3481,3897,0,-24684.85,-3.35
VVVVVV-m20-e130-h300,VVVVVV,20,130,300,valid,3044,1434,1610,0,-12766.63,-4.19
VVVVVV-m20-e140-h200,VVVVVV,20,140,200,train,7378,3481,3897,0,-24684.85,-3.35
VVVVVV-m20-e140-h200,VVVVVV,20,140,200,valid,3044,1434,1610,0,-12766.63,-4.19
VVVVVV-m20-e140-h250,VVVVVV,20,140,250,train,7378,3481,3897,0,-24684.85,-3.35
VVVVVV-m20-e140-h250,VVVVVV,20,140,250,valid,3044,1434,1610,0,-12766.63,-4.19
VVVVVV-m20-e140-h300,VVVVVV,20,140,300,train,7378,3481,3897,0,-24684.85,-3.35
VVVVVV-m20-e140-h300,VVVVVV,20,140,300,valid,3044,1434,1610,0,-12766.63,-4.19
